date,voll_mean,voll_min,voll_max,obs_count,indexed_vocl,base_vocl_usd_per_mwh,inception_date,series,provider,gpu_family,instance_token,region,region_priority,price_file
2024-01-25,1069.3986971160882,899.5663153271847,1408.7615283267455,3,1.0,1069.3986971160882,2024-01-25,A100,aws,A100,p4d24xlarge,us-west-2,0,C:\Users\FarhadBillimoria\OneDrive - Aurora Energy Research\Documents\Personal\Endog_demand_AI\pyai\data\original\prices\A100\EC2_p4d24xlarge_us-west-2.csv
2024-01-26,1152.4072244180938,899.5663153271847,1408.6791831357048,8,1.077621683592714,1069.3986971160882,2024-01-25,A100,aws,A100,p4d24xlarge,us-west-2,0,C:\Users\FarhadBillimoria\OneDrive - Aurora Energy Research\Documents\Personal\Endog_demand_AI\pyai\data\original\prices\A100\EC2_p4d24xlarge_us-west-2.csv
2024-01-27,1087.6221453667104,899.5663153271847,1392.127799736495,8,1.0170408364062593,1069.3986971160882,2024-01-25,A100,aws,A100,p4d24xlarge,us-west-2,0,C:\Users\FarhadBillimoria\OneDrive - Aurora Energy Research\Documents\Personal\Endog_demand_AI\pyai\data\original\prices\A100\EC2_p4d24xlarge_us-west-2.csv
2024-01-28,1146.871797687015,899.5663153271847,1388.998682476943,6,1.0724454787347817,1069.3986971160882,2024-01-25,A100,aws,A100,p4d24xlarge,us-west-2,0,C:\Users\FarhadBillimoria\OneDrive - Aurora Energy Research\Documents\Personal\Endog_demand_AI\pyai\data\original\prices\A100\EC2_p4d24xlarge_us-west-2.csv
2024-01-30,1141.2723246962375,899.5663153271847,1363.389328063241,6,1.0672093839032863,1069.3986971160882,2024-01-25,A100,aws,A100,p4d24xlarge,us-west-2,0,C:\Users\FarhadBillimoria\OneDrive - Aurora Energy Research\Documents\Personal\Endog_demand_AI\pyai\data\original\prices\A100\EC2_p4d24xlarge_us-west-2.csv
2024-01-31,1209.2620040989607,899.5663153271847,1358.6682037768994,6,1.1307868686955111,1069.3986971160882,2024-01-25,A100,aws,A100,p4d24xlarge,us-west-2,0,C:\Users\FarhadBillimoria\OneDrive - Aurora Energy Research\Documents\Personal\Endog_demand_AI\pyai\data\original\prices\A100\EC2_p4d24xlarge_us-west-2.csv
2024-02-01,1114.407968574635,899.5663153271847,1353.2608695652173,9,1.042088391897172,1069.3986971160882,2024-01-25,A100,aws,A100,p4d24xlarge,us-west-2,0,C:\Users\FarhadBillimoria\OneDrive - Aurora Energy Research\Documents\Personal\Endog_demand_AI\pyai\data\original\prices\A100\EC2_p4d24xlarge_us-west-2.csv
2024-02-02,1129.830917874396,899.5663153271847,1347.935880544576,4,1.0565104679118078,1069.3986971160882,2024-01-25,A100,aws,A100,p4d24xlarge,us-west-2,0,C:\Users\FarhadBillimoria\OneDrive - Aurora Energy Research\Documents\Personal\Endog_demand_AI\pyai\data\original\prices\A100\EC2_p4d24xlarge_us-west-2.csv
2024-02-06,1104.0623627580148,931.5985946420728,1354.0294246815984,5,1.0324141648343188,1069.3986971160882,2024-01-25,A100,aws,A100,p4d24xlarge,us-west-2,0,C:\Users\FarhadBillimoria\OneDrive - Aurora Energy Research\Documents\Personal\Endog_demand_AI\pyai\data\original\prices\A100\EC2_p4d24xlarge_us-west-2.csv
2024-02-07,1020.5451251646903,931.6534914361,1355.841018884497,10,0.9543167837373056,1069.3986971160882,2024-01-25,A100,aws,A100,p4d24xlarge,us-west-2,0,C:\Users\FarhadBillimoria\OneDrive - Aurora Energy Research\Documents\Personal\Endog_demand_AI\pyai\data\original\prices\A100\EC2_p4d24xlarge_us-west-2.csv
2024-02-08,1087.9047390905098,928.9086517347386,1353.5902503293805,11,1.0173050911922072,1069.3986971160882,2024-01-25,A100,aws,A100,p4d24xlarge,us-west-2,0,C:\Users\FarhadBillimoria\OneDrive - Aurora Energy Research\Documents\Personal\Endog_demand_AI\pyai\data\original\prices\A100\EC2_p4d24xlarge_us-west-2.csv
2024-02-09,1071.5945688771774,922.183794466403,1350.214097496706,12,1.002053370522155,1069.3986971160882,2024-01-25,A100,aws,A100,p4d24xlarge,us-west-2,0,C:\Users\FarhadBillimoria\OneDrive - Aurora Energy Research\Documents\Personal\Endog_demand_AI\pyai\data\original\prices\A100\EC2_p4d24xlarge_us-west-2.csv
2024-02-10,1079.6228091188564,918.6703996486605,1343.6264822134385,11,1.009560617597852,1069.3986971160882,2024-01-25,A100,aws,A100,p4d24xlarge,us-west-2,0,C:\Users\FarhadBillimoria\OneDrive - Aurora Energy Research\Documents\Personal\Endog_demand_AI\pyai\data\original\prices\A100\EC2_p4d24xlarge_us-west-2.csv
2024-02-11,1046.8793667904338,920.3996486605181,1336.9565217391303,11,0.9789420630618088,1069.3986971160882,2024-01-25,A100,aws,A100,p4d24xlarge,us-west-2,0,C:\Users\FarhadBillimoria\OneDrive - Aurora Energy Research\Documents\Personal\Endog_demand_AI\pyai\data\original\prices\A100\EC2_p4d24xlarge_us-west-2.csv
2024-02-12,1094.5103205972769,922.4582784365392,1334.0744400527005,10,1.0234820030629443,1069.3986971160882,2024-01-25,A100,aws,A100,p4d24xlarge,us-west-2,0,C:\Users\FarhadBillimoria\OneDrive - Aurora Energy Research\Documents\Personal\Endog_demand_AI\pyai\data\original\prices\A100\EC2_p4d24xlarge_us-west-2.csv
2024-02-13,1045.8637761009302,924.2698726394377,1324.1381203337721,11,0.9779923791953122,1069.3986971160882,2024-01-25,A100,aws,A100,p4d24xlarge,us-west-2,0,C:\Users\FarhadBillimoria\OneDrive - Aurora Energy Research\Documents\Personal\Endog_demand_AI\pyai\data\original\prices\A100\EC2_p4d24xlarge_us-west-2.csv
2024-02-14,1059.5587986892333,927.591128678085,1320.5698287220023,13,0.9907986624133817,1069.3986971160882,2024-01-25,A100,aws,A100,p4d24xlarge,us-west-2,0,C:\Users\FarhadBillimoria\OneDrive - Aurora Energy Research\Documents\Personal\Endog_demand_AI\pyai\data\original\prices\A100\EC2_p4d24xlarge_us-west-2.csv
2024-02-15,1067.5017079002585,931.3515590689502,1312.8568291611768,9,0.9982261160211383,1069.3986971160882,2024-01-25,A100,aws,A100,p4d24xlarge,us-west-2,0,C:\Users\FarhadBillimoria\OneDrive - Aurora Energy Research\Documents\Personal\Endog_demand_AI\pyai\data\original\prices\A100\EC2_p4d24xlarge_us-west-2.csv
2024-02-16,1062.711141515489,933.9866051822572,1309.7551602986384,13,0.9937464337495138,1069.3986971160882,2024-01-25,A100,aws,A100,p4d24xlarge,us-west-2,0,C:\Users\FarhadBillimoria\OneDrive - Aurora Energy Research\Documents\Personal\Endog_demand_AI\pyai\data\original\prices\A100\EC2_p4d24xlarge_us-west-2.csv
2024-02-17,1085.5441769473389,944.2797540623626,1303.0028546332892,11,1.0150977178808906,1069.3986971160882,2024-01-25,A100,aws,A100,p4d24xlarge,us-west-2,0,C:\Users\FarhadBillimoria\OneDrive - Aurora Energy Research\Documents\Personal\Endog_demand_AI\pyai\data\original\prices\A100\EC2_p4d24xlarge_us-west-2.csv
2024-02-18,1061.5567732662594,958.415678524374,1298.5013175230563,11,0.9926669783019405,1069.3986971160882,2024-01-25,A100,aws,A100,p4d24xlarge,us-west-2,0,C:\Users\FarhadBillimoria\OneDrive - Aurora Energy Research\Documents\Personal\Endog_demand_AI\pyai\data\original\prices\A100\EC2_p4d24xlarge_us-west-2.csv
2024-02-19,1075.384735031474,962.9172156346069,1287.1102327624064,12,1.0055975736004998,1069.3986971160882,2024-01-25,A100,aws,A100,p4d24xlarge,us-west-2,0,C:\Users\FarhadBillimoria\OneDrive - Aurora Energy Research\Documents\Personal\Endog_demand_AI\pyai\data\original\prices\A100\EC2_p4d24xlarge_us-west-2.csv
2024-02-20,1074.6184672815107,969.2577953447518,1267.6218708827403,12,1.0048810328453728,1069.3986971160882,2024-01-25,A100,aws,A100,p4d24xlarge,us-west-2,0,C:\Users\FarhadBillimoria\OneDrive - Aurora Energy Research\Documents\Personal\Endog_demand_AI\pyai\data\original\prices\A100\EC2_p4d24xlarge_us-west-2.csv
2024-02-21,1048.2563933650888,973.6769872639436,1259.3050065876153,13,0.9802297274084818,1069.3986971160882,2024-01-25,A100,aws,A100,p4d24xlarge,us-west-2,0,C:\Users\FarhadBillimoria\OneDrive - Aurora Energy Research\Documents\Personal\Endog_demand_AI\pyai\data\original\prices\A100\EC2_p4d24xlarge_us-west-2.csv
2024-02-22,1038.383838383838,976.4218269653052,1248.4628897672374,10,0.9709978525166622,1069.3986971160882,2024-01-25,A100,aws,A100,p4d24xlarge,us-west-2,0,C:\Users\FarhadBillimoria\OneDrive - Aurora Energy Research\Documents\Personal\Endog_demand_AI\pyai\data\original\prices\A100\EC2_p4d24xlarge_us-west-2.csv
2024-02-23,1066.046332894159,981.911506368028,1239.9264382960032,10,0.9968651876695102,1069.3986971160882,2024-01-25,A100,aws,A100,p4d24xlarge,us-west-2,0,C:\Users\FarhadBillimoria\OneDrive - Aurora Energy Research\Documents\Personal\Endog_demand_AI\pyai\data\original\prices\A100\EC2_p4d24xlarge_us-west-2.csv
2024-02-24,1078.6546292969217,986.4404918752743,1222.8809837505487,11,1.0086552678676293,1069.3986971160882,2024-01-25,A100,aws,A100,p4d24xlarge,us-west-2,0,C:\Users\FarhadBillimoria\OneDrive - Aurora Energy Research\Documents\Personal\Endog_demand_AI\pyai\data\original\prices\A100\EC2_p4d24xlarge_us-west-2.csv
2024-02-25,1078.513852291026,990.5851998243302,1230.1548089591565,12,1.0085236265945705,1069.3986971160882,2024-01-25,A100,aws,A100,p4d24xlarge,us-west-2,0,C:\Users\FarhadBillimoria\OneDrive - Aurora Energy Research\Documents\Personal\Endog_demand_AI\pyai\data\original\prices\A100\EC2_p4d24xlarge_us-west-2.csv
2024-02-26,1081.7390389401257,996.4317083882299,1231.9938515590688,12,1.0115395145489858,1069.3986971160882,2024-01-25,A100,aws,A100,p4d24xlarge,us-west-2,0,C:\Users\FarhadBillimoria\OneDrive - Aurora Energy Research\Documents\Personal\Endog_demand_AI\pyai\data\original\prices\A100\EC2_p4d24xlarge_us-west-2.csv
2024-02-27,1075.2497804128236,1004.2270531400965,1237.2913921826962,12,1.0054713768704922,1069.3986971160882,2024-01-25,A100,aws,A100,p4d24xlarge,us-west-2,0,C:\Users\FarhadBillimoria\OneDrive - Aurora Energy Research\Documents\Personal\Endog_demand_AI\pyai\data\original\prices\A100\EC2_p4d24xlarge_us-west-2.csv
2024-02-28,1094.1967989069437,1007.8776899429072,1233.0368906455863,9,1.0231888273828367,1069.3986971160882,2024-01-25,A100,aws,A100,p4d24xlarge,us-west-2,0,C:\Users\FarhadBillimoria\OneDrive - Aurora Energy Research\Documents\Personal\Endog_demand_AI\pyai\data\original\prices\A100\EC2_p4d24xlarge_us-west-2.csv
2024-02-29,1090.6134927874057,1010.1559068950372,1227.849143610013,13,1.0198380601440125,1069.3986971160882,2024-01-25,A100,aws,A100,p4d24xlarge,us-west-2,0,C:\Users\FarhadBillimoria\OneDrive - Aurora Energy Research\Documents\Personal\Endog_demand_AI\pyai\data\original\prices\A100\EC2_p4d24xlarge_us-west-2.csv
2024-03-01,1102.6112575025618,1015.014273166447,1235.4523495827843,9,1.0310572291475948,1069.3986971160882,2024-01-25,A100,aws,A100,p4d24xlarge,us-west-2,0,C:\Users\FarhadBillimoria\OneDrive - Aurora Energy Research\Documents\Personal\Endog_demand_AI\pyai\data\original\prices\A100\EC2_p4d24xlarge_us-west-2.csv
2024-03-02,1130.0093324549846,1018.3629776021079,1257.5757575757573,12,1.056677304266733,1069.3986971160882,2024-01-25,A100,aws,A100,p4d24xlarge,us-west-2,0,C:\Users\FarhadBillimoria\OneDrive - Aurora Energy Research\Documents\Personal\Endog_demand_AI\pyai\data\original\prices\A100\EC2_p4d24xlarge_us-west-2.csv
2024-03-03,1113.5155906895036,1022.6723759332453,1268.7198067632849,10,1.0412539249321962,1069.3986971160882,2024-01-25,A100,aws,A100,p4d24xlarge,us-west-2,0,C:\Users\FarhadBillimoria\OneDrive - Aurora Energy Research\Documents\Personal\Endog_demand_AI\pyai\data\original\prices\A100\EC2_p4d24xlarge_us-west-2.csv
2024-03-09,1178.548391523935,1075.4556433904258,1312.2529644268773,8,1.1020664179806814,1069.3986971160882,2024-01-25,A100,aws,A100,p4d24xlarge,us-west-2,0,C:\Users\FarhadBillimoria\OneDrive - Aurora Energy Research\Documents\Personal\Endog_demand_AI\pyai\data\original\prices\A100\EC2_p4d24xlarge_us-west-2.csv
2024-03-10,1166.4623286000096,1076.5535792709704,1317.1662274923144,9,1.0907646808862577,1069.3986971160882,2024-01-25,A100,aws,A100,p4d24xlarge,us-west-2,0,C:\Users\FarhadBillimoria\OneDrive - Aurora Energy Research\Documents\Personal\Endog_demand_AI\pyai\data\original\prices\A100\EC2_p4d24xlarge_us-west-2.csv
2024-03-11,1201.516149638679,1088.109354413702,1323.1225296442688,11,1.1235436819577955,1069.3986971160882,2024-01-25,A100,aws,A100,p4d24xlarge,us-west-2,0,C:\Users\FarhadBillimoria\OneDrive - Aurora Energy Research\Documents\Personal\Endog_demand_AI\pyai\data\original\prices\A100\EC2_p4d24xlarge_us-west-2.csv
2024-03-12,1218.2971014492753,1101.0924462011417,1332.4549846288976,13,1.139235632823128,1069.3986971160882,2024-01-25,A100,aws,A100,p4d24xlarge,us-west-2,0,C:\Users\FarhadBillimoria\OneDrive - Aurora Energy Research\Documents\Personal\Endog_demand_AI\pyai\data\original\prices\A100\EC2_p4d24xlarge_us-west-2.csv
2024-03-13,1216.2954798824362,1111.4953886693017,1341.8423364075536,13,1.1373639066163943,1069.3986971160882,2024-01-25,A100,aws,A100,p4d24xlarge,us-west-2,0,C:\Users\FarhadBillimoria\OneDrive - Aurora Energy Research\Documents\Personal\Endog_demand_AI\pyai\data\original\prices\A100\EC2_p4d24xlarge_us-west-2.csv
2024-03-14,1237.0937637241982,1121.8159859464206,1347.1398770311812,10,1.1568124844927747,1069.3986971160882,2024-01-25,A100,aws,A100,p4d24xlarge,us-west-2,0,C:\Users\FarhadBillimoria\OneDrive - Aurora Energy Research\Documents\Personal\Endog_demand_AI\pyai\data\original\prices\A100\EC2_p4d24xlarge_us-west-2.csv
2024-03-15,1209.3214756258233,1134.11286780852,1350.1592007026786,9,1.1308424808138193,1069.3986971160882,2024-01-25,A100,aws,A100,p4d24xlarge,us-west-2,0,C:\Users\FarhadBillimoria\OneDrive - Aurora Energy Research\Documents\Personal\Endog_demand_AI\pyai\data\original\prices\A100\EC2_p4d24xlarge_us-west-2.csv
2024-03-16,1240.770476504172,1147.0136144049186,1360.973869126043,12,1.160250596760808,1069.3986971160882,2024-01-25,A100,aws,A100,p4d24xlarge,us-west-2,0,C:\Users\FarhadBillimoria\OneDrive - Aurora Energy Research\Documents\Personal\Endog_demand_AI\pyai\data\original\prices\A100\EC2_p4d24xlarge_us-west-2.csv
2024-03-17,1240.0691699604743,1155.6324110671935,1365.4205094422484,10,1.1595948015502948,1069.3986971160882,2024-01-25,A100,aws,A100,p4d24xlarge,us-west-2,0,C:\Users\FarhadBillimoria\OneDrive - Aurora Energy Research\Documents\Personal\Endog_demand_AI\pyai\data\original\prices\A100\EC2_p4d24xlarge_us-west-2.csv
2024-03-18,1255.290678524374,1166.556873078612,1370.059288537549,12,1.173828509338558,1069.3986971160882,2024-01-25,A100,aws,A100,p4d24xlarge,us-west-2,0,C:\Users\FarhadBillimoria\OneDrive - Aurora Energy Research\Documents\Personal\Endog_demand_AI\pyai\data\original\prices\A100\EC2_p4d24xlarge_us-west-2.csv
2024-03-19,1243.0912384716733,1178.6341677646024,1372.1728151075977,10,1.1624207527314108,1069.3986971160882,2024-01-25,A100,aws,A100,p4d24xlarge,us-west-2,0,C:\Users\FarhadBillimoria\OneDrive - Aurora Energy Research\Documents\Personal\Endog_demand_AI\pyai\data\original\prices\A100\EC2_p4d24xlarge_us-west-2.csv
2024-03-20,1261.862282242717,1183.574879227053,1377.2782169521297,12,1.1799736484116325,1069.3986971160882,2024-01-25,A100,aws,A100,p4d24xlarge,us-west-2,0,C:\Users\FarhadBillimoria\OneDrive - Aurora Energy Research\Documents\Personal\Endog_demand_AI\pyai\data\original\prices\A100\EC2_p4d24xlarge_us-west-2.csv
2024-03-21,1292.2156346069387,1192.7975406236274,1386.7479139218267,11,1.208357218025171,1069.3986971160882,2024-01-25,A100,aws,A100,p4d24xlarge,us-west-2,0,C:\Users\FarhadBillimoria\OneDrive - Aurora Energy Research\Documents\Personal\Endog_demand_AI\pyai\data\original\prices\A100\EC2_p4d24xlarge_us-west-2.csv
2024-03-22,1264.3372127067778,1202.2672375933244,1391.359244620114,12,1.1822879681043112,1069.3986971160882,2024-01-25,A100,aws,A100,p4d24xlarge,us-west-2,0,C:\Users\FarhadBillimoria\OneDrive - Aurora Energy Research\Documents\Personal\Endog_demand_AI\pyai\data\original\prices\A100\EC2_p4d24xlarge_us-west-2.csv
2024-03-23,1282.1750109793586,1213.0270092226613,1397.4527887571362,10,1.1989681813126172,1069.3986971160882,2024-01-25,A100,aws,A100,p4d24xlarge,us-west-2,0,C:\Users\FarhadBillimoria\OneDrive - Aurora Energy Research\Documents\Personal\Endog_demand_AI\pyai\data\original\prices\A100\EC2_p4d24xlarge_us-west-2.csv
2024-03-24,1276.3449714536669,1229.0294246815984,1401.5700483091787,10,1.1935164825762956,1069.3986971160882,2024-01-25,A100,aws,A100,p4d24xlarge,us-west-2,0,C:\Users\FarhadBillimoria\OneDrive - Aurora Energy Research\Documents\Personal\Endog_demand_AI\pyai\data\original\prices\A100\EC2_p4d24xlarge_us-west-2.csv
2024-03-25,1285.551163812033,1240.1460254721121,1418.6429512516468,10,1.2021252384904304,1069.3986971160882,2024-01-25,A100,aws,A100,p4d24xlarge,us-west-2,0,C:\Users\FarhadBillimoria\OneDrive - Aurora Energy Research\Documents\Personal\Endog_demand_AI\pyai\data\original\prices\A100\EC2_p4d24xlarge_us-west-2.csv
2024-03-26,1313.2178811526635,1247.063021519543,1435.7158541941149,13,1.2279965224327438,1069.3986971160882,2024-01-25,A100,aws,A100,p4d24xlarge,us-west-2,0,C:\Users\FarhadBillimoria\OneDrive - Aurora Energy Research\Documents\Personal\Endog_demand_AI\pyai\data\original\prices\A100\EC2_p4d24xlarge_us-west-2.csv
2024-03-27,1328.2530925193967,1255.1877470355728,1451.3339920948613,12,1.242056022792413,1069.3986971160882,2024-01-25,A100,aws,A100,p4d24xlarge,us-west-2,0,C:\Users\FarhadBillimoria\OneDrive - Aurora Energy Research\Documents\Personal\Endog_demand_AI\pyai\data\original\prices\A100\EC2_p4d24xlarge_us-west-2.csv
2024-03-28,1356.8067033976122,1263.092885375494,1468.9009661835746,11,1.2687566452592418,1069.3986971160882,2024-01-25,A100,aws,A100,p4d24xlarge,us-west-2,0,C:\Users\FarhadBillimoria\OneDrive - Aurora Energy Research\Documents\Personal\Endog_demand_AI\pyai\data\original\prices\A100\EC2_p4d24xlarge_us-west-2.csv
2024-03-29,1343.0521772913075,1268.774703557312,1486.2758014931924,13,1.2558947200077923,1069.3986971160882,2024-01-25,A100,aws,A100,p4d24xlarge,us-west-2,0,C:\Users\FarhadBillimoria\OneDrive - Aurora Energy Research\Documents\Personal\Endog_demand_AI\pyai\data\original\prices\A100\EC2_p4d24xlarge_us-west-2.csv
2024-03-30,1349.2287000439171,1276.405357927097,1500.6038647342991,10,1.261670416919773,1069.3986971160882,2024-01-25,A100,aws,A100,p4d24xlarge,us-west-2,0,C:\Users\FarhadBillimoria\OneDrive - Aurora Energy Research\Documents\Personal\Endog_demand_AI\pyai\data\original\prices\A100\EC2_p4d24xlarge_us-west-2.csv
2024-03-31,1340.2899770653391,1282.0048309178742,1508.948177426438,9,1.2533117729428507,1069.3986971160882,2024-01-25,A100,aws,A100,p4d24xlarge,us-west-2,0,C:\Users\FarhadBillimoria\OneDrive - Aurora Energy Research\Documents\Personal\Endog_demand_AI\pyai\data\original\prices\A100\EC2_p4d24xlarge_us-west-2.csv
2024-04-01,1368.0281071585416,1287.0553359683793,1537.851339481774,13,1.2792498353025727,1069.3986971160882,2024-01-25,A100,aws,A100,p4d24xlarge,us-west-2,0,C:\Users\FarhadBillimoria\OneDrive - Aurora Energy Research\Documents\Personal\Endog_demand_AI\pyai\data\original\prices\A100\EC2_p4d24xlarge_us-west-2.csv
2024-04-02,1394.5806883059847,1293.917435221783,1549.2149758454104,11,1.304079284991495,1069.3986971160882,2024-01-25,A100,aws,A100,p4d24xlarge,us-west-2,0,C:\Users\FarhadBillimoria\OneDrive - Aurora Energy Research\Documents\Personal\Endog_demand_AI\pyai\data\original\prices\A100\EC2_p4d24xlarge_us-west-2.csv
2024-04-03,1391.3392821495586,1299.681598594642,1562.692138779095,11,1.301048230095723,1069.3986971160882,2024-01-25,A100,aws,A100,p4d24xlarge,us-west-2,0,C:\Users\FarhadBillimoria\OneDrive - Aurora Energy Research\Documents\Personal\Endog_demand_AI\pyai\data\original\prices\A100\EC2_p4d24xlarge_us-west-2.csv
2024-04-04,1405.2903618121009,1302.8381642512077,1578.4749670619235,13,1.3140939535477572,1069.3986971160882,2024-01-25,A100,aws,A100,p4d24xlarge,us-west-2,0,C:\Users\FarhadBillimoria\OneDrive - Aurora Energy Research\Documents\Personal\Endog_demand_AI\pyai\data\original\prices\A100\EC2_p4d24xlarge_us-west-2.csv
2024-04-05,1440.1707290294244,1307.6965305226172,1591.4031620553355,10,1.346710757094823,1069.3986971160882,2024-01-25,A100,aws,A100,p4d24xlarge,us-west-2,0,C:\Users\FarhadBillimoria\OneDrive - Aurora Energy Research\Documents\Personal\Endog_demand_AI\pyai\data\original\prices\A100\EC2_p4d24xlarge_us-west-2.csv
2024-04-06,1429.8876445615576,1315.9584980237153,1601.7237593324548,12,1.3370949940537815,1069.3986971160882,2024-01-25,A100,aws,A100,p4d24xlarge,us-west-2,0,C:\Users\FarhadBillimoria\OneDrive - Aurora Energy Research\Documents\Personal\Endog_demand_AI\pyai\data\original\prices\A100\EC2_p4d24xlarge_us-west-2.csv
2024-04-07,1435.7817303469476,1325.8399209486165,1615.228370663153,10,1.3426065827636657,1069.3986971160882,2024-01-25,A100,aws,A100,p4d24xlarge,us-west-2,0,C:\Users\FarhadBillimoria\OneDrive - Aurora Energy Research\Documents\Personal\Endog_demand_AI\pyai\data\original\prices\A100\EC2_p4d24xlarge_us-west-2.csv
2024-04-08,1443.9703357687545,1334.2665788317959,1636.665568730786,11,1.350263788110829,1069.3986971160882,2024-01-25,A100,aws,A100,p4d24xlarge,us-west-2,0,C:\Users\FarhadBillimoria\OneDrive - Aurora Energy Research\Documents\Personal\Endog_demand_AI\pyai\data\original\prices\A100\EC2_p4d24xlarge_us-west-2.csv
2024-04-09,1460.6335090030739,1341.9795783926218,1662.8238910847604,10,1.365845603648155,1069.3986971160882,2024-01-25,A100,aws,A100,p4d24xlarge,us-west-2,0,C:\Users\FarhadBillimoria\OneDrive - Aurora Energy Research\Documents\Personal\Endog_demand_AI\pyai\data\original\prices\A100\EC2_p4d24xlarge_us-west-2.csv
2024-04-10,1502.6175789515707,1348.4848484848483,1684.0689503732979,11,1.4051051146815214,1069.3986971160882,2024-01-25,A100,aws,A100,p4d24xlarge,us-west-2,0,C:\Users\FarhadBillimoria\OneDrive - Aurora Energy Research\Documents\Personal\Endog_demand_AI\pyai\data\original\prices\A100\EC2_p4d24xlarge_us-west-2.csv
2024-04-11,1477.7988215488213,1354.5234958278436,1699.934123847167,12,1.3818969721340508,1069.3986971160882,2024-01-25,A100,aws,A100,p4d24xlarge,us-west-2,0,C:\Users\FarhadBillimoria\OneDrive - Aurora Energy Research\Documents\Personal\Endog_demand_AI\pyai\data\original\prices\A100\EC2_p4d24xlarge_us-west-2.csv
2024-04-12,1534.1648086213302,1365.255819060167,1716.8148880105398,13,1.434605084856195,1069.3986971160882,2024-01-25,A100,aws,A100,p4d24xlarge,us-west-2,0,C:\Users\FarhadBillimoria\OneDrive - Aurora Energy Research\Documents\Personal\Endog_demand_AI\pyai\data\original\prices\A100\EC2_p4d24xlarge_us-west-2.csv
2024-04-13,1520.436387284213,1372.3649538866928,1737.8403601229684,13,1.4217675703032604,1069.3986971160882,2024-01-25,A100,aws,A100,p4d24xlarge,us-west-2,0,C:\Users\FarhadBillimoria\OneDrive - Aurora Energy Research\Documents\Personal\Endog_demand_AI\pyai\data\original\prices\A100\EC2_p4d24xlarge_us-west-2.csv
2024-04-14,1547.849418093983,1378.4036012296879,1759.716732542819,12,1.4474016307184232,1069.3986971160882,2024-01-25,A100,aws,A100,p4d24xlarge,us-west-2,0,C:\Users\FarhadBillimoria\OneDrive - Aurora Energy Research\Documents\Personal\Endog_demand_AI\pyai\data\original\prices\A100\EC2_p4d24xlarge_us-west-2.csv
2024-04-15,1533.0890425999119,1392.1826965305224,1765.8926218708825,10,1.4335991307398124,1069.3986971160882,2024-01-25,A100,aws,A100,p4d24xlarge,us-west-2,0,C:\Users\FarhadBillimoria\OneDrive - Aurora Energy Research\Documents\Personal\Endog_demand_AI\pyai\data\original\prices\A100\EC2_p4d24xlarge_us-west-2.csv
2024-04-16,1564.536171996646,1399.2094861660078,1778.244400527009,11,1.4630054966551063,1069.3986971160882,2024-01-25,A100,aws,A100,p4d24xlarge,us-west-2,0,C:\Users\FarhadBillimoria\OneDrive - Aurora Energy Research\Documents\Personal\Endog_demand_AI\pyai\data\original\prices\A100\EC2_p4d24xlarge_us-west-2.csv
2024-04-17,1575.1491362904405,1417.8743961352657,1786.8357487922704,12,1.47292973194959,1069.3986971160882,2024-01-25,A100,aws,A100,p4d24xlarge,us-west-2,0,C:\Users\FarhadBillimoria\OneDrive - Aurora Energy Research\Documents\Personal\Endog_demand_AI\pyai\data\original\prices\A100\EC2_p4d24xlarge_us-west-2.csv
2024-04-18,1596.993485580442,1433.5199824330257,1795.5094422485724,12,1.4933564907897778,1069.3986971160882,2024-01-25,A100,aws,A100,p4d24xlarge,us-west-2,0,C:\Users\FarhadBillimoria\OneDrive - Aurora Energy Research\Documents\Personal\Endog_demand_AI\pyai\data\original\prices\A100\EC2_p4d24xlarge_us-west-2.csv
2024-04-19,1558.3735909822865,1442.028985507246,1804.5399648660516,9,1.4572428367313766,1069.3986971160882,2024-01-25,A100,aws,A100,p4d24xlarge,us-west-2,0,C:\Users\FarhadBillimoria\OneDrive - Aurora Energy Research\Documents\Personal\Endog_demand_AI\pyai\data\original\prices\A100\EC2_p4d24xlarge_us-west-2.csv
2024-04-20,1612.5384277558187,1458.0588493631972,1812.4999999999998,13,1.5078926429445332,1069.3986971160882,2024-01-25,A100,aws,A100,p4d24xlarge,us-west-2,0,C:\Users\FarhadBillimoria\OneDrive - Aurora Energy Research\Documents\Personal\Endog_demand_AI\pyai\data\original\prices\A100\EC2_p4d24xlarge_us-west-2.csv
2024-04-21,1619.3655926857502,1480.2371541501975,1822.7657004830915,11,1.5142767585679604,1069.3986971160882,2024-01-25,A100,aws,A100,p4d24xlarge,us-west-2,0,C:\Users\FarhadBillimoria\OneDrive - Aurora Energy Research\Documents\Personal\Endog_demand_AI\pyai\data\original\prices\A100\EC2_p4d24xlarge_us-west-2.csv
2024-04-22,1642.2540623627578,1497.0904699165567,1826.3065436978477,10,1.5356798795355961,1069.3986971160882,2024-01-25,A100,aws,A100,p4d24xlarge,us-west-2,0,C:\Users\FarhadBillimoria\OneDrive - Aurora Energy Research\Documents\Personal\Endog_demand_AI\pyai\data\original\prices\A100\EC2_p4d24xlarge_us-west-2.csv
2024-04-23,1647.7158358951835,1504.7485726833552,1840.1130873956959,12,1.5407872109239313,1069.3986971160882,2024-01-25,A100,aws,A100,p4d24xlarge,us-west-2,0,C:\Users\FarhadBillimoria\OneDrive - Aurora Energy Research\Documents\Personal\Endog_demand_AI\pyai\data\original\prices\A100\EC2_p4d24xlarge_us-west-2.csv
2024-04-24,1670.4865685843945,1526.954325867369,1851.8335529205092,12,1.5620802354531533,1069.3986971160882,2024-01-25,A100,aws,A100,p4d24xlarge,us-west-2,0,C:\Users\FarhadBillimoria\OneDrive - Aurora Energy Research\Documents\Personal\Endog_demand_AI\pyai\data\original\prices\A100\EC2_p4d24xlarge_us-west-2.csv
2024-04-25,1688.9331984440676,1539.196310935441,1863.3344312692136,14,1.5793297700836135,1069.3986971160882,2024-01-25,A100,aws,A100,p4d24xlarge,us-west-2,0,C:\Users\FarhadBillimoria\OneDrive - Aurora Energy Research\Documents\Personal\Endog_demand_AI\pyai\data\original\prices\A100\EC2_p4d24xlarge_us-west-2.csv
2024-04-26,1669.676840872493,1547.0740008783487,1867.5614844093102,12,1.5613230550731088,1069.3986971160882,2024-01-25,A100,aws,A100,p4d24xlarge,us-west-2,0,C:\Users\FarhadBillimoria\OneDrive - Aurora Energy Research\Documents\Personal\Endog_demand_AI\pyai\data\original\prices\A100\EC2_p4d24xlarge_us-west-2.csv
2024-04-27,1714.4378568291609,1563.9273166447078,1876.619455423803,10,1.6031793020251366,1069.3986971160882,2024-01-25,A100,aws,A100,p4d24xlarge,us-west-2,0,C:\Users\FarhadBillimoria\OneDrive - Aurora Energy Research\Documents\Personal\Endog_demand_AI\pyai\data\original\prices\A100\EC2_p4d24xlarge_us-west-2.csv
2024-04-28,1710.6899742769306,1573.0127360562142,1892.1826965305224,14,1.5996746385517873,1069.3986971160882,2024-01-25,A100,aws,A100,p4d24xlarge,us-west-2,0,C:\Users\FarhadBillimoria\OneDrive - Aurora Energy Research\Documents\Personal\Endog_demand_AI\pyai\data\original\prices\A100\EC2_p4d24xlarge_us-west-2.csv
2024-04-29,1737.3902064119454,1588.7406675450152,1912.3847167325425,10,1.6246421574079621,1069.3986971160882,2024-01-25,A100,aws,A100,p4d24xlarge,us-west-2,0,C:\Users\FarhadBillimoria\OneDrive - Aurora Energy Research\Documents\Personal\Endog_demand_AI\pyai\data\original\prices\A100\EC2_p4d24xlarge_us-west-2.csv
2024-04-30,1702.3450080515295,1596.7555994729908,1925.8069828722,12,1.5918712194454188,1069.3986971160882,2024-01-25,A100,aws,A100,p4d24xlarge,us-west-2,0,C:\Users\FarhadBillimoria\OneDrive - Aurora Energy Research\Documents\Personal\Endog_demand_AI\pyai\data\original\prices\A100\EC2_p4d24xlarge_us-west-2.csv
2024-05-01,1755.3397689267254,1604.3862538427754,1948.0127360562142,13,1.6414268819107931,1069.3986971160882,2024-01-25,A100,aws,A100,p4d24xlarge,us-west-2,0,C:\Users\FarhadBillimoria\OneDrive - Aurora Energy Research\Documents\Personal\Endog_demand_AI\pyai\data\original\prices\A100\EC2_p4d24xlarge_us-west-2.csv
2024-05-02,1726.5865173473867,1610.7817303469476,1963.5485287659199,8,1.6145395744389595,1069.3986971160882,2024-01-25,A100,aws,A100,p4d24xlarge,us-west-2,0,C:\Users\FarhadBillimoria\OneDrive - Aurora Energy Research\Documents\Personal\Endog_demand_AI\pyai\data\original\prices\A100\EC2_p4d24xlarge_us-west-2.csv
2024-05-03,1769.7528646145247,1618.1927975406236,1989.0755379885811,11,1.6549046388284592,1069.3986971160882,2024-01-25,A100,aws,A100,p4d24xlarge,us-west-2,0,C:\Users\FarhadBillimoria\OneDrive - Aurora Energy Research\Documents\Personal\Endog_demand_AI\pyai\data\original\prices\A100\EC2_p4d24xlarge_us-west-2.csv
2024-05-04,1744.510320597277,1622.3924022837066,2006.9718928414577,12,1.63130021132605,1069.3986971160882,2024-01-25,A100,aws,A100,p4d24xlarge,us-west-2,0,C:\Users\FarhadBillimoria\OneDrive - Aurora Energy Research\Documents\Personal\Endog_demand_AI\pyai\data\original\prices\A100\EC2_p4d24xlarge_us-west-2.csv
2024-05-05,1764.687179768701,1628.6506368028106,2032.4714536671056,12,1.650167691925976,1069.3986971160882,2024-01-25,A100,aws,A100,p4d24xlarge,us-west-2,0,C:\Users\FarhadBillimoria\OneDrive - Aurora Energy Research\Documents\Personal\Endog_demand_AI\pyai\data\original\prices\A100\EC2_p4d24xlarge_us-west-2.csv
2024-05-06,1850.501058010939,1638.9712340799294,2063.8175230566535,11,1.7304126730295226,1069.3986971160882,2024-01-25,A100,aws,A100,p4d24xlarge,us-west-2,0,C:\Users\FarhadBillimoria\OneDrive - Aurora Energy Research\Documents\Personal\Endog_demand_AI\pyai\data\original\prices\A100\EC2_p4d24xlarge_us-west-2.csv
2024-05-07,1782.926639584248,1645.7784365393059,2076.443785682916,12,1.6672235008256262,1069.3986971160882,2024-01-25,A100,aws,A100,p4d24xlarge,us-west-2,0,C:\Users\FarhadBillimoria\OneDrive - Aurora Energy Research\Documents\Personal\Endog_demand_AI\pyai\data\original\prices\A100\EC2_p4d24xlarge_us-west-2.csv
2024-05-08,1823.7209046991654,1655.6873078612207,2088.603425559947,10,1.7053704194864865,1069.3986971160882,2024-01-25,A100,aws,A100,p4d24xlarge,us-west-2,0,C:\Users\FarhadBillimoria\OneDrive - Aurora Energy Research\Documents\Personal\Endog_demand_AI\pyai\data\original\prices\A100\EC2_p4d24xlarge_us-west-2.csv
2024-05-09,1838.4197324414713,1659.7771190162491,2107.048748353096,13,1.7191153658586347,1069.3986971160882,2024-01-25,A100,aws,A100,p4d24xlarge,us-west-2,0,C:\Users\FarhadBillimoria\OneDrive - Aurora Energy Research\Documents\Personal\Endog_demand_AI\pyai\data\original\prices\A100\EC2_p4d24xlarge_us-west-2.csv
2024-05-15,1858.741399502269,1715.1954325867366,2246.486605182257,6,1.7381182570306553,1069.3986971160882,2024-01-25,A100,aws,A100,p4d24xlarge,us-west-2,0,C:\Users\FarhadBillimoria\OneDrive - Aurora Energy Research\Documents\Personal\Endog_demand_AI\pyai\data\original\prices\A100\EC2_p4d24xlarge_us-west-2.csv
2024-05-16,1990.653820816864,1725.982652613087,2276.652393500219,10,1.8614702132938632,1069.3986971160882,2024-01-25,A100,aws,A100,p4d24xlarge,us-west-2,0,C:\Users\FarhadBillimoria\OneDrive - Aurora Energy Research\Documents\Personal\Endog_demand_AI\pyai\data\original\prices\A100\EC2_p4d24xlarge_us-west-2.csv
2024-05-17,1951.3806543697847,1731.5546772068508,2298.8581466842334,10,1.8247456815051208,1069.3986971160882,2024-01-25,A100,aws,A100,p4d24xlarge,us-west-2,0,C:\Users\FarhadBillimoria\OneDrive - Aurora Energy Research\Documents\Personal\Endog_demand_AI\pyai\data\original\prices\A100\EC2_p4d24xlarge_us-west-2.csv
2024-05-18,2014.9593763724197,1738.60891523935,2326.0869565217386,13,1.8841984582609665,1069.3986971160882,2024-01-25,A100,aws,A100,p4d24xlarge,us-west-2,0,C:\Users\FarhadBillimoria\OneDrive - Aurora Energy Research\Documents\Personal\Endog_demand_AI\pyai\data\original\prices\A100\EC2_p4d24xlarge_us-west-2.csv
2024-05-19,2029.190122569569,1745.855292050944,2343.900966183575,11,1.8975056992698869,1069.3986971160882,2024-01-25,A100,aws,A100,p4d24xlarge,us-west-2,0,C:\Users\FarhadBillimoria\OneDrive - Aurora Energy Research\Documents\Personal\Endog_demand_AI\pyai\data\original\prices\A100\EC2_p4d24xlarge_us-west-2.csv
2024-05-20,1972.8055006587613,1754.611330698287,2354.276460254721,12,1.844780161018472,1069.3986971160882,2024-01-25,A100,aws,A100,p4d24xlarge,us-west-2,0,C:\Users\FarhadBillimoria\OneDrive - Aurora Energy Research\Documents\Personal\Endog_demand_AI\pyai\data\original\prices\A100\EC2_p4d24xlarge_us-west-2.csv
2024-05-21,2046.782049746476,1776.4053579270967,2373.7922705314004,11,1.9139559972030604,1069.3986971160882,2024-01-25,A100,aws,A100,p4d24xlarge,us-west-2,0,C:\Users\FarhadBillimoria\OneDrive - Aurora Energy Research\Documents\Personal\Endog_demand_AI\pyai\data\original\prices\A100\EC2_p4d24xlarge_us-west-2.csv
2024-05-22,2031.4366490996922,1793.6703996486604,2387.1596398770307,10,1.899606437316587,1069.3986971160882,2024-01-25,A100,aws,A100,p4d24xlarge,us-west-2,0,C:\Users\FarhadBillimoria\OneDrive - Aurora Energy Research\Documents\Personal\Endog_demand_AI\pyai\data\original\prices\A100\EC2_p4d24xlarge_us-west-2.csv
2024-05-23,2055.400014639145,1812.9391743522176,2401.7072902942464,12,1.9220146987106548,1069.3986971160882,2024-01-25,A100,aws,A100,p4d24xlarge,us-west-2,0,C:\Users\FarhadBillimoria\OneDrive - Aurora Energy Research\Documents\Personal\Endog_demand_AI\pyai\data\original\prices\A100\EC2_p4d24xlarge_us-west-2.csv
2024-05-24,2057.4669621112303,1828.3377250768551,2408.0478700043914,11,1.9239475114938192,1069.3986971160882,2024-01-25,A100,aws,A100,p4d24xlarge,us-west-2,0,C:\Users\FarhadBillimoria\OneDrive - Aurora Energy Research\Documents\Personal\Endog_demand_AI\pyai\data\original\prices\A100\EC2_p4d24xlarge_us-west-2.csv
2024-05-25,2071.65404040404,1846.9202898550723,2415.5687307861217,12,1.9372139184298562,1069.3986971160882,2024-01-25,A100,aws,A100,p4d24xlarge,us-west-2,0,C:\Users\FarhadBillimoria\OneDrive - Aurora Energy Research\Documents\Personal\Endog_demand_AI\pyai\data\original\prices\A100\EC2_p4d24xlarge_us-west-2.csv
2024-05-26,2143.4977242783566,1866.2165129556433,2427.591128678085,11,2.004395301826022,1069.3986971160882,2024-01-25,A100,aws,A100,p4d24xlarge,us-west-2,0,C:\Users\FarhadBillimoria\OneDrive - Aurora Energy Research\Documents\Personal\Endog_demand_AI\pyai\data\original\prices\A100\EC2_p4d24xlarge_us-west-2.csv
2024-05-27,2123.210863576476,1881.5601668862535,2442.577953447518,11,1.985424958252022,1069.3986971160882,2024-01-25,A100,aws,A100,p4d24xlarge,us-west-2,0,C:\Users\FarhadBillimoria\OneDrive - Aurora Energy Research\Documents\Personal\Endog_demand_AI\pyai\data\original\prices\A100\EC2_p4d24xlarge_us-west-2.csv
2024-05-28,2124.5882740447955,1909.8869126043037,2454.6003513394817,11,1.9867129815795554,1069.3986971160882,2024-01-25,A100,aws,A100,p4d24xlarge,us-west-2,0,C:\Users\FarhadBillimoria\OneDrive - Aurora Energy Research\Documents\Personal\Endog_demand_AI\pyai\data\original\prices\A100\EC2_p4d24xlarge_us-west-2.csv
2024-05-29,2166.8382191480014,1932.5592885375493,2469.916556873078,12,2.0262211137823942,1069.3986971160882,2024-01-25,A100,aws,A100,p4d24xlarge,us-west-2,0,C:\Users\FarhadBillimoria\OneDrive - Aurora Energy Research\Documents\Personal\Endog_demand_AI\pyai\data\original\prices\A100\EC2_p4d24xlarge_us-west-2.csv
2024-05-30,2201.7082884177744,1953.5298638559505,2480.758673693456,11,2.0588282876678767,1069.3986971160882,2024-01-25,A100,aws,A100,p4d24xlarge,us-west-2,0,C:\Users\FarhadBillimoria\OneDrive - Aurora Energy Research\Documents\Personal\Endog_demand_AI\pyai\data\original\prices\A100\EC2_p4d24xlarge_us-west-2.csv
2024-05-31,2164.2262546412744,1964.1249451032058,2489.0206411945537,11,2.023778652880047,1069.3986971160882,2024-01-25,A100,aws,A100,p4d24xlarge,us-west-2,0,C:\Users\FarhadBillimoria\OneDrive - Aurora Energy Research\Documents\Personal\Endog_demand_AI\pyai\data\original\prices\A100\EC2_p4d24xlarge_us-west-2.csv
2024-06-01,2216.442047284438,1982.1585419411504,2499.6431708388227,12,2.0726058983068247,1069.3986971160882,2024-01-25,A100,aws,A100,p4d24xlarge,us-west-2,0,C:\Users\FarhadBillimoria\OneDrive - Aurora Energy Research\Documents\Personal\Endog_demand_AI\pyai\data\original\prices\A100\EC2_p4d24xlarge_us-west-2.csv
2024-06-02,2220.4804966662673,1985.4249011857705,2511.144049187527,11,2.076382272256709,1069.3986971160882,2024-01-25,A100,aws,A100,p4d24xlarge,us-west-2,0,C:\Users\FarhadBillimoria\OneDrive - Aurora Energy Research\Documents\Personal\Endog_demand_AI\pyai\data\original\prices\A100\EC2_p4d24xlarge_us-west-2.csv
2024-06-03,2205.0285463328937,1996.8708827404478,2518.3355292050937,10,2.061933077232399,1069.3986971160882,2024-01-25,A100,aws,A100,p4d24xlarge,us-west-2,0,C:\Users\FarhadBillimoria\OneDrive - Aurora Energy Research\Documents\Personal\Endog_demand_AI\pyai\data\original\prices\A100\EC2_p4d24xlarge_us-west-2.csv
2024-06-04,2262.8247356508223,2021.7116820377687,2528.573781291172,13,2.115978579133412,1069.3986971160882,2024-01-25,A100,aws,A100,p4d24xlarge,us-west-2,0,C:\Users\FarhadBillimoria\OneDrive - Aurora Energy Research\Documents\Personal\Endog_demand_AI\pyai\data\original\prices\A100\EC2_p4d24xlarge_us-west-2.csv
2024-06-05,2234.5136144049184,2041.6666666666665,2537.604303908651,10,2.0895047099186352,1069.3986971160882,2024-01-25,A100,aws,A100,p4d24xlarge,us-west-2,0,C:\Users\FarhadBillimoria\OneDrive - Aurora Energy Research\Documents\Personal\Endog_demand_AI\pyai\data\original\prices\A100\EC2_p4d24xlarge_us-west-2.csv
2024-06-06,2240.8272447798136,2060.0296442687745,2541.0079051383395,11,2.0954086168449497,1069.3986971160882,2024-01-25,A100,aws,A100,p4d24xlarge,us-west-2,0,C:\Users\FarhadBillimoria\OneDrive - Aurora Energy Research\Documents\Personal\Endog_demand_AI\pyai\data\original\prices\A100\EC2_p4d24xlarge_us-west-2.csv
2024-06-07,2286.608675689703,2077.102547211243,2553.4694773825204,11,2.138219058856288,1069.3986971160882,2024-01-25,A100,aws,A100,p4d24xlarge,us-west-2,0,C:\Users\FarhadBillimoria\OneDrive - Aurora Energy Research\Documents\Personal\Endog_demand_AI\pyai\data\original\prices\A100\EC2_p4d24xlarge_us-west-2.csv
2024-06-08,2268.7796941749507,2097.716293368467,2562.829380764163,11,2.1215470902417457,1069.3986971160882,2024-01-25,A100,aws,A100,p4d24xlarge,us-west-2,0,C:\Users\FarhadBillimoria\OneDrive - Aurora Energy Research\Documents\Personal\Endog_demand_AI\pyai\data\original\prices\A100\EC2_p4d24xlarge_us-west-2.csv
2024-06-09,2330.0796425796425,2123.188405797101,2576.3888888888887,13,2.178868974558608,1069.3986971160882,2024-01-25,A100,aws,A100,p4d24xlarge,us-west-2,0,C:\Users\FarhadBillimoria\OneDrive - Aurora Energy Research\Documents\Personal\Endog_demand_AI\pyai\data\original\prices\A100\EC2_p4d24xlarge_us-west-2.csv
2024-06-22,2568.8954765041717,2480.758673693456,2693.868028107158,3,2.4021868396060952,1069.3986971160882,2024-01-25,A100,aws,A100,p4d24xlarge,us-west-2,0,C:\Users\FarhadBillimoria\OneDrive - Aurora Energy Research\Documents\Personal\Endog_demand_AI\pyai\data\original\prices\A100\EC2_p4d24xlarge_us-west-2.csv
2024-06-23,2600.717318108622,2480.758673693456,2677.9754062362754,9,2.4319436007563247,1069.3986971160882,2024-01-25,A100,aws,A100,p4d24xlarge,us-west-2,0,C:\Users\FarhadBillimoria\OneDrive - Aurora Energy Research\Documents\Personal\Endog_demand_AI\pyai\data\original\prices\A100\EC2_p4d24xlarge_us-west-2.csv
2024-06-24,2618.2934416630064,2466.7050944224857,2685.1119894598155,6,2.448379120644074,1069.3986971160882,2024-01-25,A100,aws,A100,p4d24xlarge,us-west-2,0,C:\Users\FarhadBillimoria\OneDrive - Aurora Energy Research\Documents\Personal\Endog_demand_AI\pyai\data\original\prices\A100\EC2_p4d24xlarge_us-west-2.csv
2024-06-25,2611.5934186586355,2452.6515151515146,2721.261528326745,7,2.4421138960627844,1069.3986971160882,2024-01-25,A100,aws,A100,p4d24xlarge,us-west-2,0,C:\Users\FarhadBillimoria\OneDrive - Aurora Energy Research\Documents\Personal\Endog_demand_AI\pyai\data\original\prices\A100\EC2_p4d24xlarge_us-west-2.csv
2024-06-26,2620.7355172276116,2479.2490118577075,2763.147782169521,11,2.450662717558107,1069.3986971160882,2024-01-25,A100,aws,A100,p4d24xlarge,us-west-2,0,C:\Users\FarhadBillimoria\OneDrive - Aurora Energy Research\Documents\Personal\Endog_demand_AI\pyai\data\original\prices\A100\EC2_p4d24xlarge_us-west-2.csv
2024-06-27,2609.458107646513,2508.9481774264377,2758.371761089152,9,2.4401171561959027,1069.3986971160882,2024-01-25,A100,aws,A100,p4d24xlarge,us-west-2,0,C:\Users\FarhadBillimoria\OneDrive - Aurora Energy Research\Documents\Personal\Endog_demand_AI\pyai\data\original\prices\A100\EC2_p4d24xlarge_us-west-2.csv
2024-06-28,2640.6675450153707,2523.029205094422,2770.037329819938,10,2.4693012551227316,1069.3986971160882,2024-01-25,A100,aws,A100,p4d24xlarge,us-west-2,0,C:\Users\FarhadBillimoria\OneDrive - Aurora Energy Research\Documents\Personal\Endog_demand_AI\pyai\data\original\prices\A100\EC2_p4d24xlarge_us-west-2.csv
2024-06-29,2629.5681975029797,2509.0030742204654,2728.535353535353,7,2.4589222004798534,1069.3986971160882,2024-01-25,A100,aws,A100,p4d24xlarge,us-west-2,0,C:\Users\FarhadBillimoria\OneDrive - Aurora Energy Research\Documents\Personal\Endog_demand_AI\pyai\data\original\prices\A100\EC2_p4d24xlarge_us-west-2.csv
2024-06-30,2650.252525252525,2523.029205094422,2717.363855950812,5,2.4782642174519385,1069.3986971160882,2024-01-25,A100,aws,A100,p4d24xlarge,us-west-2,0,C:\Users\FarhadBillimoria\OneDrive - Aurora Energy Research\Documents\Personal\Endog_demand_AI\pyai\data\original\prices\A100\EC2_p4d24xlarge_us-west-2.csv
2024-07-01,2604.444200458693,2502.0037329819934,2708.0588493631967,9,2.4354286268369827,1069.3986971160882,2024-01-25,A100,aws,A100,p4d24xlarge,us-west-2,0,C:\Users\FarhadBillimoria\OneDrive - Aurora Energy Research\Documents\Personal\Endog_demand_AI\pyai\data\original\prices\A100\EC2_p4d24xlarge_us-west-2.csv
2024-07-02,2515.9804567413257,2396.437198067633,2630.105401844532,10,2.3527057434484644,1069.3986971160882,2024-01-25,A100,aws,A100,p4d24xlarge,us-west-2,0,C:\Users\FarhadBillimoria\OneDrive - Aurora Energy Research\Documents\Personal\Endog_demand_AI\pyai\data\original\prices\A100\EC2_p4d24xlarge_us-west-2.csv
2024-07-03,2464.9731005709264,2350.680720245937,2565.684014053579,10,2.3050085129319564,1069.3986971160882,2024-01-25,A100,aws,A100,p4d24xlarge,us-west-2,0,C:\Users\FarhadBillimoria\OneDrive - Aurora Energy Research\Documents\Personal\Endog_demand_AI\pyai\data\original\prices\A100\EC2_p4d24xlarge_us-west-2.csv
2024-07-04,2418.3220161481026,2239.6794027228807,2553.2498902064117,13,2.2613848536282464,1069.3986971160882,2024-01-25,A100,aws,A100,p4d24xlarge,us-west-2,0,C:\Users\FarhadBillimoria\OneDrive - Aurora Energy Research\Documents\Personal\Endog_demand_AI\pyai\data\original\prices\A100\EC2_p4d24xlarge_us-west-2.csv
2024-07-05,2418.760979358805,2205.176767676767,2543.121431708388,10,2.261795330293204,1069.3986971160882,2024-01-25,A100,aws,A100,p4d24xlarge,us-west-2,0,C:\Users\FarhadBillimoria\OneDrive - Aurora Energy Research\Documents\Personal\Endog_demand_AI\pyai\data\original\prices\A100\EC2_p4d24xlarge_us-west-2.csv
2024-07-06,2461.9734130603692,2178.414580588493,2605.813570487483,13,2.302203490335009,1069.3986971160882,2024-01-25,A100,aws,A100,p4d24xlarge,us-west-2,0,C:\Users\FarhadBillimoria\OneDrive - Aurora Energy Research\Documents\Personal\Endog_demand_AI\pyai\data\original\prices\A100\EC2_p4d24xlarge_us-west-2.csv
2024-07-07,2424.3773788610742,2082.6745718050065,2658.706631532718,12,2.2670472531891415,1069.3986971160882,2024-01-25,A100,aws,A100,p4d24xlarge,us-west-2,0,C:\Users\FarhadBillimoria\OneDrive - Aurora Energy Research\Documents\Personal\Endog_demand_AI\pyai\data\original\prices\A100\EC2_p4d24xlarge_us-west-2.csv
2024-07-08,2392.914653784219,2016.7160737812908,2629.1447079490554,3,2.237626303676389,1069.3986971160882,2024-01-25,A100,aws,A100,p4d24xlarge,us-west-2,0,C:\Users\FarhadBillimoria\OneDrive - Aurora Energy Research\Documents\Personal\Endog_demand_AI\pyai\data\original\prices\A100\EC2_p4d24xlarge_us-west-2.csv
2024-07-09,2430.660774410774,2027.0092226613963,2645.421607378129,12,2.2729228873811826,1069.3986971160882,2024-01-25,A100,aws,A100,p4d24xlarge,us-west-2,0,C:\Users\FarhadBillimoria\OneDrive - Aurora Energy Research\Documents\Personal\Endog_demand_AI\pyai\data\original\prices\A100\EC2_p4d24xlarge_us-west-2.csv
2024-07-10,2466.6447079490554,2098.484848484848,2663.153271848924,10,2.306571641241947,1069.3986971160882,2024-01-25,A100,aws,A100,p4d24xlarge,us-west-2,0,C:\Users\FarhadBillimoria\OneDrive - Aurora Energy Research\Documents\Personal\Endog_demand_AI\pyai\data\original\prices\A100\EC2_p4d24xlarge_us-west-2.csv
2024-07-11,2459.69006838572,2140.4534475186647,2657.196969696969,14,2.300068323459636,1069.3986971160882,2024-01-25,A100,aws,A100,p4d24xlarge,us-west-2,0,C:\Users\FarhadBillimoria\OneDrive - Aurora Energy Research\Documents\Personal\Endog_demand_AI\pyai\data\original\prices\A100\EC2_p4d24xlarge_us-west-2.csv
2024-07-12,2483.029404719128,2270.394158981115,2662.1102327624067,11,2.321893052063054,1069.3986971160882,2024-01-25,A100,aws,A100,p4d24xlarge,us-west-2,0,C:\Users\FarhadBillimoria\OneDrive - Aurora Energy Research\Documents\Personal\Endog_demand_AI\pyai\data\original\prices\A100\EC2_p4d24xlarge_us-west-2.csv
2024-07-13,2519.371082365153,2380.160298638559,2707.3726394378564,11,2.3558763342047198,1069.3986971160882,2024-01-25,A100,aws,A100,p4d24xlarge,us-west-2,0,C:\Users\FarhadBillimoria\OneDrive - Aurora Energy Research\Documents\Personal\Endog_demand_AI\pyai\data\original\prices\A100\EC2_p4d24xlarge_us-west-2.csv
2024-07-14,2495.0128374041415,2308.163153271849,2760.897013614405,13,2.3330988191145106,1069.3986971160882,2024-01-25,A100,aws,A100,p4d24xlarge,us-west-2,0,C:\Users\FarhadBillimoria\OneDrive - Aurora Energy Research\Documents\Personal\Endog_demand_AI\pyai\data\original\prices\A100\EC2_p4d24xlarge_us-west-2.csv
2024-07-15,2556.785243741765,2265.7553798858144,2847.716293368467,10,2.3908625011764104,1069.3986971160882,2024-01-25,A100,aws,A100,p4d24xlarge,us-west-2,0,C:\Users\FarhadBillimoria\OneDrive - Aurora Energy Research\Documents\Personal\Endog_demand_AI\pyai\data\original\prices\A100\EC2_p4d24xlarge_us-west-2.csv
2024-07-16,2646.346618357488,2259.6069389547647,2953.914141414141,10,2.4746117846356555,1069.3986971160882,2024-01-25,A100,aws,A100,p4d24xlarge,us-west-2,0,C:\Users\FarhadBillimoria\OneDrive - Aurora Energy Research\Documents\Personal\Endog_demand_AI\pyai\data\original\prices\A100\EC2_p4d24xlarge_us-west-2.csv
2024-07-17,2749.083223539745,2261.1440491875273,3107.295783926218,10,2.5706812912278303,1069.3986971160882,2024-01-25,A100,aws,A100,p4d24xlarge,us-west-2,0,C:\Users\FarhadBillimoria\OneDrive - Aurora Energy Research\Documents\Personal\Endog_demand_AI\pyai\data\original\prices\A100\EC2_p4d24xlarge_us-west-2.csv
2024-07-18,2767.9038407793346,2246.0474308300395,3205.4512516469035,11,2.5882805433031733,1069.3986971160882,2024-01-25,A100,aws,A100,p4d24xlarge,us-west-2,0,C:\Users\FarhadBillimoria\OneDrive - Aurora Energy Research\Documents\Personal\Endog_demand_AI\pyai\data\original\prices\A100\EC2_p4d24xlarge_us-west-2.csv
2024-07-19,2842.0344751866487,2224.4729907773385,3244.0162494510314,9,2.6576004654306518,1069.3986971160882,2024-01-25,A100,aws,A100,p4d24xlarge,us-west-2,0,C:\Users\FarhadBillimoria\OneDrive - Aurora Energy Research\Documents\Personal\Endog_demand_AI\pyai\data\original\prices\A100\EC2_p4d24xlarge_us-west-2.csv
2024-07-20,2711.6326306543697,2231.444883618796,3310.3041282389104,10,2.5356610569724767,1069.3986971160882,2024-01-25,A100,aws,A100,p4d24xlarge,us-west-2,0,C:\Users\FarhadBillimoria\OneDrive - Aurora Energy Research\Documents\Personal\Endog_demand_AI\pyai\data\original\prices\A100\EC2_p4d24xlarge_us-west-2.csv
2024-07-21,2778.63172790709,2225.7905138339916,3318.1543697848037,9,2.598312243506929,1069.3986971160882,2024-01-25,A100,aws,A100,p4d24xlarge,us-west-2,0,C:\Users\FarhadBillimoria\OneDrive - Aurora Energy Research\Documents\Personal\Endog_demand_AI\pyai\data\original\prices\A100\EC2_p4d24xlarge_us-west-2.csv
2024-07-22,2763.5101010101007,2230.7312252964425,3416.227492314448,10,2.5841719355583885,1069.3986971160882,2024-01-25,A100,aws,A100,p4d24xlarge,us-west-2,0,C:\Users\FarhadBillimoria\OneDrive - Aurora Energy Research\Documents\Personal\Endog_demand_AI\pyai\data\original\prices\A100\EC2_p4d24xlarge_us-west-2.csv
2024-07-23,3044.1816260430387,2202.7887571365827,3458.7176108915232,8,2.846629263952225,1069.3986971160882,2024-01-25,A100,aws,A100,p4d24xlarge,us-west-2,0,C:\Users\FarhadBillimoria\OneDrive - Aurora Energy Research\Documents\Personal\Endog_demand_AI\pyai\data\original\prices\A100\EC2_p4d24xlarge_us-west-2.csv
2024-07-24,2852.0988874249742,2202.7887571365827,3499.5608256477813,9,2.667011746990529,1069.3986971160882,2024-01-25,A100,aws,A100,p4d24xlarge,us-west-2,0,C:\Users\FarhadBillimoria\OneDrive - Aurora Energy Research\Documents\Personal\Endog_demand_AI\pyai\data\original\prices\A100\EC2_p4d24xlarge_us-west-2.csv
2024-07-25,2782.3117539026625,2198.644049187527,3441.2329819938514,11,2.601753453979222,1069.3986971160882,2024-01-25,A100,aws,A100,p4d24xlarge,us-west-2,0,C:\Users\FarhadBillimoria\OneDrive - Aurora Energy Research\Documents\Personal\Endog_demand_AI\pyai\data\original\prices\A100\EC2_p4d24xlarge_us-west-2.csv
2024-07-26,2843.2471952728865,2203.557312252964,3627.415458937198,11,2.6587344859690236,1069.3986971160882,2024-01-25,A100,aws,A100,p4d24xlarge,us-west-2,0,C:\Users\FarhadBillimoria\OneDrive - Aurora Energy Research\Documents\Personal\Endog_demand_AI\pyai\data\original\prices\A100\EC2_p4d24xlarge_us-west-2.csv
2024-07-27,2972.5241545893714,2270.394158981115,3793.6155028546327,10,2.779622008709713,1069.3986971160882,2024-01-25,A100,aws,A100,p4d24xlarge,us-west-2,0,C:\Users\FarhadBillimoria\OneDrive - Aurora Energy Research\Documents\Personal\Endog_demand_AI\pyai\data\original\prices\A100\EC2_p4d24xlarge_us-west-2.csv
2024-07-28,2860.1445354162743,2304.924242424242,3872.063021519543,14,2.674535272138818,1069.3986971160882,2024-01-25,A100,aws,A100,p4d24xlarge,us-west-2,0,C:\Users\FarhadBillimoria\OneDrive - Aurora Energy Research\Documents\Personal\Endog_demand_AI\pyai\data\original\prices\A100\EC2_p4d24xlarge_us-west-2.csv
2024-07-29,2962.5709435492045,2332.6196750109793,3809.5081247255157,13,2.7703147119390996,1069.3986971160882,2024-01-25,A100,aws,A100,p4d24xlarge,us-west-2,0,C:\Users\FarhadBillimoria\OneDrive - Aurora Energy Research\Documents\Personal\Endog_demand_AI\pyai\data\original\prices\A100\EC2_p4d24xlarge_us-west-2.csv
2024-07-30,2852.160188844971,2362.867808519982,3767.951251646903,10,2.667069070250939,1069.3986971160882,2024-01-25,A100,aws,A100,p4d24xlarge,us-west-2,0,C:\Users\FarhadBillimoria\OneDrive - Aurora Energy Research\Documents\Personal\Endog_demand_AI\pyai\data\original\prices\A100\EC2_p4d24xlarge_us-west-2.csv
2024-07-31,2946.214866051822,2441.6447079490554,3700.894817742643,12,2.7550200631411434,1069.3986971160882,2024-01-25,A100,aws,A100,p4d24xlarge,us-west-2,0,C:\Users\FarhadBillimoria\OneDrive - Aurora Energy Research\Documents\Personal\Endog_demand_AI\pyai\data\original\prices\A100\EC2_p4d24xlarge_us-west-2.csv
2024-08-01,3026.1857707509876,2462.038866930171,3651.103425559947,11,2.829801250844876,1069.3986971160882,2024-01-25,A100,aws,A100,p4d24xlarge,us-west-2,0,C:\Users\FarhadBillimoria\OneDrive - Aurora Energy Research\Documents\Personal\Endog_demand_AI\pyai\data\original\prices\A100\EC2_p4d24xlarge_us-west-2.csv
2024-08-02,2935.8645330112718,2536.7259552042156,3593.8186209925334,12,2.745341415627861,1069.3986971160882,2024-01-25,A100,aws,A100,p4d24xlarge,us-west-2,0,C:\Users\FarhadBillimoria\OneDrive - Aurora Energy Research\Documents\Personal\Endog_demand_AI\pyai\data\original\prices\A100\EC2_p4d24xlarge_us-west-2.csv
2024-08-03,3044.7059528087193,2583.6627140974965,3540.513833992094,11,2.8471195644987795,1069.3986971160882,2024-01-25,A100,aws,A100,p4d24xlarge,us-west-2,0,C:\Users\FarhadBillimoria\OneDrive - Aurora Energy Research\Documents\Personal\Endog_demand_AI\pyai\data\original\prices\A100\EC2_p4d24xlarge_us-west-2.csv
2024-08-04,2987.1450007319568,2639.1633728590245,3586.901624945103,12,2.793294034103062,1069.3986971160882,2024-01-25,A100,aws,A100,p4d24xlarge,us-west-2,0,C:\Users\FarhadBillimoria\OneDrive - Aurora Energy Research\Documents\Personal\Endog_demand_AI\pyai\data\original\prices\A100\EC2_p4d24xlarge_us-west-2.csv
2024-08-05,3042.6987263943784,2673.199385155907,3592.9128238910844,10,2.8452425971714823,1069.3986971160882,2024-01-25,A100,aws,A100,p4d24xlarge,us-west-2,0,C:\Users\FarhadBillimoria\OneDrive - Aurora Energy Research\Documents\Personal\Endog_demand_AI\pyai\data\original\prices\A100\EC2_p4d24xlarge_us-west-2.csv
2024-08-06,3094.3447152686276,2681.571146245059,3563.899868247694,12,2.893537016281517,1069.3986971160882,2024-01-25,A100,aws,A100,p4d24xlarge,us-west-2,0,C:\Users\FarhadBillimoria\OneDrive - Aurora Energy Research\Documents\Personal\Endog_demand_AI\pyai\data\original\prices\A100\EC2_p4d24xlarge_us-west-2.csv
2024-08-07,3145.597277119016,2716.8423364075534,3588.438735177865,15,2.941463539839666,1069.3986971160882,2024-01-25,A100,aws,A100,p4d24xlarge,us-west-2,0,C:\Users\FarhadBillimoria\OneDrive - Aurora Energy Research\Documents\Personal\Endog_demand_AI\pyai\data\original\prices\A100\EC2_p4d24xlarge_us-west-2.csv
2024-08-08,3158.681678444524,2757.026789635485,3561.59420289855,11,2.953698828100998,1069.3986971160882,2024-01-25,A100,aws,A100,p4d24xlarge,us-west-2,0,C:\Users\FarhadBillimoria\OneDrive - Aurora Energy Research\Documents\Personal\Endog_demand_AI\pyai\data\original\prices\A100\EC2_p4d24xlarge_us-west-2.csv
2024-08-09,3193.7884277558187,2764.328063241106,3577.761308739569,10,2.9865273226615106,1069.3986971160882,2024-01-25,A100,aws,A100,p4d24xlarge,us-west-2,0,C:\Users\FarhadBillimoria\OneDrive - Aurora Energy Research\Documents\Personal\Endog_demand_AI\pyai\data\original\prices\A100\EC2_p4d24xlarge_us-west-2.csv
2024-08-10,3116.293867529045,2771.409749670619,3567.44071146245,11,2.9140617768966264,1069.3986971160882,2024-01-25,A100,aws,A100,p4d24xlarge,us-west-2,0,C:\Users\FarhadBillimoria\OneDrive - Aurora Energy Research\Documents\Personal\Endog_demand_AI\pyai\data\original\prices\A100\EC2_p4d24xlarge_us-west-2.csv
2024-08-11,3133.886418533157,2801.246157224418,3544.2193675889325,12,2.930512658173698,1069.3986971160882,2024-01-25,A100,aws,A100,p4d24xlarge,us-west-2,0,C:\Users\FarhadBillimoria\OneDrive - Aurora Energy Research\Documents\Personal\Endog_demand_AI\pyai\data\original\prices\A100\EC2_p4d24xlarge_us-west-2.csv
2024-08-12,3186.3521579430667,2863.5265700483087,3437.609793588054,11,2.9795736300557447,1069.3986971160882,2024-01-25,A100,aws,A100,p4d24xlarge,us-west-2,0,C:\Users\FarhadBillimoria\OneDrive - Aurora Energy Research\Documents\Personal\Endog_demand_AI\pyai\data\original\prices\A100\EC2_p4d24xlarge_us-west-2.csv
2024-08-13,3133.5753367003363,2844.696969696969,3470.5478700043914,12,2.930221764016393,1069.3986971160882,2024-01-25,A100,aws,A100,p4d24xlarge,us-west-2,0,C:\Users\FarhadBillimoria\OneDrive - Aurora Energy Research\Documents\Personal\Endog_demand_AI\pyai\data\original\prices\A100\EC2_p4d24xlarge_us-west-2.csv
2024-08-14,3178.7439613526567,2893.61001317523,3578.4475186649097,13,2.9724591678715964,1069.3986971160882,2024-01-25,A100,aws,A100,p4d24xlarge,us-west-2,0,C:\Users\FarhadBillimoria\OneDrive - Aurora Energy Research\Documents\Personal\Endog_demand_AI\pyai\data\original\prices\A100\EC2_p4d24xlarge_us-west-2.csv
2024-08-15,3142.62187088274,2916.2823891084754,3559.206192358366,12,2.938681222782146,1069.3986971160882,2024-01-25,A100,aws,A100,p4d24xlarge,us-west-2,0,C:\Users\FarhadBillimoria\OneDrive - Aurora Energy Research\Documents\Personal\Endog_demand_AI\pyai\data\original\prices\A100\EC2_p4d24xlarge_us-west-2.csv
2024-08-16,3213.093342848777,2872.749231444883,3548.418972332015,12,3.004579444049931,1069.3986971160882,2024-01-25,A100,aws,A100,p4d24xlarge,us-west-2,0,C:\Users\FarhadBillimoria\OneDrive - Aurora Energy Research\Documents\Personal\Endog_demand_AI\pyai\data\original\prices\A100\EC2_p4d24xlarge_us-west-2.csv
2024-08-17,3239.7160005855653,2903.765920070268,3565.0801493192794,15,3.0294744227034336,1069.3986971160882,2024-01-25,A100,aws,A100,p4d24xlarge,us-west-2,0,C:\Users\FarhadBillimoria\OneDrive - Aurora Energy Research\Documents\Personal\Endog_demand_AI\pyai\data\original\prices\A100\EC2_p4d24xlarge_us-west-2.csv
2024-08-18,3148.8011912604297,2951.1693017127795,3546.6073781291166,8,2.9444595357671477,1069.3986971160882,2024-01-25,A100,aws,A100,p4d24xlarge,us-west-2,0,C:\Users\FarhadBillimoria\OneDrive - Aurora Energy Research\Documents\Personal\Endog_demand_AI\pyai\data\original\prices\A100\EC2_p4d24xlarge_us-west-2.csv
2024-08-19,3244.5789415898107,2975.461133069828,3572.9303908651727,10,3.034021782838956,1069.3986971160882,2024-01-25,A100,aws,A100,p4d24xlarge,us-west-2,0,C:\Users\FarhadBillimoria\OneDrive - Aurora Energy Research\Documents\Personal\Endog_demand_AI\pyai\data\original\prices\A100\EC2_p4d24xlarge_us-west-2.csv
2024-08-20,3225.2415458937194,2967.80303030303,3588.3289415898107,12,3.0159392886782284,1069.3986971160882,2024-01-25,A100,aws,A100,p4d24xlarge,us-west-2,0,C:\Users\FarhadBillimoria\OneDrive - Aurora Energy Research\Documents\Personal\Endog_demand_AI\pyai\data\original\prices\A100\EC2_p4d24xlarge_us-west-2.csv
2024-08-21,3242.5271739130426,2963.5759771629337,3603.3157663592438,12,3.032103164757317,1069.3986971160882,2024-01-25,A100,aws,A100,p4d24xlarge,us-west-2,0,C:\Users\FarhadBillimoria\OneDrive - Aurora Energy Research\Documents\Personal\Endog_demand_AI\pyai\data\original\prices\A100\EC2_p4d24xlarge_us-west-2.csv
2024-08-22,3255.077953447518,2985.864075537988,3566.0408432147556,12,3.0438394606480097,1069.3986971160882,2024-01-25,A100,aws,A100,p4d24xlarge,us-west-2,0,C:\Users\FarhadBillimoria\OneDrive - Aurora Energy Research\Documents\Personal\Endog_demand_AI\pyai\data\original\prices\A100\EC2_p4d24xlarge_us-west-2.csv
2024-08-23,3289.186017786561,3010.7048748353095,3572.6284584980235,8,3.075734079961671,1069.3986971160882,2024-01-25,A100,aws,A100,p4d24xlarge,us-west-2,0,C:\Users\FarhadBillimoria\OneDrive - Aurora Energy Research\Documents\Personal\Endog_demand_AI\pyai\data\original\prices\A100\EC2_p4d24xlarge_us-west-2.csv
2024-08-24,3275.161030595813,3047.568072024593,3515.233860342555,12,3.062619245215219,1069.3986971160882,2024-01-25,A100,aws,A100,p4d24xlarge,us-west-2,0,C:\Users\FarhadBillimoria\OneDrive - Aurora Energy Research\Documents\Personal\Endog_demand_AI\pyai\data\original\prices\A100\EC2_p4d24xlarge_us-west-2.csv
2024-08-25,3259.8936222124626,3076.8006148440927,3522.6998243302587,9,3.048342616279236,1069.3986971160882,2024-01-25,A100,aws,A100,p4d24xlarge,us-west-2,0,C:\Users\FarhadBillimoria\OneDrive - Aurora Energy Research\Documents\Personal\Endog_demand_AI\pyai\data\original\prices\A100\EC2_p4d24xlarge_us-west-2.csv
2024-08-26,3294.109574000878,3035.435880544576,3596.481115502854,12,3.0803381216793153,1069.3986971160882,2024-01-25,A100,aws,A100,p4d24xlarge,us-west-2,0,C:\Users\FarhadBillimoria\OneDrive - Aurora Energy Research\Documents\Personal\Endog_demand_AI\pyai\data\original\prices\A100\EC2_p4d24xlarge_us-west-2.csv
2024-08-27,3275.572756551017,3032.5812472551597,3578.6671058410184,9,3.063004252188123,1069.3986971160882,2024-01-25,A100,aws,A100,p4d24xlarge,us-west-2,0,C:\Users\FarhadBillimoria\OneDrive - Aurora Energy Research\Documents\Personal\Endog_demand_AI\pyai\data\original\prices\A100\EC2_p4d24xlarge_us-west-2.csv
2024-08-28,3227.4236934563014,3066.7545015371097,3515.3711023276237,14,3.0179798256346198,1069.3986971160882,2024-01-25,A100,aws,A100,p4d24xlarge,us-west-2,0,C:\Users\FarhadBillimoria\OneDrive - Aurora Energy Research\Documents\Personal\Endog_demand_AI\pyai\data\original\prices\A100\EC2_p4d24xlarge_us-west-2.csv
2024-08-29,3271.983878641487,3077.596618357488,3540.7059727711894,12,3.0596482747409763,1069.3986971160882,2024-01-25,A100,aws,A100,p4d24xlarge,us-west-2,0,C:\Users\FarhadBillimoria\OneDrive - Aurora Energy Research\Documents\Personal\Endog_demand_AI\pyai\data\original\prices\A100\EC2_p4d24xlarge_us-west-2.csv
2024-08-30,3244.887736056214,3049.763943785683,3574.8792270531394,12,3.034310538068634,1069.3986971160882,2024-01-25,A100,aws,A100,p4d24xlarge,us-west-2,0,C:\Users\FarhadBillimoria\OneDrive - Aurora Energy Research\Documents\Personal\Endog_demand_AI\pyai\data\original\prices\A100\EC2_p4d24xlarge_us-west-2.csv
2024-08-31,3247.726005878179,3057.8612209046987,3558.904259991216,13,3.036964618188256,1069.3986971160882,2024-01-25,A100,aws,A100,p4d24xlarge,us-west-2,0,C:\Users\FarhadBillimoria\OneDrive - Aurora Energy Research\Documents\Personal\Endog_demand_AI\pyai\data\original\prices\A100\EC2_p4d24xlarge_us-west-2.csv
2024-09-01,3200.3069645732685,3037.0278875713657,3491.1616161616157,12,2.9926228386136327,1069.3986971160882,2024-01-25,A100,aws,A100,p4d24xlarge,us-west-2,0,C:\Users\FarhadBillimoria\OneDrive - Aurora Energy Research\Documents\Personal\Endog_demand_AI\pyai\data\original\prices\A100\EC2_p4d24xlarge_us-west-2.csv
2024-09-02,3148.794710388913,2998.7373737373737,3500.68620992534,9,2.944453475472204,1069.3986971160882,2024-01-25,A100,aws,A100,p4d24xlarge,us-west-2,0,C:\Users\FarhadBillimoria\OneDrive - Aurora Energy Research\Documents\Personal\Endog_demand_AI\pyai\data\original\prices\A100\EC2_p4d24xlarge_us-west-2.csv
2024-09-03,3194.4423330292893,3026.7072902942464,3524.099692577953,13,2.987138792710272,1069.3986971160882,2024-01-25,A100,aws,A100,p4d24xlarge,us-west-2,0,C:\Users\FarhadBillimoria\OneDrive - Aurora Energy Research\Documents\Personal\Endog_demand_AI\pyai\data\original\prices\A100\EC2_p4d24xlarge_us-west-2.csv
2024-09-04,3217.5285463328937,3048.748353096179,3544.301712779973,10,3.008726824719159,1069.3986971160882,2024-01-25,A100,aws,A100,p4d24xlarge,us-west-2,0,C:\Users\FarhadBillimoria\OneDrive - Aurora Energy Research\Documents\Personal\Endog_demand_AI\pyai\data\original\prices\A100\EC2_p4d24xlarge_us-west-2.csv
2024-09-05,3253.56829161177,3039.553140096618,3557.833772507685,13,3.0424277684140284,1069.3986971160882,2024-01-25,A100,aws,A100,p4d24xlarge,us-west-2,0,C:\Users\FarhadBillimoria\OneDrive - Aurora Energy Research\Documents\Personal\Endog_demand_AI\pyai\data\original\prices\A100\EC2_p4d24xlarge_us-west-2.csv
2024-09-06,3235.4221563460687,3075.894817742643,3556.543697848045,10,3.0254592277615693,1069.3986971160882,2024-01-25,A100,aws,A100,p4d24xlarge,us-west-2,0,C:\Users\FarhadBillimoria\OneDrive - Aurora Energy Research\Documents\Personal\Endog_demand_AI\pyai\data\original\prices\A100\EC2_p4d24xlarge_us-west-2.csv
2024-09-07,3275.4904113599764,3089.6739130434776,3585.1998243302587,12,3.0629272507935426,1069.3986971160882,2024-01-25,A100,aws,A100,p4d24xlarge,us-west-2,0,C:\Users\FarhadBillimoria\OneDrive - Aurora Energy Research\Documents\Personal\Endog_demand_AI\pyai\data\original\prices\A100\EC2_p4d24xlarge_us-west-2.csv
2024-09-08,3309.041501976284,3069.5542380324982,3583.305884936319,9,3.094301041229969,1069.3986971160882,2024-01-25,A100,aws,A100,p4d24xlarge,us-west-2,0,C:\Users\FarhadBillimoria\OneDrive - Aurora Energy Research\Documents\Personal\Endog_demand_AI\pyai\data\original\prices\A100\EC2_p4d24xlarge_us-west-2.csv
2024-09-09,3250.882923437271,3061.8412384716726,3565.821256038647,12,3.039916667379643,1069.3986971160882,2024-01-25,A100,aws,A100,p4d24xlarge,us-west-2,0,C:\Users\FarhadBillimoria\OneDrive - Aurora Energy Research\Documents\Personal\Endog_demand_AI\pyai\data\original\prices\A100\EC2_p4d24xlarge_us-west-2.csv
2024-09-10,3231.140663885229,3018.3355292050937,3587.94466403162,12,3.021455583028893,1069.3986971160882,2024-01-25,A100,aws,A100,p4d24xlarge,us-west-2,0,C:\Users\FarhadBillimoria\OneDrive - Aurora Energy Research\Documents\Personal\Endog_demand_AI\pyai\data\original\prices\A100\EC2_p4d24xlarge_us-west-2.csv
2024-09-11,3189.1688625384277,3009.6069389547647,3508.5638998682475,10,2.982207544425527,1069.3986971160882,2024-01-25,A100,aws,A100,p4d24xlarge,us-west-2,0,C:\Users\FarhadBillimoria\OneDrive - Aurora Energy Research\Documents\Personal\Endog_demand_AI\pyai\data\original\prices\A100\EC2_p4d24xlarge_us-west-2.csv
2024-09-12,3230.572869159825,2995.114185331576,3455.8080808080804,13,3.0209246353786527,1069.3986971160882,2024-01-25,A100,aws,A100,p4d24xlarge,us-west-2,0,C:\Users\FarhadBillimoria\OneDrive - Aurora Energy Research\Documents\Personal\Endog_demand_AI\pyai\data\original\prices\A100\EC2_p4d24xlarge_us-west-2.csv
2024-09-13,3152.6954325867364,2976.4492753623185,3486.7973210364507,11,2.948101060052532,1069.3986971160882,2024-01-25,A100,aws,A100,p4d24xlarge,us-west-2,0,C:\Users\FarhadBillimoria\OneDrive - Aurora Energy Research\Documents\Personal\Endog_demand_AI\pyai\data\original\prices\A100\EC2_p4d24xlarge_us-west-2.csv
2024-09-14,3186.877132529306,2964.7837066315324,3475.3238910847604,13,2.980064536382501,1069.3986971160882,2024-01-25,A100,aws,A100,p4d24xlarge,us-west-2,0,C:\Users\FarhadBillimoria\OneDrive - Aurora Energy Research\Documents\Personal\Endog_demand_AI\pyai\data\original\prices\A100\EC2_p4d24xlarge_us-west-2.csv
2024-09-15,3153.6611170998517,2940.0527009222656,3504.501537110232,11,2.9490040764071614,1069.3986971160882,2024-01-25,A100,aws,A100,p4d24xlarge,us-west-2,0,C:\Users\FarhadBillimoria\OneDrive - Aurora Energy Research\Documents\Personal\Endog_demand_AI\pyai\data\original\prices\A100\EC2_p4d24xlarge_us-west-2.csv
2024-09-16,3016.896775728297,2827.596618357488,3449.440052700922,12,2.8211150657506354,1069.3986971160882,2024-01-25,A100,aws,A100,p4d24xlarge,us-west-2,0,C:\Users\FarhadBillimoria\OneDrive - Aurora Energy Research\Documents\Personal\Endog_demand_AI\pyai\data\original\prices\A100\EC2_p4d24xlarge_us-west-2.csv
2024-09-17,2944.7505996419036,2660.8750548967937,3418.2037768994287,13,2.753650820393918,1069.3986971160882,2024-01-25,A100,aws,A100,p4d24xlarge,us-west-2,0,C:\Users\FarhadBillimoria\OneDrive - Aurora Energy Research\Documents\Personal\Endog_demand_AI\pyai\data\original\prices\A100\EC2_p4d24xlarge_us-west-2.csv
2024-09-18,2931.260979358805,2623.0237154150195,3361.0287659200694,10,2.741036609885268,1069.3986971160882,2024-01-25,A100,aws,A100,p4d24xlarge,us-west-2,0,C:\Users\FarhadBillimoria\OneDrive - Aurora Energy Research\Documents\Personal\Endog_demand_AI\pyai\data\original\prices\A100\EC2_p4d24xlarge_us-west-2.csv
2024-09-19,2901.946091348265,2642.566974088713,3268.8021519543254,10,2.7136241134144985,1069.3986971160882,2024-01-25,A100,aws,A100,p4d24xlarge,us-west-2,0,C:\Users\FarhadBillimoria\OneDrive - Aurora Energy Research\Documents\Personal\Endog_demand_AI\pyai\data\original\prices\A100\EC2_p4d24xlarge_us-west-2.csv
2024-09-20,2821.1133069828716,2638.7241985068067,3212.6976284584975,10,2.63803697778082,1069.3986971160882,2024-01-25,A100,aws,A100,p4d24xlarge,us-west-2,0,C:\Users\FarhadBillimoria\OneDrive - Aurora Energy Research\Documents\Personal\Endog_demand_AI\pyai\data\original\prices\A100\EC2_p4d24xlarge_us-west-2.csv
2024-09-21,2807.4070746995644,2603.0687307861217,3140.5083443126914,11,2.6252202123216235,1069.3986971160882,2024-01-25,A100,aws,A100,p4d24xlarge,us-west-2,0,C:\Users\FarhadBillimoria\OneDrive - Aurora Energy Research\Documents\Personal\Endog_demand_AI\pyai\data\original\prices\A100\EC2_p4d24xlarge_us-west-2.csv
2024-09-22,2800.2776209297945,2616.7380324989017,3073.5068072024587,7,2.618553424912029,1069.3986971160882,2024-01-25,A100,aws,A100,p4d24xlarge,us-west-2,0,C:\Users\FarhadBillimoria\OneDrive - Aurora Energy Research\Documents\Personal\Endog_demand_AI\pyai\data\original\prices\A100\EC2_p4d24xlarge_us-west-2.csv
2024-09-23,2796.9779314888006,2609.9033816425117,2933.3827404479575,8,2.6154678690291835,1069.3986971160882,2024-01-25,A100,aws,A100,p4d24xlarge,us-west-2,0,C:\Users\FarhadBillimoria\OneDrive - Aurora Energy Research\Documents\Personal\Endog_demand_AI\pyai\data\original\prices\A100\EC2_p4d24xlarge_us-west-2.csv
2024-09-24,2687.158855637116,2616.7380324989017,2822.161835748792,7,2.5127755091564437,1069.3986971160882,2024-01-25,A100,aws,A100,p4d24xlarge,us-west-2,0,C:\Users\FarhadBillimoria\OneDrive - Aurora Energy Research\Documents\Personal\Endog_demand_AI\pyai\data\original\prices\A100\EC2_p4d24xlarge_us-west-2.csv
2024-09-25,2695.2576032059724,2644.7353974527887,2787.7415458937194,8,2.5203486879817936,1069.3986971160882,2024-01-25,A100,aws,A100,p4d24xlarge,us-west-2,0,C:\Users\FarhadBillimoria\OneDrive - Aurora Energy Research\Documents\Personal\Endog_demand_AI\pyai\data\original\prices\A100\EC2_p4d24xlarge_us-west-2.csv
2024-09-26,2713.7731065596677,2656.5931049626697,2771.4920948616596,11,2.5376626265564592,1069.3986971160882,2024-01-25,A100,aws,A100,p4d24xlarge,us-west-2,0,C:\Users\FarhadBillimoria\OneDrive - Aurora Energy Research\Documents\Personal\Endog_demand_AI\pyai\data\original\prices\A100\EC2_p4d24xlarge_us-west-2.csv
2024-09-27,2749.986275801493,2694.801273605621,2804.1007905138335,12,2.5715257398550664,1069.3986971160882,2024-01-25,A100,aws,A100,p4d24xlarge,us-west-2,0,C:\Users\FarhadBillimoria\OneDrive - Aurora Energy Research\Documents\Personal\Endog_demand_AI\pyai\data\original\prices\A100\EC2_p4d24xlarge_us-west-2.csv
2024-09-28,2748.0763248426288,2714.9758454106277,2800.779534475186,12,2.569739735286317,1069.3986971160882,2024-01-25,A100,aws,A100,p4d24xlarge,us-west-2,0,C:\Users\FarhadBillimoria\OneDrive - Aurora Energy Research\Documents\Personal\Endog_demand_AI\pyai\data\original\prices\A100\EC2_p4d24xlarge_us-west-2.csv
2024-09-29,2728.6918093983304,2657.6086956521735,2800.999121651295,10,2.551613179216468,1069.3986971160882,2024-01-25,A100,aws,A100,p4d24xlarge,us-west-2,0,C:\Users\FarhadBillimoria\OneDrive - Aurora Energy Research\Documents\Personal\Endog_demand_AI\pyai\data\original\prices\A100\EC2_p4d24xlarge_us-west-2.csv
2024-09-30,2689.867424242424,2651.4877031181377,2774.1271409749666,4,2.5153083050281912,1069.3986971160882,2024-01-25,A100,aws,A100,p4d24xlarge,us-west-2,0,C:\Users\FarhadBillimoria\OneDrive - Aurora Energy Research\Documents\Personal\Endog_demand_AI\pyai\data\original\prices\A100\EC2_p4d24xlarge_us-west-2.csv
2024-10-01,2725.186649099692,2651.4877031181377,2774.2094861660075,6,2.5483354865204784,1069.3986971160882,2024-01-25,A100,aws,A100,p4d24xlarge,us-west-2,0,C:\Users\FarhadBillimoria\OneDrive - Aurora Energy Research\Documents\Personal\Endog_demand_AI\pyai\data\original\prices\A100\EC2_p4d24xlarge_us-west-2.csv
2024-10-02,2707.2848045674127,2658.2400087834867,2729.9901185770746,5,2.531595383338609,1069.3986971160882,2024-01-25,A100,aws,A100,p4d24xlarge,us-west-2,0,C:\Users\FarhadBillimoria\OneDrive - Aurora Energy Research\Documents\Personal\Endog_demand_AI\pyai\data\original\prices\A100\EC2_p4d24xlarge_us-west-2.csv
2024-10-03,2711.1840454231756,2658.2400087834867,2766.4964866051823,7,2.535241582708665,1069.3986971160882,2024-01-25,A100,aws,A100,p4d24xlarge,us-west-2,0,C:\Users\FarhadBillimoria\OneDrive - Aurora Energy Research\Documents\Personal\Endog_demand_AI\pyai\data\original\prices\A100\EC2_p4d24xlarge_us-west-2.csv
2024-10-04,2683.882301273605,2668.039086517347,2698.6714975845407,5,2.5097115869987423,1069.3986971160882,2024-01-25,A100,aws,A100,p4d24xlarge,us-west-2,0,C:\Users\FarhadBillimoria\OneDrive - Aurora Energy Research\Documents\Personal\Endog_demand_AI\pyai\data\original\prices\A100\EC2_p4d24xlarge_us-west-2.csv
2024-10-05,2668.64687245122,2629.55643390426,2694.801273605621,7,2.495464862308062,1069.3986971160882,2024-01-25,A100,aws,A100,p4d24xlarge,us-west-2,0,C:\Users\FarhadBillimoria\OneDrive - Aurora Energy Research\Documents\Personal\Endog_demand_AI\pyai\data\original\prices\A100\EC2_p4d24xlarge_us-west-2.csv
2024-10-06,2655.7078941589807,2629.528985507246,2685.2217830478694,4,2.4833655598429174,1069.3986971160882,2024-01-25,A100,aws,A100,p4d24xlarge,us-west-2,0,C:\Users\FarhadBillimoria\OneDrive - Aurora Energy Research\Documents\Personal\Endog_demand_AI\pyai\data\original\prices\A100\EC2_p4d24xlarge_us-west-2.csv
2024-10-07,2660.0447408871314,2631.505270092226,2685.2217830478694,4,2.487420966624173,1069.3986971160882,2024-01-25,A100,aws,A100,p4d24xlarge,us-west-2,0,C:\Users\FarhadBillimoria\OneDrive - Aurora Energy Research\Documents\Personal\Endog_demand_AI\pyai\data\original\prices\A100\EC2_p4d24xlarge_us-west-2.csv
2024-10-08,2668.944883618796,2627.744839701361,2685.249231444883,6,2.495743534021783,1069.3986971160882,2024-01-25,A100,aws,A100,p4d24xlarge,us-west-2,0,C:\Users\FarhadBillimoria\OneDrive - Aurora Energy Research\Documents\Personal\Endog_demand_AI\pyai\data\original\prices\A100\EC2_p4d24xlarge_us-west-2.csv
2024-10-09,2674.0868833260133,2658.4595959595954,2685.249231444883,3,2.500551843327829,1069.3986971160882,2024-01-25,A100,aws,A100,p4d24xlarge,us-west-2,0,C:\Users\FarhadBillimoria\OneDrive - Aurora Energy Research\Documents\Personal\Endog_demand_AI\pyai\data\original\prices\A100\EC2_p4d24xlarge_us-west-2.csv
2024-10-10,2676.877470355731,2658.4595959595954,2685.249231444883,4,2.503161335033068,1069.3986971160882,2024-01-25,A100,aws,A100,p4d24xlarge,us-west-2,0,C:\Users\FarhadBillimoria\OneDrive - Aurora Energy Research\Documents\Personal\Endog_demand_AI\pyai\data\original\prices\A100\EC2_p4d24xlarge_us-west-2.csv
2024-10-11,2674.0868833260133,2658.4595959595954,2685.249231444883,3,2.500551843327829,1069.3986971160882,2024-01-25,A100,aws,A100,p4d24xlarge,us-west-2,0,C:\Users\FarhadBillimoria\OneDrive - Aurora Energy Research\Documents\Personal\Endog_demand_AI\pyai\data\original\prices\A100\EC2_p4d24xlarge_us-west-2.csv
2024-10-12,2649.706988361879,2584.952788757136,2690.3820816864295,8,2.4777540832128406,1069.3986971160882,2024-01-25,A100,aws,A100,p4d24xlarge,us-west-2,0,C:\Users\FarhadBillimoria\OneDrive - Aurora Energy Research\Documents\Personal\Endog_demand_AI\pyai\data\original\prices\A100\EC2_p4d24xlarge_us-west-2.csv
2024-10-13,2567.9818370035755,2496.102327624066,2658.4595959595954,7,2.4013324907995552,1069.3986971160882,2024-01-25,A100,aws,A100,p4d24xlarge,us-west-2,0,C:\Users\FarhadBillimoria\OneDrive - Aurora Energy Research\Documents\Personal\Endog_demand_AI\pyai\data\original\prices\A100\EC2_p4d24xlarge_us-west-2.csv
2024-10-14,2542.3693456302144,2361.660079051383,2658.4595959595954,10,2.3773821236984625,1069.3986971160882,2024-01-25,A100,aws,A100,p4d24xlarge,us-west-2,0,C:\Users\FarhadBillimoria\OneDrive - Aurora Energy Research\Documents\Personal\Endog_demand_AI\pyai\data\original\prices\A100\EC2_p4d24xlarge_us-west-2.csv
2024-10-15,2477.689027960767,2285.3260869565215,2665.1570048309172,6,2.316899239397336,1069.3986971160882,2024-01-25,A100,aws,A100,p4d24xlarge,us-west-2,0,C:\Users\FarhadBillimoria\OneDrive - Aurora Energy Research\Documents\Personal\Endog_demand_AI\pyai\data\original\prices\A100\EC2_p4d24xlarge_us-west-2.csv
2024-10-16,2601.1826337913294,2286.14953886693,2676.438296003513,7,2.4323787197479247,1069.3986971160882,2024-01-25,A100,aws,A100,p4d24xlarge,us-west-2,0,C:\Users\FarhadBillimoria\OneDrive - Aurora Energy Research\Documents\Personal\Endog_demand_AI\pyai\data\original\prices\A100\EC2_p4d24xlarge_us-west-2.csv
2024-10-17,2537.598814229249,2286.14953886693,2692.7151954325864,10,2.3729211762390814,1069.3986971160882,2024-01-25,A100,aws,A100,p4d24xlarge,us-west-2,0,C:\Users\FarhadBillimoria\OneDrive - Aurora Energy Research\Documents\Personal\Endog_demand_AI\pyai\data\original\prices\A100\EC2_p4d24xlarge_us-west-2.csv
2024-10-18,2651.238380178597,2400.5544576196744,2786.8083003952565,12,2.4791860952592804,1069.3986971160882,2024-01-25,A100,aws,A100,p4d24xlarge,us-west-2,0,C:\Users\FarhadBillimoria\OneDrive - Aurora Energy Research\Documents\Personal\Endog_demand_AI\pyai\data\original\prices\A100\EC2_p4d24xlarge_us-west-2.csv
2024-10-19,2680.6676365100275,2452.54172156346,2833.38823012736,12,2.5067055381114125,1069.3986971160882,2024-01-25,A100,aws,A100,p4d24xlarge,us-west-2,0,C:\Users\FarhadBillimoria\OneDrive - Aurora Energy Research\Documents\Personal\Endog_demand_AI\pyai\data\original\prices\A100\EC2_p4d24xlarge_us-west-2.csv
2024-10-20,2665.6757795344747,2499.615722441809,2835.9134826526124,10,2.4926865786569246,1069.3986971160882,2024-01-25,A100,aws,A100,p4d24xlarge,us-west-2,0,C:\Users\FarhadBillimoria\OneDrive - Aurora Energy Research\Documents\Personal\Endog_demand_AI\pyai\data\original\prices\A100\EC2_p4d24xlarge_us-west-2.csv
2024-10-21,2688.1450373298194,2547.7602108036886,2832.2902942468154,10,2.5136976925248757,1069.3986971160882,2024-01-25,A100,aws,A100,p4d24xlarge,us-west-2,0,C:\Users\FarhadBillimoria\OneDrive - Aurora Energy Research\Documents\Personal\Endog_demand_AI\pyai\data\original\prices\A100\EC2_p4d24xlarge_us-west-2.csv
2024-10-22,2677.4114664430867,2551.9598155467716,2846.3164251207727,11,2.5036606774100467,1069.3986971160882,2024-01-25,A100,aws,A100,p4d24xlarge,us-west-2,0,C:\Users\FarhadBillimoria\OneDrive - Aurora Energy Research\Documents\Personal\Endog_demand_AI\pyai\data\original\prices\A100\EC2_p4d24xlarge_us-west-2.csv
2024-10-23,2744.2577953447517,2577.1574440052696,2840.2777777777774,10,2.5661690095053946,1069.3986971160882,2024-01-25,A100,aws,A100,p4d24xlarge,us-west-2,0,C:\Users\FarhadBillimoria\OneDrive - Aurora Energy Research\Documents\Personal\Endog_demand_AI\pyai\data\original\prices\A100\EC2_p4d24xlarge_us-west-2.csv
2024-10-24,2714.955882940072,2552.0970575318397,2854.6058410188843,11,2.53876864658771,1069.3986971160882,2024-01-25,A100,aws,A100,p4d24xlarge,us-west-2,0,C:\Users\FarhadBillimoria\OneDrive - Aurora Energy Research\Documents\Personal\Endog_demand_AI\pyai\data\original\prices\A100\EC2_p4d24xlarge_us-west-2.csv
2024-10-25,2705.3057751427314,2552.6185770750985,2854.413702239789,10,2.5297447831555173,1069.3986971160882,2024-01-25,A100,aws,A100,p4d24xlarge,us-west-2,0,C:\Users\FarhadBillimoria\OneDrive - Aurora Energy Research\Documents\Personal\Endog_demand_AI\pyai\data\original\prices\A100\EC2_p4d24xlarge_us-west-2.csv
2024-10-26,2695.5904150197625,2501.482213438735,2831.4393939393935,12,2.5206599019515576,1069.3986971160882,2024-01-25,A100,aws,A100,p4d24xlarge,us-west-2,0,C:\Users\FarhadBillimoria\OneDrive - Aurora Energy Research\Documents\Personal\Endog_demand_AI\pyai\data\original\prices\A100\EC2_p4d24xlarge_us-west-2.csv
2024-10-27,2648.152722880983,2478.6725955204215,2779.644268774703,12,2.4763006818901276,1069.3986971160882,2024-01-25,A100,aws,A100,p4d24xlarge,us-west-2,0,C:\Users\FarhadBillimoria\OneDrive - Aurora Energy Research\Documents\Personal\Endog_demand_AI\pyai\data\original\prices\A100\EC2_p4d24xlarge_us-west-2.csv
2024-10-28,2583.037735211648,2296.2779973649535,2769.762845849802,13,2.4154113355266666,1069.3986971160882,2024-01-25,A100,aws,A100,p4d24xlarge,us-west-2,0,C:\Users\FarhadBillimoria\OneDrive - Aurora Energy Research\Documents\Personal\Endog_demand_AI\pyai\data\original\prices\A100\EC2_p4d24xlarge_us-west-2.csv
2024-10-29,2650.1061338017857,2274.0173473869127,2765.700483091787,9,2.478127326083795,1069.3986971160882,2024-01-25,A100,aws,A100,p4d24xlarge,us-west-2,0,C:\Users\FarhadBillimoria\OneDrive - Aurora Energy Research\Documents\Personal\Endog_demand_AI\pyai\data\original\prices\A100\EC2_p4d24xlarge_us-west-2.csv
2024-10-30,2659.2784731371685,2274.0173473869127,2773.386034255599,6,2.4867044258690463,1069.3986971160882,2024-01-25,A100,aws,A100,p4d24xlarge,us-west-2,0,C:\Users\FarhadBillimoria\OneDrive - Aurora Energy Research\Documents\Personal\Endog_demand_AI\pyai\data\original\prices\A100\EC2_p4d24xlarge_us-west-2.csv
2024-10-31,2457.4031376567605,2256.8620992534034,2722.441809398331,9,2.2979298032471775,1069.3986971160882,2024-01-25,A100,aws,A100,p4d24xlarge,us-west-2,0,C:\Users\FarhadBillimoria\OneDrive - Aurora Energy Research\Documents\Personal\Endog_demand_AI\pyai\data\original\prices\A100\EC2_p4d24xlarge_us-west-2.csv
2024-11-02,2455.272837066315,2256.9169960474305,2653.628678085199,2,2.2959377486503367,1069.3986971160882,2024-01-25,A100,aws,A100,p4d24xlarge,us-west-2,0,C:\Users\FarhadBillimoria\OneDrive - Aurora Energy Research\Documents\Personal\Endog_demand_AI\pyai\data\original\prices\A100\EC2_p4d24xlarge_us-west-2.csv
2024-11-03,2397.8279168496556,2256.9169960474305,2663.7571365832227,6,2.2422207202197106,1069.3986971160882,2024-01-25,A100,aws,A100,p4d24xlarge,us-west-2,0,C:\Users\FarhadBillimoria\OneDrive - Aurora Energy Research\Documents\Personal\Endog_demand_AI\pyai\data\original\prices\A100\EC2_p4d24xlarge_us-west-2.csv
2024-11-04,2517.9207534279994,2237.6482213438735,2674.105182257356,9,2.354520124457069,1069.3986971160882,2024-01-25,A100,aws,A100,p4d24xlarge,us-west-2,0,C:\Users\FarhadBillimoria\OneDrive - Aurora Energy Research\Documents\Personal\Endog_demand_AI\pyai\data\original\prices\A100\EC2_p4d24xlarge_us-west-2.csv
2024-11-05,2478.870223978919,2215.1954325867364,2668.0939833113744,10,2.318003781624045,1069.3986971160882,2024-01-25,A100,aws,A100,p4d24xlarge,us-west-2,0,C:\Users\FarhadBillimoria\OneDrive - Aurora Energy Research\Documents\Personal\Endog_demand_AI\pyai\data\original\prices\A100\EC2_p4d24xlarge_us-west-2.csv
2024-11-06,2498.9270172076494,2207.839262187088,2701.361440491875,11,2.336758987968338,1069.3986971160882,2024-01-25,A100,aws,A100,p4d24xlarge,us-west-2,0,C:\Users\FarhadBillimoria\OneDrive - Aurora Energy Research\Documents\Personal\Endog_demand_AI\pyai\data\original\prices\A100\EC2_p4d24xlarge_us-west-2.csv
2024-11-07,2438.1107268335527,2159.914361001317,2706.192358366271,8,2.279889374663119,1069.3986971160882,2024-01-25,A100,aws,A100,p4d24xlarge,us-west-2,0,C:\Users\FarhadBillimoria\OneDrive - Aurora Energy Research\Documents\Personal\Endog_demand_AI\pyai\data\original\prices\A100\EC2_p4d24xlarge_us-west-2.csv
2024-11-08,2465.6757795344747,2124.917654808959,2683.3278436539304,8,2.305665591499046,1069.3986971160882,2024-01-25,A100,aws,A100,p4d24xlarge,us-west-2,0,C:\Users\FarhadBillimoria\OneDrive - Aurora Energy Research\Documents\Personal\Endog_demand_AI\pyai\data\original\prices\A100\EC2_p4d24xlarge_us-west-2.csv
2024-11-09,2342.222692766171,2113.938296003513,2646.0254721124284,7,2.190224000723569,1069.3986971160882,2024-01-25,A100,aws,A100,p4d24xlarge,us-west-2,0,C:\Users\FarhadBillimoria\OneDrive - Aurora Energy Research\Documents\Personal\Endog_demand_AI\pyai\data\original\prices\A100\EC2_p4d24xlarge_us-west-2.csv
2024-11-10,2450.932559288537,2114.734299516908,2667.7920509442247,8,2.29187913347764,1069.3986971160882,2024-01-25,A100,aws,A100,p4d24xlarge,us-west-2,0,C:\Users\FarhadBillimoria\OneDrive - Aurora Energy Research\Documents\Personal\Endog_demand_AI\pyai\data\original\prices\A100\EC2_p4d24xlarge_us-west-2.csv
2024-11-11,2403.117451690821,2128.1565656565654,2704.161176987264,8,2.2471669903577145,1069.3986971160882,2024-01-25,A100,aws,A100,p4d24xlarge,us-west-2,0,C:\Users\FarhadBillimoria\OneDrive - Aurora Energy Research\Documents\Personal\Endog_demand_AI\pyai\data\original\prices\A100\EC2_p4d24xlarge_us-west-2.csv
2024-11-12,2510.924462011418,2128.1565656565654,2701.55357927097,10,2.3479778578212027,1069.3986971160882,2024-01-25,A100,aws,A100,p4d24xlarge,us-west-2,0,C:\Users\FarhadBillimoria\OneDrive - Aurora Energy Research\Documents\Personal\Endog_demand_AI\pyai\data\original\prices\A100\EC2_p4d24xlarge_us-west-2.csv
2024-11-13,2428.4812409812407,2162.631752305665,2651.7072902942464,7,2.270884794913508,1069.3986971160882,2024-01-25,A100,aws,A100,p4d24xlarge,us-west-2,0,C:\Users\FarhadBillimoria\OneDrive - Aurora Energy Research\Documents\Personal\Endog_demand_AI\pyai\data\original\prices\A100\EC2_p4d24xlarge_us-west-2.csv
2024-11-14,2466.9895596278993,2162.576855511638,2651.679841897233,11,2.306894113748949,1069.3986971160882,2024-01-25,A100,aws,A100,p4d24xlarge,us-west-2,0,C:\Users\FarhadBillimoria\OneDrive - Aurora Energy Research\Documents\Personal\Endog_demand_AI\pyai\data\original\prices\A100\EC2_p4d24xlarge_us-west-2.csv
2024-11-15,2430.4418407679273,2175.3403601229684,2638.3124725516027,7,2.2727181614511465,1069.3986971160882,2024-01-25,A100,aws,A100,p4d24xlarge,us-west-2,0,C:\Users\FarhadBillimoria\OneDrive - Aurora Energy Research\Documents\Personal\Endog_demand_AI\pyai\data\original\prices\A100\EC2_p4d24xlarge_us-west-2.csv
2024-11-16,2451.8437480393995,2175.724637681159,2665.1570048309172,7,2.292731190576007,1069.3986971160882,2024-01-25,A100,aws,A100,p4d24xlarge,us-west-2,0,C:\Users\FarhadBillimoria\OneDrive - Aurora Energy Research\Documents\Personal\Endog_demand_AI\pyai\data\original\prices\A100\EC2_p4d24xlarge_us-west-2.csv
2024-11-17,2491.4635485287654,2241.8203776899427,2678.5518225735614,8,2.329779861568604,1069.3986971160882,2024-01-25,A100,aws,A100,p4d24xlarge,us-west-2,0,C:\Users\FarhadBillimoria\OneDrive - Aurora Energy Research\Documents\Personal\Endog_demand_AI\pyai\data\original\prices\A100\EC2_p4d24xlarge_us-west-2.csv
2024-11-18,2552.0970575318397,2381.23078612209,2666.803908651734,7,2.3864785551116094,1069.3986971160882,2024-01-25,A100,aws,A100,p4d24xlarge,us-west-2,0,C:\Users\FarhadBillimoria\OneDrive - Aurora Energy Research\Documents\Personal\Endog_demand_AI\pyai\data\original\prices\A100\EC2_p4d24xlarge_us-west-2.csv
2024-11-19,2572.607872200263,2461.7643829600347,2665.129556433904,8,2.4056583191451133,1069.3986971160882,2024-01-25,A100,aws,A100,p4d24xlarge,us-west-2,0,C:\Users\FarhadBillimoria\OneDrive - Aurora Energy Research\Documents\Personal\Endog_demand_AI\pyai\data\original\prices\A100\EC2_p4d24xlarge_us-west-2.csv
2024-11-20,2650.817177991091,2631.6974088713214,2665.184453227931,7,2.4787922270147784,1069.3986971160882,2024-01-25,A100,aws,A100,p4d24xlarge,us-west-2,0,C:\Users\FarhadBillimoria\OneDrive - Aurora Energy Research\Documents\Personal\Endog_demand_AI\pyai\data\original\prices\A100\EC2_p4d24xlarge_us-west-2.csv
2024-11-21,2657.147562582345,2638.394817742643,2665.184453227931,5,2.4847118008915055,1069.3986971160882,2024-01-25,A100,aws,A100,p4d24xlarge,us-west-2,0,C:\Users\FarhadBillimoria\OneDrive - Aurora Energy Research\Documents\Personal\Endog_demand_AI\pyai\data\original\prices\A100\EC2_p4d24xlarge_us-west-2.csv
2024-11-22,2650.358397641006,2631.6974088713214,2665.184453227931,7,2.478363219244971,1069.3986971160882,2024-01-25,A100,aws,A100,p4d24xlarge,us-west-2,0,C:\Users\FarhadBillimoria\OneDrive - Aurora Energy Research\Documents\Personal\Endog_demand_AI\pyai\data\original\prices\A100\EC2_p4d24xlarge_us-west-2.csv
2024-11-23,2658.4961938222805,2651.8170838823007,2665.184453227931,3,2.4859729126205288,1069.3986971160882,2024-01-25,A100,aws,A100,p4d24xlarge,us-west-2,0,C:\Users\FarhadBillimoria\OneDrive - Aurora Energy Research\Documents\Personal\Endog_demand_AI\pyai\data\original\prices\A100\EC2_p4d24xlarge_us-west-2.csv
2024-11-24,2658.4939064558625,2651.8170838823007,2665.184453227931,4,2.4859707736929013,1069.3986971160882,2024-01-25,A100,aws,A100,p4d24xlarge,us-west-2,0,C:\Users\FarhadBillimoria\OneDrive - Aurora Energy Research\Documents\Personal\Endog_demand_AI\pyai\data\original\prices\A100\EC2_p4d24xlarge_us-west-2.csv
2024-11-25,2658.487044356609,2658.487044356609,2658.487044356609,1,2.48596435691002,1069.3986971160882,2024-01-25,A100,aws,A100,p4d24xlarge,us-west-2,0,C:\Users\FarhadBillimoria\OneDrive - Aurora Energy Research\Documents\Personal\Endog_demand_AI\pyai\data\original\prices\A100\EC2_p4d24xlarge_us-west-2.csv
2024-11-26,2661.849472990777,2645.119675010979,2678.5792709705747,4,2.48910858052207,1069.3986971160882,2024-01-25,A100,aws,A100,p4d24xlarge,us-west-2,0,C:\Users\FarhadBillimoria\OneDrive - Aurora Energy Research\Documents\Personal\Endog_demand_AI\pyai\data\original\prices\A100\EC2_p4d24xlarge_us-west-2.csv
2024-11-27,2663.0160298638557,2638.422266139657,2685.2766798418966,8,2.4901994336119646,1069.3986971160882,2024-01-25,A100,aws,A100,p4d24xlarge,us-west-2,0,C:\Users\FarhadBillimoria\OneDrive - Aurora Energy Research\Documents\Personal\Endog_demand_AI\pyai\data\original\prices\A100\EC2_p4d24xlarge_us-west-2.csv
2024-11-28,2653.1510759771622,2638.422266139657,2685.2766798418966,5,2.480974666541183,1069.3986971160882,2024-01-25,A100,aws,A100,p4d24xlarge,us-west-2,0,C:\Users\FarhadBillimoria\OneDrive - Aurora Energy Research\Documents\Personal\Endog_demand_AI\pyai\data\original\prices\A100\EC2_p4d24xlarge_us-west-2.csv
2024-11-29,2667.539525691699,2645.119675010979,2691.9740887132184,5,2.4944293768876036,1069.3986971160882,2024-01-25,A100,aws,A100,p4d24xlarge,us-west-2,0,C:\Users\FarhadBillimoria\OneDrive - Aurora Energy Research\Documents\Personal\Endog_demand_AI\pyai\data\original\prices\A100\EC2_p4d24xlarge_us-west-2.csv
2024-11-30,2661.198945981554,2651.8170838823007,2678.5792709705747,5,2.488500269504881,1069.3986971160882,2024-01-25,A100,aws,A100,p4d24xlarge,us-west-2,0,C:\Users\FarhadBillimoria\OneDrive - Aurora Energy Research\Documents\Personal\Endog_demand_AI\pyai\data\original\prices\A100\EC2_p4d24xlarge_us-west-2.csv
2024-12-01,2663.8394817742637,2658.541941150637,2671.9093104962662,4,2.4909694475577724,1069.3986971160882,2024-01-25,A100,aws,A100,p4d24xlarge,us-west-2,0,C:\Users\FarhadBillimoria\OneDrive - Aurora Energy Research\Documents\Personal\Endog_demand_AI\pyai\data\original\prices\A100\EC2_p4d24xlarge_us-west-2.csv
2024-12-02,2657.416556873078,2638.4497145366704,2671.9093104962662,6,2.484963338780469,1069.3986971160882,2024-01-25,A100,aws,A100,p4d24xlarge,us-west-2,0,C:\Users\FarhadBillimoria\OneDrive - Aurora Energy Research\Documents\Personal\Endog_demand_AI\pyai\data\original\prices\A100\EC2_p4d24xlarge_us-west-2.csv
2024-12-03,2593.7598029989335,2516.9631093544135,2658.541941150637,7,2.425437594036426,1069.3986971160882,2024-01-25,A100,aws,A100,p4d24xlarge,us-west-2,0,C:\Users\FarhadBillimoria\OneDrive - Aurora Energy Research\Documents\Personal\Endog_demand_AI\pyai\data\original\prices\A100\EC2_p4d24xlarge_us-west-2.csv
2024-12-04,2567.6163812033374,2457.839262187088,2671.9093104962662,5,2.40099075127694,1069.3986971160882,2024-01-25,A100,aws,A100,p4d24xlarge,us-west-2,0,C:\Users\FarhadBillimoria\OneDrive - Aurora Energy Research\Documents\Personal\Endog_demand_AI\pyai\data\original\prices\A100\EC2_p4d24xlarge_us-west-2.csv
2024-12-05,2568.9915458937194,2459.266578831796,2672.074000878348,4,2.4022766745664392,1069.3986971160882,2024-01-25,A100,aws,A100,p4d24xlarge,us-west-2,0,C:\Users\FarhadBillimoria\OneDrive - Aurora Energy Research\Documents\Personal\Endog_demand_AI\pyai\data\original\prices\A100\EC2_p4d24xlarge_us-west-2.csv
2024-12-06,2504.718074464451,2452.624066754501,2672.074000878348,9,2.342174234192612,1069.3986971160882,2024-01-25,A100,aws,A100,p4d24xlarge,us-west-2,0,C:\Users\FarhadBillimoria\OneDrive - Aurora Energy Research\Documents\Personal\Endog_demand_AI\pyai\data\original\prices\A100\EC2_p4d24xlarge_us-west-2.csv
2024-12-07,2569.755526277265,2459.266578831796,2688.6253842775577,9,2.4029910763939393,1069.3986971160882,2024-01-25,A100,aws,A100,p4d24xlarge,us-west-2,0,C:\Users\FarhadBillimoria\OneDrive - Aurora Energy Research\Documents\Personal\Endog_demand_AI\pyai\data\original\prices\A100\EC2_p4d24xlarge_us-west-2.csv
2024-12-08,2652.321448177426,2459.266578831796,2855.621431708388,8,2.4801988774907815,1069.3986971160882,2024-01-25,A100,aws,A100,p4d24xlarge,us-west-2,0,C:\Users\FarhadBillimoria\OneDrive - Aurora Energy Research\Documents\Personal\Endog_demand_AI\pyai\data\original\prices\A100\EC2_p4d24xlarge_us-west-2.csv
2024-12-09,2786.4171607378125,2439.3115942028985,3012.0223978919626,8,2.6055924401741946,1069.3986971160882,2024-01-25,A100,aws,A100,p4d24xlarge,us-west-2,0,C:\Users\FarhadBillimoria\OneDrive - Aurora Energy Research\Documents\Personal\Endog_demand_AI\pyai\data\original\prices\A100\EC2_p4d24xlarge_us-west-2.csv
2024-12-10,2860.0772214902645,2492.3144488361877,3181.1319718928407,9,2.674472326554359,1069.3986971160882,2024-01-25,A100,aws,A100,p4d24xlarge,us-west-2,0,C:\Users\FarhadBillimoria\OneDrive - Aurora Energy Research\Documents\Personal\Endog_demand_AI\pyai\data\original\prices\A100\EC2_p4d24xlarge_us-west-2.csv
2024-12-11,2845.597277119016,2499.615722441809,3269.0217391304345,5,2.6609320591028482,1069.3986971160882,2024-01-25,A100,aws,A100,p4d24xlarge,us-west-2,0,C:\Users\FarhadBillimoria\OneDrive - Aurora Energy Research\Documents\Personal\Endog_demand_AI\pyai\data\original\prices\A100\EC2_p4d24xlarge_us-west-2.csv
2024-12-12,2856.4071420729024,2453.200483091787,3259.7990777338596,8,2.6710404171764446,1069.3986971160882,2024-01-25,A100,aws,A100,p4d24xlarge,us-west-2,0,C:\Users\FarhadBillimoria\OneDrive - Aurora Energy Research\Documents\Personal\Endog_demand_AI\pyai\data\original\prices\A100\EC2_p4d24xlarge_us-west-2.csv
2024-12-13,2744.05003209351,2445.734519104084,3277.5581906016682,13,2.565974729063683,1069.3986971160882,2024-01-25,A100,aws,A100,p4d24xlarge,us-west-2,0,C:\Users\FarhadBillimoria\OneDrive - Aurora Energy Research\Documents\Personal\Endog_demand_AI\pyai\data\original\prices\A100\EC2_p4d24xlarge_us-west-2.csv
2024-12-14,3091.0806433904254,2505.4896794027227,3499.5059288537545,8,2.8904847665574387,1069.3986971160882,2024-01-25,A100,aws,A100,p4d24xlarge,us-west-2,0,C:\Users\FarhadBillimoria\OneDrive - Aurora Energy Research\Documents\Personal\Endog_demand_AI\pyai\data\original\prices\A100\EC2_p4d24xlarge_us-west-2.csv
2024-12-15,3225.9033572439366,2505.4896794027227,3741.3263065436972,9,3.016558151738378,1069.3986971160882,2024-01-25,A100,aws,A100,p4d24xlarge,us-west-2,0,C:\Users\FarhadBillimoria\OneDrive - Aurora Energy Research\Documents\Personal\Endog_demand_AI\pyai\data\original\prices\A100\EC2_p4d24xlarge_us-west-2.csv
2024-12-16,3239.1792319328542,2505.4896794027227,3921.717171717171,9,3.0289724876869064,1069.3986971160882,2024-01-25,A100,aws,A100,p4d24xlarge,us-west-2,0,C:\Users\FarhadBillimoria\OneDrive - Aurora Energy Research\Documents\Personal\Endog_demand_AI\pyai\data\original\prices\A100\EC2_p4d24xlarge_us-west-2.csv
2024-12-17,2986.0262706112508,2526.652393500219,3760.210803689064,11,2.792247904045374,1069.3986971160882,2024-01-25,A100,aws,A100,p4d24xlarge,us-west-2,0,C:\Users\FarhadBillimoria\OneDrive - Aurora Energy Research\Documents\Personal\Endog_demand_AI\pyai\data\original\prices\A100\EC2_p4d24xlarge_us-west-2.csv
2024-12-18,2961.810130288391,2553.8812033377244,3470.3831796223094,12,2.769603271703699,1069.3986971160882,2024-01-25,A100,aws,A100,p4d24xlarge,us-west-2,0,C:\Users\FarhadBillimoria\OneDrive - Aurora Energy Research\Documents\Personal\Endog_demand_AI\pyai\data\original\prices\A100\EC2_p4d24xlarge_us-west-2.csv
2024-12-19,2922.5905298039684,2573.2597716293367,3388.998682476943,11,2.7329288297110272,1069.3986971160882,2024-01-25,A100,aws,A100,p4d24xlarge,us-west-2,0,C:\Users\FarhadBillimoria\OneDrive - Aurora Energy Research\Documents\Personal\Endog_demand_AI\pyai\data\original\prices\A100\EC2_p4d24xlarge_us-west-2.csv
2024-12-20,2936.333443126921,2586.901624945103,3362.6207729468597,12,2.745779895791446,1069.3986971160882,2024-01-25,A100,aws,A100,p4d24xlarge,us-west-2,0,C:\Users\FarhadBillimoria\OneDrive - Aurora Energy Research\Documents\Personal\Endog_demand_AI\pyai\data\original\prices\A100\EC2_p4d24xlarge_us-west-2.csv
2024-12-21,3020.9728626848187,2632.4659639877027,3330.5061484409302,12,2.8249266347823854,1069.3986971160882,2024-01-25,A100,aws,A100,p4d24xlarge,us-west-2,0,C:\Users\FarhadBillimoria\OneDrive - Aurora Energy Research\Documents\Personal\Endog_demand_AI\pyai\data\original\prices\A100\EC2_p4d24xlarge_us-west-2.csv
2024-12-22,3054.105365246669,2818.1269213877904,3336.791831357048,12,2.8559090014630266,1069.3986971160882,2024-01-25,A100,aws,A100,p4d24xlarge,us-west-2,0,C:\Users\FarhadBillimoria\OneDrive - Aurora Energy Research\Documents\Personal\Endog_demand_AI\pyai\data\original\prices\A100\EC2_p4d24xlarge_us-west-2.csv
2024-12-23,3112.795444564219,2897.6998243302587,3312.7195871761082,11,2.9107903843147382,1069.3986971160882,2024-01-25,A100,aws,A100,p4d24xlarge,us-west-2,0,C:\Users\FarhadBillimoria\OneDrive - Aurora Energy Research\Documents\Personal\Endog_demand_AI\pyai\data\original\prices\A100\EC2_p4d24xlarge_us-west-2.csv
2024-12-24,3145.229468599033,3029.3423364075534,3322.848045674132,11,2.941119600277205,1069.3986971160882,2024-01-25,A100,aws,A100,p4d24xlarge,us-west-2,0,C:\Users\FarhadBillimoria\OneDrive - Aurora Energy Research\Documents\Personal\Endog_demand_AI\pyai\data\original\prices\A100\EC2_p4d24xlarge_us-west-2.csv
2024-12-25,3229.7958683828247,3000.411725955204,3375.4391743522174,13,3.0201980581169674,1069.3986971160882,2024-01-25,A100,aws,A100,p4d24xlarge,us-west-2,0,C:\Users\FarhadBillimoria\OneDrive - Aurora Energy Research\Documents\Personal\Endog_demand_AI\pyai\data\original\prices\A100\EC2_p4d24xlarge_us-west-2.csv
2024-12-26,3253.824476650563,3042.5450153711017,3400.2799736495385,12,3.0426673283082795,1069.3986971160882,2024-01-25,A100,aws,A100,p4d24xlarge,us-west-2,0,C:\Users\FarhadBillimoria\OneDrive - Aurora Energy Research\Documents\Personal\Endog_demand_AI\pyai\data\original\prices\A100\EC2_p4d24xlarge_us-west-2.csv
2024-12-27,3269.929823598301,3047.9249011857705,3420.2075098814225,12,3.05772751773171,1069.3986971160882,2024-01-25,A100,aws,A100,p4d24xlarge,us-west-2,0,C:\Users\FarhadBillimoria\OneDrive - Aurora Energy Research\Documents\Personal\Endog_demand_AI\pyai\data\original\prices\A100\EC2_p4d24xlarge_us-west-2.csv
2024-12-28,3296.5799297321037,3081.631532718489,3434.041501976284,10,3.08264816351674,1069.3986971160882,2024-01-25,A100,aws,A100,p4d24xlarge,us-west-2,0,C:\Users\FarhadBillimoria\OneDrive - Aurora Energy Research\Documents\Personal\Endog_demand_AI\pyai\data\original\prices\A100\EC2_p4d24xlarge_us-west-2.csv
2024-12-29,3297.905898449376,3111.3581466842334,3413.1532718489234,13,3.0838880834089633,1069.3986971160882,2024-01-25,A100,aws,A100,p4d24xlarge,us-west-2,0,C:\Users\FarhadBillimoria\OneDrive - Aurora Energy Research\Documents\Personal\Endog_demand_AI\pyai\data\original\prices\A100\EC2_p4d24xlarge_us-west-2.csv
2024-12-30,3277.555445761967,3121.9257795344747,3434.9472990777335,10,3.064858274655419,1069.3986971160882,2024-01-25,A100,aws,A100,p4d24xlarge,us-west-2,0,C:\Users\FarhadBillimoria\OneDrive - Aurora Energy Research\Documents\Personal\Endog_demand_AI\pyai\data\original\prices\A100\EC2_p4d24xlarge_us-west-2.csv
2024-12-31,3320.9890406036648,3196.9422485726827,3442.358366271409,11,3.1054732435709673,1069.3986971160882,2024-01-25,A100,aws,A100,p4d24xlarge,us-west-2,0,C:\Users\FarhadBillimoria\OneDrive - Aurora Energy Research\Documents\Personal\Endog_demand_AI\pyai\data\original\prices\A100\EC2_p4d24xlarge_us-west-2.csv
2025-01-01,3319.1100730626417,3149.7859025032935,3439.6958717610887,11,3.1037162117491683,1069.3986971160882,2024-01-25,A100,aws,A100,p4d24xlarge,us-west-2,0,C:\Users\FarhadBillimoria\OneDrive - Aurora Energy Research\Documents\Personal\Endog_demand_AI\pyai\data\original\prices\A100\EC2_p4d24xlarge_us-west-2.csv
2025-01-02,3319.043697848045,3145.668642951251,3466.1835748792264,10,3.1036541439583853,1069.3986971160882,2024-01-25,A100,aws,A100,p4d24xlarge,us-west-2,0,C:\Users\FarhadBillimoria\OneDrive - Aurora Energy Research\Documents\Personal\Endog_demand_AI\pyai\data\original\prices\A100\EC2_p4d24xlarge_us-west-2.csv
2025-01-03,3360.0314741619086,3138.394817742643,3495.2788757136577,9,3.1419820158965104,1069.3986971160882,2024-01-25,A100,aws,A100,p4d24xlarge,us-west-2,0,C:\Users\FarhadBillimoria\OneDrive - Aurora Energy Research\Documents\Personal\Endog_demand_AI\pyai\data\original\prices\A100\EC2_p4d24xlarge_us-west-2.csv
2025-01-04,3365.8533495490015,3158.0478700043914,3509.1677646025464,13,3.147426080306532,1069.3986971160882,2024-01-25,A100,aws,A100,p4d24xlarge,us-west-2,0,C:\Users\FarhadBillimoria\OneDrive - Aurora Energy Research\Documents\Personal\Endog_demand_AI\pyai\data\original\prices\A100\EC2_p4d24xlarge_us-west-2.csv
2025-01-05,3354.2016009901376,3187.1980676328494,3482.899648660518,11,3.1365304727185612,1069.3986971160882,2024-01-25,A100,aws,A100,p4d24xlarge,us-west-2,0,C:\Users\FarhadBillimoria\OneDrive - Aurora Energy Research\Documents\Personal\Endog_demand_AI\pyai\data\original\prices\A100\EC2_p4d24xlarge_us-west-2.csv
2025-01-06,3366.473529764043,3152.530742204655,3504.034914361001,11,3.1480060138866963,1069.3986971160882,2024-01-25,A100,aws,A100,p4d24xlarge,us-west-2,0,C:\Users\FarhadBillimoria\OneDrive - Aurora Energy Research\Documents\Personal\Endog_demand_AI\pyai\data\original\prices\A100\EC2_p4d24xlarge_us-west-2.csv
2025-01-07,3359.299516908212,3195.652173913043,3505.050505050505,10,3.1412975590557917,1069.3986971160882,2024-01-25,A100,aws,A100,p4d24xlarge,us-west-2,0,C:\Users\FarhadBillimoria\OneDrive - Aurora Energy Research\Documents\Personal\Endog_demand_AI\pyai\data\original\prices\A100\EC2_p4d24xlarge_us-west-2.csv
2025-01-08,3390.183954166167,3230.099912165129,3521.327404479578,11,3.1701777487747833,1069.3986971160882,2024-01-25,A100,aws,A100,p4d24xlarge,us-west-2,0,C:\Users\FarhadBillimoria\OneDrive - Aurora Energy Research\Documents\Personal\Endog_demand_AI\pyai\data\original\prices\A100\EC2_p4d24xlarge_us-west-2.csv
2025-01-09,3430.3062326160148,3266.551383399209,3576.0595081247247,12,3.2076962893883523,1069.3986971160882,2024-01-25,A100,aws,A100,p4d24xlarge,us-west-2,0,C:\Users\FarhadBillimoria\OneDrive - Aurora Energy Research\Documents\Personal\Endog_demand_AI\pyai\data\original\prices\A100\EC2_p4d24xlarge_us-west-2.csv
2025-01-10,3424.4146005509638,3261.720465524813,3557.614185331576,11,3.2021869951644684,1069.3986971160882,2024-01-25,A100,aws,A100,p4d24xlarge,us-west-2,0,C:\Users\FarhadBillimoria\OneDrive - Aurora Energy Research\Documents\Personal\Endog_demand_AI\pyai\data\original\prices\A100\EC2_p4d24xlarge_us-west-2.csv
2025-01-11,3360.3883033230854,3266.4964866051814,3473.1280193236707,12,3.1423156886063603,1069.3986971160882,2024-01-25,A100,aws,A100,p4d24xlarge,us-west-2,0,C:\Users\FarhadBillimoria\OneDrive - Aurora Energy Research\Documents\Personal\Endog_demand_AI\pyai\data\original\prices\A100\EC2_p4d24xlarge_us-west-2.csv
2025-01-12,3381.7023994889605,3250.4940711462446,3473.978919631093,11,3.16224660513296,1069.3986971160882,2024-01-25,A100,aws,A100,p4d24xlarge,us-west-2,0,C:\Users\FarhadBillimoria\OneDrive - Aurora Energy Research\Documents\Personal\Endog_demand_AI\pyai\data\original\prices\A100\EC2_p4d24xlarge_us-west-2.csv
2025-01-13,3446.499643170838,3256.011198945981,3516.02986385595,8,3.222838827525432,1069.3986971160882,2024-01-25,A100,aws,A100,p4d24xlarge,us-west-2,0,C:\Users\FarhadBillimoria\OneDrive - Aurora Energy Research\Documents\Personal\Endog_demand_AI\pyai\data\original\prices\A100\EC2_p4d24xlarge_us-west-2.csv
2025-01-14,3408.2880434782605,3241.4086517347387,3528.244400527009,12,3.187106972048494,1069.3986971160882,2024-01-25,A100,aws,A100,p4d24xlarge,us-west-2,0,C:\Users\FarhadBillimoria\OneDrive - Aurora Energy Research\Documents\Personal\Endog_demand_AI\pyai\data\original\prices\A100\EC2_p4d24xlarge_us-west-2.csv
2025-01-15,3372.608939637925,3167.1332894158977,3481.4997804128234,9,3.153743265942854,1069.3986971160882,2024-01-25,A100,aws,A100,p4d24xlarge,us-west-2,0,C:\Users\FarhadBillimoria\OneDrive - Aurora Energy Research\Documents\Personal\Endog_demand_AI\pyai\data\original\prices\A100\EC2_p4d24xlarge_us-west-2.csv
2025-01-16,3370.308611477089,3177.9754062362754,3509.250109793588,12,3.151592217725721,1069.3986971160882,2024-01-25,A100,aws,A100,p4d24xlarge,us-west-2,0,C:\Users\FarhadBillimoria\OneDrive - Aurora Energy Research\Documents\Personal\Endog_demand_AI\pyai\data\original\prices\A100\EC2_p4d24xlarge_us-west-2.csv
2025-01-17,3385.1641414141404,3202.0202020202014,3501.2077294685982,10,3.1654836970936246,1069.3986971160882,2024-01-25,A100,aws,A100,p4d24xlarge,us-west-2,0,C:\Users\FarhadBillimoria\OneDrive - Aurora Energy Research\Documents\Personal\Endog_demand_AI\pyai\data\original\prices\A100\EC2_p4d24xlarge_us-west-2.csv
2025-01-18,3338.130468565251,3170.866271409749,3465.5522617479137,13,3.1215022774643244,1069.3986971160882,2024-01-25,A100,aws,A100,p4d24xlarge,us-west-2,0,C:\Users\FarhadBillimoria\OneDrive - Aurora Energy Research\Documents\Personal\Endog_demand_AI\pyai\data\original\prices\A100\EC2_p4d24xlarge_us-west-2.csv
2025-01-19,3291.28872335394,3111.742424242424,3380.1328502415454,13,3.0777003303162385,1069.3986971160882,2024-01-25,A100,aws,A100,p4d24xlarge,us-west-2,0,C:\Users\FarhadBillimoria\OneDrive - Aurora Energy Research\Documents\Personal\Endog_demand_AI\pyai\data\original\prices\A100\EC2_p4d24xlarge_us-west-2.csv
2025-01-20,3295.6274703557306,3120.086736934563,3374.6431708388222,10,3.0817575140527547,1069.3986971160882,2024-01-25,A100,aws,A100,p4d24xlarge,us-west-2,0,C:\Users\FarhadBillimoria\OneDrive - Aurora Energy Research\Documents\Personal\Endog_demand_AI\pyai\data\original\prices\A100\EC2_p4d24xlarge_us-west-2.csv
2025-01-21,3256.8937704807267,3113.059947299077,3391.3317962231,13,3.0455374401182533,1069.3986971160882,2024-01-25,A100,aws,A100,p4d24xlarge,us-west-2,0,C:\Users\FarhadBillimoria\OneDrive - Aurora Energy Research\Documents\Personal\Endog_demand_AI\pyai\data\original\prices\A100\EC2_p4d24xlarge_us-west-2.csv
2025-01-22,3321.381081344849,3158.2400087834867,3435.5511638120333,9,3.105839842803079,1069.3986971160882,2024-01-25,A100,aws,A100,p4d24xlarge,us-west-2,0,C:\Users\FarhadBillimoria\OneDrive - Aurora Energy Research\Documents\Personal\Endog_demand_AI\pyai\data\original\prices\A100\EC2_p4d24xlarge_us-west-2.csv
2025-01-23,3294.42980529937,3156.8126921387784,3439.833113746157,9,3.080637571547129,1069.3986971160882,2024-01-25,A100,aws,A100,p4d24xlarge,us-west-2,0,C:\Users\FarhadBillimoria\OneDrive - Aurora Energy Research\Documents\Personal\Endog_demand_AI\pyai\data\original\prices\A100\EC2_p4d24xlarge_us-west-2.csv
2025-01-24,3243.1927975406234,3128.321256038647,3445.185551163812,12,3.032725592696846,1069.3986971160882,2024-01-25,A100,aws,A100,p4d24xlarge,us-west-2,0,C:\Users\FarhadBillimoria\OneDrive - Aurora Energy Research\Documents\Personal\Endog_demand_AI\pyai\data\original\prices\A100\EC2_p4d24xlarge_us-west-2.csv
2025-01-25,3275.4047390905093,3096.5909090909086,3468.571585419411,11,3.0628471382315037,1069.3986971160882,2024-01-25,A100,aws,A100,p4d24xlarge,us-west-2,0,C:\Users\FarhadBillimoria\OneDrive - Aurora Energy Research\Documents\Personal\Endog_demand_AI\pyai\data\original\prices\A100\EC2_p4d24xlarge_us-west-2.csv
2025-01-26,3230.805335968379,3022.617479139218,3459.101888449714,10,3.0211420162387386,1069.3986971160882,2024-01-25,A100,aws,A100,p4d24xlarge,us-west-2,0,C:\Users\FarhadBillimoria\OneDrive - Aurora Energy Research\Documents\Personal\Endog_demand_AI\pyai\data\original\prices\A100\EC2_p4d24xlarge_us-west-2.csv
2025-01-27,3183.4748886379316,2971.975186649099,3393.9942907334207,14,2.9768830813269176,1069.3986971160882,2024-01-25,A100,aws,A100,p4d24xlarge,us-west-2,0,C:\Users\FarhadBillimoria\OneDrive - Aurora Energy Research\Documents\Personal\Endog_demand_AI\pyai\data\original\prices\A100\EC2_p4d24xlarge_us-west-2.csv
2025-01-28,3121.511558270451,2851.5865173473862,3349.006368028107,11,2.918940865262338,1069.3986971160882,2024-01-25,A100,aws,A100,p4d24xlarge,us-west-2,0,C:\Users\FarhadBillimoria\OneDrive - Aurora Energy Research\Documents\Personal\Endog_demand_AI\pyai\data\original\prices\A100\EC2_p4d24xlarge_us-west-2.csv
2025-01-29,3085.986678377982,2843.324549846289,3311.813790074659,9,2.8857213747315646,1069.3986971160882,2024-01-25,A100,aws,A100,p4d24xlarge,us-west-2,0,C:\Users\FarhadBillimoria\OneDrive - Aurora Energy Research\Documents\Personal\Endog_demand_AI\pyai\data\original\prices\A100\EC2_p4d24xlarge_us-west-2.csv
2025-01-30,3032.346880172967,2784.9143610013175,3276.926877470355,13,2.835562534675308,1069.3986971160882,2024-01-25,A100,aws,A100,p4d24xlarge,us-west-2,0,C:\Users\FarhadBillimoria\OneDrive - Aurora Energy Research\Documents\Personal\Endog_demand_AI\pyai\data\original\prices\A100\EC2_p4d24xlarge_us-west-2.csv
2025-01-31,3012.2968818620984,2790.733421168203,3200.7301273605617,11,2.8168136822922456,1069.3986971160882,2024-01-25,A100,aws,A100,p4d24xlarge,us-west-2,0,C:\Users\FarhadBillimoria\OneDrive - Aurora Energy Research\Documents\Personal\Endog_demand_AI\pyai\data\original\prices\A100\EC2_p4d24xlarge_us-west-2.csv
2025-02-01,3019.281251247654,2807.257356170399,3203.3651734738687,11,2.823344800578055,1069.3986971160882,2024-01-25,A100,aws,A100,p4d24xlarge,us-west-2,0,C:\Users\FarhadBillimoria\OneDrive - Aurora Energy Research\Documents\Personal\Endog_demand_AI\pyai\data\original\prices\A100\EC2_p4d24xlarge_us-west-2.csv
2025-02-02,2987.3031557814165,2787.961133069828,3191.8368467281507,7,2.793441925670432,1069.3986971160882,2024-01-25,A100,aws,A100,p4d24xlarge,us-west-2,0,C:\Users\FarhadBillimoria\OneDrive - Aurora Energy Research\Documents\Personal\Endog_demand_AI\pyai\data\original\prices\A100\EC2_p4d24xlarge_us-west-2.csv
2025-02-03,2963.1285682916114,2747.255160298638,3163.070926657883,10,2.770836149588043,1069.3986971160882,2024-01-25,A100,aws,A100,p4d24xlarge,us-west-2,0,C:\Users\FarhadBillimoria\OneDrive - Aurora Energy Research\Documents\Personal\Endog_demand_AI\pyai\data\original\prices\A100\EC2_p4d24xlarge_us-west-2.csv
2025-02-04,2888.981791155704,2720.6576635924457,3066.232981993851,13,2.7015011323153795,1069.3986971160882,2024-01-25,A100,aws,A100,p4d24xlarge,us-west-2,0,C:\Users\FarhadBillimoria\OneDrive - Aurora Energy Research\Documents\Personal\Endog_demand_AI\pyai\data\original\prices\A100\EC2_p4d24xlarge_us-west-2.csv
2025-02-05,2868.1813607085337,2731.4997804128234,3025.7191480017564,12,2.6820505471376865,1069.3986971160882,2024-01-25,A100,aws,A100,p4d24xlarge,us-west-2,0,C:\Users\FarhadBillimoria\OneDrive - Aurora Energy Research\Documents\Personal\Endog_demand_AI\pyai\data\original\prices\A100\EC2_p4d24xlarge_us-west-2.csv
2025-02-06,2816.7869405517627,2654.232542819499,2965.113087395696,11,2.633991371177056,1069.3986971160882,2024-01-25,A100,aws,A100,p4d24xlarge,us-west-2,0,C:\Users\FarhadBillimoria\OneDrive - Aurora Energy Research\Documents\Personal\Endog_demand_AI\pyai\data\original\prices\A100\EC2_p4d24xlarge_us-west-2.csv
2025-02-07,2805.3190770582073,2647.2880983750547,2950.5928853754936,13,2.6232677154212736,1069.3986971160882,2024-01-25,A100,aws,A100,p4d24xlarge,us-west-2,0,C:\Users\FarhadBillimoria\OneDrive - Aurora Energy Research\Documents\Personal\Endog_demand_AI\pyai\data\original\prices\A100\EC2_p4d24xlarge_us-west-2.csv
2025-02-08,2825.3184014053577,2675.5599472990775,2978.8372859025026,11,2.641969182330747,1069.3986971160882,2024-01-25,A100,aws,A100,p4d24xlarge,us-west-2,0,C:\Users\FarhadBillimoria\OneDrive - Aurora Energy Research\Documents\Personal\Endog_demand_AI\pyai\data\original\prices\A100\EC2_p4d24xlarge_us-west-2.csv
2025-02-09,2832.0956601589005,2615.0636802810714,2981.1155028546327,11,2.6483066304423066,1069.3986971160882,2024-01-25,A100,aws,A100,p4d24xlarge,us-west-2,0,C:\Users\FarhadBillimoria\OneDrive - Aurora Energy Research\Documents\Personal\Endog_demand_AI\pyai\data\original\prices\A100\EC2_p4d24xlarge_us-west-2.csv
2025-02-10,2821.760091028865,2605.18225735617,2982.9270970575312,11,2.6386417887346183,1069.3986971160882,2024-01-25,A100,aws,A100,p4d24xlarge,us-west-2,0,C:\Users\FarhadBillimoria\OneDrive - Aurora Energy Research\Documents\Personal\Endog_demand_AI\pyai\data\original\prices\A100\EC2_p4d24xlarge_us-west-2.csv
2025-02-11,2775.832862789384,2574.632191480017,2915.9804567413257,14,2.5956950109207533,1069.3986971160882,2024-01-25,A100,aws,A100,p4d24xlarge,us-west-2,0,C:\Users\FarhadBillimoria\OneDrive - Aurora Energy Research\Documents\Personal\Endog_demand_AI\pyai\data\original\prices\A100\EC2_p4d24xlarge_us-west-2.csv
2025-02-12,2765.3962633582196,2560.4688186209924,2917.846947738252,12,2.5859356952798147,1069.3986971160882,2024-01-25,A100,aws,A100,p4d24xlarge,us-west-2,0,C:\Users\FarhadBillimoria\OneDrive - Aurora Energy Research\Documents\Personal\Endog_demand_AI\pyai\data\original\prices\A100\EC2_p4d24xlarge_us-west-2.csv
2025-02-13,2758.196091348265,2524.4565217391305,2873.627580149319,10,2.5792027788947736,1069.3986971160882,2024-01-25,A100,aws,A100,p4d24xlarge,us-west-2,0,C:\Users\FarhadBillimoria\OneDrive - Aurora Energy Research\Documents\Personal\Endog_demand_AI\pyai\data\original\prices\A100\EC2_p4d24xlarge_us-west-2.csv
2025-02-14,2775.601868487244,2564.5037329819934,2900.609354413702,11,2.5954790070086826,1069.3986971160882,2024-01-25,A100,aws,A100,p4d24xlarge,us-west-2,0,C:\Users\FarhadBillimoria\OneDrive - Aurora Energy Research\Documents\Personal\Endog_demand_AI\pyai\data\original\prices\A100\EC2_p4d24xlarge_us-west-2.csv
2025-02-15,2768.255295429208,2643.5825647782167,2893.555116381203,13,2.5886091902809762,1069.3986971160882,2024-01-25,A100,aws,A100,p4d24xlarge,us-west-2,0,C:\Users\FarhadBillimoria\OneDrive - Aurora Energy Research\Documents\Personal\Endog_demand_AI\pyai\data\original\prices\A100\EC2_p4d24xlarge_us-west-2.csv
2025-02-16,2773.4259591967098,2661.9180939833113,2889.849582784365,11,2.5934443034912746,1069.3986971160882,2024-01-25,A100,aws,A100,p4d24xlarge,us-west-2,0,C:\Users\FarhadBillimoria\OneDrive - Aurora Energy Research\Documents\Personal\Endog_demand_AI\pyai\data\original\prices\A100\EC2_p4d24xlarge_us-west-2.csv
2025-02-17,2742.781071585419,2706.878568291612,2790.266798418972,10,2.564788117829245,1069.3986971160882,2024-01-25,A100,aws,A100,p4d24xlarge,us-west-2,0,C:\Users\FarhadBillimoria\OneDrive - Aurora Energy Research\Documents\Personal\Endog_demand_AI\pyai\data\original\prices\A100\EC2_p4d24xlarge_us-west-2.csv
2025-02-18,2746.2944664031616,2718.5166886253837,2781.0990338164247,12,2.5680735106646932,1069.3986971160882,2024-01-25,A100,aws,A100,p4d24xlarge,us-west-2,0,C:\Users\FarhadBillimoria\OneDrive - Aurora Energy Research\Documents\Personal\Endog_demand_AI\pyai\data\original\prices\A100\EC2_p4d24xlarge_us-west-2.csv
2025-02-19,2730.8959156785245,2651.679841897233,2784.6673254281945,13,2.553674249878082,1069.3986971160882,2024-01-25,A100,aws,A100,p4d24xlarge,us-west-2,0,C:\Users\FarhadBillimoria\OneDrive - Aurora Energy Research\Documents\Personal\Endog_demand_AI\pyai\data\original\prices\A100\EC2_p4d24xlarge_us-west-2.csv
2025-02-20,2745.1526130873954,2663.180720245937,2796.9093104962667,10,2.5670057579931727,1069.3986971160882,2024-01-25,A100,aws,A100,p4d24xlarge,us-west-2,0,C:\Users\FarhadBillimoria\OneDrive - Aurora Energy Research\Documents\Personal\Endog_demand_AI\pyai\data\original\prices\A100\EC2_p4d24xlarge_us-west-2.csv
2025-02-21,2750.4291931169396,2659.941809398331,2804.594861660079,11,2.571939914022887,1069.3986971160882,2024-01-25,A100,aws,A100,p4d24xlarge,us-west-2,0,C:\Users\FarhadBillimoria\OneDrive - Aurora Energy Research\Documents\Personal\Endog_demand_AI\pyai\data\original\prices\A100\EC2_p4d24xlarge_us-west-2.csv
2025-02-22,2738.54852876592,2672.5680720245937,2806.5985946420724,10,2.5608302461477916,1069.3986971160882,2024-01-25,A100,aws,A100,p4d24xlarge,us-west-2,0,C:\Users\FarhadBillimoria\OneDrive - Aurora Energy Research\Documents\Personal\Endog_demand_AI\pyai\data\original\prices\A100\EC2_p4d24xlarge_us-west-2.csv
2025-02-23,2741.1204435660957,2671.003513394817,2795.399648660518,10,2.5632352563718657,1069.3986971160882,2024-01-25,A100,aws,A100,p4d24xlarge,us-west-2,0,C:\Users\FarhadBillimoria\OneDrive - Aurora Energy Research\Documents\Personal\Endog_demand_AI\pyai\data\original\prices\A100\EC2_p4d24xlarge_us-west-2.csv
2025-02-24,2711.319718928414,2670.1526130873954,2770.449055775142,10,2.5353684516730692,1069.3986971160882,2024-01-25,A100,aws,A100,p4d24xlarge,us-west-2,0,C:\Users\FarhadBillimoria\OneDrive - Aurora Energy Research\Documents\Personal\Endog_demand_AI\pyai\data\original\prices\A100\EC2_p4d24xlarge_us-west-2.csv
2025-02-25,2675.0960693895477,2633.0698287220025,2725.92775581906,10,2.50149553819697,1069.3986971160882,2024-01-25,A100,aws,A100,p4d24xlarge,us-west-2,0,C:\Users\FarhadBillimoria\OneDrive - Aurora Energy Research\Documents\Personal\Endog_demand_AI\pyai\data\original\prices\A100\EC2_p4d24xlarge_us-west-2.csv
2025-02-26,2683.745059288537,2656.5382081686425,2726.559068950373,10,2.5095832513411076,1069.3986971160882,2024-01-25,A100,aws,A100,p4d24xlarge,us-west-2,0,C:\Users\FarhadBillimoria\OneDrive - Aurora Energy Research\Documents\Personal\Endog_demand_AI\pyai\data\original\prices\A100\EC2_p4d24xlarge_us-west-2.csv
2025-02-27,2691.4434197042888,2659.2555994729905,2713.9877031181377,12,2.5167820261633627,1069.3986971160882,2024-01-25,A100,aws,A100,p4d24xlarge,us-west-2,0,C:\Users\FarhadBillimoria\OneDrive - Aurora Energy Research\Documents\Personal\Endog_demand_AI\pyai\data\original\prices\A100\EC2_p4d24xlarge_us-west-2.csv
2025-02-28,2701.3938795065274,2664.855072463768,2722.990777338603,11,2.52608675023781,1069.3986971160882,2024-01-25,A100,aws,A100,p4d24xlarge,us-west-2,0,C:\Users\FarhadBillimoria\OneDrive - Aurora Energy Research\Documents\Personal\Endog_demand_AI\pyai\data\original\prices\A100\EC2_p4d24xlarge_us-west-2.csv
2025-03-01,2686.7623243302587,2655.3304787000434,2710.9958278436534,8,2.5124047107742062,1069.3986971160882,2024-01-25,A100,aws,A100,p4d24xlarge,us-west-2,0,C:\Users\FarhadBillimoria\OneDrive - Aurora Energy Research\Documents\Personal\Endog_demand_AI\pyai\data\original\prices\A100\EC2_p4d24xlarge_us-west-2.csv
2025-03-02,2690.47030867683,2632.877689942907,2729.166666666666,14,2.515872065238515,1069.3986971160882,2024-01-25,A100,aws,A100,p4d24xlarge,us-west-2,0,C:\Users\FarhadBillimoria\OneDrive - Aurora Energy Research\Documents\Personal\Endog_demand_AI\pyai\data\original\prices\A100\EC2_p4d24xlarge_us-west-2.csv
2025-03-03,2728.176237007758,2659.337944664031,2783.404699165568,12,2.551131064929287,1069.3986971160882,2024-01-25,A100,aws,A100,p4d24xlarge,us-west-2,0,C:\Users\FarhadBillimoria\OneDrive - Aurora Energy Research\Documents\Personal\Endog_demand_AI\pyai\data\original\prices\A100\EC2_p4d24xlarge_us-west-2.csv
2025-03-04,2717.2166327304662,2624.5059288537545,2780.275581906016,11,2.540882684875293,1069.3986971160882,2024-01-25,A100,aws,A100,p4d24xlarge,us-west-2,0,C:\Users\FarhadBillimoria\OneDrive - Aurora Energy Research\Documents\Personal\Endog_demand_AI\pyai\data\original\prices\A100\EC2_p4d24xlarge_us-west-2.csv
2025-03-05,2719.031873923178,2631.3405797101445,2795.180061484409,13,2.5425801258742458,1069.3986971160882,2024-01-25,A100,aws,A100,p4d24xlarge,us-west-2,0,C:\Users\FarhadBillimoria\OneDrive - Aurora Energy Research\Documents\Personal\Endog_demand_AI\pyai\data\original\prices\A100\EC2_p4d24xlarge_us-west-2.csv
2025-03-06,2729.0294246815984,2695.4874835309615,2768.857048748353,12,2.5519288849342496,1069.3986971160882,2024-01-25,A100,aws,A100,p4d24xlarge,us-west-2,0,C:\Users\FarhadBillimoria\OneDrive - Aurora Energy Research\Documents\Personal\Endog_demand_AI\pyai\data\original\prices\A100\EC2_p4d24xlarge_us-west-2.csv
2025-03-07,2715.8313204508854,2671.525032938076,2759.085419411506,12,2.539587272525047,1069.3986971160882,2024-01-25,A100,aws,A100,p4d24xlarge,us-west-2,0,C:\Users\FarhadBillimoria\OneDrive - Aurora Energy Research\Documents\Personal\Endog_demand_AI\pyai\data\original\prices\A100\EC2_p4d24xlarge_us-west-2.csv
2025-03-08,2728.158561903621,2675.3952569169955,2777.5856389986825,11,2.5511145368521677,1069.3986971160882,2024-01-25,A100,aws,A100,p4d24xlarge,us-west-2,0,C:\Users\FarhadBillimoria\OneDrive - Aurora Energy Research\Documents\Personal\Endog_demand_AI\pyai\data\original\prices\A100\EC2_p4d24xlarge_us-west-2.csv
2025-03-09,2722.993272647422,2680.3085199824327,2811.4295125164685,11,2.5462844493739163,1069.3986971160882,2024-01-25,A100,aws,A100,p4d24xlarge,us-west-2,0,C:\Users\FarhadBillimoria\OneDrive - Aurora Energy Research\Documents\Personal\Endog_demand_AI\pyai\data\original\prices\A100\EC2_p4d24xlarge_us-west-2.csv
2025-03-10,2736.188881569316,2670.6466842336404,2825.6203337725074,12,2.5586237284075257,1069.3986971160882,2024-01-25,A100,aws,A100,p4d24xlarge,us-west-2,0,C:\Users\FarhadBillimoria\OneDrive - Aurora Energy Research\Documents\Personal\Endog_demand_AI\pyai\data\original\prices\A100\EC2_p4d24xlarge_us-west-2.csv
2025-03-11,2744.577693935401,2688.268555116381,2808.355292050944,11,2.566468148256463,1069.3986971160882,2024-01-25,A100,aws,A100,p4d24xlarge,us-west-2,0,C:\Users\FarhadBillimoria\OneDrive - Aurora Energy Research\Documents\Personal\Endog_demand_AI\pyai\data\original\prices\A100\EC2_p4d24xlarge_us-west-2.csv
2025-03-12,2755.9795277186577,2705.3414580588487,2812.609793588054,13,2.5771300593042366,1069.3986971160882,2024-01-25,A100,aws,A100,p4d24xlarge,us-west-2,0,C:\Users\FarhadBillimoria\OneDrive - Aurora Energy Research\Documents\Personal\Endog_demand_AI\pyai\data\original\prices\A100\EC2_p4d24xlarge_us-west-2.csv
2025-03-13,2746.337163909627,2669.6585419411504,2818.1543697848037,9,2.568113437313735,1069.3986971160882,2024-01-25,A100,aws,A100,p4d24xlarge,us-west-2,0,C:\Users\FarhadBillimoria\OneDrive - Aurora Energy Research\Documents\Personal\Endog_demand_AI\pyai\data\original\prices\A100\EC2_p4d24xlarge_us-west-2.csv
2025-03-14,2758.419795783926,2684.91985068072,2867.9457619675004,12,2.579411966016718,1069.3986971160882,2024-01-25,A100,aws,A100,p4d24xlarge,us-west-2,0,C:\Users\FarhadBillimoria\OneDrive - Aurora Energy Research\Documents\Personal\Endog_demand_AI\pyai\data\original\prices\A100\EC2_p4d24xlarge_us-west-2.csv
2025-03-15,2794.688735177865,2707.3726394378564,2998.051163812033,10,2.613327230259837,1069.3986971160882,2024-01-25,A100,aws,A100,p4d24xlarge,us-west-2,0,C:\Users\FarhadBillimoria\OneDrive - Aurora Energy Research\Documents\Personal\Endog_demand_AI\pyai\data\original\prices\A100\EC2_p4d24xlarge_us-west-2.csv
2025-03-16,2872.392402283706,2731.252744839701,3119.3181818181815,14,2.6859883128994446,1069.3986971160882,2024-01-25,A100,aws,A100,p4d24xlarge,us-west-2,0,C:\Users\FarhadBillimoria\OneDrive - Aurora Energy Research\Documents\Personal\Endog_demand_AI\pyai\data\original\prices\A100\EC2_p4d24xlarge_us-west-2.csv
2025-03-17,2955.3140096618354,2756.587615283267,3219.724418093983,13,2.7635287172423237,1069.3986971160882,2024-01-25,A100,aws,A100,p4d24xlarge,us-west-2,0,C:\Users\FarhadBillimoria\OneDrive - Aurora Energy Research\Documents\Personal\Endog_demand_AI\pyai\data\original\prices\A100\EC2_p4d24xlarge_us-west-2.csv
2025-03-18,2992.328173034694,2813.570487483531,3217.50109793588,12,2.7981408441063986,1069.3986971160882,2024-01-25,A100,aws,A100,p4d24xlarge,us-west-2,0,C:\Users\FarhadBillimoria\OneDrive - Aurora Energy Research\Documents\Personal\Endog_demand_AI\pyai\data\original\prices\A100\EC2_p4d24xlarge_us-west-2.csv
2025-03-19,2988.7438698579995,2846.0419411506364,3237.840360122968,12,2.794789144514506,1069.3986971160882,2024-01-25,A100,aws,A100,p4d24xlarge,us-west-2,0,C:\Users\FarhadBillimoria\OneDrive - Aurora Energy Research\Documents\Personal\Endog_demand_AI\pyai\data\original\prices\A100\EC2_p4d24xlarge_us-west-2.csv
2025-03-20,2993.254556433904,2849.03381642512,3259.853974527887,12,2.799007109795433,1069.3986971160882,2024-01-25,A100,aws,A100,p4d24xlarge,us-west-2,0,C:\Users\FarhadBillimoria\OneDrive - Aurora Energy Research\Documents\Personal\Endog_demand_AI\pyai\data\original\prices\A100\EC2_p4d24xlarge_us-west-2.csv
2025-03-21,3001.67435221783,2877.6899429073337,3239.706851119894,9,2.806880502391321,1069.3986971160882,2024-01-25,A100,aws,A100,p4d24xlarge,us-west-2,0,C:\Users\FarhadBillimoria\OneDrive - Aurora Energy Research\Documents\Personal\Endog_demand_AI\pyai\data\original\prices\A100\EC2_p4d24xlarge_us-west-2.csv
2025-03-22,2983.4943639291464,2881.7797540623624,3141.908212560386,9,2.7898803056099797,1069.3986971160882,2024-01-25,A100,aws,A100,p4d24xlarge,us-west-2,0,C:\Users\FarhadBillimoria\OneDrive - Aurora Energy Research\Documents\Personal\Endog_demand_AI\pyai\data\original\prices\A100\EC2_p4d24xlarge_us-west-2.csv
2025-03-23,2929.3702838663307,2830.0120772946857,3141.5788317962224,11,2.7392686111981805,1069.3986971160882,2024-01-25,A100,aws,A100,p4d24xlarge,us-west-2,0,C:\Users\FarhadBillimoria\OneDrive - Aurora Energy Research\Documents\Personal\Endog_demand_AI\pyai\data\original\prices\A100\EC2_p4d24xlarge_us-west-2.csv
2025-03-24,2931.760540184453,2827.5142731664464,3135.9519104084316,10,2.7415037516790584,1069.3986971160882,2024-01-25,A100,aws,A100,p4d24xlarge,us-west-2,0,C:\Users\FarhadBillimoria\OneDrive - Aurora Energy Research\Documents\Personal\Endog_demand_AI\pyai\data\original\prices\A100\EC2_p4d24xlarge_us-west-2.csv
2025-03-25,2898.443042464781,2743.7966622749227,3144.7079490557744,13,2.710348395113241,1069.3986971160882,2024-01-25,A100,aws,A100,p4d24xlarge,us-west-2,0,C:\Users\FarhadBillimoria\OneDrive - Aurora Energy Research\Documents\Personal\Endog_demand_AI\pyai\data\original\prices\A100\EC2_p4d24xlarge_us-west-2.csv
2025-03-26,2905.9019044196907,2758.1247255160297,3139.6025472112424,11,2.7173232137426493,1069.3986971160882,2024-01-25,A100,aws,A100,p4d24xlarge,us-west-2,0,C:\Users\FarhadBillimoria\OneDrive - Aurora Energy Research\Documents\Personal\Endog_demand_AI\pyai\data\original\prices\A100\EC2_p4d24xlarge_us-west-2.csv
2025-03-27,2902.8349619382225,2704.682696530522,3131.6974088713214,12,2.714455300690446,1069.3986971160882,2024-01-25,A100,aws,A100,p4d24xlarge,us-west-2,0,C:\Users\FarhadBillimoria\OneDrive - Aurora Energy Research\Documents\Personal\Endog_demand_AI\pyai\data\original\prices\A100\EC2_p4d24xlarge_us-west-2.csv
2025-03-28,2854.9901185770746,2708.5803689064555,3065.1899429073337,10,2.6697153515113663,1069.3986971160882,2024-01-25,A100,aws,A100,p4d24xlarge,us-west-2,0,C:\Users\FarhadBillimoria\OneDrive - Aurora Energy Research\Documents\Personal\Endog_demand_AI\pyai\data\original\prices\A100\EC2_p4d24xlarge_us-west-2.csv
2025-03-29,2868.944883618796,2746.678743961352,3029.644268774703,10,2.6827645211796614,1069.3986971160882,2024-01-25,A100,aws,A100,p4d24xlarge,us-west-2,0,C:\Users\FarhadBillimoria\OneDrive - Aurora Energy Research\Documents\Personal\Endog_demand_AI\pyai\data\original\prices\A100\EC2_p4d24xlarge_us-west-2.csv
2025-03-30,2847.2320252211553,2738.883399209486,3008.4266578831794,14,2.6624607201219312,1069.3986971160882,2024-01-25,A100,aws,A100,p4d24xlarge,us-west-2,0,C:\Users\FarhadBillimoria\OneDrive - Aurora Energy Research\Documents\Personal\Endog_demand_AI\pyai\data\original\prices\A100\EC2_p4d24xlarge_us-west-2.csv
2025-03-31,2834.69889108476,2682.120114185331,3029.369784804567,12,2.6507409245300773,1069.3986971160882,2024-01-25,A100,aws,A100,p4d24xlarge,us-west-2,0,C:\Users\FarhadBillimoria\OneDrive - Aurora Energy Research\Documents\Personal\Endog_demand_AI\pyai\data\original\prices\A100\EC2_p4d24xlarge_us-west-2.csv
2025-04-01,2835.254721124286,2672.92490118577,3133.289415898111,11,2.651260683943498,1069.3986971160882,2024-01-25,A100,aws,A100,p4d24xlarge,us-west-2,0,C:\Users\FarhadBillimoria\OneDrive - Aurora Energy Research\Documents\Personal\Endog_demand_AI\pyai\data\original\prices\A100\EC2_p4d24xlarge_us-west-2.csv
2025-04-02,2881.5776340479892,2679.6223100570924,3187.1980676328494,11,2.6945774684585952,1069.3986971160882,2024-01-25,A100,aws,A100,p4d24xlarge,us-west-2,0,C:\Users\FarhadBillimoria\OneDrive - Aurora Energy Research\Documents\Personal\Endog_demand_AI\pyai\data\original\prices\A100\EC2_p4d24xlarge_us-west-2.csv
2025-04-03,3039.033907919777,2752.5801493192794,3283.075318401405,12,2.8418156073271104,1069.3986971160882,2024-01-25,A100,aws,A100,p4d24xlarge,us-west-2,0,C:\Users\FarhadBillimoria\OneDrive - Aurora Energy Research\Documents\Personal\Endog_demand_AI\pyai\data\original\prices\A100\EC2_p4d24xlarge_us-west-2.csv
2025-04-04,3072.935880544576,2799.187527448397,3337.450592885375,10,2.873517509261557,1069.3986971160882,2024-01-25,A100,aws,A100,p4d24xlarge,us-west-2,0,C:\Users\FarhadBillimoria\OneDrive - Aurora Energy Research\Documents\Personal\Endog_demand_AI\pyai\data\original\prices\A100\EC2_p4d24xlarge_us-west-2.csv
2025-04-05,3070.100918606353,2818.181818181818,3318.8405797101445,12,2.8708665223603496,1069.3986971160882,2024-01-25,A100,aws,A100,p4d24xlarge,us-west-2,0,C:\Users\FarhadBillimoria\OneDrive - Aurora Energy Research\Documents\Personal\Endog_demand_AI\pyai\data\original\prices\A100\EC2_p4d24xlarge_us-west-2.csv
2025-04-06,3039.3061045234954,2822.848045674132,3299.022837066315,9,2.8420701397147528,1069.3986971160882,2024-01-25,A100,aws,A100,p4d24xlarge,us-west-2,0,C:\Users\FarhadBillimoria\OneDrive - Aurora Energy Research\Documents\Personal\Endog_demand_AI\pyai\data\original\prices\A100\EC2_p4d24xlarge_us-west-2.csv
2025-04-07,3184.2571679528196,2882.246376811594,3431.2143170838817,14,2.977614594575435,1069.3986971160882,2024-01-25,A100,aws,A100,p4d24xlarge,us-west-2,0,C:\Users\FarhadBillimoria\OneDrive - Aurora Energy Research\Documents\Personal\Endog_demand_AI\pyai\data\original\prices\A100\EC2_p4d24xlarge_us-west-2.csv
2025-04-08,3273.3283926218705,2914.278656126482,3579.6552481335084,10,3.0609055364002704,1069.3986971160882,2024-01-25,A100,aws,A100,p4d24xlarge,us-west-2,0,C:\Users\FarhadBillimoria\OneDrive - Aurora Energy Research\Documents\Personal\Endog_demand_AI\pyai\data\original\prices\A100\EC2_p4d24xlarge_us-west-2.csv
2025-04-09,3432.7040164490754,2931.3790074659637,3654.6168203776897,11,3.2099384688856034,1069.3986971160882,2024-01-25,A100,aws,A100,p4d24xlarge,us-west-2,0,C:\Users\FarhadBillimoria\OneDrive - Aurora Energy Research\Documents\Personal\Endog_demand_AI\pyai\data\original\prices\A100\EC2_p4d24xlarge_us-west-2.csv
2025-04-10,3277.1489599552838,2887.983091787439,3633.8932806324106,11,3.064478167771261,1069.3986971160882,2024-01-25,A100,aws,A100,p4d24xlarge,us-west-2,0,C:\Users\FarhadBillimoria\OneDrive - Aurora Energy Research\Documents\Personal\Endog_demand_AI\pyai\data\original\prices\A100\EC2_p4d24xlarge_us-west-2.csv
2025-04-11,3312.118772263699,2824.220465524813,3603.4530083443124,9,3.097178611864489,1069.3986971160882,2024-01-25,A100,aws,A100,p4d24xlarge,us-west-2,0,C:\Users\FarhadBillimoria\OneDrive - Aurora Energy Research\Documents\Personal\Endog_demand_AI\pyai\data\original\prices\A100\EC2_p4d24xlarge_us-west-2.csv
2025-04-12,3239.7041062801927,2823.1774264382952,3557.2024593763717,10,3.029463300279772,1069.3986971160882,2024-01-25,A100,aws,A100,p4d24xlarge,us-west-2,0,C:\Users\FarhadBillimoria\OneDrive - Aurora Energy Research\Documents\Personal\Endog_demand_AI\pyai\data\original\prices\A100\EC2_p4d24xlarge_us-west-2.csv
2025-04-13,3269.6310935441365,2798.1993851559064,3529.8089591567846,10,3.057448173783592,1069.3986971160882,2024-01-25,A100,aws,A100,p4d24xlarge,us-west-2,0,C:\Users\FarhadBillimoria\OneDrive - Aurora Energy Research\Documents\Personal\Endog_demand_AI\pyai\data\original\prices\A100\EC2_p4d24xlarge_us-west-2.csv
2025-04-14,3250.464335382813,2816.4800175669734,3455.972771190162,12,3.0395252436238565,1069.3986971160882,2024-01-25,A100,aws,A100,p4d24xlarge,us-west-2,0,C:\Users\FarhadBillimoria\OneDrive - Aurora Energy Research\Documents\Personal\Endog_demand_AI\pyai\data\original\prices\A100\EC2_p4d24xlarge_us-west-2.csv
2025-04-15,3133.591348265261,2793.450812472551,3379.446640316205,12,2.9302367365097837,1069.3986971160882,2024-01-25,A100,aws,A100,p4d24xlarge,us-west-2,0,C:\Users\FarhadBillimoria\OneDrive - Aurora Energy Research\Documents\Personal\Endog_demand_AI\pyai\data\original\prices\A100\EC2_p4d24xlarge_us-west-2.csv
2025-04-16,3216.5340697949387,2807.2848045674127,3386.6106719367585,13,3.0077968847999905,1069.3986971160882,2024-01-25,A100,aws,A100,p4d24xlarge,us-west-2,0,C:\Users\FarhadBillimoria\OneDrive - Aurora Energy Research\Documents\Personal\Endog_demand_AI\pyai\data\original\prices\A100\EC2_p4d24xlarge_us-west-2.csv
2025-04-17,3149.9117076562725,2824.989020641194,3331.0276679841895,12,2.9454979851301752,1069.3986971160882,2024-01-25,A100,aws,A100,p4d24xlarge,us-west-2,0,C:\Users\FarhadBillimoria\OneDrive - Aurora Energy Research\Documents\Personal\Endog_demand_AI\pyai\data\original\prices\A100\EC2_p4d24xlarge_us-west-2.csv
2025-04-18,3122.8750365978626,2785.3260869565215,3303.4694773825204,12,2.920215860576142,1069.3986971160882,2024-01-25,A100,aws,A100,p4d24xlarge,us-west-2,0,C:\Users\FarhadBillimoria\OneDrive - Aurora Energy Research\Documents\Personal\Endog_demand_AI\pyai\data\original\prices\A100\EC2_p4d24xlarge_us-west-2.csv
2025-04-19,3061.7763604423676,2778.6286780851997,3304.896794027228,11,2.863082186932941,1069.3986971160882,2024-01-25,A100,aws,A100,p4d24xlarge,us-west-2,0,C:\Users\FarhadBillimoria\OneDrive - Aurora Energy Research\Documents\Personal\Endog_demand_AI\pyai\data\original\prices\A100\EC2_p4d24xlarge_us-west-2.csv
2025-04-20,3158.9317083882297,2832.9765041721557,3319.3346508563895,10,2.9539326323354524,1069.3986971160882,2024-01-25,A100,aws,A100,p4d24xlarge,us-west-2,0,C:\Users\FarhadBillimoria\OneDrive - Aurora Energy Research\Documents\Personal\Endog_demand_AI\pyai\data\original\prices\A100\EC2_p4d24xlarge_us-west-2.csv
2025-04-21,3150.268994290733,2816.2604303908647,3323.3970136144044,10,2.9458320856255513,1069.3986971160882,2024-01-25,A100,aws,A100,p4d24xlarge,us-west-2,0,C:\Users\FarhadBillimoria\OneDrive - Aurora Energy Research\Documents\Personal\Endog_demand_AI\pyai\data\original\prices\A100\EC2_p4d24xlarge_us-west-2.csv
2025-04-22,3127.9232542819495,2825.400746596398,3375.9057971014486,12,2.924936473849471,1069.3986971160882,2024-01-25,A100,aws,A100,p4d24xlarge,us-west-2,0,C:\Users\FarhadBillimoria\OneDrive - Aurora Energy Research\Documents\Personal\Endog_demand_AI\pyai\data\original\prices\A100\EC2_p4d24xlarge_us-west-2.csv
2025-04-23,3165.6632752647242,2855.621431708388,3378.8427755819052,9,2.9602273537472588,1069.3986971160882,2024-01-25,A100,aws,A100,p4d24xlarge,us-west-2,0,C:\Users\FarhadBillimoria\OneDrive - Aurora Energy Research\Documents\Personal\Endog_demand_AI\pyai\data\original\prices\A100\EC2_p4d24xlarge_us-west-2.csv
2025-04-24,3117.2046552481333,2829.270970575318,3361.0287659200694,11,2.914913458988202,1069.3986971160882,2024-01-25,A100,aws,A100,p4d24xlarge,us-west-2,0,C:\Users\FarhadBillimoria\OneDrive - Aurora Energy Research\Documents\Personal\Endog_demand_AI\pyai\data\original\prices\A100\EC2_p4d24xlarge_us-west-2.csv
2025-04-25,3131.628787878787,2812.609793588054,3329.13372859025,10,2.928401536605607,1069.3986971160882,2024-01-25,A100,aws,A100,p4d24xlarge,us-west-2,0,C:\Users\FarhadBillimoria\OneDrive - Aurora Energy Research\Documents\Personal\Endog_demand_AI\pyai\data\original\prices\A100\EC2_p4d24xlarge_us-west-2.csv
2025-04-26,3129.081968755881,2824.330259112867,3335.1998243302587,14,2.926019993473215,1069.3986971160882,2024-01-25,A100,aws,A100,p4d24xlarge,us-west-2,0,C:\Users\FarhadBillimoria\OneDrive - Aurora Energy Research\Documents\Personal\Endog_demand_AI\pyai\data\original\prices\A100\EC2_p4d24xlarge_us-west-2.csv
2025-04-27,3103.9836773532425,2811.923583662714,3314.586078173034,9,2.902550457302727,1069.3986971160882,2024-01-25,A100,aws,A100,p4d24xlarge,us-west-2,0,C:\Users\FarhadBillimoria\OneDrive - Aurora Energy Research\Documents\Personal\Endog_demand_AI\pyai\data\original\prices\A100\EC2_p4d24xlarge_us-west-2.csv
2025-04-28,3127.5883838383834,2801.301054018445,3320.0483091787432,10,2.9246233348448425,1069.3986971160882,2024-01-25,A100,aws,A100,p4d24xlarge,us-west-2,0,C:\Users\FarhadBillimoria\OneDrive - Aurora Energy Research\Documents\Personal\Endog_demand_AI\pyai\data\original\prices\A100\EC2_p4d24xlarge_us-west-2.csv
2025-04-29,3078.496081213472,2820.899209486166,3350.598375054896,13,2.878716880351021,1069.3986971160882,2024-01-25,A100,aws,A100,p4d24xlarge,us-west-2,0,C:\Users\FarhadBillimoria\OneDrive - Aurora Energy Research\Documents\Personal\Endog_demand_AI\pyai\data\original\prices\A100\EC2_p4d24xlarge_us-west-2.csv
2025-04-30,3125.839920948616,2822.6010101010097,3354.4960474308295,10,2.9229883385665762,1069.3986971160882,2024-01-25,A100,aws,A100,p4d24xlarge,us-west-2,0,C:\Users\FarhadBillimoria\OneDrive - Aurora Energy Research\Documents\Personal\Endog_demand_AI\pyai\data\original\prices\A100\EC2_p4d24xlarge_us-west-2.csv
2025-05-01,3101.4268175829434,2843.324549846289,3313.9273166447074,11,2.900159525111399,1069.3986971160882,2024-01-25,A100,aws,A100,p4d24xlarge,us-west-2,0,C:\Users\FarhadBillimoria\OneDrive - Aurora Energy Research\Documents\Personal\Endog_demand_AI\pyai\data\original\prices\A100\EC2_p4d24xlarge_us-west-2.csv
2025-05-02,3050.4021190162493,2868.933904259991,3266.02986385595,12,2.8524460776345175,1069.3986971160882,2024-01-25,A100,aws,A100,p4d24xlarge,us-west-2,0,C:\Users\FarhadBillimoria\OneDrive - Aurora Energy Research\Documents\Personal\Endog_demand_AI\pyai\data\original\prices\A100\EC2_p4d24xlarge_us-west-2.csv
2025-05-03,3053.77563257998,2862.8952569169955,3259.1952129995607,13,2.8556006668189147,1069.3986971160882,2024-01-25,A100,aws,A100,p4d24xlarge,us-west-2,0,C:\Users\FarhadBillimoria\OneDrive - Aurora Energy Research\Documents\Personal\Endog_demand_AI\pyai\data\original\prices\A100\EC2_p4d24xlarge_us-west-2.csv
2025-05-04,3019.7292978090077,2897.6998243302587,3250.576416337285,9,2.82376377112904,1069.3986971160882,2024-01-25,A100,aws,A100,p4d24xlarge,us-west-2,0,C:\Users\FarhadBillimoria\OneDrive - Aurora Energy Research\Documents\Personal\Endog_demand_AI\pyai\data\original\prices\A100\EC2_p4d24xlarge_us-west-2.csv
2025-05-05,3065.928938211546,2871.3219148001754,3274.648660518225,13,2.866965282901149,1069.3986971160882,2024-01-25,A100,aws,A100,p4d24xlarge,us-west-2,0,C:\Users\FarhadBillimoria\OneDrive - Aurora Energy Research\Documents\Personal\Endog_demand_AI\pyai\data\original\prices\A100\EC2_p4d24xlarge_us-west-2.csv
2025-05-06,3059.3022617479132,2914.9923144488357,3220.355731225296,12,2.8607686450321266,1069.3986971160882,2024-01-25,A100,aws,A100,p4d24xlarge,us-west-2,0,C:\Users\FarhadBillimoria\OneDrive - Aurora Energy Research\Documents\Personal\Endog_demand_AI\pyai\data\original\prices\A100\EC2_p4d24xlarge_us-west-2.csv
2025-05-07,3073.6714975845407,2936.045234958278,3193.950373298199,12,2.874205388386479,1069.3986971160882,2024-01-25,A100,aws,A100,p4d24xlarge,us-west-2,0,C:\Users\FarhadBillimoria\OneDrive - Aurora Energy Research\Documents\Personal\Endog_demand_AI\pyai\data\original\prices\A100\EC2_p4d24xlarge_us-west-2.csv
2025-05-08,3106.2939174352214,2940.2173913043475,3241.902722880983,12,2.904710774206244,1069.3986971160882,2024-01-25,A100,aws,A100,p4d24xlarge,us-west-2,0,C:\Users\FarhadBillimoria\OneDrive - Aurora Energy Research\Documents\Personal\Endog_demand_AI\pyai\data\original\prices\A100\EC2_p4d24xlarge_us-west-2.csv
2025-05-09,3097.153601229688,2973.018225735617,3207.9216073781286,10,2.896163619407774,1069.3986971160882,2024-01-25,A100,aws,A100,p4d24xlarge,us-west-2,0,C:\Users\FarhadBillimoria\OneDrive - Aurora Energy Research\Documents\Personal\Endog_demand_AI\pyai\data\original\prices\A100\EC2_p4d24xlarge_us-west-2.csv
2025-05-10,3082.619675010979,2948.8910847606494,3218.7911725955196,13,2.88257287326426,1069.3986971160882,2024-01-25,A100,aws,A100,p4d24xlarge,us-west-2,0,C:\Users\FarhadBillimoria\OneDrive - Aurora Energy Research\Documents\Personal\Endog_demand_AI\pyai\data\original\prices\A100\EC2_p4d24xlarge_us-west-2.csv
2025-05-11,3047.6010101010097,2930.555555555555,3202.706411945542,10,2.849826746862193,1069.3986971160882,2024-01-25,A100,aws,A100,p4d24xlarge,us-west-2,0,C:\Users\FarhadBillimoria\OneDrive - Aurora Energy Research\Documents\Personal\Endog_demand_AI\pyai\data\original\prices\A100\EC2_p4d24xlarge_us-west-2.csv
2025-05-16,2800.285463328941,2663.2356170399644,2877.1958717610887,3,2.61856075837818,1069.3986971160882,2024-01-25,A100,aws,A100,p4d24xlarge,us-west-2,0,C:\Users\FarhadBillimoria\OneDrive - Aurora Energy Research\Documents\Personal\Endog_demand_AI\pyai\data\original\prices\A100\EC2_p4d24xlarge_us-west-2.csv
2025-05-17,2741.545893719807,2598.512296881862,2887.0498462889764,12,2.5636330969105336,1069.3986971160882,2024-01-25,A100,aws,A100,p4d24xlarge,us-west-2,0,C:\Users\FarhadBillimoria\OneDrive - Aurora Energy Research\Documents\Personal\Endog_demand_AI\pyai\data\original\prices\A100\EC2_p4d24xlarge_us-west-2.csv
2025-05-18,2655.5226174791387,2511.226394378568,2762.983091787439,11,2.4831923067051105,1069.3986971160882,2024-01-25,A100,aws,A100,p4d24xlarge,us-west-2,0,C:\Users\FarhadBillimoria\OneDrive - Aurora Energy Research\Documents\Personal\Endog_demand_AI\pyai\data\original\prices\A100\EC2_p4d24xlarge_us-west-2.csv
2025-05-19,2611.7115447957835,2512.983091787439,2841.293368467281,8,2.442224356396677,1069.3986971160882,2024-01-25,A100,aws,A100,p4d24xlarge,us-west-2,0,C:\Users\FarhadBillimoria\OneDrive - Aurora Energy Research\Documents\Personal\Endog_demand_AI\pyai\data\original\prices\A100\EC2_p4d24xlarge_us-west-2.csv
2025-05-20,2689.7988032498897,2498.984409310496,3035.051602986385,12,2.5152441371993737,1069.3986971160882,2024-01-25,A100,aws,A100,p4d24xlarge,us-west-2,0,C:\Users\FarhadBillimoria\OneDrive - Aurora Energy Research\Documents\Personal\Endog_demand_AI\pyai\data\original\prices\A100\EC2_p4d24xlarge_us-west-2.csv
2025-05-21,2750.466622749231,2489.267676767676,3082.6196750109793,10,2.571974914656788,1069.3986971160882,2024-01-25,A100,aws,A100,p4d24xlarge,us-west-2,0,C:\Users\FarhadBillimoria\OneDrive - Aurora Energy Research\Documents\Personal\Endog_demand_AI\pyai\data\original\prices\A100\EC2_p4d24xlarge_us-west-2.csv
2025-05-22,2648.681632377284,2501.893939393939,3040.239350021958,13,2.4767952677707044,1069.3986971160882,2024-01-25,A100,aws,A100,p4d24xlarge,us-west-2,0,C:\Users\FarhadBillimoria\OneDrive - Aurora Energy Research\Documents\Personal\Endog_demand_AI\pyai\data\original\prices\A100\EC2_p4d24xlarge_us-west-2.csv
2025-05-23,2700.400746596398,2549.763943785683,3055.281071585419,11,2.5251580667516533,1069.3986971160882,2024-01-25,A100,aws,A100,p4d24xlarge,us-west-2,0,C:\Users\FarhadBillimoria\OneDrive - Aurora Energy Research\Documents\Personal\Endog_demand_AI\pyai\data\original\prices\A100\EC2_p4d24xlarge_us-west-2.csv
2025-05-24,2688.538048468878,2557.284804567413,3016.469038208168,11,2.5140651991808296,1069.3986971160882,2024-01-25,A100,aws,A100,p4d24xlarge,us-west-2,0,C:\Users\FarhadBillimoria\OneDrive - Aurora Energy Research\Documents\Personal\Endog_demand_AI\pyai\data\original\prices\A100\EC2_p4d24xlarge_us-west-2.csv
2025-05-25,2744.7655906895034,2509.277558190601,3083.333333333333,10,2.5666438514386427,1069.3986971160882,2024-01-25,A100,aws,A100,p4d24xlarge,us-west-2,0,C:\Users\FarhadBillimoria\OneDrive - Aurora Energy Research\Documents\Personal\Endog_demand_AI\pyai\data\original\prices\A100\EC2_p4d24xlarge_us-west-2.csv
2025-05-26,2702.660664617186,2509.7441809398324,3167.105841018884,12,2.5272713272473712,1069.3986971160882,2024-01-25,A100,aws,A100,p4d24xlarge,us-west-2,0,C:\Users\FarhadBillimoria\OneDrive - Aurora Energy Research\Documents\Personal\Endog_demand_AI\pyai\data\original\prices\A100\EC2_p4d24xlarge_us-west-2.csv
2025-05-27,2803.204142878056,2551.0540184453225,3235.3700043917434,12,2.6212900300305444,1069.3986971160882,2024-01-25,A100,aws,A100,p4d24xlarge,us-west-2,0,C:\Users\FarhadBillimoria\OneDrive - Aurora Energy Research\Documents\Personal\Endog_demand_AI\pyai\data\original\prices\A100\EC2_p4d24xlarge_us-west-2.csv
2025-05-28,2788.8569489359998,2567.7975406236274,3252.744839701361,11,2.6078738981606,1069.3986971160882,2024-01-25,A100,aws,A100,p4d24xlarge,us-west-2,0,C:\Users\FarhadBillimoria\OneDrive - Aurora Energy Research\Documents\Personal\Endog_demand_AI\pyai\data\original\prices\A100\EC2_p4d24xlarge_us-west-2.csv
2025-05-29,2853.6152034175743,2620.608256477821,3243.1653491436095,11,2.668429661559426,1069.3986971160882,2024-01-25,A100,aws,A100,p4d24xlarge,us-west-2,0,C:\Users\FarhadBillimoria\OneDrive - Aurora Energy Research\Documents\Personal\Endog_demand_AI\pyai\data\original\prices\A100\EC2_p4d24xlarge_us-west-2.csv
2025-05-30,2795.8540721221875,2636.720465524813,3259.085419411506,9,2.6144169425883304,1069.3986971160882,2024-01-25,A100,aws,A100,p4d24xlarge,us-west-2,0,C:\Users\FarhadBillimoria\OneDrive - Aurora Energy Research\Documents\Personal\Endog_demand_AI\pyai\data\original\prices\A100\EC2_p4d24xlarge_us-west-2.csv
2025-05-31,2840.674531880065,2650.636802810716,3232.3506807202452,11,2.6563287757322716,1069.3986971160882,2024-01-25,A100,aws,A100,p4d24xlarge,us-west-2,0,C:\Users\FarhadBillimoria\OneDrive - Aurora Energy Research\Documents\Personal\Endog_demand_AI\pyai\data\original\prices\A100\EC2_p4d24xlarge_us-west-2.csv
2025-06-01,2871.612410335236,2693.1818181818176,3202.925999121651,12,2.685258938578554,1069.3986971160882,2024-01-25,A100,aws,A100,p4d24xlarge,us-west-2,0,C:\Users\FarhadBillimoria\OneDrive - Aurora Energy Research\Documents\Personal\Endog_demand_AI\pyai\data\original\prices\A100\EC2_p4d24xlarge_us-west-2.csv
2025-06-02,2988.5155906895034,2680.9672815107597,3275.6916996047426,5,2.7945756795373073,1069.3986971160882,2024-01-25,A100,aws,A100,p4d24xlarge,us-west-2,0,C:\Users\FarhadBillimoria\OneDrive - Aurora Energy Research\Documents\Personal\Endog_demand_AI\pyai\data\original\prices\A100\EC2_p4d24xlarge_us-west-2.csv
2025-06-03,2934.178743961352,2679.8144488361877,3324.632191480017,13,2.7437650259665816,1069.3986971160882,2024-01-25,A100,aws,A100,p4d24xlarge,us-west-2,0,C:\Users\FarhadBillimoria\OneDrive - Aurora Energy Research\Documents\Personal\Endog_demand_AI\pyai\data\original\prices\A100\EC2_p4d24xlarge_us-west-2.csv
2025-06-04,3110.457340200423,2642.5120772946857,3412.8513394817737,11,2.908604011383762,1069.3986971160882,2024-01-25,A100,aws,A100,p4d24xlarge,us-west-2,0,C:\Users\FarhadBillimoria\OneDrive - Aurora Energy Research\Documents\Personal\Endog_demand_AI\pyai\data\original\prices\A100\EC2_p4d24xlarge_us-west-2.csv
2025-06-05,3054.257246376811,2606.3076416337285,3415.2119016249444,10,2.8560510262574756,1069.3986971160882,2024-01-25,A100,aws,A100,p4d24xlarge,us-west-2,0,C:\Users\FarhadBillimoria\OneDrive - Aurora Energy Research\Documents\Personal\Endog_demand_AI\pyai\data\original\prices\A100\EC2_p4d24xlarge_us-west-2.csv
2025-06-06,3004.4241825368304,2549.21497584541,3332.427536231884,11,2.809451882295202,1069.3986971160882,2024-01-25,A100,aws,A100,p4d24xlarge,us-west-2,0,C:\Users\FarhadBillimoria\OneDrive - Aurora Energy Research\Documents\Personal\Endog_demand_AI\pyai\data\original\prices\A100\EC2_p4d24xlarge_us-west-2.csv
2025-06-07,2904.1913702239785,2427.344093104962,3210.638998682476,10,2.715723684773402,1069.3986971160882,2024-01-25,A100,aws,A100,p4d24xlarge,us-west-2,0,C:\Users\FarhadBillimoria\OneDrive - Aurora Energy Research\Documents\Personal\Endog_demand_AI\pyai\data\original\prices\A100\EC2_p4d24xlarge_us-west-2.csv
2025-06-08,2727.1025472112424,2286.012296881862,3154.4795783926215,10,2.5501270523010584,1069.3986971160882,2024-01-25,A100,aws,A100,p4d24xlarge,us-west-2,0,C:\Users\FarhadBillimoria\OneDrive - Aurora Energy Research\Documents\Personal\Endog_demand_AI\pyai\data\original\prices\A100\EC2_p4d24xlarge_us-west-2.csv
2025-06-09,2635.057092665788,2229.770531400966,2892.2101449275356,10,2.4640548934386257,1069.3986971160882,2024-01-25,A100,aws,A100,p4d24xlarge,us-west-2,0,C:\Users\FarhadBillimoria\OneDrive - Aurora Energy Research\Documents\Personal\Endog_demand_AI\pyai\data\original\prices\A100\EC2_p4d24xlarge_us-west-2.csv
2025-06-10,2539.5107198466876,2139.2457180500655,2779.946201141853,11,2.3747090086187117,1069.3986971160882,2024-01-25,A100,aws,A100,p4d24xlarge,us-west-2,0,C:\Users\FarhadBillimoria\OneDrive - Aurora Energy Research\Documents\Personal\Endog_demand_AI\pyai\data\original\prices\A100\EC2_p4d24xlarge_us-west-2.csv
2025-06-11,2425.494071146245,2055.66534914361,2670.481993851559,10,2.2680914776567622,1069.3986971160882,2024-01-25,A100,aws,A100,p4d24xlarge,us-west-2,0,C:\Users\FarhadBillimoria\OneDrive - Aurora Energy Research\Documents\Personal\Endog_demand_AI\pyai\data\original\prices\A100\EC2_p4d24xlarge_us-west-2.csv
2025-06-12,2193.5166886253837,1919.3291611769869,2511.857707509881,10,2.051168282270001,1069.3986971160882,2024-01-25,A100,aws,A100,p4d24xlarge,us-west-2,0,C:\Users\FarhadBillimoria\OneDrive - Aurora Energy Research\Documents\Personal\Endog_demand_AI\pyai\data\original\prices\A100\EC2_p4d24xlarge_us-west-2.csv
2025-06-13,2233.9289635485284,1808.6846728151074,2444.9110671936755,12,2.0889580000171115,1069.3986971160882,2024-01-25,A100,aws,A100,p4d24xlarge,us-west-2,0,C:\Users\FarhadBillimoria\OneDrive - Aurora Energy Research\Documents\Personal\Endog_demand_AI\pyai\data\original\prices\A100\EC2_p4d24xlarge_us-west-2.csv
2025-06-14,2139.0336168004146,1750.4940711462448,2429.8967940272287,11,2.000220892889504,1069.3986971160882,2024-01-25,A100,aws,A100,p4d24xlarge,us-west-2,0,C:\Users\FarhadBillimoria\OneDrive - Aurora Energy Research\Documents\Personal\Endog_demand_AI\pyai\data\original\prices\A100\EC2_p4d24xlarge_us-west-2.csv
2025-06-15,2137.6491362904403,1709.4861660079048,2458.9097496706186,12,1.9989262583311231,1069.3986971160882,2024-01-25,A100,aws,A100,p4d24xlarge,us-west-2,0,C:\Users\FarhadBillimoria\OneDrive - Aurora Energy Research\Documents\Personal\Endog_demand_AI\pyai\data\original\prices\A100\EC2_p4d24xlarge_us-west-2.csv
2025-06-16,2079.2215634606937,1698.0127360562142,2458.196091348265,10,1.9442903465918329,1069.3986971160882,2024-01-25,A100,aws,A100,p4d24xlarge,us-west-2,0,C:\Users\FarhadBillimoria\OneDrive - Aurora Energy Research\Documents\Personal\Endog_demand_AI\pyai\data\original\prices\A100\EC2_p4d24xlarge_us-west-2.csv
2025-06-17,2054.249469330991,1679.3203776899427,2501.5096618357484,12,1.9209388181141505,1069.3986971160882,2024-01-25,A100,aws,A100,p4d24xlarge,us-west-2,0,C:\Users\FarhadBillimoria\OneDrive - Aurora Energy Research\Documents\Personal\Endog_demand_AI\pyai\data\original\prices\A100\EC2_p4d24xlarge_us-west-2.csv
2025-06-18,2084.1468040084637,1682.147562582345,2480.895915678524,11,1.9488959633380027,1069.3986971160882,2024-01-25,A100,aws,A100,p4d24xlarge,us-west-2,0,C:\Users\FarhadBillimoria\OneDrive - Aurora Energy Research\Documents\Personal\Endog_demand_AI\pyai\data\original\prices\A100\EC2_p4d24xlarge_us-west-2.csv
2025-06-19,2063.992770514509,1698.149978041282,2480.264602547211,13,1.930049827141741,1069.3986971160882,2024-01-25,A100,aws,A100,p4d24xlarge,us-west-2,0,C:\Users\FarhadBillimoria\OneDrive - Aurora Energy Research\Documents\Personal\Endog_demand_AI\pyai\data\original\prices\A100\EC2_p4d24xlarge_us-west-2.csv
2025-06-20,2116.386193955364,1689.970355731225,2467.4736495388665,11,1.979043176004188,1069.3986971160882,2024-01-25,A100,aws,A100,p4d24xlarge,us-west-2,0,C:\Users\FarhadBillimoria\OneDrive - Aurora Energy Research\Documents\Personal\Endog_demand_AI\pyai\data\original\prices\A100\EC2_p4d24xlarge_us-west-2.csv
2025-06-21,2068.4710820580385,1687.5274483970134,2495.7180500658756,13,1.934237518370098,1069.3986971160882,2024-01-25,A100,aws,A100,p4d24xlarge,us-west-2,0,C:\Users\FarhadBillimoria\OneDrive - Aurora Energy Research\Documents\Personal\Endog_demand_AI\pyai\data\original\prices\A100\EC2_p4d24xlarge_us-west-2.csv
2025-06-22,2228.7976382179277,1746.7610891523934,2558.7121212121206,9,2.0841596723733256,1069.3986971160882,2024-01-25,A100,aws,A100,p4d24xlarge,us-west-2,0,C:\Users\FarhadBillimoria\OneDrive - Aurora Energy Research\Documents\Personal\Endog_demand_AI\pyai\data\original\prices\A100\EC2_p4d24xlarge_us-west-2.csv
2025-06-23,2188.8971234079927,1748.7648221343873,2584.239130434782,10,2.046848504034018,1069.3986971160882,2024-01-25,A100,aws,A100,p4d24xlarge,us-west-2,0,C:\Users\FarhadBillimoria\OneDrive - Aurora Energy Research\Documents\Personal\Endog_demand_AI\pyai\data\original\prices\A100\EC2_p4d24xlarge_us-west-2.csv
2025-06-24,2214.2923803249887,1756.8072024593762,2640.5083443126914,10,2.0705957341227403,1069.3986971160882,2024-01-25,A100,aws,A100,p4d24xlarge,us-west-2,0,C:\Users\FarhadBillimoria\OneDrive - Aurora Energy Research\Documents\Personal\Endog_demand_AI\pyai\data\original\prices\A100\EC2_p4d24xlarge_us-west-2.csv
2025-06-25,2143.370463528566,1735.6993851559066,2697.161835748792,11,2.0042762996707606,1069.3986971160882,2024-01-25,A100,aws,A100,p4d24xlarge,us-west-2,0,C:\Users\FarhadBillimoria\OneDrive - Aurora Energy Research\Documents\Personal\Endog_demand_AI\pyai\data\original\prices\A100\EC2_p4d24xlarge_us-west-2.csv
2025-06-26,2245.4909769633086,1708.3882301273604,2711.95652173913,11,2.0997696958289356,1069.3986971160882,2024-01-25,A100,aws,A100,p4d24xlarge,us-west-2,0,C:\Users\FarhadBillimoria\OneDrive - Aurora Energy Research\Documents\Personal\Endog_demand_AI\pyai\data\original\prices\A100\EC2_p4d24xlarge_us-west-2.csv
2025-06-27,2123.6060135516655,1656.3735177865613,2705.0120772946857,14,1.9857944649441985,1069.3986971160882,2024-01-25,A100,aws,A100,p4d24xlarge,us-west-2,0,C:\Users\FarhadBillimoria\OneDrive - Aurora Energy Research\Documents\Personal\Endog_demand_AI\pyai\data\original\prices\A100\EC2_p4d24xlarge_us-west-2.csv
2025-06-28,2195.6055116381203,1649.0447957839258,2686.621651295564,10,2.0531215509792013,1069.3986971160882,2024-01-25,A100,aws,A100,p4d24xlarge,us-west-2,0,C:\Users\FarhadBillimoria\OneDrive - Aurora Energy Research\Documents\Personal\Endog_demand_AI\pyai\data\original\prices\A100\EC2_p4d24xlarge_us-west-2.csv
2025-06-29,2143.441099962839,1623.5177865612645,2715.167984189723,13,2.004342352149096,1069.3986971160882,2024-01-25,A100,aws,A100,p4d24xlarge,us-west-2,0,C:\Users\FarhadBillimoria\OneDrive - Aurora Energy Research\Documents\Personal\Endog_demand_AI\pyai\data\original\prices\A100\EC2_p4d24xlarge_us-west-2.csv
2025-06-30,2279.4681415605323,1604.19411506368,2703.9415898111547,12,2.131541910147928,1069.3986971160882,2024-01-25,A100,aws,A100,p4d24xlarge,us-west-2,0,C:\Users\FarhadBillimoria\OneDrive - Aurora Energy Research\Documents\Personal\Endog_demand_AI\pyai\data\original\prices\A100\EC2_p4d24xlarge_us-west-2.csv
2025-07-01,2174.8505118070334,1599.3906455862975,2618.2476943346505,13,2.033713448194844,1069.3986971160882,2024-01-25,A100,aws,A100,p4d24xlarge,us-west-2,0,C:\Users\FarhadBillimoria\OneDrive - Aurora Energy Research\Documents\Personal\Endog_demand_AI\pyai\data\original\prices\A100\EC2_p4d24xlarge_us-west-2.csv
2025-07-02,2155.3684841728314,1619.5652173913043,2592.583443126921,13,2.0154957079949165,1069.3986971160882,2024-01-25,A100,aws,A100,p4d24xlarge,us-west-2,0,C:\Users\FarhadBillimoria\OneDrive - Aurora Energy Research\Documents\Personal\Endog_demand_AI\pyai\data\original\prices\A100\EC2_p4d24xlarge_us-west-2.csv
2025-07-03,2239.0780332974005,1624.917654808959,2569.8012736056207,11,2.0937729205540054,1069.3986971160882,2024-01-25,A100,aws,A100,p4d24xlarge,us-west-2,0,C:\Users\FarhadBillimoria\OneDrive - Aurora Energy Research\Documents\Personal\Endog_demand_AI\pyai\data\original\prices\A100\EC2_p4d24xlarge_us-west-2.csv
2025-07-04,2230.7037768994287,1685.0021958717607,2593.4892402283704,11,2.085942112062696,1069.3986971160882,2024-01-25,A100,aws,A100,p4d24xlarge,us-west-2,0,C:\Users\FarhadBillimoria\OneDrive - Aurora Energy Research\Documents\Personal\Endog_demand_AI\pyai\data\original\prices\A100\EC2_p4d24xlarge_us-west-2.csv
2025-07-05,2142.8364674412105,1686.923583662714,2624.341238471673,11,2.0037769572937827,1069.3986971160882,2024-01-25,A100,aws,A100,p4d24xlarge,us-west-2,0,C:\Users\FarhadBillimoria\OneDrive - Aurora Energy Research\Documents\Personal\Endog_demand_AI\pyai\data\original\prices\A100\EC2_p4d24xlarge_us-west-2.csv
2025-07-06,2147.148361081167,1697.106938954765,2657.7459376372417,11,2.0078090303191045,1069.3986971160882,2024-01-25,A100,aws,A100,p4d24xlarge,us-west-2,0,C:\Users\FarhadBillimoria\OneDrive - Aurora Energy Research\Documents\Personal\Endog_demand_AI\pyai\data\original\prices\A100\EC2_p4d24xlarge_us-west-2.csv
2025-07-07,2222.3891999707216,1760.9244620114182,2637.1596398770307,12,2.0781671101376618,1069.3986971160882,2024-01-25,A100,aws,A100,p4d24xlarge,us-west-2,0,C:\Users\FarhadBillimoria\OneDrive - Aurora Energy Research\Documents\Personal\Endog_demand_AI\pyai\data\original\prices\A100\EC2_p4d24xlarge_us-west-2.csv
2025-07-08,2210.245571658615,1782.5537988581466,2661.3142292490115,12,2.066811543364619,1069.3986971160882,2024-01-25,A100,aws,A100,p4d24xlarge,us-west-2,0,C:\Users\FarhadBillimoria\OneDrive - Aurora Energy Research\Documents\Personal\Endog_demand_AI\pyai\data\original\prices\A100\EC2_p4d24xlarge_us-west-2.csv
2025-07-09,2220.859783606819,1827.706411945542,2637.3792270531394,11,2.0767369453468993,1069.3986971160882,2024-01-25,A100,aws,A100,p4d24xlarge,us-west-2,0,C:\Users\FarhadBillimoria\OneDrive - Aurora Energy Research\Documents\Personal\Endog_demand_AI\pyai\data\original\prices\A100\EC2_p4d24xlarge_us-west-2.csv
2025-07-10,2276.801072317376,1861.6326306543697,2650.087834870443,12,2.1290479205345605,1069.3986971160882,2024-01-25,A100,aws,A100,p4d24xlarge,us-west-2,0,C:\Users\FarhadBillimoria\OneDrive - Aurora Energy Research\Documents\Personal\Endog_demand_AI\pyai\data\original\prices\A100\EC2_p4d24xlarge_us-west-2.csv
2025-07-11,2290.959342589777,1962.2310057092661,2630.3524374176545,13,2.1422873889485228,1069.3986971160882,2024-01-25,A100,aws,A100,p4d24xlarge,us-west-2,0,C:\Users\FarhadBillimoria\OneDrive - Aurora Energy Research\Documents\Personal\Endog_demand_AI\pyai\data\original\prices\A100\EC2_p4d24xlarge_us-west-2.csv
2025-07-12,2246.6764565949347,1976.1747913921824,2556.35155906895,12,2.100878243683747,1069.3986971160882,2024-01-25,A100,aws,A100,p4d24xlarge,us-west-2,0,C:\Users\FarhadBillimoria\OneDrive - Aurora Energy Research\Documents\Personal\Endog_demand_AI\pyai\data\original\prices\A100\EC2_p4d24xlarge_us-west-2.csv
2025-07-13,2305.4045893719804,1969.2577953447517,2514.081027667984,10,2.1557952105132574,1069.3986971160882,2024-01-25,A100,aws,A100,p4d24xlarge,us-west-2,0,C:\Users\FarhadBillimoria\OneDrive - Aurora Energy Research\Documents\Personal\Endog_demand_AI\pyai\data\original\prices\A100\EC2_p4d24xlarge_us-west-2.csv
2025-07-14,2285.952825354999,1997.6668862538424,2518.22573561704,12,2.1376057699711675,1069.3986971160882,2024-01-25,A100,aws,A100,p4d24xlarge,us-west-2,0,C:\Users\FarhadBillimoria\OneDrive - Aurora Energy Research\Documents\Personal\Endog_demand_AI\pyai\data\original\prices\A100\EC2_p4d24xlarge_us-west-2.csv
2025-07-15,2340.88713219148,2076.526130873957,2551.163812033377,10,2.1889751114381295,1069.3986971160882,2024-01-25,A100,aws,A100,p4d24xlarge,us-west-2,0,C:\Users\FarhadBillimoria\OneDrive - Aurora Energy Research\Documents\Personal\Endog_demand_AI\pyai\data\original\prices\A100\EC2_p4d24xlarge_us-west-2.csv
2025-07-16,2398.487382183034,2168.121431708388,2595.932147562582,13,2.2428373895079345,1069.3986971160882,2024-01-25,A100,aws,A100,p4d24xlarge,us-west-2,0,C:\Users\FarhadBillimoria\OneDrive - Aurora Energy Research\Documents\Personal\Endog_demand_AI\pyai\data\original\prices\A100\EC2_p4d24xlarge_us-west-2.csv
2025-07-17,2411.4324684976855,2240.6675450153707,2639.35551163812,13,2.254942403614985,1069.3986971160882,2024-01-25,A100,aws,A100,p4d24xlarge,us-west-2,0,C:\Users\FarhadBillimoria\OneDrive - Aurora Energy Research\Documents\Personal\Endog_demand_AI\pyai\data\original\prices\A100\EC2_p4d24xlarge_us-west-2.csv
2025-07-18,2447.8804846887847,2297.4857268335527,2688.6253842775577,11,2.289025123455014,1069.3986971160882,2024-01-25,A100,aws,A100,p4d24xlarge,us-west-2,0,C:\Users\FarhadBillimoria\OneDrive - Aurora Energy Research\Documents\Personal\Endog_demand_AI\pyai\data\original\prices\A100\EC2_p4d24xlarge_us-west-2.csv
2025-07-19,2475.6593714927044,2267.7316644707944,2630.8465085638995,9,2.315001297616094,1069.3986971160882,2024-01-25,A100,aws,A100,p4d24xlarge,us-west-2,0,C:\Users\FarhadBillimoria\OneDrive - Aurora Energy Research\Documents\Personal\Endog_demand_AI\pyai\data\original\prices\A100\EC2_p4d24xlarge_us-west-2.csv
2025-07-20,2492.8858745558346,2334.0469916556867,2677.78326745718,11,2.331109885656818,1069.3986971160882,2024-01-25,A100,aws,A100,p4d24xlarge,us-west-2,0,C:\Users\FarhadBillimoria\OneDrive - Aurora Energy Research\Documents\Personal\Endog_demand_AI\pyai\data\original\prices\A100\EC2_p4d24xlarge_us-west-2.csv
2025-07-21,2493.4241483154524,2423.8032498902057,2680.0889328063236,7,2.3316132281062427,1069.3986971160882,2024-01-25,A100,aws,A100,p4d24xlarge,us-west-2,0,C:\Users\FarhadBillimoria\OneDrive - Aurora Energy Research\Documents\Personal\Endog_demand_AI\pyai\data\original\prices\A100\EC2_p4d24xlarge_us-west-2.csv
2025-07-22,2522.1508563899865,2399.895696091348,2679.7046552481333,12,2.3584757146157203,1069.3986971160882,2024-01-25,A100,aws,A100,p4d24xlarge,us-west-2,0,C:\Users\FarhadBillimoria\OneDrive - Aurora Energy Research\Documents\Personal\Endog_demand_AI\pyai\data\original\prices\A100\EC2_p4d24xlarge_us-west-2.csv
2025-07-23,2563.854120919338,2282.1146245059285,2798.3640755379884,12,2.397472643115648,1069.3986971160882,2024-01-25,A100,aws,A100,p4d24xlarge,us-west-2,0,C:\Users\FarhadBillimoria\OneDrive - Aurora Energy Research\Documents\Personal\Endog_demand_AI\pyai\data\original\prices\A100\EC2_p4d24xlarge_us-west-2.csv
2025-07-24,2519.720617546704,2270.9431269213874,2826.581027667984,13,2.35620318627822,1069.3986971160882,2024-01-25,A100,aws,A100,p4d24xlarge,us-west-2,0,C:\Users\FarhadBillimoria\OneDrive - Aurora Energy Research\Documents\Personal\Endog_demand_AI\pyai\data\original\prices\A100\EC2_p4d24xlarge_us-west-2.csv
2025-07-25,2567.901844532279,2297.6229688186204,2826.443785682916,10,2.40125768944482,1069.3986971160882,2024-01-25,A100,aws,A100,p4d24xlarge,us-west-2,0,C:\Users\FarhadBillimoria\OneDrive - Aurora Energy Research\Documents\Personal\Endog_demand_AI\pyai\data\original\prices\A100\EC2_p4d24xlarge_us-west-2.csv
2025-07-26,2508.028656126482,2271.87637241985,2828.8317962231,12,2.345269975445111,1069.3986971160882,2024-01-25,A100,aws,A100,p4d24xlarge,us-west-2,0,C:\Users\FarhadBillimoria\OneDrive - Aurora Energy Research\Documents\Personal\Endog_demand_AI\pyai\data\original\prices\A100\EC2_p4d24xlarge_us-west-2.csv
2025-07-27,2502.2183295404634,2266.8807641633725,2823.0401844532275,11,2.3398367103759767,1069.3986971160882,2024-01-25,A100,aws,A100,p4d24xlarge,us-west-2,0,C:\Users\FarhadBillimoria\OneDrive - Aurora Energy Research\Documents\Personal\Endog_demand_AI\pyai\data\original\prices\A100\EC2_p4d24xlarge_us-west-2.csv
2025-07-28,2461.588255745864,2217.1168203776897,2806.7358366271405,12,2.3018433278291597,1069.3986971160882,2024-01-25,A100,aws,A100,p4d24xlarge,us-west-2,0,C:\Users\FarhadBillimoria\OneDrive - Aurora Energy Research\Documents\Personal\Endog_demand_AI\pyai\data\original\prices\A100\EC2_p4d24xlarge_us-west-2.csv
2025-07-29,2452.8735976364433,2162.5219587176107,2812.8568291611764,11,2.2936942080173233,1069.3986971160882,2024-01-25,A100,aws,A100,p4d24xlarge,us-west-2,0,C:\Users\FarhadBillimoria\OneDrive - Aurora Energy Research\Documents\Personal\Endog_demand_AI\pyai\data\original\prices\A100\EC2_p4d24xlarge_us-west-2.csv
2025-07-30,2445.1093056165514,2168.5057092665784,2815.4095300834424,9,2.2864337802266124,1069.3986971160882,2024-01-25,A100,aws,A100,p4d24xlarge,us-west-2,0,C:\Users\FarhadBillimoria\OneDrive - Aurora Energy Research\Documents\Personal\Endog_demand_AI\pyai\data\original\prices\A100\EC2_p4d24xlarge_us-west-2.csv
2025-07-31,2431.862521536434,2178.140096618357,2794.987922705314,13,2.2740466470499583,1069.3986971160882,2024-01-25,A100,aws,A100,p4d24xlarge,us-west-2,0,C:\Users\FarhadBillimoria\OneDrive - Aurora Energy Research\Documents\Personal\Endog_demand_AI\pyai\data\original\prices\A100\EC2_p4d24xlarge_us-west-2.csv
2025-08-01,2481.543240374762,2206.439393939394,2778.7659200702674,12,2.3205033324492432,1069.3986971160882,2024-01-25,A100,aws,A100,p4d24xlarge,us-west-2,0,C:\Users\FarhadBillimoria\OneDrive - Aurora Energy Research\Documents\Personal\Endog_demand_AI\pyai\data\original\prices\A100\EC2_p4d24xlarge_us-west-2.csv
2025-08-02,2422.895165422339,2226.833552920509,2732.954545454545,12,2.2656612280866866,1069.3986971160882,2024-01-25,A100,aws,A100,p4d24xlarge,us-west-2,0,C:\Users\FarhadBillimoria\OneDrive - Aurora Energy Research\Documents\Personal\Endog_demand_AI\pyai\data\original\prices\A100\EC2_p4d24xlarge_us-west-2.csv
2025-08-03,2492.746761089152,2200.290953008344,2884.771629336846,12,2.3309797999674884,1069.3986971160882,2024-01-25,A100,aws,A100,p4d24xlarge,us-west-2,0,C:\Users\FarhadBillimoria\OneDrive - Aurora Energy Research\Documents\Personal\Endog_demand_AI\pyai\data\original\prices\A100\EC2_p4d24xlarge_us-west-2.csv
2025-08-04,2587.6901425320393,2177.2617479139217,3004.3368467281502,11,2.4197618245752675,1069.3986971160882,2024-01-25,A100,aws,A100,p4d24xlarge,us-west-2,0,C:\Users\FarhadBillimoria\OneDrive - Aurora Energy Research\Documents\Personal\Endog_demand_AI\pyai\data\original\prices\A100\EC2_p4d24xlarge_us-west-2.csv
2025-08-05,2715.4549447039562,2170.674132630654,3115.0636802810714,11,2.539235321706382,1069.3986971160882,2024-01-25,A100,aws,A100,p4d24xlarge,us-west-2,0,C:\Users\FarhadBillimoria\OneDrive - Aurora Energy Research\Documents\Personal\Endog_demand_AI\pyai\data\original\prices\A100\EC2_p4d24xlarge_us-west-2.csv
2025-08-06,2670.667270531401,2170.6466842336404,3099.143610013175,12,2.4973541465250984,1069.3986971160882,2024-01-25,A100,aws,A100,p4d24xlarge,us-west-2,0,C:\Users\FarhadBillimoria\OneDrive - Aurora Energy Research\Documents\Personal\Endog_demand_AI\pyai\data\original\prices\A100\EC2_p4d24xlarge_us-west-2.csv
2025-08-07,2644.138394817742,2153.656126482213,3117.9732103645147,12,2.472546863904313,1069.3986971160882,2024-01-25,A100,aws,A100,p4d24xlarge,us-west-2,0,C:\Users\FarhadBillimoria\OneDrive - Aurora Energy Research\Documents\Personal\Endog_demand_AI\pyai\data\original\prices\A100\EC2_p4d24xlarge_us-west-2.csv
2025-08-08,2827.384517107837,2171.030961791831,3110.04062362758,11,2.643901217322047,1069.3986971160882,2024-01-25,A100,aws,A100,p4d24xlarge,us-west-2,0,C:\Users\FarhadBillimoria\OneDrive - Aurora Energy Research\Documents\Personal\Endog_demand_AI\pyai\data\original\prices\A100\EC2_p4d24xlarge_us-west-2.csv
2025-08-09,2852.6744719926533,2186.4844093104957,3146.2176108915237,11,2.66754997896073,1069.3986971160882,2024-01-25,A100,aws,A100,p4d24xlarge,us-west-2,0,C:\Users\FarhadBillimoria\OneDrive - Aurora Energy Research\Documents\Personal\Endog_demand_AI\pyai\data\original\prices\A100\EC2_p4d24xlarge_us-west-2.csv
2025-08-10,2810.733499592195,2185.743302591128,3231.5546772068506,14,2.628330768657255,1069.3986971160882,2024-01-25,A100,aws,A100,p4d24xlarge,us-west-2,0,C:\Users\FarhadBillimoria\OneDrive - Aurora Energy Research\Documents\Personal\Endog_demand_AI\pyai\data\original\prices\A100\EC2_p4d24xlarge_us-west-2.csv
2025-08-11,2846.6979578392616,2185.688405797101,3167.0783926218705,10,2.661961311077078,1069.3986971160882,2024-01-25,A100,aws,A100,p4d24xlarge,us-west-2,0,C:\Users\FarhadBillimoria\OneDrive - Aurora Energy Research\Documents\Personal\Endog_demand_AI\pyai\data\original\prices\A100\EC2_p4d24xlarge_us-west-2.csv
2025-08-12,2793.098973929013,2194.3346508563895,3180.939833113746,11,2.6118406366693088,1069.3986971160882,2024-01-25,A100,aws,A100,p4d24xlarge,us-west-2,0,C:\Users\FarhadBillimoria\OneDrive - Aurora Energy Research\Documents\Personal\Endog_demand_AI\pyai\data\original\prices\A100\EC2_p4d24xlarge_us-west-2.csv
2025-08-13,2768.5775741605776,2212.972112428634,3198.7538427755817,11,2.58891055471338,1069.3986971160882,2024-01-25,A100,aws,A100,p4d24xlarge,us-west-2,0,C:\Users\FarhadBillimoria\OneDrive - Aurora Energy Research\Documents\Personal\Endog_demand_AI\pyai\data\original\prices\A100\EC2_p4d24xlarge_us-west-2.csv
2025-08-14,2807.4120653172035,2253.3761528326745,3214.646464646464,11,2.6252248790728103,1069.3986971160882,2024-01-25,A100,aws,A100,p4d24xlarge,us-west-2,0,C:\Users\FarhadBillimoria\OneDrive - Aurora Energy Research\Documents\Personal\Endog_demand_AI\pyai\data\original\prices\A100\EC2_p4d24xlarge_us-west-2.csv
2025-08-15,2827.3770311813787,2276.762187088274,3156.0990338164247,13,2.643894217195267,1069.3986971160882,2024-01-25,A100,aws,A100,p4d24xlarge,us-west-2,0,C:\Users\FarhadBillimoria\OneDrive - Aurora Energy Research\Documents\Personal\Endog_demand_AI\pyai\data\original\prices\A100\EC2_p4d24xlarge_us-west-2.csv
2025-08-16,2720.0034767969546,2250.247035573122,3202.047650417215,12,2.5434886765171414,1069.3986971160882,2024-01-25,A100,aws,A100,p4d24xlarge,us-west-2,0,C:\Users\FarhadBillimoria\OneDrive - Aurora Energy Research\Documents\Personal\Endog_demand_AI\pyai\data\original\prices\A100\EC2_p4d24xlarge_us-west-2.csv
2025-08-17,2759.9338244101086,2235.122968818621,3217.6932367149752,11,2.580827741657988,1069.3986971160882,2024-01-25,A100,aws,A100,p4d24xlarge,us-west-2,0,C:\Users\FarhadBillimoria\OneDrive - Aurora Energy Research\Documents\Personal\Endog_demand_AI\pyai\data\original\prices\A100\EC2_p4d24xlarge_us-west-2.csv
2025-08-18,2793.4805482359825,2201.55357927097,3187.3902064119447,12,2.6121974486871262,1069.3986971160882,2024-01-25,A100,aws,A100,p4d24xlarge,us-west-2,0,C:\Users\FarhadBillimoria\OneDrive - Aurora Energy Research\Documents\Personal\Endog_demand_AI\pyai\data\original\prices\A100\EC2_p4d24xlarge_us-west-2.csv
2025-08-19,2671.375314408911,2169.9330259112867,3132.7404479578386,11,2.498016241849714,1069.3986971160882,2024-01-25,A100,aws,A100,p4d24xlarge,us-west-2,0,C:\Users\FarhadBillimoria\OneDrive - Aurora Energy Research\Documents\Personal\Endog_demand_AI\pyai\data\original\prices\A100\EC2_p4d24xlarge_us-west-2.csv
2025-08-20,2637.8367003367,2190.6291172595515,3078.2553798858144,12,2.4666541182912534,1069.3986971160882,2024-01-25,A100,aws,A100,p4d24xlarge,us-west-2,0,C:\Users\FarhadBillimoria\OneDrive - Aurora Energy Research\Documents\Personal\Endog_demand_AI\pyai\data\original\prices\A100\EC2_p4d24xlarge_us-west-2.csv
2025-08-21,2706.6539904978636,2237.867808519982,3025.6093544137016,11,2.5310055059886087,1069.3986971160882,2024-01-25,A100,aws,A100,p4d24xlarge,us-west-2,0,C:\Users\FarhadBillimoria\OneDrive - Aurora Energy Research\Documents\Personal\Endog_demand_AI\pyai\data\original\prices\A100\EC2_p4d24xlarge_us-west-2.csv
2025-08-22,2663.0160298638557,2244.922046552481,2944.087615283267,13,2.4901994336119646,1069.3986971160882,2024-01-25,A100,aws,A100,p4d24xlarge,us-west-2,0,C:\Users\FarhadBillimoria\OneDrive - Aurora Energy Research\Documents\Personal\Endog_demand_AI\pyai\data\original\prices\A100\EC2_p4d24xlarge_us-west-2.csv
2025-08-23,2641.0747794147,2278.0522617479137,2948.4793588054454,11,2.469682062019568,1069.3986971160882,2024-01-25,A100,aws,A100,p4d24xlarge,us-west-2,0,C:\Users\FarhadBillimoria\OneDrive - Aurora Energy Research\Documents\Personal\Endog_demand_AI\pyai\data\original\prices\A100\EC2_p4d24xlarge_us-west-2.csv
2025-08-24,2583.080808080808,2234.9308300395255,2958.196091348265,10,2.4154516131792167,1069.3986971160882,2024-01-25,A100,aws,A100,p4d24xlarge,us-west-2,0,C:\Users\FarhadBillimoria\OneDrive - Aurora Energy Research\Documents\Personal\Endog_demand_AI\pyai\data\original\prices\A100\EC2_p4d24xlarge_us-west-2.csv
2025-08-25,2664.69861660079,2205.3689064558625,2959.431269213878,10,2.4917728287745655,1069.3986971160882,2024-01-25,A100,aws,A100,p4d24xlarge,us-west-2,0,C:\Users\FarhadBillimoria\OneDrive - Aurora Energy Research\Documents\Personal\Endog_demand_AI\pyai\data\original\prices\A100\EC2_p4d24xlarge_us-west-2.csv
2025-08-26,2602.7618078013334,2184.8924022837064,3059.7826086956516,11,2.43385541315915,1069.3986971160882,2024-01-25,A100,aws,A100,p4d24xlarge,us-west-2,0,C:\Users\FarhadBillimoria\OneDrive - Aurora Energy Research\Documents\Personal\Endog_demand_AI\pyai\data\original\prices\A100\EC2_p4d24xlarge_us-west-2.csv
2025-08-27,2590.3601229688184,2173.748353096179,3069.2797540623624,10,2.4222585364601605,1069.3986971160882,2024-01-25,A100,aws,A100,p4d24xlarge,us-west-2,0,C:\Users\FarhadBillimoria\OneDrive - Aurora Energy Research\Documents\Personal\Endog_demand_AI\pyai\data\original\prices\A100\EC2_p4d24xlarge_us-west-2.csv
2025-08-28,2655.1337651881126,2177.5087834870437,3132.9600351339477,12,2.4828286890084788,1069.3986971160882,2024-01-25,A100,aws,A100,p4d24xlarge,us-west-2,0,C:\Users\FarhadBillimoria\OneDrive - Aurora Energy Research\Documents\Personal\Endog_demand_AI\pyai\data\original\prices\A100\EC2_p4d24xlarge_us-west-2.csv
2025-08-29,2618.8707729468597,2195.212999560825,3160.2986385595077,10,2.448918985977191,1069.3986971160882,2024-01-25,A100,aws,A100,p4d24xlarge,us-west-2,0,C:\Users\FarhadBillimoria\OneDrive - Aurora Energy Research\Documents\Personal\Endog_demand_AI\pyai\data\original\prices\A100\EC2_p4d24xlarge_us-west-2.csv
2025-08-30,2687.791951131872,2215.4973649538865,3167.7920509442247,11,2.513367519878416,1069.3986971160882,2024-01-25,A100,aws,A100,p4d24xlarge,us-west-2,0,C:\Users\FarhadBillimoria\OneDrive - Aurora Energy Research\Documents\Personal\Endog_demand_AI\pyai\data\original\prices\A100\EC2_p4d24xlarge_us-west-2.csv
2025-08-31,2751.0918362367634,2207.235397452788,3141.002415458937,9,2.572559554874901,1069.3986971160882,2024-01-25,A100,aws,A100,p4d24xlarge,us-west-2,0,C:\Users\FarhadBillimoria\OneDrive - Aurora Energy Research\Documents\Personal\Endog_demand_AI\pyai\data\original\prices\A100\EC2_p4d24xlarge_us-west-2.csv
2025-09-01,2710.2226979944367,2214.3170838823007,3035.435880544576,12,2.5343426219830425,1069.3986971160882,2024-01-25,A100,aws,A100,p4d24xlarge,us-west-2,0,C:\Users\FarhadBillimoria\OneDrive - Aurora Energy Research\Documents\Personal\Endog_demand_AI\pyai\data\original\prices\A100\EC2_p4d24xlarge_us-west-2.csv
2025-09-02,2677.0945622230206,2223.64953886693,2960.6938954765037,11,2.5033643387096904,1069.3986971160882,2024-01-25,A100,aws,A100,p4d24xlarge,us-west-2,0,C:\Users\FarhadBillimoria\OneDrive - Aurora Energy Research\Documents\Personal\Endog_demand_AI\pyai\data\original\prices\A100\EC2_p4d24xlarge_us-west-2.csv
2025-09-03,2668.7198067632844,2204.8748353096175,3064.47628458498,10,2.4955330635432618,1069.3986971160882,2024-01-25,A100,aws,A100,p4d24xlarge,us-west-2,0,C:\Users\FarhadBillimoria\OneDrive - Aurora Energy Research\Documents\Personal\Endog_demand_AI\pyai\data\original\prices\A100\EC2_p4d24xlarge_us-west-2.csv
2025-09-04,2863.9873109981804,2208.6627140974965,3328.557312252964,14,2.678128670552589,1069.3986971160882,2024-01-25,A100,aws,A100,p4d24xlarge,us-west-2,0,C:\Users\FarhadBillimoria\OneDrive - Aurora Energy Research\Documents\Personal\Endog_demand_AI\pyai\data\original\prices\A100\EC2_p4d24xlarge_us-west-2.csv
2025-09-05,2833.297650417215,2206.3844971453664,3335.5017566974084,10,2.6494306174656277,1069.3986971160882,2024-01-25,A100,aws,A100,p4d24xlarge,us-west-2,0,C:\Users\FarhadBillimoria\OneDrive - Aurora Energy Research\Documents\Personal\Endog_demand_AI\pyai\data\original\prices\A100\EC2_p4d24xlarge_us-west-2.csv
2025-09-06,2834.056141121358,2190.519323671497,3311.9510320597274,12,2.650139885866822,1069.3986971160882,2024-01-25,A100,aws,A100,p4d24xlarge,us-west-2,0,C:\Users\FarhadBillimoria\OneDrive - Aurora Energy Research\Documents\Personal\Endog_demand_AI\pyai\data\original\prices\A100\EC2_p4d24xlarge_us-west-2.csv
2025-09-07,2699.692577953447,2229.358805445762,3325.785024154589,10,2.5244958547582588,1069.3986971160882,2024-01-25,A100,aws,A100,p4d24xlarge,us-west-2,0,C:\Users\FarhadBillimoria\OneDrive - Aurora Energy Research\Documents\Personal\Endog_demand_AI\pyai\data\original\prices\A100\EC2_p4d24xlarge_us-west-2.csv
2025-09-08,2826.597918989223,2236.71497584541,3314.9703557312246,13,2.643165665538849,1069.3986971160882,2024-01-25,A100,aws,A100,p4d24xlarge,us-west-2,0,C:\Users\FarhadBillimoria\OneDrive - Aurora Energy Research\Documents\Personal\Endog_demand_AI\pyai\data\original\prices\A100\EC2_p4d24xlarge_us-west-2.csv
2025-09-09,2800.2031181379,2237.895256916996,3290.7608695652166,10,2.618483756983599,1069.3986971160882,2024-01-25,A100,aws,A100,p4d24xlarge,us-west-2,0,C:\Users\FarhadBillimoria\OneDrive - Aurora Energy Research\Documents\Personal\Endog_demand_AI\pyai\data\original\prices\A100\EC2_p4d24xlarge_us-west-2.csv
2025-09-10,2820.799397133389,2377.991875274484,3265.700483091787,11,2.637743439131176,1069.3986971160882,2024-01-25,A100,aws,A100,p4d24xlarge,us-west-2,0,C:\Users\FarhadBillimoria\OneDrive - Aurora Energy Research\Documents\Personal\Endog_demand_AI\pyai\data\original\prices\A100\EC2_p4d24xlarge_us-west-2.csv
2025-09-11,2880.5770152114023,2459.046991655687,3226.037549407114,11,2.693641784845659,1069.3986971160882,2024-01-25,A100,aws,A100,p4d24xlarge,us-west-2,0,C:\Users\FarhadBillimoria\OneDrive - Aurora Energy Research\Documents\Personal\Endog_demand_AI\pyai\data\original\prices\A100\EC2_p4d24xlarge_us-west-2.csv
2025-09-12,2877.1309937317837,2584.4587176108907,3165.623627580149,11,2.6904193931512315,1069.3986971160882,2024-01-25,A100,aws,A100,p4d24xlarge,us-west-2,0,C:\Users\FarhadBillimoria\OneDrive - Aurora Energy Research\Documents\Personal\Endog_demand_AI\pyai\data\original\prices\A100\EC2_p4d24xlarge_us-west-2.csv
2025-09-13,2853.9196310935436,2750.2195871761087,3129.1996047430825,10,2.6687143333818155,1069.3986971160882,2024-01-25,A100,aws,A100,p4d24xlarge,us-west-2,0,C:\Users\FarhadBillimoria\OneDrive - Aurora Energy Research\Documents\Personal\Endog_demand_AI\pyai\data\original\prices\A100\EC2_p4d24xlarge_us-west-2.csv
2025-09-14,2947.9120919338307,2822.5186649099687,3088.6034255599466,12,2.756607147440559,1069.3986971160882,2024-01-25,A100,aws,A100,p4d24xlarge,us-west-2,0,C:\Users\FarhadBillimoria\OneDrive - Aurora Energy Research\Documents\Personal\Endog_demand_AI\pyai\data\original\prices\A100\EC2_p4d24xlarge_us-west-2.csv
2025-09-15,3003.0717251567053,2893.0610452349574,3127.031181379007,11,2.808187192723602,1069.3986971160882,2024-01-25,A100,aws,A100,p4d24xlarge,us-west-2,0,C:\Users\FarhadBillimoria\OneDrive - Aurora Energy Research\Documents\Personal\Endog_demand_AI\pyai\data\original\prices\A100\EC2_p4d24xlarge_us-west-2.csv
2025-09-16,3081.359544057172,2940.931049626701,3230.374396135265,11,2.8813945185896146,1069.3986971160882,2024-01-25,A100,aws,A100,p4d24xlarge,us-west-2,0,C:\Users\FarhadBillimoria\OneDrive - Aurora Energy Research\Documents\Personal\Endog_demand_AI\pyai\data\original\prices\A100\EC2_p4d24xlarge_us-west-2.csv
2025-09-17,3075.832435022158,2939.9154589371974,3247.8315766359237,11,2.876226091650327,1069.3986971160882,2024-01-25,A100,aws,A100,p4d24xlarge,us-west-2,0,C:\Users\FarhadBillimoria\OneDrive - Aurora Energy Research\Documents\Personal\Endog_demand_AI\pyai\data\original\prices\A100\EC2_p4d24xlarge_us-west-2.csv
2025-09-18,3095.447225882008,2924.873737373737,3273.303689064558,9,2.894567979397849,1069.3986971160882,2024-01-25,A100,aws,A100,p4d24xlarge,us-west-2,0,C:\Users\FarhadBillimoria\OneDrive - Aurora Energy Research\Documents\Personal\Endog_demand_AI\pyai\data\original\prices\A100\EC2_p4d24xlarge_us-west-2.csv
2025-09-19,3058.6229139218267,2895.8607817303464,3297.952349582784,12,2.8601333835268354,1069.3986971160882,2024-01-25,A100,aws,A100,p4d24xlarge,us-west-2,0,C:\Users\FarhadBillimoria\OneDrive - Aurora Energy Research\Documents\Personal\Endog_demand_AI\pyai\data\original\prices\A100\EC2_p4d24xlarge_us-west-2.csv
2025-09-20,3088.7109317815834,2911.9180939833113,3311.8686868686864,12,2.8882688375356134,1069.3986971160882,2024-01-25,A100,aws,A100,p4d24xlarge,us-west-2,0,C:\Users\FarhadBillimoria\OneDrive - Aurora Energy Research\Documents\Personal\Endog_demand_AI\pyai\data\original\prices\A100\EC2_p4d24xlarge_us-west-2.csv
2025-09-21,3052.357817303469,2908.788976723759,3276.926877470355,10,2.8542748607558113,1069.3986971160882,2024-01-25,A100,aws,A100,p4d24xlarge,us-west-2,0,C:\Users\FarhadBillimoria\OneDrive - Aurora Energy Research\Documents\Personal\Endog_demand_AI\pyai\data\original\prices\A100\EC2_p4d24xlarge_us-west-2.csv
2025-09-22,3013.489639477781,2842.995169082125,3218.3245498462884,11,2.817929035825871,1069.3986971160882,2024-01-25,A100,aws,A100,p4d24xlarge,us-west-2,0,C:\Users\FarhadBillimoria\OneDrive - Aurora Energy Research\Documents\Personal\Endog_demand_AI\pyai\data\original\prices\A100\EC2_p4d24xlarge_us-west-2.csv
2025-09-23,2911.522837066315,2791.6666666666665,3157.0322793148875,10,2.7225793756042473,1069.3986971160882,2024-01-25,A100,aws,A100,p4d24xlarge,us-west-2,0,C:\Users\FarhadBillimoria\OneDrive - Aurora Energy Research\Documents\Personal\Endog_demand_AI\pyai\data\original\prices\A100\EC2_p4d24xlarge_us-west-2.csv
2025-09-24,2920.5443765720443,2801.465744400527,3110.6993851559064,11,2.7310154617244735,1069.3986971160882,2024-01-25,A100,aws,A100,p4d24xlarge,us-west-2,0,C:\Users\FarhadBillimoria\OneDrive - Aurora Energy Research\Documents\Personal\Endog_demand_AI\pyai\data\original\prices\A100\EC2_p4d24xlarge_us-west-2.csv
2025-09-25,2881.5150730911596,2789.031620553359,3062.8568291611764,14,2.6945189673990764,1069.3986971160882,2024-01-25,A100,aws,A100,p4d24xlarge,us-west-2,0,C:\Users\FarhadBillimoria\OneDrive - Aurora Energy Research\Documents\Personal\Endog_demand_AI\pyai\data\original\prices\A100\EC2_p4d24xlarge_us-west-2.csv
2025-09-26,2879.4246815985944,2764.7397891963105,3035.628019323671,10,2.6925642319966463,1069.3986971160882,2024-01-25,A100,aws,A100,p4d24xlarge,us-west-2,0,C:\Users\FarhadBillimoria\OneDrive - Aurora Energy Research\Documents\Personal\Endog_demand_AI\pyai\data\original\prices\A100\EC2_p4d24xlarge_us-west-2.csv
2025-09-27,2843.7531671227325,2775.8289415898107,3003.9251207729462,13,2.6592076227431853,1069.3986971160882,2024-01-25,A100,aws,A100,p4d24xlarge,us-west-2,0,C:\Users\FarhadBillimoria\OneDrive - Aurora Energy Research\Documents\Personal\Endog_demand_AI\pyai\data\original\prices\A100\EC2_p4d24xlarge_us-west-2.csv
2025-09-28,2866.305720245937,2799.022837066315,3013.7241985068067,12,2.6802966264833463,1069.3986971160882,2024-01-25,A100,aws,A100,p4d24xlarge,us-west-2,0,C:\Users\FarhadBillimoria\OneDrive - Aurora Energy Research\Documents\Personal\Endog_demand_AI\pyai\data\original\prices\A100\EC2_p4d24xlarge_us-west-2.csv
2025-09-29,2814.144616454398,2761.830259112867,2905.934343434343,12,2.6315205208716552,1069.3986971160882,2024-01-25,A100,aws,A100,p4d24xlarge,us-west-2,0,C:\Users\FarhadBillimoria\OneDrive - Aurora Energy Research\Documents\Personal\Endog_demand_AI\pyai\data\original\prices\A100\EC2_p4d24xlarge_us-west-2.csv
2025-09-30,2761.27917975744,2657.361660079051,2892.1552481335084,13,2.582085790083668,1069.3986971160882,2024-01-25,A100,aws,A100,p4d24xlarge,us-west-2,0,C:\Users\FarhadBillimoria\OneDrive - Aurora Energy Research\Documents\Personal\Endog_demand_AI\pyai\data\original\prices\A100\EC2_p4d24xlarge_us-west-2.csv
2025-10-01,2721.563460693895,2593.7088274044795,2854.2215634606937,10,2.5449474251589224,1069.3986971160882,2024-01-25,A100,aws,A100,p4d24xlarge,us-west-2,0,C:\Users\FarhadBillimoria\OneDrive - Aurora Energy Research\Documents\Personal\Endog_demand_AI\pyai\data\original\prices\A100\EC2_p4d24xlarge_us-west-2.csv
2025-10-02,2724.1710584101884,2580.8629776021075,2816.232981993851,11,2.5473858026539813,1069.3986971160882,2024-01-25,A100,aws,A100,p4d24xlarge,us-west-2,0,C:\Users\FarhadBillimoria\OneDrive - Aurora Energy Research\Documents\Personal\Endog_demand_AI\pyai\data\original\prices\A100\EC2_p4d24xlarge_us-west-2.csv
2025-10-03,2699.607238391823,2572.353974527887,2785.984848484848,11,2.5244160533129656,1069.3986971160882,2024-01-25,A100,aws,A100,p4d24xlarge,us-west-2,0,C:\Users\FarhadBillimoria\OneDrive - Aurora Energy Research\Documents\Personal\Endog_demand_AI\pyai\data\original\prices\A100\EC2_p4d24xlarge_us-west-2.csv
2025-10-04,2668.8425759572,2545.7015810276675,2776.515151515151,11,2.4956478656224554,1069.3986971160882,2024-01-25,A100,aws,A100,p4d24xlarge,us-west-2,0,C:\Users\FarhadBillimoria\OneDrive - Aurora Energy Research\Documents\Personal\Endog_demand_AI\pyai\data\original\prices\A100\EC2_p4d24xlarge_us-west-2.csv
2025-10-05,2665.4566498316494,2502.689942907334,2793.066534914361,12,2.4924816693902345,1069.3986971160882,2024-01-25,A100,aws,A100,p4d24xlarge,us-west-2,0,C:\Users\FarhadBillimoria\OneDrive - Aurora Energy Research\Documents\Personal\Endog_demand_AI\pyai\data\original\prices\A100\EC2_p4d24xlarge_us-west-2.csv
2025-10-06,2678.3746556473825,2512.983091787439,2782.9655248133504,11,2.504561360389083,1069.3986971160882,2024-01-25,A100,aws,A100,p4d24xlarge,us-west-2,0,C:\Users\FarhadBillimoria\OneDrive - Aurora Energy Research\Documents\Personal\Endog_demand_AI\pyai\data\original\prices\A100\EC2_p4d24xlarge_us-west-2.csv
2025-10-07,2653.9608036890645,2492.56148440931,2808.053359683794,10,2.481731846921228,1069.3986971160882,2024-01-25,A100,aws,A100,p4d24xlarge,us-west-2,0,C:\Users\FarhadBillimoria\OneDrive - Aurora Energy Research\Documents\Personal\Endog_demand_AI\pyai\data\original\prices\A100\EC2_p4d24xlarge_us-west-2.csv
2025-10-08,2683.315175163001,2498.984409310496,2822.0245937637237,13,2.5091812645735017,1069.3986971160882,2024-01-25,A100,aws,A100,p4d24xlarge,us-west-2,0,C:\Users\FarhadBillimoria\OneDrive - Aurora Energy Research\Documents\Personal\Endog_demand_AI\pyai\data\original\prices\A100\EC2_p4d24xlarge_us-west-2.csv
2025-10-09,2666.266377543551,2475.351339481774,2803.4420289855066,12,2.493238849770279,1069.3986971160882,2024-01-25,A100,aws,A100,p4d24xlarge,us-west-2,0,C:\Users\FarhadBillimoria\OneDrive - Aurora Energy Research\Documents\Personal\Endog_demand_AI\pyai\data\original\prices\A100\EC2_p4d24xlarge_us-west-2.csv
2025-10-10,2653.7064485434043,2488.197189284145,2801.9049187527444,12,2.4814939981690776,1069.3986971160882,2024-01-25,A100,aws,A100,p4d24xlarge,us-west-2,0,C:\Users\FarhadBillimoria\OneDrive - Aurora Energy Research\Documents\Personal\Endog_demand_AI\pyai\data\original\prices\A100\EC2_p4d24xlarge_us-west-2.csv
2025-10-11,2649.9871907480597,2510.622529644268,2808.7121212121206,12,2.4780161018471776,1069.3986971160882,2024-01-25,A100,aws,A100,p4d24xlarge,us-west-2,0,C:\Users\FarhadBillimoria\OneDrive - Aurora Energy Research\Documents\Personal\Endog_demand_AI\pyai\data\original\prices\A100\EC2_p4d24xlarge_us-west-2.csv
2025-10-12,2637.6886453467478,2536.8357487922704,2795.317303469477,11,2.466515671339381,1069.3986971160882,2024-01-25,A100,aws,A100,p4d24xlarge,us-west-2,0,C:\Users\FarhadBillimoria\OneDrive - Aurora Energy Research\Documents\Personal\Endog_demand_AI\pyai\data\original\prices\A100\EC2_p4d24xlarge_us-west-2.csv
2025-10-13,2629.0646501244323,2484.8210364514707,2806.0496267018,12,2.4584513308407696,1069.3986971160882,2024-01-25,A100,aws,A100,p4d24xlarge,us-west-2,0,C:\Users\FarhadBillimoria\OneDrive - Aurora Energy Research\Documents\Personal\Endog_demand_AI\pyai\data\original\prices\A100\EC2_p4d24xlarge_us-west-2.csv
2025-10-14,2641.9531281191357,2491.298858146684,2768.2806324110666,11,2.47050341022843,1069.3986971160882,2024-01-25,A100,aws,A100,p4d24xlarge,us-west-2,0,C:\Users\FarhadBillimoria\OneDrive - Aurora Energy Research\Documents\Personal\Endog_demand_AI\pyai\data\original\prices\A100\EC2_p4d24xlarge_us-west-2.csv
2025-10-15,2632.6454342758684,2492.1772068511195,2751.1253842775577,13,2.461799739774774,1069.3986971160882,2024-01-25,A100,aws,A100,p4d24xlarge,us-west-2,0,C:\Users\FarhadBillimoria\OneDrive - Aurora Energy Research\Documents\Personal\Endog_demand_AI\pyai\data\original\prices\A100\EC2_p4d24xlarge_us-west-2.csv
2025-10-16,2623.4734468430115,2516.057312252964,2761.0068072024587,13,2.4532229690553113,1069.3986971160882,2024-01-25,A100,aws,A100,p4d24xlarge,us-west-2,0,C:\Users\FarhadBillimoria\OneDrive - Aurora Energy Research\Documents\Personal\Endog_demand_AI\pyai\data\original\prices\A100\EC2_p4d24xlarge_us-west-2.csv
2025-10-17,2016.6485084963342,615.1460254721123,2694.3895476504167,13,1.8857779740472393,1069.3986971160882,2024-01-25,A100,aws,A100,p4d24xlarge,us-west-2,0,C:\Users\FarhadBillimoria\OneDrive - Aurora Energy Research\Documents\Personal\Endog_demand_AI\pyai\data\original\prices\A100\EC2_p4d24xlarge_us-west-2.csv
2025-10-18,2013.1906702898548,654.4521299956082,2676.5755379885813,16,1.8825445324731993,1069.3986971160882,2024-01-25,A100,aws,A100,p4d24xlarge,us-west-2,0,C:\Users\FarhadBillimoria\OneDrive - Aurora Energy Research\Documents\Personal\Endog_demand_AI\pyai\data\original\prices\A100\EC2_p4d24xlarge_us-west-2.csv
2025-10-19,2147.643212011418,679.6772068511198,2657.691040843214,16,2.0082717678664626,1069.3986971160882,2024-01-25,A100,aws,A100,p4d24xlarge,us-west-2,0,C:\Users\FarhadBillimoria\OneDrive - Aurora Energy Research\Documents\Personal\Endog_demand_AI\pyai\data\original\prices\A100\EC2_p4d24xlarge_us-west-2.csv
2025-10-20,2095.06360185708,720.7400087834869,2674.709046991655,14,1.9591043148892586,1069.3986971160882,2024-01-25,A100,aws,A100,p4d24xlarge,us-west-2,0,C:\Users\FarhadBillimoria\OneDrive - Aurora Energy Research\Documents\Personal\Endog_demand_AI\pyai\data\original\prices\A100\EC2_p4d24xlarge_us-west-2.csv
2025-10-21,2247.596304661522,756.615063680281,2722.3869126043037,14,2.101738398150989,1069.3986971160882,2024-01-25,A100,aws,A100,p4d24xlarge,us-west-2,0,C:\Users\FarhadBillimoria\OneDrive - Aurora Energy Research\Documents\Personal\Endog_demand_AI\pyai\data\original\prices\A100\EC2_p4d24xlarge_us-west-2.csv
2025-10-22,2142.4315619967792,769.8726394378567,2690.8487044356607,15,2.0033983282141667,1069.3986971160882,2024-01-25,A100,aws,A100,p4d24xlarge,us-west-2,0,C:\Users\FarhadBillimoria\OneDrive - Aurora Energy Research\Documents\Personal\Endog_demand_AI\pyai\data\original\prices\A100\EC2_p4d24xlarge_us-west-2.csv
2025-10-23,2081.552618577075,817.7426438296003,2738.361879666227,16,1.9464701277367582,1069.3986971160882,2024-01-25,A100,aws,A100,p4d24xlarge,us-west-2,0,C:\Users\FarhadBillimoria\OneDrive - Aurora Energy Research\Documents\Personal\Endog_demand_AI\pyai\data\original\prices\A100\EC2_p4d24xlarge_us-west-2.csv
2025-10-24,2116.446393280632,887.9281949934123,2736.3306982872195,16,1.9790994686903773,1069.3986971160882,2024-01-25,A100,aws,A100,p4d24xlarge,us-west-2,0,C:\Users\FarhadBillimoria\OneDrive - Aurora Energy Research\Documents\Personal\Endog_demand_AI\pyai\data\original\prices\A100\EC2_p4d24xlarge_us-west-2.csv
2025-10-25,2223.539745278875,910.1888449714535,2797.1837944664026,11,2.0792429907341656,1069.3986971160882,2024-01-25,A100,aws,A100,p4d24xlarge,us-west-2,0,C:\Users\FarhadBillimoria\OneDrive - Aurora Energy Research\Documents\Personal\Endog_demand_AI\pyai\data\original\prices\A100\EC2_p4d24xlarge_us-west-2.csv
2025-10-26,2238.436382458121,955.7531840140535,2881.807202459376,14,2.093172909687142,1069.3986971160882,2024-01-25,A100,aws,A100,p4d24xlarge,us-west-2,0,C:\Users\FarhadBillimoria\OneDrive - Aurora Energy Research\Documents\Personal\Endog_demand_AI\pyai\data\original\prices\A100\EC2_p4d24xlarge_us-west-2.csv
2025-10-27,2274.2702647593946,995.580808080808,2933.190601668862,14,2.1266813498955592,1069.3986971160882,2024-01-25,A100,aws,A100,p4d24xlarge,us-west-2,0,C:\Users\FarhadBillimoria\OneDrive - Aurora Energy Research\Documents\Personal\Endog_demand_AI\pyai\data\original\prices\A100\EC2_p4d24xlarge_us-west-2.csv
2025-10-28,2324.9564256697404,1051.163812033377,2907.3891084760644,16,2.1740782291390386,1069.3986971160882,2024-01-25,A100,aws,A100,p4d24xlarge,us-west-2,0,C:\Users\FarhadBillimoria\OneDrive - Aurora Energy Research\Documents\Personal\Endog_demand_AI\pyai\data\original\prices\A100\EC2_p4d24xlarge_us-west-2.csv
2025-10-29,2358.7152581717796,1114.2127799736495,2866.7654808959155,14,2.205646280038183,1069.3986971160882,2024-01-25,A100,aws,A100,p4d24xlarge,us-west-2,0,C:\Users\FarhadBillimoria\OneDrive - Aurora Energy Research\Documents\Personal\Endog_demand_AI\pyai\data\original\prices\A100\EC2_p4d24xlarge_us-west-2.csv
2025-10-30,2228.3758097277114,1169.4115063680279,2817.3583662714095,16,2.083765218470068,1069.3986971160882,2024-01-25,A100,aws,A100,p4d24xlarge,us-west-2,0,C:\Users\FarhadBillimoria\OneDrive - Aurora Energy Research\Documents\Personal\Endog_demand_AI\pyai\data\original\prices\A100\EC2_p4d24xlarge_us-west-2.csv
2025-10-31,2476.499949326036,1228.7549407114623,2906.730346947738,13,2.3157873260969577,1069.3986971160882,2024-01-25,A100,aws,A100,p4d24xlarge,us-west-2,0,C:\Users\FarhadBillimoria\OneDrive - Aurora Energy Research\Documents\Personal\Endog_demand_AI\pyai\data\original\prices\A100\EC2_p4d24xlarge_us-west-2.csv
2025-11-01,2300.855017566974,1288.6473429951689,3036.0946420729024,16,2.1515408834626673,1069.3986971160882,2024-01-25,A100,aws,A100,p4d24xlarge,us-west-2,0,C:\Users\FarhadBillimoria\OneDrive - Aurora Energy Research\Documents\Personal\Endog_demand_AI\pyai\data\original\prices\A100\EC2_p4d24xlarge_us-west-2.csv
2025-11-02,2402.4415349143605,1357.0212999560824,3133.893280632411,16,2.2465349372438634,1069.3986971160882,2024-01-25,A100,aws,A100,p4d24xlarge,us-west-2,0,C:\Users\FarhadBillimoria\OneDrive - Aurora Energy Research\Documents\Personal\Endog_demand_AI\pyai\data\original\prices\A100\EC2_p4d24xlarge_us-west-2.csv
2025-11-03,2271.6391398456612,1428.222441809398,3155.659859464207,14,2.1242209720020484,1069.3986971160882,2024-01-25,A100,aws,A100,p4d24xlarge,us-west-2,0,C:\Users\FarhadBillimoria\OneDrive - Aurora Energy Research\Documents\Personal\Endog_demand_AI\pyai\data\original\prices\A100\EC2_p4d24xlarge_us-west-2.csv
2025-11-04,2282.3440146809708,1506.477821695213,3250.3842775581898,14,2.134231153297554,1069.3986971160882,2024-01-25,A100,aws,A100,p4d24xlarge,us-west-2,0,C:\Users\FarhadBillimoria\OneDrive - Aurora Energy Research\Documents\Personal\Endog_demand_AI\pyai\data\original\prices\A100\EC2_p4d24xlarge_us-west-2.csv
2025-11-05,2412.206302151954,1579.1611769872636,3408.1576635924457,16,2.2556660192845714,1069.3986971160882,2024-01-25,A100,aws,A100,p4d24xlarge,us-west-2,0,C:\Users\FarhadBillimoria\OneDrive - Aurora Energy Research\Documents\Personal\Endog_demand_AI\pyai\data\original\prices\A100\EC2_p4d24xlarge_us-west-2.csv
2025-11-06,2388.5320597277114,1664.0041721563457,3461.489898989899,15,2.233528118342588,1069.3986971160882,2024-01-25,A100,aws,A100,p4d24xlarge,us-west-2,0,C:\Users\FarhadBillimoria\OneDrive - Aurora Energy Research\Documents\Personal\Endog_demand_AI\pyai\data\original\prices\A100\EC2_p4d24xlarge_us-west-2.csv
2025-11-07,2411.813790074659,1705.5061484409307,3477.684453227931,15,2.255298979303736,1069.3986971160882,2024-01-25,A100,aws,A100,p4d24xlarge,us-west-2,0,C:\Users\FarhadBillimoria\OneDrive - Aurora Energy Research\Documents\Personal\Endog_demand_AI\pyai\data\original\prices\A100\EC2_p4d24xlarge_us-west-2.csv
2025-11-08,2291.6392182696527,1773.8526570048307,3521.4097496706186,14,2.142923144052498,1069.3986971160882,2024-01-25,A100,aws,A100,p4d24xlarge,us-west-2,0,C:\Users\FarhadBillimoria\OneDrive - Aurora Energy Research\Documents\Personal\Endog_demand_AI\pyai\data\original\prices\A100\EC2_p4d24xlarge_us-west-2.csv
2025-11-09,2330.3560972039227,1843.4617918313568,3643.0884936319717,15,2.179127488642294,1069.3986971160882,2024-01-25,A100,aws,A100,p4d24xlarge,us-west-2,0,C:\Users\FarhadBillimoria\OneDrive - Aurora Energy Research\Documents\Personal\Endog_demand_AI\pyai\data\original\prices\A100\EC2_p4d24xlarge_us-west-2.csv
2025-11-10,2409.1183574879224,1928.0028546332892,3819.444444444444,18,2.2527784669877913,1069.3986971160882,2024-01-25,A100,aws,A100,p4d24xlarge,us-west-2,0,C:\Users\FarhadBillimoria\OneDrive - Aurora Energy Research\Documents\Personal\Endog_demand_AI\pyai\data\original\prices\A100\EC2_p4d24xlarge_us-west-2.csv
2025-11-11,2431.9377784051694,1957.9490557751426,3949.220465524813,14,2.2741170201193643,1069.3986971160882,2024-01-25,A100,aws,A100,p4d24xlarge,us-west-2,0,C:\Users\FarhadBillimoria\OneDrive - Aurora Energy Research\Documents\Personal\Endog_demand_AI\pyai\data\original\prices\A100\EC2_p4d24xlarge_us-west-2.csv
2025-11-12,2537.630137694076,1918.835090030742,4095.5204216073776,17,2.372950466965647,1069.3986971160882,2024-01-25,A100,aws,A100,p4d24xlarge,us-west-2,0,C:\Users\FarhadBillimoria\OneDrive - Aurora Energy Research\Documents\Personal\Endog_demand_AI\pyai\data\original\prices\A100\EC2_p4d24xlarge_us-west-2.csv
2025-11-13,2721.7323739062867,1881.9718928414577,4204.545454545454,13,2.54510537673755,1069.3986971160882,2024-01-25,A100,aws,A100,p4d24xlarge,us-west-2,0,C:\Users\FarhadBillimoria\OneDrive - Aurora Energy Research\Documents\Personal\Endog_demand_AI\pyai\data\original\prices\A100\EC2_p4d24xlarge_us-west-2.csv
2025-11-14,2559.9937502111416,1841.8423364075536,4252.525252525252,13,2.3938627914124364,1069.3986971160882,2024-01-25,A100,aws,A100,p4d24xlarge,us-west-2,0,C:\Users\FarhadBillimoria\OneDrive - Aurora Energy Research\Documents\Personal\Endog_demand_AI\pyai\data\original\prices\A100\EC2_p4d24xlarge_us-west-2.csv
2025-11-15,2607.2381422924896,1788.42775581906,4321.201141853316,20,2.438041255636074,1069.3986971160882,2024-01-25,A100,aws,A100,p4d24xlarge,us-west-2,0,C:\Users\FarhadBillimoria\OneDrive - Aurora Energy Research\Documents\Personal\Endog_demand_AI\pyai\data\original\prices\A100\EC2_p4d24xlarge_us-west-2.csv
2025-11-16,2631.8072024593757,1794.3017127799733,4343.818620992533,14,2.4610159050658362,1069.3986971160882,2024-01-25,A100,aws,A100,p4d24xlarge,us-west-2,0,C:\Users\FarhadBillimoria\OneDrive - Aurora Energy Research\Documents\Personal\Endog_demand_AI\pyai\data\original\prices\A100\EC2_p4d24xlarge_us-west-2.csv
2025-11-17,2680.641560532865,1872.8590250329378,4463.548528765919,15,2.506681154336462,1069.3986971160882,2024-01-25,A100,aws,A100,p4d24xlarge,us-west-2,0,C:\Users\FarhadBillimoria\OneDrive - Aurora Energy Research\Documents\Personal\Endog_demand_AI\pyai\data\original\prices\A100\EC2_p4d24xlarge_us-west-2.csv
2025-11-18,2780.0431854779677,1931.8730786122087,4507.52086078173,15,2.599632104448114,1069.3986971160882,2024-01-25,A100,aws,A100,p4d24xlarge,us-west-2,0,C:\Users\FarhadBillimoria\OneDrive - Aurora Energy Research\Documents\Personal\Endog_demand_AI\pyai\data\original\prices\A100\EC2_p4d24xlarge_us-west-2.csv
2025-11-19,2869.7796579929727,2035.2437417654805,4568.044576196749,16,2.6835451228172245,1069.3986971160882,2024-01-25,A100,aws,A100,p4d24xlarge,us-west-2,0,C:\Users\FarhadBillimoria\OneDrive - Aurora Energy Research\Documents\Personal\Endog_demand_AI\pyai\data\original\prices\A100\EC2_p4d24xlarge_us-west-2.csv
2025-11-20,2911.8318275926968,2164.6629336846727,4621.761089152393,14,2.722868314170579,1069.3986971160882,2024-01-25,A100,aws,A100,p4d24xlarge,us-west-2,0,C:\Users\FarhadBillimoria\OneDrive - Aurora Energy Research\Documents\Personal\Endog_demand_AI\pyai\data\original\prices\A100\EC2_p4d24xlarge_us-west-2.csv
2025-11-21,2771.358774076165,2249.4510320597274,4654.150197628458,7,2.5915112684818626,1069.3986971160882,2024-01-25,A100,aws,A100,p4d24xlarge,us-west-2,0,C:\Users\FarhadBillimoria\OneDrive - Aurora Energy Research\Documents\Personal\Endog_demand_AI\pyai\data\original\prices\A100\EC2_p4d24xlarge_us-west-2.csv
2025-11-22,3087.999560825647,2389.081027667984,4651.542599912164,14,2.88760363104354,1069.3986971160882,2024-01-25,A100,aws,A100,p4d24xlarge,us-west-2,0,C:\Users\FarhadBillimoria\OneDrive - Aurora Energy Research\Documents\Personal\Endog_demand_AI\pyai\data\original\prices\A100\EC2_p4d24xlarge_us-west-2.csv
2025-11-23,3313.483298457723,2456.71387790953,4788.674791392183,17,3.0984545870435345,1069.3986971160882,2024-01-25,A100,aws,A100,p4d24xlarge,us-west-2,0,C:\Users\FarhadBillimoria\OneDrive - Aurora Energy Research\Documents\Personal\Endog_demand_AI\pyai\data\original\prices\A100\EC2_p4d24xlarge_us-west-2.csv
2025-11-24,3231.4742926155964,2575.510540184453,4933.684672815107,14,3.021767560901381,1069.3986971160882,2024-01-25,A100,aws,A100,p4d24xlarge,us-west-2,0,C:\Users\FarhadBillimoria\OneDrive - Aurora Energy Research\Documents\Personal\Endog_demand_AI\pyai\data\original\prices\A100\EC2_p4d24xlarge_us-west-2.csv
2025-11-25,3479.5271556141115,2674.791392182696,5109.13482652613,15,3.2537230174279825,1069.3986971160882,2024-01-25,A100,aws,A100,p4d24xlarge,us-west-2,0,C:\Users\FarhadBillimoria\OneDrive - Aurora Energy Research\Documents\Personal\Endog_demand_AI\pyai\data\original\prices\A100\EC2_p4d24xlarge_us-west-2.csv
2025-11-26,3456.948904808959,2812.609793588054,5253.897672375932,16,3.2326099836585933,1069.3986971160882,2024-01-25,A100,aws,A100,p4d24xlarge,us-west-2,0,C:\Users\FarhadBillimoria\OneDrive - Aurora Energy Research\Documents\Personal\Endog_demand_AI\pyai\data\original\prices\A100\EC2_p4d24xlarge_us-west-2.csv
2025-11-27,3740.045838823012,3031.5107597716287,5259.7441809398315,20,3.4973353239619787,1069.3986971160882,2024-01-25,A100,aws,A100,p4d24xlarge,us-west-2,0,C:\Users\FarhadBillimoria\OneDrive - Aurora Energy Research\Documents\Personal\Endog_demand_AI\pyai\data\original\prices\A100\EC2_p4d24xlarge_us-west-2.csv
2025-11-28,3750.450153711023,3237.0443566095737,5284.639877031181,15,3.5070644501672645,1069.3986971160882,2024-01-25,A100,aws,A100,p4d24xlarge,us-west-2,0,C:\Users\FarhadBillimoria\OneDrive - Aurora Energy Research\Documents\Personal\Endog_demand_AI\pyai\data\original\prices\A100\EC2_p4d24xlarge_us-west-2.csv
2025-11-29,3745.4887752202326,3324.2753623188405,5202.486824769433,17,3.502425040652207,1069.3986971160882,2024-01-25,A100,aws,A100,p4d24xlarge,us-west-2,0,C:\Users\FarhadBillimoria\OneDrive - Aurora Energy Research\Documents\Personal\Endog_demand_AI\pyai\data\original\prices\A100\EC2_p4d24xlarge_us-west-2.csv
2025-11-30,3922.528614953886,3294.3291611769864,5116.820377689943,16,3.6679758686185093,1069.3986971160882,2024-01-25,A100,aws,A100,p4d24xlarge,us-west-2,0,C:\Users\FarhadBillimoria\OneDrive - Aurora Energy Research\Documents\Personal\Endog_demand_AI\pyai\data\original\prices\A100\EC2_p4d24xlarge_us-west-2.csv
2025-12-01,3800.9606938954757,3266.194554238032,4992.616381203337,15,3.5542971056031347,1069.3986971160882,2024-01-25,A100,aws,A100,p4d24xlarge,us-west-2,0,C:\Users\FarhadBillimoria\OneDrive - Aurora Energy Research\Documents\Personal\Endog_demand_AI\pyai\data\original\prices\A100\EC2_p4d24xlarge_us-west-2.csv
2025-12-02,3862.197038317962,3258.371761089152,4944.362099253403,16,3.611559513522301,1069.3986971160882,2024-01-25,A100,aws,A100,p4d24xlarge,us-west-2,0,C:\Users\FarhadBillimoria\OneDrive - Aurora Energy Research\Documents\Personal\Endog_demand_AI\pyai\data\original\prices\A100\EC2_p4d24xlarge_us-west-2.csv
2025-12-03,3846.671424388815,3211.0232762406667,4959.897891963109,15,3.597041435305995,1069.3986971160882,2024-01-25,A100,aws,A100,p4d24xlarge,us-west-2,0,C:\Users\FarhadBillimoria\OneDrive - Aurora Energy Research\Documents\Personal\Endog_demand_AI\pyai\data\original\prices\A100\EC2_p4d24xlarge_us-west-2.csv
2025-12-04,4018.122276274449,3201.828063241106,4998.7922705314,13,3.7573659731495477,1069.3986971160882,2024-01-25,A100,aws,A100,p4d24xlarge,us-west-2,0,C:\Users\FarhadBillimoria\OneDrive - Aurora Energy Research\Documents\Personal\Endog_demand_AI\pyai\data\original\prices\A100\EC2_p4d24xlarge_us-west-2.csv
2025-12-05,4084.046991655687,3193.3465085638995,4935.139437856828,15,3.8190124998930544,1069.3986971160882,2024-01-25,A100,aws,A100,p4d24xlarge,us-west-2,0,C:\Users\FarhadBillimoria\OneDrive - Aurora Energy Research\Documents\Personal\Endog_demand_AI\pyai\data\original\prices\A100\EC2_p4d24xlarge_us-west-2.csv
2025-12-06,4105.950812472552,3266.112209046991,5019.268774703557,14,3.8394948708515506,1069.3986971160882,2024-01-25,A100,aws,A100,p4d24xlarge,us-west-2,0,C:\Users\FarhadBillimoria\OneDrive - Aurora Energy Research\Documents\Personal\Endog_demand_AI\pyai\data\original\prices\A100\EC2_p4d24xlarge_us-west-2.csv
2025-12-07,4225.173839847752,3276.8445322793145,5171.25054896794,15,3.9509809122098543,1069.3986971160882,2024-01-25,A100,aws,A100,p4d24xlarge,us-west-2,0,C:\Users\FarhadBillimoria\OneDrive - Aurora Energy Research\Documents\Personal\Endog_demand_AI\pyai\data\original\prices\A100\EC2_p4d24xlarge_us-west-2.csv
2025-12-08,4305.133536451471,3397.974308300395,5251.399868247694,16,4.025751619168214,1069.3986971160882,2024-01-25,A100,aws,A100,p4d24xlarge,us-west-2,0,C:\Users\FarhadBillimoria\OneDrive - Aurora Energy Research\Documents\Personal\Endog_demand_AI\pyai\data\original\prices\A100\EC2_p4d24xlarge_us-west-2.csv
2025-12-09,4495.320048309178,3380.599472990777,5290.78831796223,14,4.203595965126924,1069.3986971160882,2024-01-25,A100,aws,A100,p4d24xlarge,us-west-2,0,C:\Users\FarhadBillimoria\OneDrive - Aurora Energy Research\Documents\Personal\Endog_demand_AI\pyai\data\original\prices\A100\EC2_p4d24xlarge_us-west-2.csv
2025-12-11,4647.082235397452,3754.0898111550277,5198.424462011418,4,4.345509535339362,1069.3986971160882,2024-01-25,A100,aws,A100,p4d24xlarge,us-west-2,0,C:\Users\FarhadBillimoria\OneDrive - Aurora Energy Research\Documents\Personal\Endog_demand_AI\pyai\data\original\prices\A100\EC2_p4d24xlarge_us-west-2.csv
2025-12-12,4642.9292929292915,3705.4238032498893,5144.625603864733,15,4.341626098339336,1069.3986971160882,2024-01-25,A100,aws,A100,p4d24xlarge,us-west-2,0,C:\Users\FarhadBillimoria\OneDrive - Aurora Energy Research\Documents\Personal\Endog_demand_AI\pyai\data\original\prices\A100\EC2_p4d24xlarge_us-west-2.csv
2025-12-13,4469.667691406821,3634.79907773386,4995.82784365393,15,4.179608319572899,1069.3986971160882,2024-01-25,A100,aws,A100,p4d24xlarge,us-west-2,0,C:\Users\FarhadBillimoria\OneDrive - Aurora Energy Research\Documents\Personal\Endog_demand_AI\pyai\data\original\prices\A100\EC2_p4d24xlarge_us-west-2.csv
2025-12-14,4363.741010649977,3533.8164251207722,4914.333552920509,16,4.080555757565387,1069.3986971160882,2024-01-25,A100,aws,A100,p4d24xlarge,us-west-2,0,C:\Users\FarhadBillimoria\OneDrive - Aurora Energy Research\Documents\Personal\Endog_demand_AI\pyai\data\original\prices\A100\EC2_p4d24xlarge_us-west-2.csv
2025-12-15,4299.504899538866,3460.96837944664,4813.021519543258,16,4.020488253009471,1069.3986971160882,2024-01-25,A100,aws,A100,p4d24xlarge,us-west-2,0,C:\Users\FarhadBillimoria\OneDrive - Aurora Energy Research\Documents\Personal\Endog_demand_AI\pyai\data\original\prices\A100\EC2_p4d24xlarge_us-west-2.csv
2025-12-16,4272.373493387986,3382.575757575757,4717.748133509002,18,3.9951175412028763,1069.3986971160882,2024-01-25,A100,aws,A100,p4d24xlarge,us-west-2,0,C:\Users\FarhadBillimoria\OneDrive - Aurora Energy Research\Documents\Personal\Endog_demand_AI\pyai\data\original\prices\A100\EC2_p4d24xlarge_us-west-2.csv
2025-12-17,4060.5786122090462,3340.2503293807636,4560.084541062801,15,3.7970671024375218,1069.3986971160882,2024-01-25,A100,aws,A100,p4d24xlarge,us-west-2,0,C:\Users\FarhadBillimoria\OneDrive - Aurora Energy Research\Documents\Personal\Endog_demand_AI\pyai\data\original\prices\A100\EC2_p4d24xlarge_us-west-2.csv
2025-12-18,4055.1026570048302,3271.7391304347825,4488.938296003513,14,3.791946509697898,1069.3986971160882,2024-01-25,A100,aws,A100,p4d24xlarge,us-west-2,0,C:\Users\FarhadBillimoria\OneDrive - Aurora Energy Research\Documents\Personal\Endog_demand_AI\pyai\data\original\prices\A100\EC2_p4d24xlarge_us-west-2.csv
2025-12-19,3924.5205679988285,3191.315327184892,4363.169740887131,15,3.669838553742696,1069.3986971160882,2024-01-25,A100,aws,A100,p4d24xlarge,us-west-2,0,C:\Users\FarhadBillimoria\OneDrive - Aurora Energy Research\Documents\Personal\Endog_demand_AI\pyai\data\original\prices\A100\EC2_p4d24xlarge_us-west-2.csv
2025-12-20,3763.110530773574,3116.7380324989017,4226.119894598155,14,3.5189032312474104,1069.3986971160882,2024-01-25,A100,aws,A100,p4d24xlarge,us-west-2,0,C:\Users\FarhadBillimoria\OneDrive - Aurora Energy Research\Documents\Personal\Endog_demand_AI\pyai\data\original\prices\A100\EC2_p4d24xlarge_us-west-2.csv
2025-12-21,3629.803469477382,2997.5021958717607,4157.718489240227,16,3.3942471402537624,1069.3986971160882,2024-01-25,A100,aws,A100,p4d24xlarge,us-west-2,0,C:\Users\FarhadBillimoria\OneDrive - Aurora Energy Research\Documents\Personal\Endog_demand_AI\pyai\data\original\prices\A100\EC2_p4d24xlarge_us-west-2.csv
2025-12-22,3659.9023523276237,2949.440052700922,4070.597277119016,16,3.4223927541687704,1069.3986971160882,2024-01-25,A100,aws,A100,p4d24xlarge,us-west-2,0,C:\Users\FarhadBillimoria\OneDrive - Aurora Energy Research\Documents\Personal\Endog_demand_AI\pyai\data\original\prices\A100\EC2_p4d24xlarge_us-west-2.csv
2025-12-23,3535.1740650653687,2905.1108915239347,3976.174791392182,13,3.3057587171172784,1069.3986971160882,2024-01-25,A100,aws,A100,p4d24xlarge,us-west-2,0,C:\Users\FarhadBillimoria\OneDrive - Aurora Energy Research\Documents\Personal\Endog_demand_AI\pyai\data\original\prices\A100\EC2_p4d24xlarge_us-west-2.csv
2025-12-24,3473.421374066754,2837.889767237593,3895.1745718050056,16,3.2480134709661965,1069.3986971160882,2024-01-25,A100,aws,A100,p4d24xlarge,us-west-2,0,C:\Users\FarhadBillimoria\OneDrive - Aurora Energy Research\Documents\Personal\Endog_demand_AI\pyai\data\original\prices\A100\EC2_p4d24xlarge_us-west-2.csv
2025-12-25,3388.6034255599466,2751.0704874835305,3741.134167764602,15,3.1686997886739503,1069.3986971160882,2024-01-25,A100,aws,A100,p4d24xlarge,us-west-2,0,C:\Users\FarhadBillimoria\OneDrive - Aurora Energy Research\Documents\Personal\Endog_demand_AI\pyai\data\original\prices\A100\EC2_p4d24xlarge_us-west-2.csv
2025-12-26,3243.6148166447074,2669.7134387351775,3690.931049626701,16,3.033120224844072,1069.3986971160882,2024-01-25,A100,aws,A100,p4d24xlarge,us-west-2,0,C:\Users\FarhadBillimoria\OneDrive - Aurora Energy Research\Documents\Personal\Endog_demand_AI\pyai\data\original\prices\A100\EC2_p4d24xlarge_us-west-2.csv
2025-12-27,3259.560619784804,2635.375494071146,3620.9376372419847,16,3.048031224065503,1069.3986971160882,2024-01-25,A100,aws,A100,p4d24xlarge,us-west-2,0,C:\Users\FarhadBillimoria\OneDrive - Aurora Energy Research\Documents\Personal\Endog_demand_AI\pyai\data\original\prices\A100\EC2_p4d24xlarge_us-west-2.csv
2025-12-28,3159.675903052261,2573.6440491875273,3516.7984189723315,16,2.9546285324389765,1069.3986971160882,2024-01-25,A100,aws,A100,p4d24xlarge,us-west-2,0,C:\Users\FarhadBillimoria\OneDrive - Aurora Energy Research\Documents\Personal\Endog_demand_AI\pyai\data\original\prices\A100\EC2_p4d24xlarge_us-west-2.csv
2025-12-29,3098.7762237762236,2594.1480017566973,3402.640535792709,13,2.8976809417599627,1069.3986971160882,2024-01-25,A100,aws,A100,p4d24xlarge,us-west-2,0,C:\Users\FarhadBillimoria\OneDrive - Aurora Energy Research\Documents\Personal\Endog_demand_AI\pyai\data\original\prices\A100\EC2_p4d24xlarge_us-west-2.csv
2025-12-30,3021.6464920948615,2637.790953008344,3351.6139657444,16,2.8255565489686094,1069.3986971160882,2024-01-25,A100,aws,A100,p4d24xlarge,us-west-2,0,C:\Users\FarhadBillimoria\OneDrive - Aurora Energy Research\Documents\Personal\Endog_demand_AI\pyai\data\original\prices\A100\EC2_p4d24xlarge_us-west-2.csv
2025-12-31,3046.2725076855504,2642.759112867808,3272.6449275362315,15,2.848584457696289,1069.3986971160882,2024-01-25,A100,aws,A100,p4d24xlarge,us-west-2,0,C:\Users\FarhadBillimoria\OneDrive - Aurora Energy Research\Documents\Personal\Endog_demand_AI\pyai\data\original\prices\A100\EC2_p4d24xlarge_us-west-2.csv
2026-01-01,2920.737102482626,2618.1104523495824,3199.3028107158534,17,2.7311956806747135,1069.3986971160882,2024-01-25,A100,aws,A100,p4d24xlarge,us-west-2,0,C:\Users\FarhadBillimoria\OneDrive - Aurora Energy Research\Documents\Personal\Endog_demand_AI\pyai\data\original\prices\A100\EC2_p4d24xlarge_us-west-2.csv
2026-01-02,2895.086736934563,2659.9967061923576,3134.3873517786556,15,2.7072098972459173,1069.3986971160882,2024-01-25,A100,aws,A100,p4d24xlarge,us-west-2,0,C:\Users\FarhadBillimoria\OneDrive - Aurora Energy Research\Documents\Personal\Endog_demand_AI\pyai\data\original\prices\A100\EC2_p4d24xlarge_us-west-2.csv
2026-01-03,2851.257136583223,2615.0911286780847,3098.402503293807,16,2.666224621623703,1069.3986971160882,2024-01-25,A100,aws,A100,p4d24xlarge,us-west-2,0,C:\Users\FarhadBillimoria\OneDrive - Aurora Energy Research\Documents\Personal\Endog_demand_AI\pyai\data\original\prices\A100\EC2_p4d24xlarge_us-west-2.csv
2026-01-04,2847.383481554677,2596.8928414580587,3048.171936758893,16,2.662602347686964,1069.3986971160882,2024-01-25,A100,aws,A100,p4d24xlarge,us-west-2,0,C:\Users\FarhadBillimoria\OneDrive - Aurora Energy Research\Documents\Personal\Endog_demand_AI\pyai\data\original\prices\A100\EC2_p4d24xlarge_us-west-2.csv
2026-01-05,2776.2303743961347,2522.315546772068,2969.285243741765,16,2.5960667259862595,1069.3986971160882,2024-01-25,A100,aws,A100,p4d24xlarge,us-west-2,0,C:\Users\FarhadBillimoria\OneDrive - Aurora Energy Research\Documents\Personal\Endog_demand_AI\pyai\data\original\prices\A100\EC2_p4d24xlarge_us-west-2.csv
2026-01-06,2752.3660518225734,2471.4536671058404,2923.3915239350017,15,2.573751080158452,1069.3986971160882,2024-01-25,A100,aws,A100,p4d24xlarge,us-west-2,0,C:\Users\FarhadBillimoria\OneDrive - Aurora Energy Research\Documents\Personal\Endog_demand_AI\pyai\data\original\prices\A100\EC2_p4d24xlarge_us-west-2.csv
2026-01-07,2705.746725567697,2389.35551163812,2888.7516469038205,17,2.530157118074341,1069.3986971160882,2024-01-25,A100,aws,A100,p4d24xlarge,us-west-2,0,C:\Users\FarhadBillimoria\OneDrive - Aurora Energy Research\Documents\Personal\Endog_demand_AI\pyai\data\original\prices\A100\EC2_p4d24xlarge_us-west-2.csv
2026-01-08,2630.7071551636764,2308.4101888449713,2905.1932367149752,13,2.459987245410026,1069.3986971160882,2024-01-25,A100,aws,A100,p4d24xlarge,us-west-2,0,C:\Users\FarhadBillimoria\OneDrive - Aurora Energy Research\Documents\Personal\Endog_demand_AI\pyai\data\original\prices\A100\EC2_p4d24xlarge_us-west-2.csv
2026-01-09,2580.904150197628,2238.5265700483087,2875.603864734299,4,2.4134162096491303,1069.3986971160882,2024-01-25,A100,aws,A100,p4d24xlarge,us-west-2,0,C:\Users\FarhadBillimoria\OneDrive - Aurora Energy Research\Documents\Personal\Endog_demand_AI\pyai\data\original\prices\A100\EC2_p4d24xlarge_us-west-2.csv
2026-01-10,2519.7719953154733,2197.4363197189277,2874.0667545015367,15,2.356251229883386,1069.3986971160882,2024-01-25,A100,aws,A100,p4d24xlarge,us-west-2,0,C:\Users\FarhadBillimoria\OneDrive - Aurora Energy Research\Documents\Personal\Endog_demand_AI\pyai\data\original\prices\A100\EC2_p4d24xlarge_us-west-2.csv
2026-01-11,2510.9467638339916,2147.8096179183135,2831.823671497584,16,2.3479987123655683,1069.3986971160882,2024-01-25,A100,aws,A100,p4d24xlarge,us-west-2,0,C:\Users\FarhadBillimoria\OneDrive - Aurora Energy Research\Documents\Personal\Endog_demand_AI\pyai\data\original\prices\A100\EC2_p4d24xlarge_us-west-2.csv
2026-01-12,2392.6932367149757,2111.879666227492,2747.9688186209924,15,2.237419255482072,1069.3986971160882,2024-01-25,A100,aws,A100,p4d24xlarge,us-west-2,0,C:\Users\FarhadBillimoria\OneDrive - Aurora Energy Research\Documents\Personal\Endog_demand_AI\pyai\data\original\prices\A100\EC2_p4d24xlarge_us-west-2.csv
2026-01-13,2374.203996486605,2118.220245937637,2692.4132630654362,15,2.2201298756855263,1069.3986971160882,2024-01-25,A100,aws,A100,p4d24xlarge,us-west-2,0,C:\Users\FarhadBillimoria\OneDrive - Aurora Energy Research\Documents\Personal\Endog_demand_AI\pyai\data\original\prices\A100\EC2_p4d24xlarge_us-west-2.csv
2026-01-14,2370.2046035805624,2140.6730346947734,2686.813790074659,17,2.216390023638925,1069.3986971160882,2024-01-25,A100,aws,A100,p4d24xlarge,us-west-2,0,C:\Users\FarhadBillimoria\OneDrive - Aurora Energy Research\Documents\Personal\Endog_demand_AI\pyai\data\original\prices\A100\EC2_p4d24xlarge_us-west-2.csv
2026-01-15,2367.943932074367,2152.4209486166005,2662.5219587176107,15,2.214276058555283,1069.3986971160882,2024-01-25,A100,aws,A100,p4d24xlarge,us-west-2,0,C:\Users\FarhadBillimoria\OneDrive - Aurora Energy Research\Documents\Personal\Endog_demand_AI\pyai\data\original\prices\A100\EC2_p4d24xlarge_us-west-2.csv
2026-01-16,2339.1465117008593,2148.46837944664,2633.316864295125,14,2.187347448626014,1069.3986971160882,2024-01-25,A100,aws,A100,p4d24xlarge,us-west-2,0,C:\Users\FarhadBillimoria\OneDrive - Aurora Energy Research\Documents\Personal\Endog_demand_AI\pyai\data\original\prices\A100\EC2_p4d24xlarge_us-west-2.csv
2026-01-17,2300.5148535039834,2134.9912165129554,2587.505489679402,14,2.151222794368387,1069.3986971160882,2024-01-25,A100,aws,A100,p4d24xlarge,us-west-2,0,C:\Users\FarhadBillimoria\OneDrive - Aurora Energy Research\Documents\Personal\Endog_demand_AI\pyai\data\original\prices\A100\EC2_p4d24xlarge_us-west-2.csv
2026-01-18,2377.752159273898,2144.21387790953,2668.752744839701,15,2.2234477802209085,1069.3986971160882,2024-01-25,A100,aws,A100,p4d24xlarge,us-west-2,0,C:\Users\FarhadBillimoria\OneDrive - Aurora Energy Research\Documents\Personal\Endog_demand_AI\pyai\data\original\prices\A100\EC2_p4d24xlarge_us-west-2.csv
2026-01-19,2344.643902796076,2170.454545454545,2695.569828722002,15,2.192488086173116,1069.3986971160882,2024-01-25,A100,aws,A100,p4d24xlarge,us-west-2,0,C:\Users\FarhadBillimoria\OneDrive - Aurora Energy Research\Documents\Personal\Endog_demand_AI\pyai\data\original\prices\A100\EC2_p4d24xlarge_us-west-2.csv
2026-01-20,2409.384395797439,2172.9249011857705,2743.3025911286777,13,2.2530272407241294,1069.3986971160882,2024-01-25,A100,aws,A100,p4d24xlarge,us-west-2,0,C:\Users\FarhadBillimoria\OneDrive - Aurora Energy Research\Documents\Personal\Endog_demand_AI\pyai\data\original\prices\A100\EC2_p4d24xlarge_us-west-2.csv
2026-01-21,2406.2499999999995,2190.6840140535787,2756.038647342995,14,2.250096251743226,1069.3986971160882,2024-01-25,A100,aws,A100,p4d24xlarge,us-west-2,0,C:\Users\FarhadBillimoria\OneDrive - Aurora Energy Research\Documents\Personal\Endog_demand_AI\pyai\data\original\prices\A100\EC2_p4d24xlarge_us-west-2.csv
2026-01-22,2337.319685145772,2192.8524374176545,2734.8210364514707,13,2.185639174097521,1069.3986971160882,2024-01-25,A100,aws,A100,p4d24xlarge,us-west-2,0,C:\Users\FarhadBillimoria\OneDrive - Aurora Energy Research\Documents\Personal\Endog_demand_AI\pyai\data\original\prices\A100\EC2_p4d24xlarge_us-west-2.csv
2026-01-23,2383.4609683794465,2193.181818181818,2721.426218708827,16,2.2287861157929862,1069.3986971160882,2024-01-25,A100,aws,A100,p4d24xlarge,us-west-2,0,C:\Users\FarhadBillimoria\OneDrive - Aurora Energy Research\Documents\Personal\Endog_demand_AI\pyai\data\original\prices\A100\EC2_p4d24xlarge_us-west-2.csv
2026-01-24,2405.3085199824327,2195.0483091787437,2716.5404040404037,15,2.2492158691318522,1069.3986971160882,2024-01-25,A100,aws,A100,p4d24xlarge,us-west-2,0,C:\Users\FarhadBillimoria\OneDrive - Aurora Energy Research\Documents\Personal\Endog_demand_AI\pyai\data\original\prices\A100\EC2_p4d24xlarge_us-west-2.csv
2026-01-25,2353.267328011573,2192.523056653491,2671.0584101888444,17,2.2005518936555384,1069.3986971160882,2024-01-25,A100,aws,A100,p4d24xlarge,us-west-2,0,C:\Users\FarhadBillimoria\OneDrive - Aurora Energy Research\Documents\Personal\Endog_demand_AI\pyai\data\original\prices\A100\EC2_p4d24xlarge_us-west-2.csv
2026-01-26,2333.393719806763,2192.9896794027227,2622.529644268774,15,2.1819679845312754,1069.3986971160882,2024-01-25,A100,aws,A100,p4d24xlarge,us-west-2,0,C:\Users\FarhadBillimoria\OneDrive - Aurora Energy Research\Documents\Personal\Endog_demand_AI\pyai\data\original\prices\A100\EC2_p4d24xlarge_us-west-2.csv
2026-01-27,2334.8521446347527,2202.514273166447,2563.680281071585,15,2.1833317647864066,1069.3986971160882,2024-01-25,A100,aws,A100,p4d24xlarge,us-west-2,0,C:\Users\FarhadBillimoria\OneDrive - Aurora Energy Research\Documents\Personal\Endog_demand_AI\pyai\data\original\prices\A100\EC2_p4d24xlarge_us-west-2.csv
2026-01-28,2284.361170230735,2193.511198945981,2518.6100131752305,13,2.1361174054083936,1069.3986971160882,2024-01-25,A100,aws,A100,p4d24xlarge,us-west-2,0,C:\Users\FarhadBillimoria\OneDrive - Aurora Energy Research\Documents\Personal\Endog_demand_AI\pyai\data\original\prices\A100\EC2_p4d24xlarge_us-west-2.csv
2026-01-29,2288.528399941443,2200.7301273605617,2490.6126482213435,12,2.1400142024794446,1069.3986971160882,2024-01-25,A100,aws,A100,p4d24xlarge,us-west-2,0,C:\Users\FarhadBillimoria\OneDrive - Aurora Energy Research\Documents\Personal\Endog_demand_AI\pyai\data\original\prices\A100\EC2_p4d24xlarge_us-west-2.csv
2026-01-30,2247.75266249451,2169.1919191919187,2470.794905577514,16,2.1018846091323655,1069.3986971160882,2024-01-25,A100,aws,A100,p4d24xlarge,us-west-2,0,C:\Users\FarhadBillimoria\OneDrive - Aurora Energy Research\Documents\Personal\Endog_demand_AI\pyai\data\original\prices\A100\EC2_p4d24xlarge_us-west-2.csv
2026-01-31,2241.528248321726,2145.1471234079927,2441.095740008783,14,2.0960641287169977,1069.3986971160882,2024-01-25,A100,aws,A100,p4d24xlarge,us-west-2,0,C:\Users\FarhadBillimoria\OneDrive - Aurora Energy Research\Documents\Personal\Endog_demand_AI\pyai\data\original\prices\A100\EC2_p4d24xlarge_us-west-2.csv
2026-02-01,2250.823451910408,2133.646245059288,2394.680500658761,14,2.1047561194719417,1069.3986971160882,2024-01-25,A100,aws,A100,p4d24xlarge,us-west-2,0,C:\Users\FarhadBillimoria\OneDrive - Aurora Energy Research\Documents\Personal\Endog_demand_AI\pyai\data\original\prices\A100\EC2_p4d24xlarge_us-west-2.csv
2026-02-02,2251.1338299381778,2126.1802810715853,2364.6519543258673,13,2.1050463554976697,1069.3986971160882,2024-01-25,A100,aws,A100,p4d24xlarge,us-west-2,0,C:\Users\FarhadBillimoria\OneDrive - Aurora Energy Research\Documents\Personal\Endog_demand_AI\pyai\data\original\prices\A100\EC2_p4d24xlarge_us-west-2.csv
2026-02-03,2254.360635338896,2134.0579710144925,2388.6418533157657,15,2.108063757154713,1069.3986971160882,2024-01-25,A100,aws,A100,p4d24xlarge,us-west-2,0,C:\Users\FarhadBillimoria\OneDrive - Aurora Energy Research\Documents\Personal\Endog_demand_AI\pyai\data\original\prices\A100\EC2_p4d24xlarge_us-west-2.csv
2026-02-04,2268.3629776021075,2147.7272727272725,2403.0522617479132,15,2.1211574165176548,1069.3986971160882,2024-01-25,A100,aws,A100,p4d24xlarge,us-west-2,0,C:\Users\FarhadBillimoria\OneDrive - Aurora Energy Research\Documents\Personal\Endog_demand_AI\pyai\data\original\prices\A100\EC2_p4d24xlarge_us-west-2.csv
2026-02-05,2291.899063094715,2136.1989459815545,2465.140535792709,15,2.143166126230953,1069.3986971160882,2024-01-25,A100,aws,A100,p4d24xlarge,us-west-2,0,C:\Users\FarhadBillimoria\OneDrive - Aurora Energy Research\Documents\Personal\Endog_demand_AI\pyai\data\original\prices\A100\EC2_p4d24xlarge_us-west-2.csv
2026-02-06,2366.602620406968,2150.3623188405795,2530.961791831357,15,2.2130217913946666,1069.3986971160882,2024-01-25,A100,aws,A100,p4d24xlarge,us-west-2,0,C:\Users\FarhadBillimoria\OneDrive - Aurora Energy Research\Documents\Personal\Endog_demand_AI\pyai\data\original\prices\A100\EC2_p4d24xlarge_us-west-2.csv
2026-02-07,2412.8495095886396,2155.0559947299075,2605.264602547211,15,2.256267485733353,1069.3986971160882,2024-01-25,A100,aws,A100,p4d24xlarge,us-west-2,0,C:\Users\FarhadBillimoria\OneDrive - Aurora Energy Research\Documents\Personal\Endog_demand_AI\pyai\data\original\prices\A100\EC2_p4d24xlarge_us-west-2.csv
2026-02-08,2403.685686294382,2127.909530083443,2599.63768115942,13,2.2476983493401907,1069.3986971160882,2024-01-25,A100,aws,A100,p4d24xlarge,us-west-2,0,C:\Users\FarhadBillimoria\OneDrive - Aurora Energy Research\Documents\Personal\Endog_demand_AI\pyai\data\original\prices\A100\EC2_p4d24xlarge_us-west-2.csv
2026-02-09,2449.2787933684667,2102.245278875713,2726.531620553359,16,2.2903326888031414,1069.3986971160882,2024-01-25,A100,aws,A100,p4d24xlarge,us-west-2,0,C:\Users\FarhadBillimoria\OneDrive - Aurora Energy Research\Documents\Personal\Endog_demand_AI\pyai\data\original\prices\A100\EC2_p4d24xlarge_us-west-2.csv
2026-02-10,2450.001689132124,2090.4150197628455,2729.660737812911,13,2.2910086721997986,1069.3986971160882,2024-01-25,A100,aws,A100,p4d24xlarge,us-west-2,0,C:\Users\FarhadBillimoria\OneDrive - Aurora Energy Research\Documents\Personal\Endog_demand_AI\pyai\data\original\prices\A100\EC2_p4d24xlarge_us-west-2.csv
2026-02-11,2446.9755787690565,2080.3140096618354,2736.9620114185327,14,2.288178941463051,1069.3986971160882,2024-01-25,A100,aws,A100,p4d24xlarge,us-west-2,0,C:\Users\FarhadBillimoria\OneDrive - Aurora Energy Research\Documents\Personal\Endog_demand_AI\pyai\data\original\prices\A100\EC2_p4d24xlarge_us-west-2.csv
2026-02-12,2446.0273020055624,2075.071365832235,2741.765480895915,15,2.2872922031810132,1069.3986971160882,2024-01-25,A100,aws,A100,p4d24xlarge,us-west-2,0,C:\Users\FarhadBillimoria\OneDrive - Aurora Energy Research\Documents\Personal\Endog_demand_AI\pyai\data\original\prices\A100\EC2_p4d24xlarge_us-west-2.csv
2026-02-13,2386.994949494949,2069.169960474308,2751.454765041721,12,2.2320907589770793,1069.3986971160882,2024-01-25,A100,aws,A100,p4d24xlarge,us-west-2,0,C:\Users\FarhadBillimoria\OneDrive - Aurora Energy Research\Documents\Personal\Endog_demand_AI\pyai\data\original\prices\A100\EC2_p4d24xlarge_us-west-2.csv
2026-02-14,2327.2192028985505,2064.393939393939,2785.3809837505487,16,2.176194163294291,1069.3986971160882,2024-01-25,A100,aws,A100,p4d24xlarge,us-west-2,0,C:\Users\FarhadBillimoria\OneDrive - Aurora Energy Research\Documents\Personal\Endog_demand_AI\pyai\data\original\prices\A100\EC2_p4d24xlarge_us-west-2.csv
2026-02-15,2369.0970697311272,2063.954765041721,2863.855950812472,18,2.2153543632697645,1069.3986971160882,2024-01-25,A100,aws,A100,p4d24xlarge,us-west-2,0,C:\Users\FarhadBillimoria\OneDrive - Aurora Energy Research\Documents\Personal\Endog_demand_AI\pyai\data\original\prices\A100\EC2_p4d24xlarge_us-west-2.csv
2026-02-16,2347.6829631720934,2082.70202020202,2995.2239789196306,14,2.1953299265308917,1069.3986971160882,2024-01-25,A100,aws,A100,p4d24xlarge,us-west-2,0,C:\Users\FarhadBillimoria\OneDrive - Aurora Energy Research\Documents\Personal\Endog_demand_AI\pyai\data\original\prices\A100\EC2_p4d24xlarge_us-west-2.csv
2026-02-17,2465.2718959784174,2131.8620992534034,3096.179183135704,14,2.3052879179922927,1069.3986971160882,2024-01-25,A100,aws,A100,p4d24xlarge,us-west-2,0,C:\Users\FarhadBillimoria\OneDrive - Aurora Energy Research\Documents\Personal\Endog_demand_AI\pyai\data\original\prices\A100\EC2_p4d24xlarge_us-west-2.csv
2026-02-18,2431.5633038459123,2181.35155906895,3109.464207290294,14,2.2737668471106756,1069.3986971160882,2024-01-25,A100,aws,A100,p4d24xlarge,us-west-2,0,C:\Users\FarhadBillimoria\OneDrive - Aurora Energy Research\Documents\Personal\Endog_demand_AI\pyai\data\original\prices\A100\EC2_p4d24xlarge_us-west-2.csv
2026-02-19,2495.9199918439044,2185.4962670180057,3094.6695212999557,14,2.333947103708656,1069.3986971160882,2024-01-25,A100,aws,A100,p4d24xlarge,us-west-2,0,C:\Users\FarhadBillimoria\OneDrive - Aurora Energy Research\Documents\Personal\Endog_demand_AI\pyai\data\original\prices\A100\EC2_p4d24xlarge_us-west-2.csv
2026-02-20,2496.6329966329963,2212.8074220465523,3103.178524374176,12,2.3346138380061774,1069.3986971160882,2024-01-25,A100,aws,A100,p4d24xlarge,us-west-2,0,C:\Users\FarhadBillimoria\OneDrive - Aurora Energy Research\Documents\Personal\Endog_demand_AI\pyai\data\original\prices\A100\EC2_p4d24xlarge_us-west-2.csv
2026-02-21,2538.398591897233,2223.8691260430387,3129.94071146245,16,2.3736690522839474,1069.3986971160882,2024-01-25,A100,aws,A100,p4d24xlarge,us-west-2,0,C:\Users\FarhadBillimoria\OneDrive - Aurora Energy Research\Documents\Personal\Endog_demand_AI\pyai\data\original\prices\A100\EC2_p4d24xlarge_us-west-2.csv
2026-02-22,2674.8204551912986,2281.263724198506,3219.834211682037,17,2.5012378099998136,1069.3986971160882,2024-01-25,A100,aws,A100,p4d24xlarge,us-west-2,0,C:\Users\FarhadBillimoria\OneDrive - Aurora Energy Research\Documents\Personal\Endog_demand_AI\pyai\data\original\prices\A100\EC2_p4d24xlarge_us-west-2.csv
2026-02-23,2764.031620553359,2399.2643829600347,3384.49714536671,15,2.5846596110574,1069.3986971160882,2024-01-25,A100,aws,A100,p4d24xlarge,us-west-2,0,C:\Users\FarhadBillimoria\OneDrive - Aurora Energy Research\Documents\Personal\Endog_demand_AI\pyai\data\original\prices\A100\EC2_p4d24xlarge_us-west-2.csv
2026-02-24,2854.2856097203917,2469.9714536671054,3542.243083003952,15,2.669056561802175,1069.3986971160882,2024-01-25,A100,aws,A100,p4d24xlarge,us-west-2,0,C:\Users\FarhadBillimoria\OneDrive - Aurora Energy Research\Documents\Personal\Endog_demand_AI\pyai\data\original\prices\A100\EC2_p4d24xlarge_us-west-2.csv
2026-02-25,2991.2696942248567,2613.9108476064994,3570.295344751866,16,2.7971510553468915,1069.3986971160882,2024-01-25,A100,aws,A100,p4d24xlarge,us-west-2,0,C:\Users\FarhadBillimoria\OneDrive - Aurora Energy Research\Documents\Personal\Endog_demand_AI\pyai\data\original\prices\A100\EC2_p4d24xlarge_us-west-2.csv
2026-02-26,3117.7408139364657,2757.1914800175664,3603.3157663592438,15,2.915414823624028,1069.3986971160882,2024-01-25,A100,aws,A100,p4d24xlarge,us-west-2,0,C:\Users\FarhadBillimoria\OneDrive - Aurora Energy Research\Documents\Personal\Endog_demand_AI\pyai\data\original\prices\A100\EC2_p4d24xlarge_us-west-2.csv
2026-02-27,3216.7984189723315,2865.942028985507,3736.220904699165,15,3.0080440790205425,1069.3986971160882,2024-01-25,A100,aws,A100,p4d24xlarge,us-west-2,0,C:\Users\FarhadBillimoria\OneDrive - Aurora Energy Research\Documents\Personal\Endog_demand_AI\pyai\data\original\prices\A100\EC2_p4d24xlarge_us-west-2.csv
2026-02-28,3354.4514437856824,3039.2786561264816,3846.975186649099,16,3.1367641019498467,1069.3986971160882,2024-01-25,A100,aws,A100,p4d24xlarge,us-west-2,0,C:\Users\FarhadBillimoria\OneDrive - Aurora Energy Research\Documents\Personal\Endog_demand_AI\pyai\data\original\prices\A100\EC2_p4d24xlarge_us-west-2.csv
2026-03-01,3520.402736605182,3289.031620553359,3971.0419411506364,16,3.291945974965991,1069.3986971160882,2024-01-25,A100,aws,A100,p4d24xlarge,us-west-2,0,C:\Users\FarhadBillimoria\OneDrive - Aurora Energy Research\Documents\Personal\Endog_demand_AI\pyai\data\original\prices\A100\EC2_p4d24xlarge_us-west-2.csv
2026-03-02,3657.896903820816,3407.224418093983,4191.507465963987,18,3.420517449371583,1069.3986971160882,2024-01-25,A100,aws,A100,p4d24xlarge,us-west-2,0,C:\Users\FarhadBillimoria\OneDrive - Aurora Energy Research\Documents\Personal\Endog_demand_AI\pyai\data\original\prices\A100\EC2_p4d24xlarge_us-west-2.csv
2026-03-03,3792.662651358303,3432.175010979358,4410.737812911725,14,3.546537565069234,1069.3986971160882,2024-01-25,A100,aws,A100,p4d24xlarge,us-west-2,0,C:\Users\FarhadBillimoria\OneDrive - Aurora Energy Research\Documents\Personal\Endog_demand_AI\pyai\data\original\prices\A100\EC2_p4d24xlarge_us-west-2.csv
2026-03-04,3903.430080859748,3442.962231005709,4625.164690382081,17,3.650116735120739,1069.3986971160882,2024-01-25,A100,aws,A100,p4d24xlarge,us-west-2,0,C:\Users\FarhadBillimoria\OneDrive - Aurora Energy Research\Documents\Personal\Endog_demand_AI\pyai\data\original\prices\A100\EC2_p4d24xlarge_us-west-2.csv
2026-03-05,3900.9716732542815,3415.898111550285,4620.031840140536,15,3.647817866034685,1069.3986971160882,2024-01-25,A100,aws,A100,p4d24xlarge,us-west-2,0,C:\Users\FarhadBillimoria\OneDrive - Aurora Energy Research\Documents\Personal\Endog_demand_AI\pyai\data\original\prices\A100\EC2_p4d24xlarge_us-west-2.csv
2026-03-06,3838.966136520484,3338.383838383838,4523.193895476504,14,3.5898361825886402,1069.3986971160882,2024-01-25,A100,aws,A100,p4d24xlarge,us-west-2,0,C:\Users\FarhadBillimoria\OneDrive - Aurora Energy Research\Documents\Personal\Endog_demand_AI\pyai\data\original\prices\A100\EC2_p4d24xlarge_us-west-2.csv
2026-03-07,3642.295921168203,3274.5937637241977,4460.556653491435,16,3.40592889348996,1069.3986971160882,2024-01-25,A100,aws,A100,p4d24xlarge,us-west-2,0,C:\Users\FarhadBillimoria\OneDrive - Aurora Energy Research\Documents\Personal\Endog_demand_AI\pyai\data\original\prices\A100\EC2_p4d24xlarge_us-west-2.csv
2026-03-08,3716.1149538866925,3209.0744400527005,4432.42204655248,16,3.474957435340218,1069.3986971160882,2024-01-25,A100,aws,A100,p4d24xlarge,us-west-2,0,C:\Users\FarhadBillimoria\OneDrive - Aurora Energy Research\Documents\Personal\Endog_demand_AI\pyai\data\original\prices\A100\EC2_p4d24xlarge_us-west-2.csv
2026-03-09,3486.941882594056,3071.3383838383834,4248.682476943346,15,3.2606565652244592,1069.3986971160882,2024-01-25,A100,aws,A100,p4d24xlarge,us-west-2,0,C:\Users\FarhadBillimoria\OneDrive - Aurora Energy Research\Documents\Personal\Endog_demand_AI\pyai\data\original\prices\A100\EC2_p4d24xlarge_us-west-2.csv
2026-03-10,3420.676093230441,3001.6194554238027,4193.483750548967,14,3.1986910985165626,1069.3986971160882,2024-01-25,A100,aws,A100,p4d24xlarge,us-west-2,0,C:\Users\FarhadBillimoria\OneDrive - Aurora Energy Research\Documents\Personal\Endog_demand_AI\pyai\data\original\prices\A100\EC2_p4d24xlarge_us-west-2.csv
2026-03-11,3402.4170274170274,2896.162714097496,4161.396574440052,14,3.181616955951536,1069.3986971160882,2024-01-25,A100,aws,A100,p4d24xlarge,us-west-2,0,C:\Users\FarhadBillimoria\OneDrive - Aurora Energy Research\Documents\Personal\Endog_demand_AI\pyai\data\original\prices\A100\EC2_p4d24xlarge_us-west-2.csv
2026-03-12,3383.6956521739125,2855.045015371102,4132.795344751866,15,3.164110505556934,1069.3986971160882,2024-01-25,A100,aws,A100,p4d24xlarge,us-west-2,0,C:\Users\FarhadBillimoria\OneDrive - Aurora Energy Research\Documents\Personal\Endog_demand_AI\pyai\data\original\prices\A100\EC2_p4d24xlarge_us-west-2.csv
2026-03-13,3399.5791245791243,2827.980895915678,4125.686209925339,15,3.178963219000522,1069.3986971160882,2024-01-25,A100,aws,A100,p4d24xlarge,us-west-2,0,C:\Users\FarhadBillimoria\OneDrive - Aurora Energy Research\Documents\Personal\Endog_demand_AI\pyai\data\original\prices\A100\EC2_p4d24xlarge_us-west-2.csv
2026-03-14,3554.188625384277,2842.5010979358804,4212.587834870443,15,3.323539326323355,1069.3986971160882,2024-01-25,A100,aws,A100,p4d24xlarge,us-west-2,0,C:\Users\FarhadBillimoria\OneDrive - Aurora Energy Research\Documents\Personal\Endog_demand_AI\pyai\data\original\prices\A100\EC2_p4d24xlarge_us-west-2.csv
2026-03-15,3598.751259397039,2910.1064997804124,4253.623188405797,17,3.365210065340465,1069.3986971160882,2024-01-25,A100,aws,A100,p4d24xlarge,us-west-2,0,C:\Users\FarhadBillimoria\OneDrive - Aurora Energy Research\Documents\Personal\Endog_demand_AI\pyai\data\original\prices\A100\EC2_p4d24xlarge_us-west-2.csv
2026-03-16,3622.124017957351,2997.3100570926654,4220.383179622309,18,3.387066047233226,1069.3986971160882,2024-01-25,A100,aws,A100,p4d24xlarge,us-west-2,0,C:\Users\FarhadBillimoria\OneDrive - Aurora Energy Research\Documents\Personal\Endog_demand_AI\pyai\data\original\prices\A100\EC2_p4d24xlarge_us-west-2.csv
2026-03-17,3501.5062307861217,3041.6117698726393,4192.7426438296,16,3.2742757591054152,1069.3986971160882,2024-01-25,A100,aws,A100,p4d24xlarge,us-west-2,0,C:\Users\FarhadBillimoria\OneDrive - Aurora Energy Research\Documents\Personal\Endog_demand_AI\pyai\data\original\prices\A100\EC2_p4d24xlarge_us-west-2.csv
2026-03-18,3497.963328941589,2971.6183574879224,4185.523715415019,15,3.2709627741035754,1069.3986971160882,2024-01-25,A100,aws,A100,p4d24xlarge,us-west-2,0,C:\Users\FarhadBillimoria\OneDrive - Aurora Energy Research\Documents\Personal\Endog_demand_AI\pyai\data\original\prices\A100\EC2_p4d24xlarge_us-west-2.csv
2026-03-19,3382.2864936995365,2939.970355731225,4028.1620553359676,13,3.1627927945122356,1069.3986971160882,2024-01-25,A100,aws,A100,p4d24xlarge,us-west-2,0,C:\Users\FarhadBillimoria\OneDrive - Aurora Energy Research\Documents\Personal\Endog_demand_AI\pyai\data\original\prices\A100\EC2_p4d24xlarge_us-west-2.csv
2026-03-20,3292.7077451533964,2939.9978041282384,3982.213438735177,14,3.0790272646049033,1069.3986971160882,2024-01-25,A100,aws,A100,p4d24xlarge,us-west-2,0,C:\Users\FarhadBillimoria\OneDrive - Aurora Energy Research\Documents\Personal\Endog_demand_AI\pyai\data\original\prices\A100\EC2_p4d24xlarge_us-west-2.csv
2026-03-21,3418.47614945441,2924.105182257356,3958.1686429512515,13,3.1966339202331366,1069.3986971160882,2024-01-25,A100,aws,A100,p4d24xlarge,us-west-2,0,C:\Users\FarhadBillimoria\OneDrive - Aurora Energy Research\Documents\Personal\Endog_demand_AI\pyai\data\original\prices\A100\EC2_p4d24xlarge_us-west-2.csv
2026-03-22,3362.6683501683497,2948.726394378568,3876.0155906895034,15,3.144447771665198,1069.3986971160882,2024-01-25,A100,aws,A100,p4d24xlarge,us-west-2,0,C:\Users\FarhadBillimoria\OneDrive - Aurora Energy Research\Documents\Personal\Endog_demand_AI\pyai\data\original\prices\A100\EC2_p4d24xlarge_us-west-2.csv
2026-03-23,3355.6694664031616,2941.7545015371097,3801.575537988581,16,3.1379030809113546,1069.3986971160882,2024-01-25,A100,aws,A100,p4d24xlarge,us-west-2,0,C:\Users\FarhadBillimoria\OneDrive - Aurora Energy Research\Documents\Personal\Endog_demand_AI\pyai\data\original\prices\A100\EC2_p4d24xlarge_us-west-2.csv
2026-03-24,3360.9699479264696,2966.3482652613084,3747.749231444883,14,3.14285958734586,1069.3986971160882,2024-01-25,A100,aws,A100,p4d24xlarge,us-west-2,0,C:\Users\FarhadBillimoria\OneDrive - Aurora Energy Research\Documents\Personal\Endog_demand_AI\pyai\data\original\prices\A100\EC2_p4d24xlarge_us-west-2.csv
2026-03-25,3360.7286634460543,2956.137461572244,3841.5404040404032,15,3.1426339610372946,1069.3986971160882,2024-01-25,A100,aws,A100,p4d24xlarge,us-west-2,0,C:\Users\FarhadBillimoria\OneDrive - Aurora Energy Research\Documents\Personal\Endog_demand_AI\pyai\data\original\prices\A100\EC2_p4d24xlarge_us-west-2.csv
2026-03-26,3420.242800677583,2927.7558190601662,3869.922046552481,14,3.1982859245117443,1069.3986971160882,2024-01-25,A100,aws,A100,p4d24xlarge,us-west-2,0,C:\Users\FarhadBillimoria\OneDrive - Aurora Energy Research\Documents\Personal\Endog_demand_AI\pyai\data\original\prices\A100\EC2_p4d24xlarge_us-west-2.csv
2026-03-27,3393.6315797728835,2862.4286341677644,3852.8491436100126,14,3.173401640496378,1069.3986971160882,2024-01-25,A100,aws,A100,p4d24xlarge,us-west-2,0,C:\Users\FarhadBillimoria\OneDrive - Aurora Energy Research\Documents\Personal\Endog_demand_AI\pyai\data\original\prices\A100\EC2_p4d24xlarge_us-west-2.csv
2026-03-28,3277.146464646464,2797.019104084321,3856.307641633728,15,3.0644758343956675,1069.3986971160882,2024-01-25,A100,aws,A100,p4d24xlarge,us-west-2,0,C:\Users\FarhadBillimoria\OneDrive - Aurora Energy Research\Documents\Personal\Endog_demand_AI\pyai\data\original\prices\A100\EC2_p4d24xlarge_us-west-2.csv
2026-03-29,3495.5173336627136,2803.8263065436977,3986.440491875274,16,3.268675511845381,1069.3986971160882,2024-01-25,A100,aws,A100,p4d24xlarge,us-west-2,0,C:\Users\FarhadBillimoria\OneDrive - Aurora Energy Research\Documents\Personal\Endog_demand_AI\pyai\data\original\prices\A100\EC2_p4d24xlarge_us-west-2.csv
2026-03-30,3551.277526821005,2928.0577514273164,4165.266798418971,14,3.320817143688269,1069.3986971160882,2024-01-25,A100,aws,A100,p4d24xlarge,us-west-2,0,C:\Users\FarhadBillimoria\OneDrive - Aurora Energy Research\Documents\Personal\Endog_demand_AI\pyai\data\original\prices\A100\EC2_p4d24xlarge_us-west-2.csv
2026-03-31,3612.3325647782162,2935.3864734299514,4318.785682916117,14,3.3779100110368665,1069.3986971160882,2024-01-25,A100,aws,A100,p4d24xlarge,us-west-2,0,C:\Users\FarhadBillimoria\OneDrive - Aurora Energy Research\Documents\Personal\Endog_demand_AI\pyai\data\original\prices\A100\EC2_p4d24xlarge_us-west-2.csv
2026-04-01,3611.9570208008936,2933.7944664031616,4520.58629776021,11,3.3775588380100663,1069.3986971160882,2024-01-25,A100,aws,A100,p4d24xlarge,us-west-2,0,C:\Users\FarhadBillimoria\OneDrive - Aurora Energy Research\Documents\Personal\Endog_demand_AI\pyai\data\original\prices\A100\EC2_p4d24xlarge_us-west-2.csv
2026-04-02,3706.1237373737367,2932.5867369345624,4572.628458498023,12,3.4656145994644127,1069.3986971160882,2024-01-25,A100,aws,A100,p4d24xlarge,us-west-2,0,C:\Users\FarhadBillimoria\OneDrive - Aurora Energy Research\Documents\Personal\Endog_demand_AI\pyai\data\original\prices\A100\EC2_p4d24xlarge_us-west-2.csv
2026-04-03,3718.063790074659,2936.6490996925777,4645.805884936319,16,3.4767798016786307,1069.3986971160882,2024-01-25,A100,aws,A100,p4d24xlarge,us-west-2,0,C:\Users\FarhadBillimoria\OneDrive - Aurora Energy Research\Documents\Personal\Endog_demand_AI\pyai\data\original\prices\A100\EC2_p4d24xlarge_us-west-2.csv
2026-04-04,3761.234236777714,2972.1124286341674,4717.226613965744,14,3.5171486994708903,1069.3986971160882,2024-01-25,A100,aws,A100,p4d24xlarge,us-west-2,0,C:\Users\FarhadBillimoria\OneDrive - Aurora Energy Research\Documents\Personal\Endog_demand_AI\pyai\data\original\prices\A100\EC2_p4d24xlarge_us-west-2.csv
2026-04-05,3784.3104962670177,2986.138559508124,4805.390865173474,14,3.538727423618895,1069.3986971160882,2024-01-25,A100,aws,A100,p4d24xlarge,us-west-2,0,C:\Users\FarhadBillimoria\OneDrive - Aurora Energy Research\Documents\Personal\Endog_demand_AI\pyai\data\original\prices\A100\EC2_p4d24xlarge_us-west-2.csv
2026-04-06,4042.3391523934997,3129.062362758015,5029.067852437417,16,3.7800112935378722,1069.3986971160882,2024-01-25,A100,aws,A100,p4d24xlarge,us-west-2,0,C:\Users\FarhadBillimoria\OneDrive - Aurora Energy Research\Documents\Personal\Endog_demand_AI\pyai\data\original\prices\A100\EC2_p4d24xlarge_us-west-2.csv
2026-04-07,4035.49809691114,3240.5303030303025,5034.392841458059,15,3.773614188790308,1069.3986971160882,2024-01-25,A100,aws,A100,p4d24xlarge,us-west-2,0,C:\Users\FarhadBillimoria\OneDrive - Aurora Energy Research\Documents\Personal\Endog_demand_AI\pyai\data\original\prices\A100\EC2_p4d24xlarge_us-west-2.csv
2026-04-08,4064.043972332015,3269.5707070707067,5041.035353535353,16,3.8003075777927977,1069.3986971160882,2024-01-25,A100,aws,A100,p4d24xlarge,us-west-2,0,C:\Users\FarhadBillimoria\OneDrive - Aurora Energy Research\Documents\Personal\Endog_demand_AI\pyai\data\original\prices\A100\EC2_p4d24xlarge_us-west-2.csv
2026-04-09,4182.684766923897,3256.093544137022,5054.320377689943,14,3.911249170401642,1069.3986971160882,2024-01-25,A100,aws,A100,p4d24xlarge,us-west-2,0,C:\Users\FarhadBillimoria\OneDrive - Aurora Energy Research\Documents\Personal\Endog_demand_AI\pyai\data\original\prices\A100\EC2_p4d24xlarge_us-west-2.csv
2026-04-10,4088.7807844329577,3225.982652613087,5055.802591128678,13,3.823439092884084,1069.3986971160882,2024-01-25,A100,aws,A100,p4d24xlarge,us-west-2,0,C:\Users\FarhadBillimoria\OneDrive - Aurora Energy Research\Documents\Personal\Endog_demand_AI\pyai\data\original\prices\A100\EC2_p4d24xlarge_us-west-2.csv
2026-04-11,4185.858585858585,3186.621651295564,5006.862099253402,15,3.9142170241527703,1069.3986971160882,2024-01-25,A100,aws,A100,p4d24xlarge,us-west-2,0,C:\Users\FarhadBillimoria\OneDrive - Aurora Energy Research\Documents\Personal\Endog_demand_AI\pyai\data\original\prices\A100\EC2_p4d24xlarge_us-west-2.csv
2026-04-12,4227.907961603613,3173.089591567852,5038.619894598155,14,3.9535376029588094,1069.3986971160882,2024-01-25,A100,aws,A100,p4d24xlarge,us-west-2,0,C:\Users\FarhadBillimoria\OneDrive - Aurora Energy Research\Documents\Personal\Endog_demand_AI\pyai\data\original\prices\A100\EC2_p4d24xlarge_us-west-2.csv
2026-04-13,4258.0679988288675,3175.065876152832,5021.382301273605,15,3.9817404026317367,1069.3986971160882,2024-01-25,A100,aws,A100,p4d24xlarge,us-west-2,0,C:\Users\FarhadBillimoria\OneDrive - Aurora Energy Research\Documents\Personal\Endog_demand_AI\pyai\data\original\prices\A100\EC2_p4d24xlarge_us-west-2.csv
2026-04-14,4252.086078173034,3173.4189723320155,5023.386034255599,14,3.9761466791009665,1069.3986971160882,2024-01-25,A100,aws,A100,p4d24xlarge,us-west-2,0,C:\Users\FarhadBillimoria\OneDrive - Aurora Energy Research\Documents\Personal\Endog_demand_AI\pyai\data\original\prices\A100\EC2_p4d24xlarge_us-west-2.csv
2026-04-15,4239.222582972582,3177.920509442248,5073.726394378567,14,3.96411796124752,1069.3986971160882,2024-01-25,A100,aws,A100,p4d24xlarge,us-west-2,0,C:\Users\FarhadBillimoria\OneDrive - Aurora Energy Research\Documents\Personal\Endog_demand_AI\pyai\data\original\prices\A100\EC2_p4d24xlarge_us-west-2.csv
2026-04-16,4289.376250426974,3176.9049187527444,5077.980895915678,18,4.011016903232062,1069.3986971160882,2024-01-25,A100,aws,A100,p4d24xlarge,us-west-2,0,C:\Users\FarhadBillimoria\OneDrive - Aurora Energy Research\Documents\Personal\Endog_demand_AI\pyai\data\original\prices\A100\EC2_p4d24xlarge_us-west-2.csv
2026-04-17,4209.314156053286,3121.9532279314885,5007.8502415458925,15,3.93615044361359,1069.3986971160882,2024-01-25,A100,aws,A100,p4d24xlarge,us-west-2,0,C:\Users\FarhadBillimoria\OneDrive - Aurora Energy Research\Documents\Personal\Endog_demand_AI\pyai\data\original\prices\A100\EC2_p4d24xlarge_us-west-2.csv
2026-04-18,4223.029205094422,3126.097935880544,4981.746815985945,15,3.94897545366655,1069.3986971160882,2024-01-25,A100,aws,A100,p4d24xlarge,us-west-2,0,C:\Users\FarhadBillimoria\OneDrive - Aurora Energy Research\Documents\Personal\Endog_demand_AI\pyai\data\original\prices\A100\EC2_p4d24xlarge_us-west-2.csv
2026-04-19,4435.95504736809,3249.2863416776454,5121.541501976284,14,4.148083459733771,1069.3986971160882,2024-01-25,A100,aws,A100,p4d24xlarge,us-west-2,0,C:\Users\FarhadBillimoria\OneDrive - Aurora Energy Research\Documents\Personal\Endog_demand_AI\pyai\data\original\prices\A100\EC2_p4d24xlarge_us-west-2.csv
2026-04-20,4513.164251207729,3367.9457619675004,5095.300834431268,15,4.220282167332586,1069.3986971160882,2024-01-25,A100,aws,A100,p4d24xlarge,us-west-2,0,C:\Users\FarhadBillimoria\OneDrive - Aurora Energy Research\Documents\Personal\Endog_demand_AI\pyai\data\original\prices\A100\EC2_p4d24xlarge_us-west-2.csv
2026-04-21,4364.332261231238,3507.026789635485,4874.862758014931,17,4.081108638902212,1069.3986971160882,2024-01-25,A100,aws,A100,p4d24xlarge,us-west-2,0,C:\Users\FarhadBillimoria\OneDrive - Aurora Energy Research\Documents\Personal\Endog_demand_AI\pyai\data\original\prices\A100\EC2_p4d24xlarge_us-west-2.csv
2026-04-22,4197.8736641780115,3619.345630215195,4707.40008783487,15,3.9254523831931625,1069.3986971160882,2024-01-25,A100,aws,A100,p4d24xlarge,us-west-2,0,C:\Users\FarhadBillimoria\OneDrive - Aurora Energy Research\Documents\Personal\Endog_demand_AI\pyai\data\original\prices\A100\EC2_p4d24xlarge_us-west-2.csv
2026-04-23,4104.86751573708,3527.091567852437,4626.207729468598,15,3.8384818747272864,1069.3986971160882,2024-01-25,A100,aws,A100,p4d24xlarge,us-west-2,0,C:\Users\FarhadBillimoria\OneDrive - Aurora Energy Research\Documents\Personal\Endog_demand_AI\pyai\data\original\prices\A100\EC2_p4d24xlarge_us-west-2.csv
2026-04-24,4011.116600790513,3593.1049626701797,4467.007026789635,16,3.7508149314259804,1069.3986971160882,2024-01-25,A100,aws,A100,p4d24xlarge,us-west-2,0,C:\Users\FarhadBillimoria\OneDrive - Aurora Energy Research\Documents\Personal\Endog_demand_AI\pyai\data\original\prices\A100\EC2_p4d24xlarge_us-west-2.csv
2026-04-25,3883.4575373298194,3553.5243741765476,4260.402942468159,16,3.631440311085634,1069.3986971160882,2024-01-25,A100,aws,A100,p4d24xlarge,us-west-2,0,C:\Users\FarhadBillimoria\OneDrive - Aurora Energy Research\Documents\Personal\Endog_demand_AI\pyai\data\original\prices\A100\EC2_p4d24xlarge_us-west-2.csv
2026-04-26,3759.37637241985,3446.667764602547,4149.593763724198,15,3.5154114013398243,1069.3986971160882,2024-01-25,A100,aws,A100,p4d24xlarge,us-west-2,0,C:\Users\FarhadBillimoria\OneDrive - Aurora Energy Research\Documents\Personal\Endog_demand_AI\pyai\data\original\prices\A100\EC2_p4d24xlarge_us-west-2.csv
2026-04-27,3605.070633874981,3295.042819499341,3987.9501537110227,15,3.3711193436058897,1069.3986971160882,2024-01-25,A100,aws,A100,p4d24xlarge,us-west-2,0,C:\Users\FarhadBillimoria\OneDrive - Aurora Energy Research\Documents\Personal\Endog_demand_AI\pyai\data\original\prices\A100\EC2_p4d24xlarge_us-west-2.csv
2026-04-28,3464.538500951544,3180.939833113746,3822.848045674132,15,3.2397070524721725,1069.3986971160882,2024-01-25,A100,aws,A100,p4d24xlarge,us-west-2,0,C:\Users\FarhadBillimoria\OneDrive - Aurora Energy Research\Documents\Personal\Endog_demand_AI\pyai\data\original\prices\A100\EC2_p4d24xlarge_us-west-2.csv
2026-04-29,3308.5148358585852,3059.3159859464204,3702.8711023276232,16,3.0938085531437958,1069.3986971160882,2024-01-25,A100,aws,A100,p4d24xlarge,us-west-2,0,C:\Users\FarhadBillimoria\OneDrive - Aurora Energy Research\Documents\Personal\Endog_demand_AI\pyai\data\original\prices\A100\EC2_p4d24xlarge_us-west-2.csv
2026-04-30,3211.6710584101884,2920.811374615722,3565.3546332894152,15,3.0032494588513106,1069.3986971160882,2024-01-25,A100,aws,A100,p4d24xlarge,us-west-2,0,C:\Users\FarhadBillimoria\OneDrive - Aurora Energy Research\Documents\Personal\Endog_demand_AI\pyai\data\original\prices\A100\EC2_p4d24xlarge_us-west-2.csv
2026-05-01,3064.523556824281,2825.208607817303,3392.045454545454,18,2.865651103829251,1069.3986971160882,2024-01-25,A100,aws,A100,p4d24xlarge,us-west-2,0,C:\Users\FarhadBillimoria\OneDrive - Aurora Energy Research\Documents\Personal\Endog_demand_AI\pyai\data\original\prices\A100\EC2_p4d24xlarge_us-west-2.csv
2026-05-02,3038.2611048371914,2818.566095740008,3250.7136583223537,14,2.8410929553501916,1069.3986971160882,2024-01-25,A100,aws,A100,p4d24xlarge,us-west-2,0,C:\Users\FarhadBillimoria\OneDrive - Aurora Energy Research\Documents\Personal\Endog_demand_AI\pyai\data\original\prices\A100\EC2_p4d24xlarge_us-west-2.csv
2026-05-03,2953.321256038647,2810.6335090030734,3093.4343434343427,15,2.7616652834934676,1069.3986971160882,2024-01-25,A100,aws,A100,p4d24xlarge,us-west-2,0,C:\Users\FarhadBillimoria\OneDrive - Aurora Energy Research\Documents\Personal\Endog_demand_AI\pyai\data\original\prices\A100\EC2_p4d24xlarge_us-west-2.csv
2026-05-04,2923.3606444883617,2850.2964426877465,3031.071585419411,16,2.7336489677535276,1069.3986971160882,2024-01-25,A100,aws,A100,p4d24xlarge,us-west-2,0,C:\Users\FarhadBillimoria\OneDrive - Aurora Energy Research\Documents\Personal\Endog_demand_AI\pyai\data\original\prices\A100\EC2_p4d24xlarge_us-west-2.csv
2026-05-05,2864.4140682184157,2787.13768115942,2954.1337285902496,15,2.6785277333356152,1069.3986971160882,2024-01-25,A100,aws,A100,p4d24xlarge,us-west-2,0,C:\Users\FarhadBillimoria\OneDrive - Aurora Energy Research\Documents\Personal\Endog_demand_AI\pyai\data\original\prices\A100\EC2_p4d24xlarge_us-west-2.csv
2026-05-06,2823.638559508124,2675.5599472990775,2999.258893280632,15,2.6403983538812983,1069.3986971160882,2024-01-25,A100,aws,A100,p4d24xlarge,us-west-2,0,C:\Users\FarhadBillimoria\OneDrive - Aurora Energy Research\Documents\Personal\Endog_demand_AI\pyai\data\original\prices\A100\EC2_p4d24xlarge_us-west-2.csv
2026-05-07,2799.5923913043475,2604.1666666666665,3009.085419411506,12,2.6179126633071244,1069.3986971160882,2024-01-25,A100,aws,A100,p4d24xlarge,us-west-2,0,C:\Users\FarhadBillimoria\OneDrive - Aurora Energy Research\Documents\Personal\Endog_demand_AI\pyai\data\original\prices\A100\EC2_p4d24xlarge_us-west-2.csv
2026-05-08,2676.12950153711,2514.629995608256,3027.3386034255595,8,2.502461905698959,1069.3986971160882,2024-01-25,A100,aws,A100,p4d24xlarge,us-west-2,0,C:\Users\FarhadBillimoria\OneDrive - Aurora Energy Research\Documents\Personal\Endog_demand_AI\pyai\data\original\prices\A100\EC2_p4d24xlarge_us-west-2.csv
2026-05-09,2757.2027822986897,2512.8184014053577,3041.3372859025026,17,2.5782739306997513,1069.3986971160882,2024-01-25,A100,aws,A100,p4d24xlarge,us-west-2,0,C:\Users\FarhadBillimoria\OneDrive - Aurora Energy Research\Documents\Personal\Endog_demand_AI\pyai\data\original\prices\A100\EC2_p4d24xlarge_us-west-2.csv
2026-05-10,2750.945913989392,2533.0478700043914,3063.103864734299,13,2.572423102261143,1069.3986971160882,2024-01-25,A100,aws,A100,p4d24xlarge,us-west-2,0,C:\Users\FarhadBillimoria\OneDrive - Aurora Energy Research\Documents\Personal\Endog_demand_AI\pyai\data\original\prices\A100\EC2_p4d24xlarge_us-west-2.csv
2026-05-11,2814.5069622051715,2602.821695212999,3123.7648221343866,17,2.631859352171666,1069.3986971160882,2024-01-25,A100,aws,A100,p4d24xlarge,us-west-2,0,C:\Users\FarhadBillimoria\OneDrive - Aurora Energy Research\Documents\Personal\Endog_demand_AI\pyai\data\original\prices\A100\EC2_p4d24xlarge_us-west-2.csv
2026-05-12,2842.4480310349873,2682.010320597277,3173.8581466842334,15,2.6579871835456577,1069.3986971160882,2024-01-25,A100,aws,A100,p4d24xlarge,us-west-2,0,C:\Users\FarhadBillimoria\OneDrive - Aurora Energy Research\Documents\Personal\Endog_demand_AI\pyai\data\original\prices\A100\EC2_p4d24xlarge_us-west-2.csv
2026-05-13,2912.8238910847604,2912.8238910847604,2912.8238910847604,1,2.723795997638624,1069.3986971160882,2024-01-25,A100,aws,A100,p4d24xlarge,us-west-2,0,C:\Users\FarhadBillimoria\OneDrive - Aurora Energy Research\Documents\Personal\Endog_demand_AI\pyai\data\original\prices\A100\EC2_p4d24xlarge_us-west-2.csv
2024-01-25,3609.887535145266,3377.6944704779744,3964.3861293345817,8,1.0,3609.887535145266,2024-01-25,A10G,aws,A10G,g5xlarge,us-east-1,3,C:\Users\FarhadBillimoria\OneDrive - Aurora Energy Research\Documents\Personal\Endog_demand_AI\pyai\data\original\prices\A10G\EC2_g5xlarge_us-east-1.csv
2024-01-26,3573.050088514005,3368.9472039987495,3960.6373008434857,18,0.9897954032438357,3609.887535145266,2024-01-25,A10G,aws,A10G,g5xlarge,us-east-1,3,C:\Users\FarhadBillimoria\OneDrive - Aurora Energy Research\Documents\Personal\Endog_demand_AI\pyai\data\original\prices\A10G\EC2_g5xlarge_us-east-1.csv
2024-01-27,3549.7730488634056,3375.8200562324264,3950.640424867228,17,0.9833472689393794,3609.887535145266,2024-01-25,A10G,aws,A10G,g5xlarge,us-east-1,3,C:\Users\FarhadBillimoria\OneDrive - Aurora Energy Research\Documents\Personal\Endog_demand_AI\pyai\data\original\prices\A10G\EC2_g5xlarge_us-east-1.csv
2024-01-28,3549.164323648859,3378.3192752264904,3937.51952514839,16,0.9831786417429308,3609.887535145266,2024-01-25,A10G,aws,A10G,g5xlarge,us-east-1,3,C:\Users\FarhadBillimoria\OneDrive - Aurora Energy Research\Documents\Personal\Endog_demand_AI\pyai\data\original\prices\A10G\EC2_g5xlarge_us-east-1.csv
2024-01-30,3599.968759762573,3387.066541705716,3923.7738206810363,12,0.9972523311914497,3609.887535145266,2024-01-25,A10G,aws,A10G,g5xlarge,us-east-1,3,C:\Users\FarhadBillimoria\OneDrive - Aurora Energy Research\Documents\Personal\Endog_demand_AI\pyai\data\original\prices\A10G\EC2_g5xlarge_us-east-1.csv
2024-01-31,3568.555878919415,3382.0681037175873,3920.0249921899394,19,0.9885504310526428,3609.887535145266,2024-01-25,A10G,aws,A10G,g5xlarge,us-east-1,3,C:\Users\FarhadBillimoria\OneDrive - Aurora Energy Research\Documents\Personal\Endog_demand_AI\pyai\data\original\prices\A10G\EC2_g5xlarge_us-east-1.csv
2024-02-01,3560.796973168106,3377.0696657294584,3918.7753826929074,18,0.9864010827209373,3609.887535145266,2024-01-25,A10G,aws,A10G,g5xlarge,us-east-1,3,C:\Users\FarhadBillimoria\OneDrive - Aurora Energy Research\Documents\Personal\Endog_demand_AI\pyai\data\original\prices\A10G\EC2_g5xlarge_us-east-1.csv
2024-02-02,3579.992363497517,3375.1952514839104,3914.4017494532945,9,0.991718531018849,3609.887535145266,2024-01-25,A10G,aws,A10G,g5xlarge,us-east-1,3,C:\Users\FarhadBillimoria\OneDrive - Aurora Energy Research\Documents\Personal\Endog_demand_AI\pyai\data\original\prices\A10G\EC2_g5xlarge_us-east-1.csv
2024-02-06,3517.1821305841913,3371.4464229928135,3951.89003436426,8,0.9743190324744163,3609.887535145266,2024-01-25,A10G,aws,A10G,g5xlarge,us-east-1,3,C:\Users\FarhadBillimoria\OneDrive - Aurora Energy Research\Documents\Personal\Endog_demand_AI\pyai\data\original\prices\A10G\EC2_g5xlarge_us-east-1.csv
2024-02-07,3544.8297407060286,3371.4464229928135,3959.3876913464533,18,0.9819778888384069,3609.887535145266,2024-01-25,A10G,aws,A10G,g5xlarge,us-east-1,3,C:\Users\FarhadBillimoria\OneDrive - Aurora Energy Research\Documents\Personal\Endog_demand_AI\pyai\data\original\prices\A10G\EC2_g5xlarge_us-east-1.csv
2024-02-08,3465.9169009684465,3360.199937519524,3598.2505467041537,15,0.9601176954198308,3609.887535145266,2024-01-25,A10G,aws,A10G,g5xlarge,us-east-1,3,C:\Users\FarhadBillimoria\OneDrive - Aurora Energy Research\Documents\Personal\Endog_demand_AI\pyai\data\original\prices\A10G\EC2_g5xlarge_us-east-1.csv
2024-02-09,3569.1419960674043,3368.9472039987495,3953.7644486098084,17,0.9887127954316665,3609.887535145266,2024-01-25,A10G,aws,A10G,g5xlarge,us-east-1,3,C:\Users\FarhadBillimoria\OneDrive - Aurora Energy Research\Documents\Personal\Endog_demand_AI\pyai\data\original\prices\A10G\EC2_g5xlarge_us-east-1.csv
2024-02-10,3466.4613736778674,3385.1921274601673,3568.884723523898,14,0.9602685235838997,3609.887535145266,2024-01-25,A10G,aws,A10G,g5xlarge,us-east-1,3,C:\Users\FarhadBillimoria\OneDrive - Aurora Energy Research\Documents\Personal\Endog_demand_AI\pyai\data\original\prices\A10G\EC2_g5xlarge_us-east-1.csv
2024-02-11,3555.2047879774404,3357.0759137769437,3950.015620118712,19,0.9848519526895385,3609.887535145266,2024-01-25,A10G,aws,A10G,g5xlarge,us-east-1,3,C:\Users\FarhadBillimoria\OneDrive - Aurora Energy Research\Documents\Personal\Endog_demand_AI\pyai\data\original\prices\A10G\EC2_g5xlarge_us-east-1.csv
2024-02-12,3521.260717137005,3357.0759137769437,3944.392377382067,18,0.9754488700422368,3609.887535145266,2024-01-25,A10G,aws,A10G,g5xlarge,us-east-1,3,C:\Users\FarhadBillimoria\OneDrive - Aurora Energy Research\Documents\Personal\Endog_demand_AI\pyai\data\original\prices\A10G\EC2_g5xlarge_us-east-1.csv
2024-02-13,3548.092609948279,3320.8372383630103,3969.3845673227106,18,0.982881758892663,3609.887535145266,2024-01-25,A10G,aws,A10G,g5xlarge,us-east-1,3,C:\Users\FarhadBillimoria\OneDrive - Aurora Energy Research\Documents\Personal\Endog_demand_AI\pyai\data\original\prices\A10G\EC2_g5xlarge_us-east-1.csv
2024-02-14,3543.6582318025607,3338.331771321461,3960.0124960949693,16,0.9816533610263732,3609.887535145266,2024-01-25,A10G,aws,A10G,g5xlarge,us-east-1,3,C:\Users\FarhadBillimoria\OneDrive - Aurora Energy Research\Documents\Personal\Endog_demand_AI\pyai\data\original\prices\A10G\EC2_g5xlarge_us-east-1.csv
2024-02-15,3541.907859676203,3325.2108716026232,3933.7706966572937,17,0.9811684782954526,3609.887535145266,2024-01-25,A10G,aws,A10G,g5xlarge,us-east-1,3,C:\Users\FarhadBillimoria\OneDrive - Aurora Energy Research\Documents\Personal\Endog_demand_AI\pyai\data\original\prices\A10G\EC2_g5xlarge_us-east-1.csv
2024-02-16,3507.653858169321,3337.082161824429,3902.530459231489,16,0.9716795396032106,3609.887535145266,2024-01-25,A10G,aws,A10G,g5xlarge,us-east-1,3,C:\Users\FarhadBillimoria\OneDrive - Aurora Energy Research\Documents\Personal\Endog_demand_AI\pyai\data\original\prices\A10G\EC2_g5xlarge_us-east-1.csv
2024-02-17,3517.1300635218154,3332.0837238363,3891.908778506716,18,0.9743046090161038,3609.887535145266,2024-01-25,A10G,aws,A10G,g5xlarge,us-east-1,3,C:\Users\FarhadBillimoria\OneDrive - Aurora Energy Research\Documents\Personal\Endog_demand_AI\pyai\data\original\prices\A10G\EC2_g5xlarge_us-east-1.csv
2024-02-18,3526.88395987365,3325.2108716026232,3887.535145267103,18,0.9770066035399976,3609.887535145266,2024-01-25,A10G,aws,A10G,g5xlarge,us-east-1,3,C:\Users\FarhadBillimoria\OneDrive - Aurora Energy Research\Documents\Personal\Endog_demand_AI\pyai\data\original\prices\A10G\EC2_g5xlarge_us-east-1.csv
2024-02-19,3491.4089347079025,3321.4620431115263,3841.9243986254287,16,0.9671794206096795,3609.887535145266,2024-01-25,A10G,aws,A10G,g5xlarge,us-east-1,3,C:\Users\FarhadBillimoria\OneDrive - Aurora Energy Research\Documents\Personal\Endog_demand_AI\pyai\data\original\prices\A10G\EC2_g5xlarge_us-east-1.csv
2024-02-20,3519.451641950125,3317.0884098719143,3861.9181505779434,17,0.9749477255691009,3609.887535145266,2024-01-25,A10G,aws,A10G,g5xlarge,us-east-1,3,C:\Users\FarhadBillimoria\OneDrive - Aurora Energy Research\Documents\Personal\Endog_demand_AI\pyai\data\original\prices\A10G\EC2_g5xlarge_us-east-1.csv
2024-02-21,3531.917109236696,3310.8403623867534,3867.5413933145883,18,0.9784008711768821,3609.887535145266,2024-01-25,A10G,aws,A10G,g5xlarge,us-east-1,3,C:\Users\FarhadBillimoria\OneDrive - Aurora Energy Research\Documents\Personal\Endog_demand_AI\pyai\data\original\prices\A10G\EC2_g5xlarge_us-east-1.csv
2024-02-22,3491.1787434847656,3306.4667291471405,3836.301155888784,19,0.9671156537413502,3609.887535145266,2024-01-25,A10G,aws,A10G,g5xlarge,us-east-1,3,C:\Users\FarhadBillimoria\OneDrive - Aurora Energy Research\Documents\Personal\Endog_demand_AI\pyai\data\original\prices\A10G\EC2_g5xlarge_us-east-1.csv
2024-02-23,3485.299732722412,3300.8434864104956,3815.057794439237,18,0.9654870681676678,3609.887535145266,2024-01-25,A10G,aws,A10G,g5xlarge,us-east-1,3,C:\Users\FarhadBillimoria\OneDrive - Aurora Energy Research\Documents\Personal\Endog_demand_AI\pyai\data\original\prices\A10G\EC2_g5xlarge_us-east-1.csv
2024-02-24,3458.754665482825,3273.976882224304,3778.8191190253037,19,0.958133634859525,3609.887535145266,2024-01-25,A10G,aws,A10G,g5xlarge,us-east-1,3,C:\Users\FarhadBillimoria\OneDrive - Aurora Energy Research\Documents\Personal\Endog_demand_AI\pyai\data\original\prices\A10G\EC2_g5xlarge_us-east-1.csv
2024-02-25,3458.1298607343087,3267.728834739143,3755.076538581692,19,0.9579605533597737,3609.887535145266,2024-01-25,A10G,aws,A10G,g5xlarge,us-east-1,3,C:\Users\FarhadBillimoria\OneDrive - Aurora Energy Research\Documents\Personal\Endog_demand_AI\pyai\data\original\prices\A10G\EC2_g5xlarge_us-east-1.csv
2024-02-26,3469.1732363048304,3297.7194626679156,3773.820681037175,17,0.9610197554714753,3609.887535145266,2024-01-25,A10G,aws,A10G,g5xlarge,us-east-1,3,C:\Users\FarhadBillimoria\OneDrive - Aurora Energy Research\Documents\Personal\Endog_demand_AI\pyai\data\original\prices\A10G\EC2_g5xlarge_us-east-1.csv
2024-02-27,3442.0840709500494,3304.5923149015925,3773.820681037175,18,0.9535155977682103,3609.887535145266,2024-01-25,A10G,aws,A10G,g5xlarge,us-east-1,3,C:\Users\FarhadBillimoria\OneDrive - Aurora Energy Research\Documents\Personal\Endog_demand_AI\pyai\data\original\prices\A10G\EC2_g5xlarge_us-east-1.csv
2024-02-28,3389.3819945972755,3310.8403623867534,3778.1943142767877,17,0.9389162298267785,3609.887535145266,2024-01-25,A10G,aws,A10G,g5xlarge,us-east-1,3,C:\Users\FarhadBillimoria\OneDrive - Aurora Energy Research\Documents\Personal\Endog_demand_AI\pyai\data\original\prices\A10G\EC2_g5xlarge_us-east-1.csv
2024-02-29,3454.949739970964,3316.4636051233983,3786.9415807560126,17,0.9570796060359628,3609.887535145266,2024-01-25,A10G,aws,A10G,g5xlarge,us-east-1,3,C:\Users\FarhadBillimoria\OneDrive - Aurora Energy Research\Documents\Personal\Endog_demand_AI\pyai\data\original\prices\A10G\EC2_g5xlarge_us-east-1.csv
2024-03-01,3427.7960012496087,3315.2139956263654,3733.8331771321455,16,0.949557560416261,3609.887535145266,2024-01-25,A10G,aws,A10G,g5xlarge,us-east-1,3,C:\Users\FarhadBillimoria\OneDrive - Aurora Energy Research\Documents\Personal\Endog_demand_AI\pyai\data\original\prices\A10G\EC2_g5xlarge_us-east-1.csv
2024-03-02,3449.547016557325,3308.3411433926885,3770.071852546079,19,0.9555829601263496,3609.887535145266,2024-01-25,A10G,aws,A10G,g5xlarge,us-east-1,3,C:\Users\FarhadBillimoria\OneDrive - Aurora Energy Research\Documents\Personal\Endog_demand_AI\pyai\data\original\prices\A10G\EC2_g5xlarge_us-east-1.csv
2024-03-03,3400.81224617307,3299.5938769134636,3766.323024054982,16,0.9420826031457562,3609.887535145266,2024-01-25,A10G,aws,A10G,g5xlarge,us-east-1,3,C:\Users\FarhadBillimoria\OneDrive - Aurora Energy Research\Documents\Personal\Endog_demand_AI\pyai\data\original\prices\A10G\EC2_g5xlarge_us-east-1.csv
2024-03-09,3426.7416432364876,3287.097781943142,3770.071852546079,16,0.9492654853854309,3609.887535145266,2024-01-25,A10G,aws,A10G,g5xlarge,us-east-1,3,C:\Users\FarhadBillimoria\OneDrive - Aurora Energy Research\Documents\Personal\Endog_demand_AI\pyai\data\original\prices\A10G\EC2_g5xlarge_us-east-1.csv
2024-03-10,3461.150533315481,3281.474539206497,3768.822243049046,14,0.9587973308360146,3609.887535145266,2024-01-25,A10G,aws,A10G,g5xlarge,us-east-1,3,C:\Users\FarhadBillimoria\OneDrive - Aurora Energy Research\Documents\Personal\Endog_demand_AI\pyai\data\original\prices\A10G\EC2_g5xlarge_us-east-1.csv
2024-03-11,3409.1533895657594,3278.975320212433,3766.947828803498,20,0.9443932411674346,3609.887535145266,2024-01-25,A10G,aws,A10G,g5xlarge,us-east-1,3,C:\Users\FarhadBillimoria\OneDrive - Aurora Energy Research\Documents\Personal\Endog_demand_AI\pyai\data\original\prices\A10G\EC2_g5xlarge_us-east-1.csv
2024-03-12,3428.678537956888,3268.978444236175,3783.1927522649166,15,0.9498020380346597,3609.887535145266,2024-01-25,A10G,aws,A10G,g5xlarge,us-east-1,3,C:\Users\FarhadBillimoria\OneDrive - Aurora Energy Research\Documents\Personal\Endog_demand_AI\pyai\data\original\prices\A10G\EC2_g5xlarge_us-east-1.csv
2024-03-13,3389.4187478177764,3267.104029990627,3771.321462043111,17,0.9389264110914697,3609.887535145266,2024-01-25,A10G,aws,A10G,g5xlarge,us-east-1,3,C:\Users\FarhadBillimoria\OneDrive - Aurora Energy Research\Documents\Personal\Endog_demand_AI\pyai\data\original\prices\A10G\EC2_g5xlarge_us-east-1.csv
2024-03-14,3395.4319830608483,3256.4823492658534,3766.323024054982,18,0.940592179120121,3609.887535145266,2024-01-25,A10G,aws,A10G,g5xlarge,us-east-1,3,C:\Users\FarhadBillimoria\OneDrive - Aurora Energy Research\Documents\Personal\Endog_demand_AI\pyai\data\original\prices\A10G\EC2_g5xlarge_us-east-1.csv
2024-03-15,3438.5348328647287,3237.1134020618547,3763.199000312401,16,0.9525323986932347,3609.887535145266,2024-01-25,A10G,aws,A10G,g5xlarge,us-east-1,3,C:\Users\FarhadBillimoria\OneDrive - Aurora Energy Research\Documents\Personal\Endog_demand_AI\pyai\data\original\prices\A10G\EC2_g5xlarge_us-east-1.csv
2024-03-16,3359.4764793896634,3232.7397688222422,3711.965010934082,19,0.9306318955043219,3609.887535145266,2024-01-25,A10G,aws,A10G,g5xlarge,us-east-1,3,C:\Users\FarhadBillimoria\OneDrive - Aurora Energy Research\Documents\Personal\Endog_demand_AI\pyai\data\original\prices\A10G\EC2_g5xlarge_us-east-1.csv
2024-03-17,3339.5484963580448,3220.2436738519204,3640.737269603248,19,0.9251115066175205,3609.887535145266,2024-01-25,A10G,aws,A10G,g5xlarge,us-east-1,3,C:\Users\FarhadBillimoria\OneDrive - Aurora Energy Research\Documents\Personal\Endog_demand_AI\pyai\data\original\prices\A10G\EC2_g5xlarge_us-east-1.csv
2024-03-18,3370.5643457007914,3227.1165260855973,3610.7466416744755,17,0.9337034223048603,3609.887535145266,2024-01-25,A10G,aws,A10G,g5xlarge,us-east-1,3,C:\Users\FarhadBillimoria\OneDrive - Aurora Energy Research\Documents\Personal\Endog_demand_AI\pyai\data\original\prices\A10G\EC2_g5xlarge_us-east-1.csv
2024-03-19,3344.746433406226,3192.7522649172124,3588.878475476413,15,0.9265514232347489,3609.887535145266,2024-01-25,A10G,aws,A10G,g5xlarge,us-east-1,3,C:\Users\FarhadBillimoria\OneDrive - Aurora Energy Research\Documents\Personal\Endog_demand_AI\pyai\data\original\prices\A10G\EC2_g5xlarge_us-east-1.csv
2024-03-20,3351.8275538894086,3203.373945641986,3590.128084973445,20,0.9285130135652625,3609.887535145266,2024-01-25,A10G,aws,A10G,g5xlarge,us-east-1,3,C:\Users\FarhadBillimoria\OneDrive - Aurora Energy Research\Documents\Personal\Endog_demand_AI\pyai\data\original\prices\A10G\EC2_g5xlarge_us-east-1.csv
2024-03-21,3347.3468112643363,3214.6204311152756,3570.759137769446,21,0.9272717719527611,3609.887535145266,2024-01-25,A10G,aws,A10G,g5xlarge,us-east-1,3,C:\Users\FarhadBillimoria\OneDrive - Aurora Energy Research\Documents\Personal\Endog_demand_AI\pyai\data\original\prices\A10G\EC2_g5xlarge_us-east-1.csv
2024-03-22,3329.623555139018,3228.36613558263,3513.277100905966,16,0.9223621297678545,3609.887535145266,2024-01-25,A10G,aws,A10G,g5xlarge,us-east-1,3,C:\Users\FarhadBillimoria\OneDrive - Aurora Energy Research\Documents\Personal\Endog_demand_AI\pyai\data\original\prices\A10G\EC2_g5xlarge_us-east-1.csv
2024-03-23,3328.8972196188683,3240.237425804435,3520.774757888159,20,0.9221609225243937,3609.887535145266,2024-01-25,A10G,aws,A10G,g5xlarge,us-east-1,3,C:\Users\FarhadBillimoria\OneDrive - Aurora Energy Research\Documents\Personal\Endog_demand_AI\pyai\data\original\prices\A10G\EC2_g5xlarge_us-east-1.csv
2024-03-24,3320.2471449894124,3228.36613558263,3517.025929397062,18,0.9197647053167272,3609.887535145266,2024-01-25,A10G,aws,A10G,g5xlarge,us-east-1,3,C:\Users\FarhadBillimoria\OneDrive - Aurora Energy Research\Documents\Personal\Endog_demand_AI\pyai\data\original\prices\A10G\EC2_g5xlarge_us-east-1.csv
2024-03-25,3323.2471995358583,3227.7413308341133,3520.774757888159,21,0.9205957712480721,3609.887535145266,2024-01-25,A10G,aws,A10G,g5xlarge,us-east-1,3,C:\Users\FarhadBillimoria\OneDrive - Aurora Energy Research\Documents\Personal\Endog_demand_AI\pyai\data\original\prices\A10G\EC2_g5xlarge_us-east-1.csv
2024-03-26,3300.687285223367,3243.9862542955316,3492.6585442049354,16,0.9143462928106272,3609.887535145266,2024-01-25,A10G,aws,A10G,g5xlarge,us-east-1,3,C:\Users\FarhadBillimoria\OneDrive - Aurora Energy Research\Documents\Personal\Endog_demand_AI\pyai\data\original\prices\A10G\EC2_g5xlarge_us-east-1.csv
2024-03-27,3330.7299802145153,3252.108716026241,3489.5345204623545,18,0.9226686282569971,3609.887535145266,2024-01-25,A10G,aws,A10G,g5xlarge,us-east-1,3,C:\Users\FarhadBillimoria\OneDrive - Aurora Energy Research\Documents\Personal\Endog_demand_AI\pyai\data\original\prices\A10G\EC2_g5xlarge_us-east-1.csv
2024-03-28,3306.685410809121,3235.8637925648227,3483.2864729771936,20,0.9160078752082387,3609.887535145266,2024-01-25,A10G,aws,A10G,g5xlarge,us-east-1,3,C:\Users\FarhadBillimoria\OneDrive - Aurora Energy Research\Documents\Personal\Endog_demand_AI\pyai\data\original\prices\A10G\EC2_g5xlarge_us-east-1.csv
2024-03-29,3322.527886506054,3244.6110590440476,3483.9112777257096,17,0.9203965093534006,3609.887535145266,2024-01-25,A10G,aws,A10G,g5xlarge,us-east-1,3,C:\Users\FarhadBillimoria\OneDrive - Aurora Energy Research\Documents\Personal\Endog_demand_AI\pyai\data\original\prices\A10G\EC2_g5xlarge_us-east-1.csv
2024-03-30,3324.9535990591166,3247.7350827866285,3465.167135270227,17,0.9210684728230228,3609.887535145266,2024-01-25,A10G,aws,A10G,g5xlarge,us-east-1,3,C:\Users\FarhadBillimoria\OneDrive - Aurora Energy Research\Documents\Personal\Endog_demand_AI\pyai\data\original\prices\A10G\EC2_g5xlarge_us-east-1.csv
2024-03-31,3325.321131264126,3238.987816307403,3448.922211808809,17,0.9211702854699353,3609.887535145266,2024-01-25,A10G,aws,A10G,g5xlarge,us-east-1,3,C:\Users\FarhadBillimoria\OneDrive - Aurora Energy Research\Documents\Personal\Endog_demand_AI\pyai\data\original\prices\A10G\EC2_g5xlarge_us-east-1.csv
2024-04-01,3323.891839355756,3221.4932833489524,3446.4229928147442,18,0.9207743473986091,3609.887535145266,2024-01-25,A10G,aws,A10G,g5xlarge,us-east-1,3,C:\Users\FarhadBillimoria\OneDrive - Aurora Energy Research\Documents\Personal\Endog_demand_AI\pyai\data\original\prices\A10G\EC2_g5xlarge_us-east-1.csv
2024-04-02,3286.9589364434714,3213.9956263667596,3446.4229928147442,18,0.9105433076355384,3609.887535145266,2024-01-25,A10G,aws,A10G,g5xlarge,us-east-1,3,C:\Users\FarhadBillimoria\OneDrive - Aurora Energy Research\Documents\Personal\Endog_demand_AI\pyai\data\original\prices\A10G\EC2_g5xlarge_us-east-1.csv
2024-04-03,3291.9400187441415,3201.4995313964378,3425.1796313651976,20,0.9119231518141104,3609.887535145266,2024-01-25,A10G,aws,A10G,g5xlarge,us-east-1,3,C:\Users\FarhadBillimoria\OneDrive - Aurora Energy Research\Documents\Personal\Endog_demand_AI\pyai\data\original\prices\A10G\EC2_g5xlarge_us-east-1.csv
2024-04-04,3252.900135374361,3165.885660731021,3403.311465167134,15,0.9011084427713232,3609.887535145266,2024-01-25,A10G,aws,A10G,g5xlarge,us-east-1,3,C:\Users\FarhadBillimoria\OneDrive - Aurora Energy Research\Documents\Personal\Endog_demand_AI\pyai\data\original\prices\A10G\EC2_g5xlarge_us-east-1.csv
2024-04-05,3243.723178611946,3142.7678850359257,3386.4417369572,19,0.8985662702872583,3609.887535145266,2024-01-25,A10G,aws,A10G,g5xlarge,us-east-1,3,C:\Users\FarhadBillimoria\OneDrive - Aurora Energy Research\Documents\Personal\Endog_demand_AI\pyai\data\original\prices\A10G\EC2_g5xlarge_us-east-1.csv
2024-04-06,3247.1797007879472,3155.8887847547635,3397.063417681973,18,0.8995237854847123,3609.887535145266,2024-01-25,A10G,aws,A10G,g5xlarge,us-east-1,3,C:\Users\FarhadBillimoria\OneDrive - Aurora Energy Research\Documents\Personal\Endog_demand_AI\pyai\data\original\prices\A10G\EC2_g5xlarge_us-east-1.csv
2024-04-07,3254.5344285793035,3167.760074976569,3407.060293658231,17,0.9015611696745941,3609.887535145266,2024-01-25,A10G,aws,A10G,g5xlarge,us-east-1,3,C:\Users\FarhadBillimoria\OneDrive - Aurora Energy Research\Documents\Personal\Endog_demand_AI\pyai\data\original\prices\A10G\EC2_g5xlarge_us-east-1.csv
2024-04-08,3256.348462534029,3177.7569509528266,3413.9331458919078,14,0.9020636878104263,3609.887535145266,2024-01-25,A10G,aws,A10G,g5xlarge,us-east-1,3,C:\Users\FarhadBillimoria\OneDrive - Aurora Energy Research\Documents\Personal\Endog_demand_AI\pyai\data\original\prices\A10G\EC2_g5xlarge_us-east-1.csv
2024-04-09,3265.0980779032857,3177.7569509528266,3413.9331458919078,19,0.9044874794892729,3609.887535145266,2024-01-25,A10G,aws,A10G,g5xlarge,us-east-1,3,C:\Users\FarhadBillimoria\OneDrive - Aurora Energy Research\Documents\Personal\Endog_demand_AI\pyai\data\original\prices\A10G\EC2_g5xlarge_us-east-1.csv
2024-04-10,3266.183265098077,3175.257731958762,3418.3067791315207,19,0.9047880947256829,3609.887535145266,2024-01-25,A10G,aws,A10G,g5xlarge,us-east-1,3,C:\Users\FarhadBillimoria\OneDrive - Aurora Energy Research\Documents\Personal\Endog_demand_AI\pyai\data\original\prices\A10G\EC2_g5xlarge_us-east-1.csv
2024-04-11,3244.736019993751,3169.6344892221173,3414.5579506404238,20,0.8988468445079076,3609.887535145266,2024-01-25,A10G,aws,A10G,g5xlarge,us-east-1,3,C:\Users\FarhadBillimoria\OneDrive - Aurora Energy Research\Documents\Personal\Endog_demand_AI\pyai\data\original\prices\A10G\EC2_g5xlarge_us-east-1.csv
2024-04-12,3255.3021625186566,3163.3864417369564,3416.4323648859718,18,0.901773844981478,3609.887535145266,2024-01-25,A10G,aws,A10G,g5xlarge,us-east-1,3,C:\Users\FarhadBillimoria\OneDrive - Aurora Energy Research\Documents\Personal\Endog_demand_AI\pyai\data\original\prices\A10G\EC2_g5xlarge_us-east-1.csv
2024-04-13,3259.45936012643,3172.1337082161817,3422.0556076226167,17,0.9029254591432211,3609.887535145266,2024-01-25,A10G,aws,A10G,g5xlarge,us-east-1,3,C:\Users\FarhadBillimoria\OneDrive - Aurora Energy Research\Documents\Personal\Endog_demand_AI\pyai\data\original\prices\A10G\EC2_g5xlarge_us-east-1.csv
2024-04-14,3263.72273370454,3175.257731958762,3429.5532646048105,17,0.9041064858474058,3609.887535145266,2024-01-25,A10G,aws,A10G,g5xlarge,us-east-1,3,C:\Users\FarhadBillimoria\OneDrive - Aurora Energy Research\Documents\Personal\Endog_demand_AI\pyai\data\original\prices\A10G\EC2_g5xlarge_us-east-1.csv
2024-04-15,3265.1160148817125,3182.130584192439,3442.6741643236483,22,0.9044924483361558,3609.887535145266,2024-01-25,A10G,aws,A10G,g5xlarge,us-east-1,3,C:\Users\FarhadBillimoria\OneDrive - Aurora Energy Research\Documents\Personal\Endog_demand_AI\pyai\data\original\prices\A10G\EC2_g5xlarge_us-east-1.csv
2024-04-16,3269.405942222002,3185.8794126835355,3442.0493595751313,19,0.9056808308822943,3609.887535145266,2024-01-25,A10G,aws,A10G,g5xlarge,us-east-1,3,C:\Users\FarhadBillimoria\OneDrive - Aurora Energy Research\Documents\Personal\Endog_demand_AI\pyai\data\original\prices\A10G\EC2_g5xlarge_us-east-1.csv
2024-04-17,3275.7197586280595,3182.755388940955,3437.6757263355194,19,0.9074298649850433,3609.887535145266,2024-01-25,A10G,aws,A10G,g5xlarge,us-east-1,3,C:\Users\FarhadBillimoria\OneDrive - Aurora Energy Research\Documents\Personal\Endog_demand_AI\pyai\data\original\prices\A10G\EC2_g5xlarge_us-east-1.csv
2024-04-18,3278.600437363323,3185.8794126835355,3437.6757263355194,15,0.9082278617944225,3609.887535145266,2024-01-25,A10G,aws,A10G,g5xlarge,us-east-1,3,C:\Users\FarhadBillimoria\OneDrive - Aurora Energy Research\Documents\Personal\Endog_demand_AI\pyai\data\original\prices\A10G\EC2_g5xlarge_us-east-1.csv
2024-04-19,3267.728834739143,3185.2546079350195,3438.9253358325514,19,0.9052162436987516,3609.887535145266,2024-01-25,A10G,aws,A10G,g5xlarge,us-east-1,3,C:\Users\FarhadBillimoria\OneDrive - Aurora Energy Research\Documents\Personal\Endog_demand_AI\pyai\data\original\prices\A10G\EC2_g5xlarge_us-east-1.csv
2024-04-20,3263.399830410139,3185.8794126835355,3439.5501405810674,14,0.9040170361647614,3609.887535145266,2024-01-25,A10G,aws,A10G,g5xlarge,us-east-1,3,C:\Users\FarhadBillimoria\OneDrive - Aurora Energy Research\Documents\Personal\Endog_demand_AI\pyai\data\original\prices\A10G\EC2_g5xlarge_us-east-1.csv
2024-04-21,3249.9531396438606,3179.0065604498586,3437.6757263355194,20,0.9002920750308302,3609.887535145266,2024-01-25,A10G,aws,A10G,g5xlarge,us-east-1,3,C:\Users\FarhadBillimoria\OneDrive - Aurora Energy Research\Documents\Personal\Endog_demand_AI\pyai\data\original\prices\A10G\EC2_g5xlarge_us-east-1.csv
2024-04-22,3245.8259571661624,3175.882536707278,3429.5532646048105,18,0.8991487755685847,3609.887535145266,2024-01-25,A10G,aws,A10G,g5xlarge,us-east-1,3,C:\Users\FarhadBillimoria\OneDrive - Aurora Energy Research\Documents\Personal\Endog_demand_AI\pyai\data\original\prices\A10G\EC2_g5xlarge_us-east-1.csv
2024-04-23,3249.6541259427845,3147.141518275538,3424.5548266166816,14,0.9002092431702349,3609.887535145266,2024-01-25,A10G,aws,A10G,g5xlarge,us-east-1,3,C:\Users\FarhadBillimoria\OneDrive - Aurora Energy Research\Documents\Personal\Endog_demand_AI\pyai\data\original\prices\A10G\EC2_g5xlarge_us-east-1.csv
2024-04-24,3246.847202354527,3134.6454233052164,3423.3052171196496,19,0.8994316777860144,3609.887535145266,2024-01-25,A10G,aws,A10G,g5xlarge,us-east-1,3,C:\Users\FarhadBillimoria\OneDrive - Aurora Energy Research\Documents\Personal\Endog_demand_AI\pyai\data\original\prices\A10G\EC2_g5xlarge_us-east-1.csv
2024-04-25,3232.8713066640353,3105.2796001249603,3439.5501405810674,19,0.8955601179231587,3609.887535145266,2024-01-25,A10G,aws,A10G,g5xlarge,us-east-1,3,C:\Users\FarhadBillimoria\OneDrive - Aurora Energy Research\Documents\Personal\Endog_demand_AI\pyai\data\original\prices\A10G\EC2_g5xlarge_us-east-1.csv
2024-04-26,3230.996892418487,3087.7850671665096,3430.8028741018425,19,0.895040873423905,3609.887535145266,2024-01-25,A10G,aws,A10G,g5xlarge,us-east-1,3,C:\Users\FarhadBillimoria\OneDrive - Aurora Energy Research\Documents\Personal\Endog_demand_AI\pyai\data\original\prices\A10G\EC2_g5xlarge_us-east-1.csv
2024-04-27,3226.4917213370813,3105.9044048734763,3416.4323648859718,16,0.8937928647151727,3609.887535145266,2024-01-25,A10G,aws,A10G,g5xlarge,us-east-1,3,C:\Users\FarhadBillimoria\OneDrive - Aurora Energy Research\Documents\Personal\Endog_demand_AI\pyai\data\original\prices\A10G\EC2_g5xlarge_us-east-1.csv
2024-04-28,3232.263727109087,3085.2858481724456,3422.6804123711327,21,0.8953918080938267,3609.887535145266,2024-01-25,A10G,aws,A10G,g5xlarge,us-east-1,3,C:\Users\FarhadBillimoria\OneDrive - Aurora Energy Research\Documents\Personal\Endog_demand_AI\pyai\data\original\prices\A10G\EC2_g5xlarge_us-east-1.csv
2024-04-29,3227.182295006494,3057.1696344892216,3445.1733833177123,19,0.8939841653201609,3609.887535145266,2024-01-25,A10G,aws,A10G,g5xlarge,us-east-1,3,C:\Users\FarhadBillimoria\OneDrive - Aurora Energy Research\Documents\Personal\Endog_demand_AI\pyai\data\original\prices\A10G\EC2_g5xlarge_us-east-1.csv
2024-04-30,3239.9801532609285,3061.543267728834,3468.915963761324,17,0.8975293888568603,3609.887535145266,2024-01-25,A10G,aws,A10G,g5xlarge,us-east-1,3,C:\Users\FarhadBillimoria\OneDrive - Aurora Energy Research\Documents\Personal\Endog_demand_AI\pyai\data\original\prices\A10G\EC2_g5xlarge_us-east-1.csv
2024-05-01,3233.0686134267244,3069.040924711027,3483.2864729771936,19,0.8956147752388696,3609.887535145266,2024-01-25,A10G,aws,A10G,g5xlarge,us-east-1,3,C:\Users\FarhadBillimoria\OneDrive - Aurora Energy Research\Documents\Personal\Endog_demand_AI\pyai\data\original\prices\A10G\EC2_g5xlarge_us-east-1.csv
2024-05-02,3225.273352077475,3054.045610746641,3487.0353014682905,20,0.8934553557906579,3609.887535145266,2024-01-25,A10G,aws,A10G,g5xlarge,us-east-1,3,C:\Users\FarhadBillimoria\OneDrive - Aurora Energy Research\Documents\Personal\Endog_demand_AI\pyai\data\original\prices\A10G\EC2_g5xlarge_us-east-1.csv
2024-05-03,3234.3017806935327,3061.543267728834,3477.0384254920327,18,0.8959563834620627,3609.887535145266,2024-01-25,A10G,aws,A10G,g5xlarge,us-east-1,3,C:\Users\FarhadBillimoria\OneDrive - Aurora Energy Research\Documents\Personal\Endog_demand_AI\pyai\data\original\prices\A10G\EC2_g5xlarge_us-east-1.csv
2024-05-04,3248.092114071495,3075.288972196188,3483.2864729771936,21,0.899776539420857,3609.887535145266,2024-01-25,A10G,aws,A10G,g5xlarge,us-east-1,3,C:\Users\FarhadBillimoria\OneDrive - Aurora Energy Research\Documents\Personal\Endog_demand_AI\pyai\data\original\prices\A10G\EC2_g5xlarge_us-east-1.csv
2024-05-05,3227.2267857471,3049.0471727585123,3491.4089347079025,17,0.8939964900089977,3609.887535145266,2024-01-25,A10G,aws,A10G,g5xlarge,us-east-1,3,C:\Users\FarhadBillimoria\OneDrive - Aurora Energy Research\Documents\Personal\Endog_demand_AI\pyai\data\original\prices\A10G\EC2_g5xlarge_us-east-1.csv
2024-05-06,3213.699666222726,3053.420805998125,3498.9065916900963,19,0.8902492487465826,3609.887535145266,2024-01-25,A10G,aws,A10G,g5xlarge,us-east-1,3,C:\Users\FarhadBillimoria\OneDrive - Aurora Energy Research\Documents\Personal\Endog_demand_AI\pyai\data\original\prices\A10G\EC2_g5xlarge_us-east-1.csv
2024-05-07,3239.3185952919116,3057.1696344892216,3525.148391127772,17,0.8973461260924179,3609.887535145266,2024-01-25,A10G,aws,A10G,g5xlarge,us-east-1,3,C:\Users\FarhadBillimoria\OneDrive - Aurora Energy Research\Documents\Personal\Endog_demand_AI\pyai\data\original\prices\A10G\EC2_g5xlarge_us-east-1.csv
2024-05-08,3248.8531544418674,3070.2905342080594,3543.2677288347386,19,0.8999873604957418,3609.887535145266,2024-01-25,A10G,aws,A10G,g5xlarge,us-east-1,3,C:\Users\FarhadBillimoria\OneDrive - Aurora Energy Research\Documents\Personal\Endog_demand_AI\pyai\data\original\prices\A10G\EC2_g5xlarge_us-east-1.csv
2024-05-09,3211.9567898189703,3084.036238675413,3570.759137769446,19,0.8897664424578029,3609.887535145266,2024-01-25,A10G,aws,A10G,g5xlarge,us-east-1,3,C:\Users\FarhadBillimoria\OneDrive - Aurora Energy Research\Documents\Personal\Endog_demand_AI\pyai\data\original\prices\A10G\EC2_g5xlarge_us-east-1.csv
2024-05-15,3287.03530146829,3119.65010934083,3609.4970321774435,10,0.9105644620410636,3609.887535145266,2024-01-25,A10G,aws,A10G,g5xlarge,us-east-1,3,C:\Users\FarhadBillimoria\OneDrive - Aurora Energy Research\Documents\Personal\Endog_demand_AI\pyai\data\original\prices\A10G\EC2_g5xlarge_us-east-1.csv
2024-05-16,3293.3805408032204,3116.5260855982497,3602.6241799437666,18,0.9123222008274258,3609.887535145266,2024-01-25,A10G,aws,A10G,g5xlarge,us-east-1,3,C:\Users\FarhadBillimoria\OneDrive - Aurora Energy Research\Documents\Personal\Endog_demand_AI\pyai\data\original\prices\A10G\EC2_g5xlarge_us-east-1.csv
2024-05-17,3315.0751501266955,3130.89659481412,3601.9993751952506,18,0.9183319751243422,3609.887535145266,2024-01-25,A10G,aws,A10G,g5xlarge,us-east-1,3,C:\Users\FarhadBillimoria\OneDrive - Aurora Energy Research\Documents\Personal\Endog_demand_AI\pyai\data\original\prices\A10G\EC2_g5xlarge_us-east-1.csv
2024-05-18,3310.1420511972356,3145.2671040299897,3592.627303967509,17,0.9169654231524506,3609.887535145266,2024-01-25,A10G,aws,A10G,g5xlarge,us-east-1,3,C:\Users\FarhadBillimoria\OneDrive - Aurora Energy Research\Documents\Personal\Endog_demand_AI\pyai\data\original\prices\A10G\EC2_g5xlarge_us-east-1.csv
2024-05-19,3316.595142965191,3149.6407372696026,3591.377694470477,19,0.9187530388898189,3609.887535145266,2024-01-25,A10G,aws,A10G,g5xlarge,us-east-1,3,C:\Users\FarhadBillimoria\OneDrive - Aurora Energy Research\Documents\Personal\Endog_demand_AI\pyai\data\original\prices\A10G\EC2_g5xlarge_us-east-1.csv
2024-05-20,3293.933880956318,3150.2655420181186,3593.252108716025,17,0.9124754854236106,3609.887535145266,2024-01-25,A10G,aws,A10G,g5xlarge,us-east-1,3,C:\Users\FarhadBillimoria\OneDrive - Aurora Energy Research\Documents\Personal\Endog_demand_AI\pyai\data\original\prices\A10G\EC2_g5xlarge_us-east-1.csv
2024-05-21,3315.3977617288706,3167.135270228053,3590.752889721961,17,0.9184213440032987,3609.887535145266,2024-01-25,A10G,aws,A10G,g5xlarge,us-east-1,3,C:\Users\FarhadBillimoria\OneDrive - Aurora Energy Research\Documents\Personal\Endog_demand_AI\pyai\data\original\prices\A10G\EC2_g5xlarge_us-east-1.csv
2024-05-22,3344.9616439307156,3180.2561699468906,3583.880037488284,18,0.9266110401957746,3609.887535145266,2024-01-25,A10G,aws,A10G,g5xlarge,us-east-1,3,C:\Users\FarhadBillimoria\OneDrive - Aurora Energy Research\Documents\Personal\Endog_demand_AI\pyai\data\original\prices\A10G\EC2_g5xlarge_us-east-1.csv
2024-05-23,3339.546669443576,3187.1290221805675,3582.005623242736,18,0.925111000531264,3609.887535145266,2024-01-25,A10G,aws,A10G,g5xlarge,us-east-1,3,C:\Users\FarhadBillimoria\OneDrive - Aurora Energy Research\Documents\Personal\Endog_demand_AI\pyai\data\original\prices\A10G\EC2_g5xlarge_us-east-1.csv
2024-05-24,3351.452671040299,3194.001874414245,3592.002499218993,15,0.9284091646654118,3609.887535145266,2024-01-25,A10G,aws,A10G,g5xlarge,us-east-1,3,C:\Users\FarhadBillimoria\OneDrive - Aurora Energy Research\Documents\Personal\Endog_demand_AI\pyai\data\original\prices\A10G\EC2_g5xlarge_us-east-1.csv
2024-05-25,3361.548200397901,3198.3755076538573,3598.2505467041537,19,0.9312057973192863,3609.887535145266,2024-01-25,A10G,aws,A10G,g5xlarge,us-east-1,3,C:\Users\FarhadBillimoria\OneDrive - Aurora Energy Research\Documents\Personal\Endog_demand_AI\pyai\data\original\prices\A10G\EC2_g5xlarge_us-east-1.csv
2024-05-26,3376.4448609809424,3203.373945641986,3580.131208997187,16,0.9353324246554596,3609.887535145266,2024-01-25,A10G,aws,A10G,g5xlarge,us-east-1,3,C:\Users\FarhadBillimoria\OneDrive - Aurora Energy Research\Documents\Personal\Endog_demand_AI\pyai\data\original\prices\A10G\EC2_g5xlarge_us-east-1.csv
2024-05-27,3353.3270852858473,3213.9956263667596,3578.256794751639,19,0.9289284091646655,3609.887535145266,2024-01-25,A10G,aws,A10G,g5xlarge,us-east-1,3,C:\Users\FarhadBillimoria\OneDrive - Aurora Energy Research\Documents\Personal\Endog_demand_AI\pyai\data\original\prices\A10G\EC2_g5xlarge_us-east-1.csv
2024-05-28,3366.447985004685,3258.981568259918,3568.259918775382,18,0.9325631206594405,3609.887535145266,2024-01-25,A10G,aws,A10G,g5xlarge,us-east-1,3,C:\Users\FarhadBillimoria\OneDrive - Aurora Energy Research\Documents\Personal\Endog_demand_AI\pyai\data\original\prices\A10G\EC2_g5xlarge_us-east-1.csv
2024-05-29,3367.2700965158906,3255.2327397688214,3567.6351140268653,19,0.9327908594749026,3609.887535145266,2024-01-25,A10G,aws,A10G,g5xlarge,us-east-1,3,C:\Users\FarhadBillimoria\OneDrive - Aurora Energy Research\Documents\Personal\Endog_demand_AI\pyai\data\original\prices\A10G\EC2_g5xlarge_us-east-1.csv
2024-05-30,3376.2574195563875,3275.851296469852,3569.509528272414,20,0.9352805002055342,3609.887535145266,2024-01-25,A10G,aws,A10G,g5xlarge,us-east-1,3,C:\Users\FarhadBillimoria\OneDrive - Aurora Energy Research\Documents\Personal\Endog_demand_AI\pyai\data\original\prices\A10G\EC2_g5xlarge_us-east-1.csv
2024-05-31,3394.4600645631563,3278.975320212433,3564.5110902842853,18,0.9403229412316191,3609.887535145266,2024-01-25,A10G,aws,A10G,g5xlarge,us-east-1,3,C:\Users\FarhadBillimoria\OneDrive - Aurora Energy Research\Documents\Personal\Endog_demand_AI\pyai\data\original\prices\A10G\EC2_g5xlarge_us-east-1.csv
2024-06-01,3404.779756326147,3290.8466104342383,3587.004061230865,20,0.9431816706691762,3609.887535145266,2024-01-25,A10G,aws,A10G,g5xlarge,us-east-1,3,C:\Users\FarhadBillimoria\OneDrive - Aurora Energy Research\Documents\Personal\Endog_demand_AI\pyai\data\original\prices\A10G\EC2_g5xlarge_us-east-1.csv
2024-06-02,3392.2854990168503,3282.724148703529,3590.128084973445,17,0.939720549737387,3609.887535145266,2024-01-25,A10G,aws,A10G,g5xlarge,us-east-1,3,C:\Users\FarhadBillimoria\OneDrive - Aurora Energy Research\Documents\Personal\Endog_demand_AI\pyai\data\original\prices\A10G\EC2_g5xlarge_us-east-1.csv
2024-06-03,3380.054843972369,3274.60168697282,3588.878475476413,18,0.9363324510984665,3609.887535145266,2024-01-25,A10G,aws,A10G,g5xlarge,us-east-1,3,C:\Users\FarhadBillimoria\OneDrive - Aurora Energy Research\Documents\Personal\Endog_demand_AI\pyai\data\original\prices\A10G\EC2_g5xlarge_us-east-1.csv
2024-06-04,3395.903066006158,3238.987816307403,3586.379256482348,21,0.9407226770762827,3609.887535145266,2024-01-25,A10G,aws,A10G,g5xlarge,us-east-1,3,C:\Users\FarhadBillimoria\OneDrive - Aurora Energy Research\Documents\Personal\Endog_demand_AI\pyai\data\original\prices\A10G\EC2_g5xlarge_us-east-1.csv
2024-06-05,3373.4678501203657,3243.3614495470156,3598.2505467041537,17,0.9345077422154686,3609.887535145266,2024-01-25,A10G,aws,A10G,g5xlarge,us-east-1,3,C:\Users\FarhadBillimoria\OneDrive - Aurora Energy Research\Documents\Personal\Endog_demand_AI\pyai\data\original\prices\A10G\EC2_g5xlarge_us-east-1.csv
2024-06-06,3383.3177132146193,3266.479225242111,3594.5017182130578,20,0.9372363211527227,3609.887535145266,2024-01-25,A10G,aws,A10G,g5xlarge,us-east-1,3,C:\Users\FarhadBillimoria\OneDrive - Aurora Energy Research\Documents\Personal\Endog_demand_AI\pyai\data\original\prices\A10G\EC2_g5xlarge_us-east-1.csv
2024-06-07,3397.4452428060667,3286.472977194626,3572.633552014994,18,0.9411498861748748,3609.887535145266,2024-01-25,A10G,aws,A10G,g5xlarge,us-east-1,3,C:\Users\FarhadBillimoria\OneDrive - Aurora Energy Research\Documents\Personal\Endog_demand_AI\pyai\data\original\prices\A10G\EC2_g5xlarge_us-east-1.csv
2024-06-08,3416.60592176056,3280.224929709465,3590.128084973445,18,0.9464577188339114,3609.887535145266,2024-01-25,A10G,aws,A10G,g5xlarge,us-east-1,3,C:\Users\FarhadBillimoria\OneDrive - Aurora Energy Research\Documents\Personal\Endog_demand_AI\pyai\data\original\prices\A10G\EC2_g5xlarge_us-east-1.csv
2024-06-09,3398.937831927522,3279.600124960949,3590.128084973445,16,0.9415633586465028,3609.887535145266,2024-01-25,A10G,aws,A10G,g5xlarge,us-east-1,3,C:\Users\FarhadBillimoria\OneDrive - Aurora Energy Research\Documents\Personal\Endog_demand_AI\pyai\data\original\prices\A10G\EC2_g5xlarge_us-east-1.csv
2024-06-22,3084.1924398625424,2929.0846610434232,3177.13214620431,4,0.854373553146838,3609.887535145266,2024-01-25,A10G,aws,A10G,g5xlarge,us-east-1,3,C:\Users\FarhadBillimoria\OneDrive - Aurora Energy Research\Documents\Personal\Endog_demand_AI\pyai\data\original\prices\A10G\EC2_g5xlarge_us-east-1.csv
2024-06-23,3078.933666562532,2904.0924711027797,3167.135270228053,18,0.8529167838572655,3609.887535145266,2024-01-25,A10G,aws,A10G,g5xlarge,us-east-1,3,C:\Users\FarhadBillimoria\OneDrive - Aurora Energy Research\Documents\Personal\Endog_demand_AI\pyai\data\original\prices\A10G\EC2_g5xlarge_us-east-1.csv
2024-06-24,3036.13454128918,2890.971571383942,3205.248359887534,15,0.8410607011243088,3609.887535145266,2024-01-25,A10G,aws,A10G,g5xlarge,us-east-1,3,C:\Users\FarhadBillimoria\OneDrive - Aurora Energy Research\Documents\Personal\Endog_demand_AI\pyai\data\original\prices\A10G\EC2_g5xlarge_us-east-1.csv
2024-06-25,3044.465271269394,2839.7375820056227,3220.8684786004364,21,0.8433684544543245,3609.887535145266,2024-01-25,A10G,aws,A10G,g5xlarge,us-east-1,3,C:\Users\FarhadBillimoria\OneDrive - Aurora Energy Research\Documents\Personal\Endog_demand_AI\pyai\data\original\prices\A10G\EC2_g5xlarge_us-east-1.csv
2024-06-26,3048.6306362595014,2830.3655107778814,3236.4885973133387,18,0.8445223311193325,3609.887535145266,2024-01-25,A10G,aws,A10G,g5xlarge,us-east-1,3,C:\Users\FarhadBillimoria\OneDrive - Aurora Energy Research\Documents\Personal\Endog_demand_AI\pyai\data\original\prices\A10G\EC2_g5xlarge_us-east-1.csv
2024-06-27,3007.029053420805,2797.8756638550444,3247.1102780381125,20,0.8329979879275654,3609.887535145266,2024-01-25,A10G,aws,A10G,g5xlarge,us-east-1,3,C:\Users\FarhadBillimoria\OneDrive - Aurora Energy Research\Documents\Personal\Endog_demand_AI\pyai\data\original\prices\A10G\EC2_g5xlarge_us-east-1.csv
2024-06-28,2986.961311432282,2834.739144017494,3225.8669165885653,19,0.8274388834421356,3609.887535145266,2024-01-25,A10G,aws,A10G,g5xlarge,us-east-1,3,C:\Users\FarhadBillimoria\OneDrive - Aurora Energy Research\Documents\Personal\Endog_demand_AI\pyai\data\original\prices\A10G\EC2_g5xlarge_us-east-1.csv
2024-06-29,3002.8116213683215,2802.2492970946573,3255.8575445173374,17,0.8318296878042448,3609.887535145266,2024-01-25,A10G,aws,A10G,g5xlarge,us-east-1,3,C:\Users\FarhadBillimoria\OneDrive - Aurora Energy Research\Documents\Personal\Endog_demand_AI\pyai\data\original\prices\A10G\EC2_g5xlarge_us-east-1.csv
2024-06-30,2998.5037570496056,2780.381130896594,3223.992502343017,19,0.8306363364112235,3609.887535145266,2024-01-25,A10G,aws,A10G,g5xlarge,us-east-1,3,C:\Users\FarhadBillimoria\OneDrive - Aurora Energy Research\Documents\Personal\Endog_demand_AI\pyai\data\original\prices\A10G\EC2_g5xlarge_us-east-1.csv
2024-07-01,2954.0470983769947,2754.7641362074346,3215.2452358637915,21,0.818321088847473,3609.887535145266,2024-01-25,A10G,aws,A10G,g5xlarge,us-east-1,3,C:\Users\FarhadBillimoria\OneDrive - Aurora Energy Research\Documents\Personal\Endog_demand_AI\pyai\data\original\prices\A10G\EC2_g5xlarge_us-east-1.csv
2024-07-02,2912.8744489569226,2709.15338956576,3194.626679162761,18,0.8069155674789478,3609.887535145266,2024-01-25,A10G,aws,A10G,g5xlarge,us-east-1,3,C:\Users\FarhadBillimoria\OneDrive - Aurora Energy Research\Documents\Personal\Endog_demand_AI\pyai\data\original\prices\A10G\EC2_g5xlarge_us-east-1.csv
2024-07-03,2902.695848723744,2686.6604186191807,3183.380193689471,17,0.8040959227852886,3609.887535145266,2024-01-25,A10G,aws,A10G,g5xlarge,us-east-1,3,C:\Users\FarhadBillimoria\OneDrive - Aurora Energy Research\Documents\Personal\Endog_demand_AI\pyai\data\original\prices\A10G\EC2_g5xlarge_us-east-1.csv
2024-07-04,2847.7975632614803,2674.789128397375,3088.409871915026,20,0.7888881677159734,3609.887535145266,2024-01-25,A10G,aws,A10G,g5xlarge,us-east-1,3,C:\Users\FarhadBillimoria\OneDrive - Aurora Energy Research\Documents\Personal\Endog_demand_AI\pyai\data\original\prices\A10G\EC2_g5xlarge_us-east-1.csv
2024-07-05,2842.330521711964,2671.0402999062785,3102.780381130896,20,0.7873737045931503,3609.887535145266,2024-01-25,A10G,aws,A10G,g5xlarge,us-east-1,3,C:\Users\FarhadBillimoria\OneDrive - Aurora Energy Research\Documents\Personal\Endog_demand_AI\pyai\data\original\prices\A10G\EC2_g5xlarge_us-east-1.csv
2024-07-06,2828.4216737824977,2681.037175882536,3085.2858481724456,18,0.7835207180959112,3609.887535145266,2024-01-25,A10G,aws,A10G,g5xlarge,us-east-1,3,C:\Users\FarhadBillimoria\OneDrive - Aurora Energy Research\Documents\Personal\Endog_demand_AI\pyai\data\original\prices\A10G\EC2_g5xlarge_us-east-1.csv
2024-07-07,2802.6955862007403,2655.4201811933763,3095.282724148703,21,0.7763941560267906,3609.887535145266,2024-01-25,A10G,aws,A10G,g5xlarge,us-east-1,3,C:\Users\FarhadBillimoria\OneDrive - Aurora Energy Research\Documents\Personal\Endog_demand_AI\pyai\data\original\prices\A10G\EC2_g5xlarge_us-east-1.csv
2024-07-08,2819.327293554097,2627.9287722586682,3078.4129959387683,6,0.7810014207106438,3609.887535145266,2024-01-25,A10G,aws,A10G,g5xlarge,us-east-1,3,C:\Users\FarhadBillimoria\OneDrive - Aurora Energy Research\Documents\Personal\Endog_demand_AI\pyai\data\original\prices\A10G\EC2_g5xlarge_us-east-1.csv
2024-07-09,2762.0882363150395,2592.9397063417673,3094.0331146516705,18,0.7651452322056592,3609.887535145266,2024-01-25,A10G,aws,A10G,g5xlarge,us-east-1,3,C:\Users\FarhadBillimoria\OneDrive - Aurora Energy Research\Documents\Personal\Endog_demand_AI\pyai\data\original\prices\A10G\EC2_g5xlarge_us-east-1.csv
2024-07-10,2797.063417681974,2585.4420493595744,3079.6626054358007,20,0.7748339499361763,3609.887535145266,2024-01-25,A10G,aws,A10G,g5xlarge,us-east-1,3,C:\Users\FarhadBillimoria\OneDrive - Aurora Energy Research\Documents\Personal\Endog_demand_AI\pyai\data\original\prices\A10G\EC2_g5xlarge_us-east-1.csv
2024-07-11,2729.9906279287716,2587.941268353639,2999.062792877225,20,0.7562536509378854,3609.887535145266,2024-01-25,A10G,aws,A10G,g5xlarge,us-east-1,3,C:\Users\FarhadBillimoria\OneDrive - Aurora Energy Research\Documents\Personal\Endog_demand_AI\pyai\data\original\prices\A10G\EC2_g5xlarge_us-east-1.csv
2024-07-12,2754.7641362074346,2586.0668541080904,2943.4551702592935,18,0.7631163324030203,3609.887535145266,2024-01-25,A10G,aws,A10G,g5xlarge,us-east-1,3,C:\Users\FarhadBillimoria\OneDrive - Aurora Energy Research\Documents\Personal\Endog_demand_AI\pyai\data\original\prices\A10G\EC2_g5xlarge_us-east-1.csv
2024-07-13,2739.5483029200427,2598.562949078412,2910.3405185879406,17,0.7589012888208441,3609.887535145266,2024-01-25,A10G,aws,A10G,g5xlarge,us-east-1,3,C:\Users\FarhadBillimoria\OneDrive - Aurora Energy Research\Documents\Personal\Endog_demand_AI\pyai\data\original\prices\A10G\EC2_g5xlarge_us-east-1.csv
2024-07-14,2723.063516335355,2612.3086535457664,2873.477038425491,19,0.7543347236788017,3609.887535145266,2024-01-25,A10G,aws,A10G,g5xlarge,us-east-1,3,C:\Users\FarhadBillimoria\OneDrive - Aurora Energy Research\Documents\Personal\Endog_demand_AI\pyai\data\original\prices\A10G\EC2_g5xlarge_us-east-1.csv
2024-07-15,2730.4860088365235,2541.080912214932,2857.232114964073,21,0.7563908798412595,3609.887535145266,2024-01-25,A10G,aws,A10G,g5xlarge,us-east-1,3,C:\Users\FarhadBillimoria\OneDrive - Aurora Energy Research\Documents\Personal\Endog_demand_AI\pyai\data\original\prices\A10G\EC2_g5xlarge_us-east-1.csv
2024-07-16,2693.3862579708543,2491.096532333645,2828.491096532333,17,0.7461136203686383,3609.887535145266,2024-01-25,A10G,aws,A10G,g5xlarge,us-east-1,3,C:\Users\FarhadBillimoria\OneDrive - Aurora Energy Research\Documents\Personal\Endog_demand_AI\pyai\data\original\prices\A10G\EC2_g5xlarge_us-east-1.csv
2024-07-17,2702.74914089347,2481.7244611059036,2835.36394876601,16,0.7487072975487333,3609.887535145266,2024-01-25,A10G,aws,A10G,g5xlarge,us-east-1,3,C:\Users\FarhadBillimoria\OneDrive - Aurora Energy Research\Documents\Personal\Endog_demand_AI\pyai\data\original\prices\A10G\EC2_g5xlarge_us-east-1.csv
2024-07-18,2702.1069804574954,2483.598875351452,2832.864729771946,18,0.7485294082295446,3609.887535145266,2024-01-25,A10G,aws,A10G,g5xlarge,us-east-1,3,C:\Users\FarhadBillimoria\OneDrive - Aurora Energy Research\Documents\Personal\Endog_demand_AI\pyai\data\original\prices\A10G\EC2_g5xlarge_us-east-1.csv
2024-07-19,2702.9400534555166,2502.3430178069348,2845.9856294907836,18,0.7487601835625461,3609.887535145266,2024-01-25,A10G,aws,A10G,g5xlarge,us-east-1,3,C:\Users\FarhadBillimoria\OneDrive - Aurora Energy Research\Documents\Personal\Endog_demand_AI\pyai\data\original\prices\A10G\EC2_g5xlarge_us-east-1.csv
2024-07-20,2694.1927869762912,2516.7135270228046,2904.7172758512957,18,0.7463370425660294,3609.887535145266,2024-01-25,A10G,aws,A10G,g5xlarge,us-east-1,3,C:\Users\FarhadBillimoria\OneDrive - Aurora Energy Research\Documents\Personal\Endog_demand_AI\pyai\data\original\prices\A10G\EC2_g5xlarge_us-east-1.csv
2024-07-21,2765.8636087987206,2577.9443923773815,2943.4551702592935,17,0.766191074339777,3609.887535145266,2024-01-25,A10G,aws,A10G,g5xlarge,us-east-1,3,C:\Users\FarhadBillimoria\OneDrive - Aurora Energy Research\Documents\Personal\Endog_demand_AI\pyai\data\original\prices\A10G\EC2_g5xlarge_us-east-1.csv
2024-07-22,2797.6484621283116,2602.936582318025,2950.9528272414864,22,0.7749960171586705,3609.887535145266,2024-01-25,A10G,aws,A10G,g5xlarge,us-east-1,3,C:\Users\FarhadBillimoria\OneDrive - Aurora Energy Research\Documents\Personal\Endog_demand_AI\pyai\data\original\prices\A10G\EC2_g5xlarge_us-east-1.csv
2024-07-23,2783.1406852025407,2594.8141205873158,2953.452046235551,12,0.7709771171833872,3609.887535145266,2024-01-25,A10G,aws,A10G,g5xlarge,us-east-1,3,C:\Users\FarhadBillimoria\OneDrive - Aurora Energy Research\Documents\Personal\Endog_demand_AI\pyai\data\original\prices\A10G\EC2_g5xlarge_us-east-1.csv
2024-07-24,2787.715795335696,2590.4404873477033,2975.94501718213,23,0.7722445001942463,3609.887535145266,2024-01-25,A10G,aws,A10G,g5xlarge,us-east-1,3,C:\Users\FarhadBillimoria\OneDrive - Aurora Energy Research\Documents\Personal\Endog_demand_AI\pyai\data\original\prices\A10G\EC2_g5xlarge_us-east-1.csv
2024-07-25,2682.6686105036615,2464.8547328959694,2970.321774445485,18,0.7431446504595074,3609.887535145266,2024-01-25,A10G,aws,A10G,g5xlarge,us-east-1,3,C:\Users\FarhadBillimoria\OneDrive - Aurora Energy Research\Documents\Personal\Endog_demand_AI\pyai\data\original\prices\A10G\EC2_g5xlarge_us-east-1.csv
2024-07-26,2568.2946301502993,2381.7557013433293,2809.74695407685,18,0.7114611203661635,3609.887535145266,2024-01-25,A10G,aws,A10G,g5xlarge,us-east-1,3,C:\Users\FarhadBillimoria\OneDrive - Aurora Energy Research\Documents\Personal\Endog_demand_AI\pyai\data\original\prices\A10G\EC2_g5xlarge_us-east-1.csv
2024-07-27,2417.2380341669536,2284.910965323336,2634.176819743829,19,0.6696158843269008,3609.887535145266,2024-01-25,A10G,aws,A10G,g5xlarge,us-east-1,3,C:\Users\FarhadBillimoria\OneDrive - Aurora Energy Research\Documents\Personal\Endog_demand_AI\pyai\data\original\prices\A10G\EC2_g5xlarge_us-east-1.csv
2024-07-28,2379.5480578985726,2219.931271477663,2545.4545454545446,15,0.6591751224191024,3609.887535145266,2024-01-25,A10G,aws,A10G,g5xlarge,us-east-1,3,C:\Users\FarhadBillimoria\OneDrive - Aurora Energy Research\Documents\Personal\Endog_demand_AI\pyai\data\original\prices\A10G\EC2_g5xlarge_us-east-1.csv
2024-07-29,2364.573570759137,2172.44611059044,2653.5457669478283,18,0.6550269358083988,3609.887535145266,2024-01-25,A10G,aws,A10G,g5xlarge,us-east-1,3,C:\Users\FarhadBillimoria\OneDrive - Aurora Energy Research\Documents\Personal\Endog_demand_AI\pyai\data\original\prices\A10G\EC2_g5xlarge_us-east-1.csv
2024-07-30,2426.194939081536,2191.190253045923,2658.5442049359567,16,0.6720970987213604,3609.887535145266,2024-01-25,A10G,aws,A10G,g5xlarge,us-east-1,3,C:\Users\FarhadBillimoria\OneDrive - Aurora Energy Research\Documents\Personal\Endog_demand_AI\pyai\data\original\prices\A10G\EC2_g5xlarge_us-east-1.csv
2024-07-31,2400.2655420181186,2171.1965010934077,2627.9287722586682,16,0.6649142164816858,3609.887535145266,2024-01-25,A10G,aws,A10G,g5xlarge,us-east-1,3,C:\Users\FarhadBillimoria\OneDrive - Aurora Energy Research\Documents\Personal\Endog_demand_AI\pyai\data\original\prices\A10G\EC2_g5xlarge_us-east-1.csv
2024-08-01,2403.2333645735703,2191.815057794439,2611.059044048734,16,0.665736353605504,3609.887535145266,2024-01-25,A10G,aws,A10G,g5xlarge,us-east-1,3,C:\Users\FarhadBillimoria\OneDrive - Aurora Energy Research\Documents\Personal\Endog_demand_AI\pyai\data\original\prices\A10G\EC2_g5xlarge_us-east-1.csv
2024-08-02,2471.449894130306,2234.9265854420487,2619.8063105279593,18,0.6846334879047282,3609.887535145266,2024-01-25,A10G,aws,A10G,g5xlarge,us-east-1,3,C:\Users\FarhadBillimoria\OneDrive - Aurora Energy Research\Documents\Personal\Endog_demand_AI\pyai\data\original\prices\A10G\EC2_g5xlarge_us-east-1.csv
2024-08-03,2468.5341386372306,2303.6551077788185,2605.435801312089,18,0.6838257742392226,3609.887535145266,2024-01-25,A10G,aws,A10G,g5xlarge,us-east-1,3,C:\Users\FarhadBillimoria\OneDrive - Aurora Energy Research\Documents\Personal\Endog_demand_AI\pyai\data\original\prices\A10G\EC2_g5xlarge_us-east-1.csv
2024-08-04,2492.0153628461685,2313.02717900656,2657.9194001874407,17,0.6903304711252969,3609.887535145266,2024-01-25,A10G,aws,A10G,g5xlarge,us-east-1,3,C:\Users\FarhadBillimoria\OneDrive - Aurora Energy Research\Documents\Personal\Endog_demand_AI\pyai\data\original\prices\A10G\EC2_g5xlarge_us-east-1.csv
2024-08-05,2540.125328481907,2335.520149953139,2703.530146829115,17,0.703657746606139,3609.887535145266,2024-01-25,A10G,aws,A10G,g5xlarge,us-east-1,3,C:\Users\FarhadBillimoria\OneDrive - Aurora Energy Research\Documents\Personal\Endog_demand_AI\pyai\data\original\prices\A10G\EC2_g5xlarge_us-east-1.csv
2024-08-06,2606.3565662046394,2421.743205248359,2772.258669165885,19,0.7220049214358022,3609.887535145266,2024-01-25,A10G,aws,A10G,g5xlarge,us-east-1,3,C:\Users\FarhadBillimoria\OneDrive - Aurora Energy Research\Documents\Personal\Endog_demand_AI\pyai\data\original\prices\A10G\EC2_g5xlarge_us-east-1.csv
2024-08-07,2666.8402235412536,2477.975632614807,2834.114339268978,18,0.7387599191324771,3609.887535145266,2024-01-25,A10G,aws,A10G,g5xlarge,us-east-1,3,C:\Users\FarhadBillimoria\OneDrive - Aurora Energy Research\Documents\Personal\Endog_demand_AI\pyai\data\original\prices\A10G\EC2_g5xlarge_us-east-1.csv
2024-08-08,2697.9069040924705,2532.958450484223,2850.984067478912,18,0.7473659159256615,3609.887535145266,2024-01-25,A10G,aws,A10G,g5xlarge,us-east-1,3,C:\Users\FarhadBillimoria\OneDrive - Aurora Energy Research\Documents\Personal\Endog_demand_AI\pyai\data\original\prices\A10G\EC2_g5xlarge_us-east-1.csv
2024-08-09,2716.869728209934,2558.5754451733824,2892.221180880974,20,0.7526189394431103,3609.887535145266,2024-01-25,A10G,aws,A10G,g5xlarge,us-east-1,3,C:\Users\FarhadBillimoria\OneDrive - Aurora Energy Research\Documents\Personal\Endog_demand_AI\pyai\data\original\prices\A10G\EC2_g5xlarge_us-east-1.csv
2024-08-10,2754.237984840263,2556.0762261793184,2987.1915026554198,19,0.7629705795611245,3609.887535145266,2024-01-25,A10G,aws,A10G,g5xlarge,us-east-1,3,C:\Users\FarhadBillimoria\OneDrive - Aurora Energy Research\Documents\Personal\Endog_demand_AI\pyai\data\original\prices\A10G\EC2_g5xlarge_us-east-1.csv
2024-08-11,2779.591903845837,2545.4545454545446,3026.554201811933,19,0.7699940446299757,3609.887535145266,2024-01-25,A10G,aws,A10G,g5xlarge,us-east-1,3,C:\Users\FarhadBillimoria\OneDrive - Aurora Energy Research\Documents\Personal\Endog_demand_AI\pyai\data\original\prices\A10G\EC2_g5xlarge_us-east-1.csv
2024-08-12,2799.088520131576,2555.451421430802,2989.0659169009677,17,0.7753949376206639,3609.887535145266,2024-01-25,A10G,aws,A10G,g5xlarge,us-east-1,3,C:\Users\FarhadBillimoria\OneDrive - Aurora Energy Research\Documents\Personal\Endog_demand_AI\pyai\data\original\prices\A10G\EC2_g5xlarge_us-east-1.csv
2024-08-13,2757.7840258252622,2474.8516088722267,2899.718837863167,18,0.763952892985151,3609.887535145266,2024-01-25,A10G,aws,A10G,g5xlarge,us-east-1,3,C:\Users\FarhadBillimoria\OneDrive - Aurora Energy Research\Documents\Personal\Endog_demand_AI\pyai\data\original\prices\A10G\EC2_g5xlarge_us-east-1.csv
2024-08-14,2759.63761324586,2490.471727585129,2897.2196188691028,20,0.7644663681010796,3609.887535145266,2024-01-25,A10G,aws,A10G,g5xlarge,us-east-1,3,C:\Users\FarhadBillimoria\OneDrive - Aurora Energy Research\Documents\Personal\Endog_demand_AI\pyai\data\original\prices\A10G\EC2_g5xlarge_us-east-1.csv
2024-08-15,2780.1728626470886,2498.594189315838,2891.596376132458,15,0.7701549800595688,3609.887535145266,2024-01-25,A10G,aws,A10G,g5xlarge,us-east-1,3,C:\Users\FarhadBillimoria\OneDrive - Aurora Energy Research\Documents\Personal\Endog_demand_AI\pyai\data\original\prices\A10G\EC2_g5xlarge_us-east-1.csv
2024-08-16,2749.0714707209545,2503.5926273039668,2883.473914401749,18,0.7615393676275094,3609.887535145266,2024-01-25,A10G,aws,A10G,g5xlarge,us-east-1,3,C:\Users\FarhadBillimoria\OneDrive - Aurora Energy Research\Documents\Personal\Endog_demand_AI\pyai\data\original\prices\A10G\EC2_g5xlarge_us-east-1.csv
2024-08-17,2729.918959148795,2477.975632614807,2879.725085910652,17,0.7562337974717375,3609.887535145266,2024-01-25,A10G,aws,A10G,g5xlarge,us-east-1,3,C:\Users\FarhadBillimoria\OneDrive - Aurora Energy Research\Documents\Personal\Endog_demand_AI\pyai\data\original\prices\A10G\EC2_g5xlarge_us-east-1.csv
2024-08-18,2737.7069665729455,2494.2205560762254,2900.968447360199,20,0.7583912074598127,3609.887535145266,2024-01-25,A10G,aws,A10G,g5xlarge,us-east-1,3,C:\Users\FarhadBillimoria\OneDrive - Aurora Energy Research\Documents\Personal\Endog_demand_AI\pyai\data\original\prices\A10G\EC2_g5xlarge_us-east-1.csv
2024-08-19,2747.4309015274825,2498.594189315838,2916.5885660731014,19,0.7610849021690984,3609.887535145266,2024-01-25,A10G,aws,A10G,g5xlarge,us-east-1,3,C:\Users\FarhadBillimoria\OneDrive - Aurora Energy Research\Documents\Personal\Endog_demand_AI\pyai\data\original\prices\A10G\EC2_g5xlarge_us-east-1.csv
2024-08-20,2731.284631447409,2498.594189315838,2887.2227428928454,19,0.7566121118334228,3609.887535145266,2024-01-25,A10G,aws,A10G,g5xlarge,us-east-1,3,C:\Users\FarhadBillimoria\OneDrive - Aurora Energy Research\Documents\Personal\Endog_demand_AI\pyai\data\original\prices\A10G\EC2_g5xlarge_us-east-1.csv
2024-08-21,2702.523516956506,2479.850046860355,2830.9903155263974,18,0.7486447958960453,3609.887535145266,2024-01-25,A10G,aws,A10G,g5xlarge,us-east-1,3,C:\Users\FarhadBillimoria\OneDrive - Aurora Energy Research\Documents\Personal\Endog_demand_AI\pyai\data\original\prices\A10G\EC2_g5xlarge_us-east-1.csv
2024-08-22,2667.842769722696,2511.715089034676,2814.120587316463,17,0.7390376414082216,3609.887535145266,2024-01-25,A10G,aws,A10G,g5xlarge,us-east-1,3,C:\Users\FarhadBillimoria\OneDrive - Aurora Energy Research\Documents\Personal\Endog_demand_AI\pyai\data\original\prices\A10G\EC2_g5xlarge_us-east-1.csv
2024-08-23,2640.7188929929976,2517.3383317713206,2801.6244923461413,17,0.7315238680660814,3609.887535145266,2024-01-25,A10G,aws,A10G,g5xlarge,us-east-1,3,C:\Users\FarhadBillimoria\OneDrive - Aurora Energy Research\Documents\Personal\Endog_demand_AI\pyai\data\original\prices\A10G\EC2_g5xlarge_us-east-1.csv
2024-08-24,2630.983373251414,2531.084036238675,2839.1127772571067,18,0.7288269641745335,3609.887535145266,2024-01-25,A10G,aws,A10G,g5xlarge,us-east-1,3,C:\Users\FarhadBillimoria\OneDrive - Aurora Energy Research\Documents\Personal\Endog_demand_AI\pyai\data\original\prices\A10G\EC2_g5xlarge_us-east-1.csv
2024-08-25,2631.2402374258036,2480.4748516088716,2822.867853795688,20,0.7288981199022089,3609.887535145266,2024-01-25,A10G,aws,A10G,g5xlarge,us-east-1,3,C:\Users\FarhadBillimoria\OneDrive - Aurora Energy Research\Documents\Personal\Endog_demand_AI\pyai\data\original\prices\A10G\EC2_g5xlarge_us-east-1.csv
2024-08-26,2623.6488597313332,2437.3633239612614,2806.6229303342698,20,0.7267951796802319,3609.887535145266,2024-01-25,A10G,aws,A10G,g5xlarge,us-east-1,3,C:\Users\FarhadBillimoria\OneDrive - Aurora Energy Research\Documents\Personal\Endog_demand_AI\pyai\data\original\prices\A10G\EC2_g5xlarge_us-east-1.csv
2024-08-27,2597.5578283960167,2440.487347703842,2793.502030615432,23,0.7195675220090999,3609.887535145266,2024-01-25,A10G,aws,A10G,g5xlarge,us-east-1,3,C:\Users\FarhadBillimoria\OneDrive - Aurora Energy Research\Documents\Personal\Endog_demand_AI\pyai\data\original\prices\A10G\EC2_g5xlarge_us-east-1.csv
2024-08-28,2620.1680395928897,2473.6019993751943,2768.5098406747884,19,0.7258309335355654,3609.887535145266,2024-01-25,A10G,aws,A10G,g5xlarge,us-east-1,3,C:\Users\FarhadBillimoria\OneDrive - Aurora Energy Research\Documents\Personal\Endog_demand_AI\pyai\data\original\prices\A10G\EC2_g5xlarge_us-east-1.csv
2024-08-29,2625.984935263285,2520.462355513901,2751.015307716338,18,0.7274423121765239,3609.887535145266,2024-01-25,A10G,aws,A10G,g5xlarge,us-east-1,3,C:\Users\FarhadBillimoria\OneDrive - Aurora Energy Research\Documents\Personal\Endog_demand_AI\pyai\data\original\prices\A10G\EC2_g5xlarge_us-east-1.csv
2024-08-30,2623.33461969605,2547.328959700093,2726.6479225242106,17,0.7267081298671217,3609.887535145266,2024-01-25,A10G,aws,A10G,g5xlarge,us-east-1,3,C:\Users\FarhadBillimoria\OneDrive - Aurora Energy Research\Documents\Personal\Endog_demand_AI\pyai\data\original\prices\A10G\EC2_g5xlarge_us-east-1.csv
2024-08-31,2607.5835676351135,2511.715089034676,2692.2836613558256,16,0.7223448216178794,3609.887535145266,2024-01-25,A10G,aws,A10G,g5xlarge,us-east-1,3,C:\Users\FarhadBillimoria\OneDrive - Aurora Energy Research\Documents\Personal\Endog_demand_AI\pyai\data\original\prices\A10G\EC2_g5xlarge_us-east-1.csv
2024-09-01,2599.0141969523406,2489.2221180880965,2688.534832864729,18,0.7199709607705973,3609.887535145266,2024-01-25,A10G,aws,A10G,g5xlarge,us-east-1,3,C:\Users\FarhadBillimoria\OneDrive - Aurora Energy Research\Documents\Personal\Endog_demand_AI\pyai\data\original\prices\A10G\EC2_g5xlarge_us-east-1.csv
2024-09-02,2585.4718019666466,2479.225242111839,2679.787566385504,21,0.7162194879466249,3609.887535145266,2024-01-25,A10G,aws,A10G,g5xlarge,us-east-1,3,C:\Users\FarhadBillimoria\OneDrive - Aurora Energy Research\Documents\Personal\Endog_demand_AI\pyai\data\original\prices\A10G\EC2_g5xlarge_us-east-1.csv
2024-09-03,2600.958033947724,2478.600437363323,2671.0402999062785,18,0.720509436547601,3609.887535145266,2024-01-25,A10G,aws,A10G,g5xlarge,us-east-1,3,C:\Users\FarhadBillimoria\OneDrive - Aurora Energy Research\Documents\Personal\Endog_demand_AI\pyai\data\original\prices\A10G\EC2_g5xlarge_us-east-1.csv
2024-09-04,2590.1774116641172,2502.9678225554508,2662.9178381755696,19,0.717523021547508,3609.887535145266,2024-01-25,A10G,aws,A10G,g5xlarge,us-east-1,3,C:\Users\FarhadBillimoria\OneDrive - Aurora Energy Research\Documents\Personal\Endog_demand_AI\pyai\data\original\prices\A10G\EC2_g5xlarge_us-east-1.csv
2024-09-05,2580.6171682460335,2494.2205560762254,2662.293033427053,18,0.7148746721668121,3609.887535145266,2024-01-25,A10G,aws,A10G,g5xlarge,us-east-1,3,C:\Users\FarhadBillimoria\OneDrive - Aurora Energy Research\Documents\Personal\Endog_demand_AI\pyai\data\original\prices\A10G\EC2_g5xlarge_us-east-1.csv
2024-09-06,2583.5329237391084,2479.850046860355,2691.6588566073096,18,0.7156823858323176,3609.887535145266,2024-01-25,A10G,aws,A10G,g5xlarge,us-east-1,3,C:\Users\FarhadBillimoria\OneDrive - Aurora Energy Research\Documents\Personal\Endog_demand_AI\pyai\data\original\prices\A10G\EC2_g5xlarge_us-east-1.csv
2024-09-07,2574.903675934603,2487.3477038425485,2693.5332708528576,15,0.7132919380079762,3609.887535145266,2024-01-25,A10G,aws,A10G,g5xlarge,us-east-1,3,C:\Users\FarhadBillimoria\OneDrive - Aurora Energy Research\Documents\Personal\Endog_demand_AI\pyai\data\original\prices\A10G\EC2_g5xlarge_us-east-1.csv
2024-09-08,2569.1034051858787,2459.8562949078405,2682.2867853795683,20,0.7116851647519525,3609.887535145266,2024-01-25,A10G,aws,A10G,g5xlarge,us-east-1,3,C:\Users\FarhadBillimoria\OneDrive - Aurora Energy Research\Documents\Personal\Endog_demand_AI\pyai\data\original\prices\A10G\EC2_g5xlarge_us-east-1.csv
2024-09-09,2543.2364885973125,2417.9943767572627,2676.0387378944074,20,0.704519590662253,3609.887535145266,2024-01-25,A10G,aws,A10G,g5xlarge,us-east-1,3,C:\Users\FarhadBillimoria\OneDrive - Aurora Energy Research\Documents\Personal\Endog_demand_AI\pyai\data\original\prices\A10G\EC2_g5xlarge_us-east-1.csv
2024-09-10,2515.6721857752777,2394.251796313651,2651.046547953764,15,0.6968838118315628,3609.887535145266,2024-01-25,A10G,aws,A10G,g5xlarge,us-east-1,3,C:\Users\FarhadBillimoria\OneDrive - Aurora Energy Research\Documents\Personal\Endog_demand_AI\pyai\data\original\prices\A10G\EC2_g5xlarge_us-east-1.csv
2024-09-11,2507.7788191190243,2346.7666354264284,2638.550452983442,20,0.6946972155513726,3609.887535145266,2024-01-25,A10G,aws,A10G,g5xlarge,us-east-1,3,C:\Users\FarhadBillimoria\OneDrive - Aurora Energy Research\Documents\Personal\Endog_demand_AI\pyai\data\original\prices\A10G\EC2_g5xlarge_us-east-1.csv
2024-09-12,2453.865519966186,2328.0224929709457,2562.9490784129953,17,0.6797623183757828,3609.887535145266,2024-01-25,A10G,aws,A10G,g5xlarge,us-east-1,3,C:\Users\FarhadBillimoria\OneDrive - Aurora Energy Research\Documents\Personal\Endog_demand_AI\pyai\data\original\prices\A10G\EC2_g5xlarge_us-east-1.csv
2024-09-13,2451.317296678121,2312.402374258044,2529.8344267416423,21,0.6790564173571897,3609.887535145266,2024-01-25,A10G,aws,A10G,g5xlarge,us-east-1,3,C:\Users\FarhadBillimoria\OneDrive - Aurora Energy Research\Documents\Personal\Endog_demand_AI\pyai\data\original\prices\A10G\EC2_g5xlarge_us-east-1.csv
2024-09-14,2388.2467284529134,2293.658231802561,2460.4810996563565,18,0.661584801521194,3609.887535145266,2024-01-25,A10G,aws,A10G,g5xlarge,us-east-1,3,C:\Users\FarhadBillimoria\OneDrive - Aurora Energy Research\Documents\Personal\Endog_demand_AI\pyai\data\original\prices\A10G\EC2_g5xlarge_us-east-1.csv
2024-09-15,2369.5903853575164,2278.662917838175,2447.9850046860347,17,0.656416678438754,3609.887535145266,2024-01-25,A10G,aws,A10G,g5xlarge,us-east-1,3,C:\Users\FarhadBillimoria\OneDrive - Aurora Energy Research\Documents\Personal\Endog_demand_AI\pyai\data\original\prices\A10G\EC2_g5xlarge_us-east-1.csv
2024-09-16,2360.808300037816,2269.2908466104336,2454.2330521711956,19,0.6539838920335822,3609.887535145266,2024-01-25,A10G,aws,A10G,g5xlarge,us-east-1,3,C:\Users\FarhadBillimoria\OneDrive - Aurora Energy Research\Documents\Personal\Endog_demand_AI\pyai\data\original\prices\A10G\EC2_g5xlarge_us-east-1.csv
2024-09-17,2365.885660731021,2241.1746329272096,2456.73227116526,15,0.6553904069578763,3609.887535145266,2024-01-25,A10G,aws,A10G,g5xlarge,us-east-1,3,C:\Users\FarhadBillimoria\OneDrive - Aurora Energy Research\Documents\Personal\Endog_demand_AI\pyai\data\original\prices\A10G\EC2_g5xlarge_us-east-1.csv
2024-09-18,2347.5085910652915,2249.297094657919,2450.484223680099,16,0.6502996473464443,3609.887535145266,2024-01-25,A10G,aws,A10G,g5xlarge,us-east-1,3,C:\Users\FarhadBillimoria\OneDrive - Aurora Energy Research\Documents\Personal\Endog_demand_AI\pyai\data\original\prices\A10G\EC2_g5xlarge_us-east-1.csv
2024-09-19,2360.785691971258,2241.1746329272096,2447.9850046860347,16,0.6539776292161571,3609.887535145266,2024-01-25,A10G,aws,A10G,g5xlarge,us-east-1,3,C:\Users\FarhadBillimoria\OneDrive - Aurora Energy Research\Documents\Personal\Endog_demand_AI\pyai\data\original\prices\A10G\EC2_g5xlarge_us-east-1.csv
2024-09-20,2367.447672602311,2238.050609184629,2449.859418931583,20,0.6558231107072542,3609.887535145266,2024-01-25,A10G,aws,A10G,g5xlarge,us-east-1,3,C:\Users\FarhadBillimoria\OneDrive - Aurora Energy Research\Documents\Personal\Endog_demand_AI\pyai\data\original\prices\A10G\EC2_g5xlarge_us-east-1.csv
2024-09-21,2350.2811621368314,2252.4211184004994,2460.4810996563565,16,0.6510676965015901,3609.887535145266,2024-01-25,A10G,aws,A10G,g5xlarge,us-east-1,3,C:\Users\FarhadBillimoria\OneDrive - Aurora Energy Research\Documents\Personal\Endog_demand_AI\pyai\data\original\prices\A10G\EC2_g5xlarge_us-east-1.csv
2024-09-22,2325.0720261029533,2196.1886910340513,2451.109028428615,18,0.6440843387685732,3609.887535145266,2024-01-25,A10G,aws,A10G,g5xlarge,us-east-1,3,C:\Users\FarhadBillimoria\OneDrive - Aurora Energy Research\Documents\Personal\Endog_demand_AI\pyai\data\original\prices\A10G\EC2_g5xlarge_us-east-1.csv
2024-09-23,2305.7638238050604,2161.1996251171504,2430.4904717275845,16,0.6387356396443176,3609.887535145266,2024-01-25,A10G,aws,A10G,g5xlarge,us-east-1,3,C:\Users\FarhadBillimoria\OneDrive - Aurora Energy Research\Documents\Personal\Endog_demand_AI\pyai\data\original\prices\A10G\EC2_g5xlarge_us-east-1.csv
2024-09-24,2277.2295422386383,2068.7285223367694,2412.371134020618,17,0.6308311602696508,3609.887535145266,2024-01-25,A10G,aws,A10G,g5xlarge,us-east-1,3,C:\Users\FarhadBillimoria\OneDrive - Aurora Energy Research\Documents\Personal\Endog_demand_AI\pyai\data\original\prices\A10G\EC2_g5xlarge_us-east-1.csv
2024-09-25,2283.9921348108123,2065.604498594189,2463.605123398937,17,0.6327045129728402,3609.887535145266,2024-01-25,A10G,aws,A10G,g5xlarge,us-east-1,3,C:\Users\FarhadBillimoria\OneDrive - Aurora Energy Research\Documents\Personal\Endog_demand_AI\pyai\data\original\prices\A10G\EC2_g5xlarge_us-east-1.csv
2024-09-26,2319.314276788503,2096.2199312714774,2549.203373945641,16,0.6424893446701715,3609.887535145266,2024-01-25,A10G,aws,A10G,g5xlarge,us-east-1,3,C:\Users\FarhadBillimoria\OneDrive - Aurora Energy Research\Documents\Personal\Endog_demand_AI\pyai\data\original\prices\A10G\EC2_g5xlarge_us-east-1.csv
2024-09-27,2327.1017280783963,2109.340830990315,2576.069978131833,19,0.6446466005996364,3609.887535145266,2024-01-25,A10G,aws,A10G,g5xlarge,us-east-1,3,C:\Users\FarhadBillimoria\OneDrive - Aurora Energy Research\Documents\Personal\Endog_demand_AI\pyai\data\original\prices\A10G\EC2_g5xlarge_us-east-1.csv
2024-09-28,2355.132076781561,2168.0724773508273,2583.567635114026,18,0.6524114820343808,3609.887535145266,2024-01-25,A10G,aws,A10G,g5xlarge,us-east-1,3,C:\Users\FarhadBillimoria\OneDrive - Aurora Energy Research\Documents\Personal\Endog_demand_AI\pyai\data\original\prices\A10G\EC2_g5xlarge_us-east-1.csv
2024-09-29,2397.29251275643,2173.070915338956,2579.8188066229295,15,0.6640906370120364,3609.887535145266,2024-01-25,A10G,aws,A10G,g5xlarge,us-east-1,3,C:\Users\FarhadBillimoria\OneDrive - Aurora Energy Research\Documents\Personal\Endog_demand_AI\pyai\data\original\prices\A10G\EC2_g5xlarge_us-east-1.csv
2024-09-30,2468.291159012808,2231.8025616994682,2646.672914714151,18,0.6837584647670972,3609.887535145266,2024-01-25,A10G,aws,A10G,g5xlarge,us-east-1,3,C:\Users\FarhadBillimoria\OneDrive - Aurora Energy Research\Documents\Personal\Endog_demand_AI\pyai\data\original\prices\A10G\EC2_g5xlarge_us-east-1.csv
2024-10-01,2522.9248212874645,2266.166822867853,2660.418619181505,17,0.6988929147306355,3609.887535145266,2024-01-25,A10G,aws,A10G,g5xlarge,us-east-1,3,C:\Users\FarhadBillimoria\OneDrive - Aurora Energy Research\Documents\Personal\Endog_demand_AI\pyai\data\original\prices\A10G\EC2_g5xlarge_us-east-1.csv
2024-10-02,2469.688748581857,2254.2955326460474,2645.423305217119,19,0.6841456207533828,3609.887535145266,2024-01-25,A10G,aws,A10G,g5xlarge,us-east-1,3,C:\Users\FarhadBillimoria\OneDrive - Aurora Energy Research\Documents\Personal\Endog_demand_AI\pyai\data\original\prices\A10G\EC2_g5xlarge_us-east-1.csv
2024-10-03,2458.7169450723113,2242.424242424242,2594.1893158387998,17,0.6811062453150274,3609.887535145266,2024-01-25,A10G,aws,A10G,g5xlarge,us-east-1,3,C:\Users\FarhadBillimoria\OneDrive - Aurora Energy Research\Documents\Personal\Endog_demand_AI\pyai\data\original\prices\A10G\EC2_g5xlarge_us-east-1.csv
2024-10-04,2484.9179075983193,2259.9187753826923,2612.3086535457664,18,0.6883643557882541,3609.887535145266,2024-01-25,A10G,aws,A10G,g5xlarge,us-east-1,3,C:\Users\FarhadBillimoria\OneDrive - Aurora Energy Research\Documents\Personal\Endog_demand_AI\pyai\data\original\prices\A10G\EC2_g5xlarge_us-east-1.csv
2024-10-05,2475.3119913185014,2294.283036551077,2589.190877850671,19,0.6857033542511435,3609.887535145266,2024-01-25,A10G,aws,A10G,g5xlarge,us-east-1,3,C:\Users\FarhadBillimoria\OneDrive - Aurora Energy Research\Documents\Personal\Endog_demand_AI\pyai\data\original\prices\A10G\EC2_g5xlarge_us-east-1.csv
2024-10-06,2417.737104213756,2236.176194939081,2540.456107466416,17,0.6697541351842873,3609.887535145266,2024-01-25,A10G,aws,A10G,g5xlarge,us-east-1,3,C:\Users\FarhadBillimoria\OneDrive - Aurora Energy Research\Documents\Personal\Endog_demand_AI\pyai\data\original\prices\A10G\EC2_g5xlarge_us-east-1.csv
2024-10-07,2390.9325210871593,2222.430490471727,2511.715089034676,16,0.6623288115791522,3609.887535145266,2024-01-25,A10G,aws,A10G,g5xlarge,us-east-1,3,C:\Users\FarhadBillimoria\OneDrive - Aurora Energy Research\Documents\Personal\Endog_demand_AI\pyai\data\original\prices\A10G\EC2_g5xlarge_us-east-1.csv
2024-10-08,2362.0743517650726,2208.059981255857,2462.980318650421,18,0.654334609809394,3609.887535145266,2024-01-25,A10G,aws,A10G,g5xlarge,us-east-1,3,C:\Users\FarhadBillimoria\OneDrive - Aurora Energy Research\Documents\Personal\Endog_demand_AI\pyai\data\original\prices\A10G\EC2_g5xlarge_us-east-1.csv
2024-10-09,2336.811413100072,2217.4320524835985,2462.355513901905,15,0.6473363478361206,3609.887535145266,2024-01-25,A10G,aws,A10G,g5xlarge,us-east-1,3,C:\Users\FarhadBillimoria\OneDrive - Aurora Energy Research\Documents\Personal\Endog_demand_AI\pyai\data\original\prices\A10G\EC2_g5xlarge_us-east-1.csv
2024-10-10,2371.1687319934736,2201.18712902218,2479.225242111839,18,0.6568539071946614,3609.887535145266,2024-01-25,A10G,aws,A10G,g5xlarge,us-east-1,3,C:\Users\FarhadBillimoria\OneDrive - Aurora Energy Research\Documents\Personal\Endog_demand_AI\pyai\data\original\prices\A10G\EC2_g5xlarge_us-east-1.csv
2024-10-11,2360.9069534191613,2223.0552952202434,2479.850046860355,19,0.6540112206914378,3609.887535145266,2024-01-25,A10G,aws,A10G,g5xlarge,us-east-1,3,C:\Users\FarhadBillimoria\OneDrive - Aurora Energy Research\Documents\Personal\Endog_demand_AI\pyai\data\original\prices\A10G\EC2_g5xlarge_us-east-1.csv
2024-10-12,2381.408587594154,2226.80412371134,2482.9740706029356,18,0.659690520662806,3609.887535145266,2024-01-25,A10G,aws,A10G,g5xlarge,us-east-1,3,C:\Users\FarhadBillimoria\OneDrive - Aurora Energy Research\Documents\Personal\Endog_demand_AI\pyai\data\original\prices\A10G\EC2_g5xlarge_us-east-1.csv
2024-10-13,2406.0902020750086,2234.3017806935327,2502.9678225554508,19,0.6665277459892347,3609.887535145266,2024-01-25,A10G,aws,A10G,g5xlarge,us-east-1,3,C:\Users\FarhadBillimoria\OneDrive - Aurora Energy Research\Documents\Personal\Endog_demand_AI\pyai\data\original\prices\A10G\EC2_g5xlarge_us-east-1.csv
2024-10-14,2431.8503408861193,2249.921899406435,2546.704154951577,17,0.673663740825726,3609.887535145266,2024-01-25,A10G,aws,A10G,g5xlarge,us-east-1,3,C:\Users\FarhadBillimoria\OneDrive - Aurora Energy Research\Documents\Personal\Endog_demand_AI\pyai\data\original\prices\A10G\EC2_g5xlarge_us-east-1.csv
2024-10-15,2441.3094592150474,2264.917213370821,2576.694782880349,19,0.6762840768436311,3609.887535145266,2024-01-25,A10G,aws,A10G,g5xlarge,us-east-1,3,C:\Users\FarhadBillimoria\OneDrive - Aurora Energy Research\Documents\Personal\Endog_demand_AI\pyai\data\original\prices\A10G\EC2_g5xlarge_us-east-1.csv
2024-10-16,2421.5870040612303,2274.2892845985625,2551.7025929397055,20,0.6708206226606954,3609.887535145266,2024-01-25,A10G,aws,A10G,g5xlarge,us-east-1,3,C:\Users\FarhadBillimoria\OneDrive - Aurora Energy Research\Documents\Personal\Endog_demand_AI\pyai\data\original\prices\A10G\EC2_g5xlarge_us-east-1.csv
2024-10-17,2444.923461418306,2378.006872852233,2549.8281786941575,20,0.6772852166764025,3609.887535145266,2024-01-25,A10G,aws,A10G,g5xlarge,us-east-1,3,C:\Users\FarhadBillimoria\OneDrive - Aurora Energy Research\Documents\Personal\Endog_demand_AI\pyai\data\original\prices\A10G\EC2_g5xlarge_us-east-1.csv
2024-10-18,2438.404665208788,2384.2549203373937,2527.3352077475784,18,0.675479399695665,3609.887535145266,2024-01-25,A10G,aws,A10G,g5xlarge,us-east-1,3,C:\Users\FarhadBillimoria\OneDrive - Aurora Energy Research\Documents\Personal\Endog_demand_AI\pyai\data\original\prices\A10G\EC2_g5xlarge_us-east-1.csv
2024-10-19,2400.734145579506,2343.642611683848,2492.346141830677,16,0.6650440276064993,3609.887535145266,2024-01-25,A10G,aws,A10G,g5xlarge,us-east-1,3,C:\Users\FarhadBillimoria\OneDrive - Aurora Energy Research\Documents\Personal\Endog_demand_AI\pyai\data\original\prices\A10G\EC2_g5xlarge_us-east-1.csv
2024-10-20,2388.316151202748,2315.526398000624,2494.8453608247414,16,0.6616040327989441,3609.887535145266,2024-01-25,A10G,aws,A10G,g5xlarge,us-east-1,3,C:\Users\FarhadBillimoria\OneDrive - Aurora Energy Research\Documents\Personal\Endog_demand_AI\pyai\data\original\prices\A10G\EC2_g5xlarge_us-east-1.csv
2024-10-21,2390.0619291765433,2318.6504217432043,2542.330521711964,17,0.6620876428717783,3609.887535145266,2024-01-25,A10G,aws,A10G,g5xlarge,us-east-1,3,C:\Users\FarhadBillimoria\OneDrive - Aurora Energy Research\Documents\Personal\Endog_demand_AI\pyai\data\original\prices\A10G\EC2_g5xlarge_us-east-1.csv
2024-10-22,2410.080183276059,2319.900031240237,2554.20181193377,18,0.6676330383736109,3609.887535145266,2024-01-25,A10G,aws,A10G,g5xlarge,us-east-1,3,C:\Users\FarhadBillimoria\OneDrive - Aurora Energy Research\Documents\Personal\Endog_demand_AI\pyai\data\original\prices\A10G\EC2_g5xlarge_us-east-1.csv
2024-10-23,2365.547531102412,2293.658231802561,2544.8297407060286,17,0.6552967393227167,3609.887535145266,2024-01-25,A10G,aws,A10G,g5xlarge,us-east-1,3,C:\Users\FarhadBillimoria\OneDrive - Aurora Energy Research\Documents\Personal\Endog_demand_AI\pyai\data\original\prices\A10G\EC2_g5xlarge_us-east-1.csv
2024-10-24,2365.9150633074214,2266.791627616369,2507.341455795063,17,0.6553985519696293,3609.887535145266,2024-01-25,A10G,aws,A10G,g5xlarge,us-east-1,3,C:\Users\FarhadBillimoria\OneDrive - Aurora Energy Research\Documents\Personal\Endog_demand_AI\pyai\data\original\prices\A10G\EC2_g5xlarge_us-east-1.csv
2024-10-25,2353.1462207533823,2235.5513901905647,2490.471727585129,19,0.6518613662734756,3609.887535145266,2024-01-25,A10G,aws,A10G,g5xlarge,us-east-1,3,C:\Users\FarhadBillimoria\OneDrive - Aurora Energy Research\Documents\Personal\Endog_demand_AI\pyai\data\original\prices\A10G\EC2_g5xlarge_us-east-1.csv
2024-10-26,2315.838800374882,2207.435176507341,2456.107466416744,14,0.6415265788278054,3609.887535145266,2024-01-25,A10G,aws,A10G,g5xlarge,us-east-1,3,C:\Users\FarhadBillimoria\OneDrive - Aurora Energy Research\Documents\Personal\Endog_demand_AI\pyai\data\original\prices\A10G\EC2_g5xlarge_us-east-1.csv
2024-10-27,2311.2221875108467,2189.9406435488904,2458.6066854108085,18,0.6402476988574217,3609.887535145266,2024-01-25,A10G,aws,A10G,g5xlarge,us-east-1,3,C:\Users\FarhadBillimoria\OneDrive - Aurora Energy Research\Documents\Personal\Endog_demand_AI\pyai\data\original\prices\A10G\EC2_g5xlarge_us-east-1.csv
2024-10-28,2306.0073138908792,2164.323648859731,2463.605123398937,17,0.6388030905228971,3609.887535145266,2024-01-25,A10G,aws,A10G,g5xlarge,us-east-1,3,C:\Users\FarhadBillimoria\OneDrive - Aurora Energy Research\Documents\Personal\Endog_demand_AI\pyai\data\original\prices\A10G\EC2_g5xlarge_us-east-1.csv
2024-10-29,2285.5725232923533,2134.333020930959,2477.350827866291,17,0.6331423073545639,3609.887535145266,2024-01-25,A10G,aws,A10G,g5xlarge,us-east-1,3,C:\Users\FarhadBillimoria\OneDrive - Aurora Energy Research\Documents\Personal\Endog_demand_AI\pyai\data\original\prices\A10G\EC2_g5xlarge_us-east-1.csv
2024-10-30,2310.748479335501,2149.3283348953446,2517.963136519837,17,0.6401164736680678,3609.887535145266,2024-01-25,A10G,aws,A10G,g5xlarge,us-east-1,3,C:\Users\FarhadBillimoria\OneDrive - Aurora Energy Research\Documents\Personal\Endog_demand_AI\pyai\data\original\prices\A10G\EC2_g5xlarge_us-east-1.csv
2024-10-31,2297.5242111840043,2180.568572321149,2491.721337082161,16,0.6364531273663486,3609.887535145266,2024-01-25,A10G,aws,A10G,g5xlarge,us-east-1,3,C:\Users\FarhadBillimoria\OneDrive - Aurora Energy Research\Documents\Personal\Endog_demand_AI\pyai\data\original\prices\A10G\EC2_g5xlarge_us-east-1.csv
2024-11-02,2285.3014682911585,2203.6863480162447,2436.7385192127454,8,0.6330672205274659,3609.887535145266,2024-01-25,A10G,aws,A10G,g5xlarge,us-east-1,3,C:\Users\FarhadBillimoria\OneDrive - Aurora Energy Research\Documents\Personal\Endog_demand_AI\pyai\data\original\prices\A10G\EC2_g5xlarge_us-east-1.csv
2024-11-03,2334.3300456702514,2198.6879100281158,2500.4686035613863,21,0.6466489670228232,3609.887535145266,2024-01-25,A10G,aws,A10G,g5xlarge,us-east-1,3,C:\Users\FarhadBillimoria\OneDrive - Aurora Energy Research\Documents\Personal\Endog_demand_AI\pyai\data\original\prices\A10G\EC2_g5xlarge_us-east-1.csv
2024-11-04,2322.2653635024762,2199.9375195251478,2490.471727585129,14,0.6433068456823893,3609.887535145266,2024-01-25,A10G,aws,A10G,g5xlarge,us-east-1,3,C:\Users\FarhadBillimoria\OneDrive - Aurora Energy Research\Documents\Personal\Endog_demand_AI\pyai\data\original\prices\A10G\EC2_g5xlarge_us-east-1.csv
2024-11-05,2316.9322086847856,2184.942205560762,2494.2205560762254,16,0.6418294714523701,3609.887535145266,2024-01-25,A10G,aws,A10G,g5xlarge,us-east-1,3,C:\Users\FarhadBillimoria\OneDrive - Aurora Energy Research\Documents\Personal\Endog_demand_AI\pyai\data\original\prices\A10G\EC2_g5xlarge_us-east-1.csv
2024-11-06,2393.5612226442386,2223.0552952202434,2540.456107466416,19,0.6630570064415923,3609.887535145266,2024-01-25,A10G,aws,A10G,g5xlarge,us-east-1,3,C:\Users\FarhadBillimoria\OneDrive - Aurora Energy Research\Documents\Personal\Endog_demand_AI\pyai\data\original\prices\A10G\EC2_g5xlarge_us-east-1.csv
2024-11-07,2408.916331293529,2249.921899406435,2607.9350203061535,17,0.667310631658388,3609.887535145266,2024-01-25,A10G,aws,A10G,g5xlarge,us-east-1,3,C:\Users\FarhadBillimoria\OneDrive - Aurora Energy Research\Documents\Personal\Endog_demand_AI\pyai\data\original\prices\A10G\EC2_g5xlarge_us-east-1.csv
2024-11-08,2411.746329272102,2244.923461418306,2636.6760387378936,14,0.668094589039614,3609.887535145266,2024-01-25,A10G,aws,A10G,g5xlarge,us-east-1,3,C:\Users\FarhadBillimoria\OneDrive - Aurora Energy Research\Documents\Personal\Endog_demand_AI\pyai\data\original\prices\A10G\EC2_g5xlarge_us-east-1.csv
2024-11-09,2450.913776944704,2269.2908466104336,2704.1549515776314,16,0.678944635555267,3609.887535145266,2024-01-25,A10G,aws,A10G,g5xlarge,us-east-1,3,C:\Users\FarhadBillimoria\OneDrive - Aurora Energy Research\Documents\Personal\Endog_demand_AI\pyai\data\original\prices\A10G\EC2_g5xlarge_us-east-1.csv
2024-11-10,2477.350827866291,2278.662917838175,2744.142455482661,21,0.6862681465134896,3609.887535145266,2024-01-25,A10G,aws,A10G,g5xlarge,us-east-1,3,C:\Users\FarhadBillimoria\OneDrive - Aurora Energy Research\Documents\Personal\Endog_demand_AI\pyai\data\original\prices\A10G\EC2_g5xlarge_us-east-1.csv
2024-11-11,2449.3595751327707,2310.5279600124954,2766.010621680724,15,0.6785140953246361,3609.887535145266,2024-01-25,A10G,aws,A10G,g5xlarge,us-east-1,3,C:\Users\FarhadBillimoria\OneDrive - Aurora Energy Research\Documents\Personal\Endog_demand_AI\pyai\data\original\prices\A10G\EC2_g5xlarge_us-east-1.csv
2024-11-12,2532.5638369588446,2337.394564198687,2812.8709778194307,19,0.7015630853599242,3609.887535145266,2024-01-25,A10G,aws,A10G,g5xlarge,us-east-1,3,C:\Users\FarhadBillimoria\OneDrive - Aurora Energy Research\Documents\Personal\Endog_demand_AI\pyai\data\original\prices\A10G\EC2_g5xlarge_us-east-1.csv
2024-11-13,2543.2677288347386,2314.276788503592,2873.477038425491,16,0.7045282447372406,3609.887535145266,2024-01-25,A10G,aws,A10G,g5xlarge,us-east-1,3,C:\Users\FarhadBillimoria\OneDrive - Aurora Energy Research\Documents\Personal\Endog_demand_AI\pyai\data\original\prices\A10G\EC2_g5xlarge_us-east-1.csv
2024-11-14,2567.5904851162577,2314.276788503592,2890.971571383942,21,0.7112660602632693,3609.887535145266,2024-01-25,A10G,aws,A10G,g5xlarge,us-east-1,3,C:\Users\FarhadBillimoria\OneDrive - Aurora Energy Research\Documents\Personal\Endog_demand_AI\pyai\data\original\prices\A10G\EC2_g5xlarge_us-east-1.csv
2024-11-15,2588.878475476413,2358.637925648234,2954.076850984067,16,0.7171631942190779,3609.887535145266,2024-01-25,A10G,aws,A10G,g5xlarge,us-east-1,3,C:\Users\FarhadBillimoria\OneDrive - Aurora Energy Research\Documents\Personal\Endog_demand_AI\pyai\data\original\prices\A10G\EC2_g5xlarge_us-east-1.csv
2024-11-16,2673.40798105855,2366.7603873789435,3029.0534208059976,19,0.7405792992248909,3609.887535145266,2024-01-25,A10G,aws,A10G,g5xlarge,us-east-1,3,C:\Users\FarhadBillimoria\OneDrive - Aurora Energy Research\Documents\Personal\Endog_demand_AI\pyai\data\original\prices\A10G\EC2_g5xlarge_us-east-1.csv
2024-11-17,2591.0324076357706,2358.637925648234,2945.9543892533575,19,0.7177598699155885,3609.887535145266,2024-01-25,A10G,aws,A10G,g5xlarge,us-east-1,3,C:\Users\FarhadBillimoria\OneDrive - Aurora Energy Research\Documents\Personal\Endog_demand_AI\pyai\data\original\prices\A10G\EC2_g5xlarge_us-east-1.csv
2024-11-18,2576.8920896430386,2391.1277725710706,2794.126835363948,19,0.7138427622896405,3609.887535145266,2024-01-25,A10G,aws,A10G,g5xlarge,us-east-1,3,C:\Users\FarhadBillimoria\OneDrive - Aurora Energy Research\Documents\Personal\Endog_demand_AI\pyai\data\original\prices\A10G\EC2_g5xlarge_us-east-1.csv
2024-11-19,2550.4827360497457,2429.8656669790685,2665.4170571696336,21,0.706526923960558,3609.887535145266,2024-01-25,A10G,aws,A10G,g5xlarge,us-east-1,3,C:\Users\FarhadBillimoria\OneDrive - Aurora Energy Research\Documents\Personal\Endog_demand_AI\pyai\data\original\prices\A10G\EC2_g5xlarge_us-east-1.csv
2024-11-20,2494.6370925752362,2366.135582630427,2604.186191815057,18,0.6910567346732726,3609.887535145266,2024-01-25,A10G,aws,A10G,g5xlarge,us-east-1,3,C:\Users\FarhadBillimoria\OneDrive - Aurora Energy Research\Documents\Personal\Endog_demand_AI\pyai\data\original\prices\A10G\EC2_g5xlarge_us-east-1.csv
2024-11-21,2477.74544139167,2279.912527335207,2617.931896282411,19,0.6863774611449114,3609.887535145266,2024-01-25,A10G,aws,A10G,g5xlarge,us-east-1,3,C:\Users\FarhadBillimoria\OneDrive - Aurora Energy Research\Documents\Personal\Endog_demand_AI\pyai\data\original\prices\A10G\EC2_g5xlarge_us-east-1.csv
2024-11-22,2453.641131883128,2235.5513901905647,2644.173695720087,19,0.6797001590755626,3609.887535145266,2024-01-25,A10G,aws,A10G,g5xlarge,us-east-1,3,C:\Users\FarhadBillimoria\OneDrive - Aurora Energy Research\Documents\Personal\Endog_demand_AI\pyai\data\original\prices\A10G\EC2_g5xlarge_us-east-1.csv
2024-11-23,2441.3094592150474,2207.435176507341,2702.280537332083,19,0.6762840768436311,3609.887535145266,2024-01-25,A10G,aws,A10G,g5xlarge,us-east-1,3,C:\Users\FarhadBillimoria\OneDrive - Aurora Energy Research\Documents\Personal\Endog_demand_AI\pyai\data\original\prices\A10G\EC2_g5xlarge_us-east-1.csv
2024-11-24,2392.728834739143,2198.6879100281158,2619.8063105279593,16,0.6628264208909369,3609.887535145266,2024-01-25,A10G,aws,A10G,g5xlarge,us-east-1,3,C:\Users\FarhadBillimoria\OneDrive - Aurora Energy Research\Documents\Personal\Endog_demand_AI\pyai\data\original\prices\A10G\EC2_g5xlarge_us-east-1.csv
2024-11-25,2339.4991696673733,2192.439862542955,2512.964698531708,19,0.6480809019368048,3609.887535145266,2024-01-25,A10G,aws,A10G,g5xlarge,us-east-1,3,C:\Users\FarhadBillimoria\OneDrive - Aurora Energy Research\Documents\Personal\Endog_demand_AI\pyai\data\original\prices\A10G\EC2_g5xlarge_us-east-1.csv
2024-11-26,2327.624889949163,2186.191815057794,2536.0824742268032,22,0.6447915253003849,3609.887535145266,2024-01-25,A10G,aws,A10G,g5xlarge,us-east-1,3,C:\Users\FarhadBillimoria\OneDrive - Aurora Energy Research\Documents\Personal\Endog_demand_AI\pyai\data\original\prices\A10G\EC2_g5xlarge_us-east-1.csv
2024-11-27,2319.9781318338014,2199.3127147766318,2500.4686035613863,16,0.6426732437636572,3609.887535145266,2024-01-25,A10G,aws,A10G,g5xlarge,us-east-1,3,C:\Users\FarhadBillimoria\OneDrive - Aurora Energy Research\Documents\Personal\Endog_demand_AI\pyai\data\original\prices\A10G\EC2_g5xlarge_us-east-1.csv
2024-11-28,2317.7132146204303,2200.562324273664,2496.71977507029,20,0.6420458233270591,3609.887535145266,2024-01-25,A10G,aws,A10G,g5xlarge,us-east-1,3,C:\Users\FarhadBillimoria\OneDrive - Aurora Energy Research\Documents\Personal\Endog_demand_AI\pyai\data\original\prices\A10G\EC2_g5xlarge_us-east-1.csv
2024-11-29,2320.524835988753,2198.0631052795998,2471.7275851296463,15,0.6428246900759395,3609.887535145266,2024-01-25,A10G,aws,A10G,g5xlarge,us-east-1,3,C:\Users\FarhadBillimoria\OneDrive - Aurora Energy Research\Documents\Personal\Endog_demand_AI\pyai\data\original\prices\A10G\EC2_g5xlarge_us-east-1.csv
2024-11-30,2277.0314832170498,2169.9468915963757,2452.9834426741636,18,0.6307762945654813,3609.887535145266,2024-01-25,A10G,aws,A10G,g5xlarge,us-east-1,3,C:\Users\FarhadBillimoria\OneDrive - Aurora Energy Research\Documents\Personal\Endog_demand_AI\pyai\data\original\prices\A10G\EC2_g5xlarge_us-east-1.csv
2024-12-01,2205.8547880258,2080.599812558575,2412.9959387691338,17,0.6110591442392496,3609.887535145266,2024-01-25,A10G,aws,A10G,g5xlarge,us-east-1,3,C:\Users\FarhadBillimoria\OneDrive - Aurora Energy Research\Documents\Personal\Endog_demand_AI\pyai\data\original\prices\A10G\EC2_g5xlarge_us-east-1.csv
2024-12-02,2177.3710421375667,2053.733208372383,2353.6394876601053,17,0.6031686641035333,3609.887535145266,2024-01-25,A10G,aws,A10G,g5xlarge,us-east-1,3,C:\Users\FarhadBillimoria\OneDrive - Aurora Energy Research\Documents\Personal\Endog_demand_AI\pyai\data\original\prices\A10G\EC2_g5xlarge_us-east-1.csv
2024-12-03,2134.1357141682693,2022.4929709465787,2331.7713214620426,19,0.5911917458343724,3609.887535145266,2024-01-25,A10G,aws,A10G,g5xlarge,us-east-1,3,C:\Users\FarhadBillimoria\OneDrive - Aurora Energy Research\Documents\Personal\Endog_demand_AI\pyai\data\original\prices\A10G\EC2_g5xlarge_us-east-1.csv
2024-12-04,2088.222430490471,2011.246485473289,2316.7760074976563,15,0.5784729884684451,3609.887535145266,2024-01-25,A10G,aws,A10G,g5xlarge,us-east-1,3,C:\Users\FarhadBillimoria\OneDrive - Aurora Energy Research\Documents\Personal\Endog_demand_AI\pyai\data\original\prices\A10G\EC2_g5xlarge_us-east-1.csv
2024-12-05,2102.900535890226,2007.4976569821924,2311.1527647610114,13,0.5825390723164462,3609.887535145266,2024-01-25,A10G,aws,A10G,g5xlarge,us-east-1,3,C:\Users\FarhadBillimoria\OneDrive - Aurora Energy Research\Documents\Personal\Endog_demand_AI\pyai\data\original\prices\A10G\EC2_g5xlarge_us-east-1.csv
2024-12-06,2102.624179943767,1981.2558575445169,2325.5232739768817,20,0.5824625170377101,3609.887535145266,2024-01-25,A10G,aws,A10G,g5xlarge,us-east-1,3,C:\Users\FarhadBillimoria\OneDrive - Aurora Energy Research\Documents\Personal\Endog_demand_AI\pyai\data\original\prices\A10G\EC2_g5xlarge_us-east-1.csv
2024-12-07,2070.6764430233197,1954.389253358325,2321.774445485785,17,0.573612452704844,3609.887535145266,2024-01-25,A10G,aws,A10G,g5xlarge,us-east-1,3,C:\Users\FarhadBillimoria\OneDrive - Aurora Energy Research\Documents\Personal\Endog_demand_AI\pyai\data\original\prices\A10G\EC2_g5xlarge_us-east-1.csv
2024-12-08,2043.5020306154322,1915.0265542018115,2303.6551077788185,16,0.5660846801237532,3609.887535145266,2024-01-25,A10G,aws,A10G,g5xlarge,us-east-1,3,C:\Users\FarhadBillimoria\OneDrive - Aurora Energy Research\Documents\Personal\Endog_demand_AI\pyai\data\original\prices\A10G\EC2_g5xlarge_us-east-1.csv
2024-12-09,2047.5268145371233,1878.163074039362,2279.912527335207,15,0.5671996134513172,3609.887535145266,2024-01-25,A10G,aws,A10G,g5xlarge,us-east-1,3,C:\Users\FarhadBillimoria\OneDrive - Aurora Energy Research\Documents\Personal\Endog_demand_AI\pyai\data\original\prices\A10G\EC2_g5xlarge_us-east-1.csv
2024-12-10,2009.7291025126071,1862.5429553264598,2214.932833489534,14,0.5567290069139877,3609.887535145266,2024-01-25,A10G,aws,A10G,g5xlarge,us-east-1,3,C:\Users\FarhadBillimoria\OneDrive - Aurora Energy Research\Documents\Personal\Endog_demand_AI\pyai\data\original\prices\A10G\EC2_g5xlarge_us-east-1.csv
2024-12-11,1995.86934638481,1868.1661980631047,2204.9359575132767,18,0.5528896196774434,3609.887535145266,2024-01-25,A10G,aws,A10G,g5xlarge,us-east-1,3,C:\Users\FarhadBillimoria\OneDrive - Aurora Energy Research\Documents\Personal\Endog_demand_AI\pyai\data\original\prices\A10G\EC2_g5xlarge_us-east-1.csv
2024-12-12,2016.0366552119126,1862.5429553264598,2190.5654482974064,18,0.558476305863857,3609.887535145266,2024-01-25,A10G,aws,A10G,g5xlarge,us-east-1,3,C:\Users\FarhadBillimoria\OneDrive - Aurora Energy Research\Documents\Personal\Endog_demand_AI\pyai\data\original\prices\A10G\EC2_g5xlarge_us-east-1.csv
2024-12-13,1993.049047172758,1865.6669790690403,2182.4429865666975,16,0.5521083490188443,3609.887535145266,2024-01-25,A10G,aws,A10G,g5xlarge,us-east-1,3,C:\Users\FarhadBillimoria\OneDrive - Aurora Energy Research\Documents\Personal\Endog_demand_AI\pyai\data\original\prices\A10G\EC2_g5xlarge_us-east-1.csv
2024-12-14,2020.5014058106838,1885.6607310215554,2186.191815057794,16,0.5597131174141624,3609.887535145266,2024-01-25,A10G,aws,A10G,g5xlarge,us-east-1,3,C:\Users\FarhadBillimoria\OneDrive - Aurora Energy Research\Documents\Personal\Endog_demand_AI\pyai\data\original\prices\A10G\EC2_g5xlarge_us-east-1.csv
2024-12-15,2039.8536171732044,1901.9056544829737,2216.182442986566,14,0.565074007794849,3609.887535145266,2024-01-25,A10G,aws,A10G,g5xlarge,us-east-1,3,C:\Users\FarhadBillimoria\OneDrive - Aurora Energy Research\Documents\Personal\Endog_demand_AI\pyai\data\original\prices\A10G\EC2_g5xlarge_us-east-1.csv
2024-12-16,2048.1099656357383,1927.5226491721332,2218.0568572321145,18,0.5673611561844183,3609.887535145266,2024-01-25,A10G,aws,A10G,g5xlarge,us-east-1,3,C:\Users\FarhadBillimoria\OneDrive - Aurora Energy Research\Documents\Personal\Endog_demand_AI\pyai\data\original\prices\A10G\EC2_g5xlarge_us-east-1.csv
2024-12-17,2070.2721575978094,1972.5085910652915,2241.1746329272096,17,0.5735004587932403,3609.887535145266,2024-01-25,A10G,aws,A10G,g5xlarge,us-east-1,3,C:\Users\FarhadBillimoria\OneDrive - Aurora Energy Research\Documents\Personal\Endog_demand_AI\pyai\data\original\prices\A10G\EC2_g5xlarge_us-east-1.csv
2024-12-18,2076.483451862469,1976.2574195563882,2257.419556388628,17,0.5752210925260608,3609.887535145266,2024-01-25,A10G,aws,A10G,g5xlarge,us-east-1,3,C:\Users\FarhadBillimoria\OneDrive - Aurora Energy Research\Documents\Personal\Endog_demand_AI\pyai\data\original\prices\A10G\EC2_g5xlarge_us-east-1.csv
2024-12-19,2097.1020085634996,1994.3767572633546,2266.166822867853,17,0.5809327820178503,3609.887535145266,2024-01-25,A10G,aws,A10G,g5xlarge,us-east-1,3,C:\Users\FarhadBillimoria\OneDrive - Aurora Energy Research\Documents\Personal\Endog_demand_AI\pyai\data\original\prices\A10G\EC2_g5xlarge_us-east-1.csv
2024-12-20,2100.545502607358,1981.8806622930329,2278.038113089659,13,0.5818866882019994,3609.887535145266,2024-01-25,A10G,aws,A10G,g5xlarge,us-east-1,3,C:\Users\FarhadBillimoria\OneDrive - Aurora Energy Research\Documents\Personal\Endog_demand_AI\pyai\data\original\prices\A10G\EC2_g5xlarge_us-east-1.csv
2024-12-21,2113.0353286337145,2000.6248047485155,2286.7853795688843,23,0.5853465815933468,3609.887535145266,2024-01-25,A10G,aws,A10G,g5xlarge,us-east-1,3,C:\Users\FarhadBillimoria\OneDrive - Aurora Energy Research\Documents\Personal\Endog_demand_AI\pyai\data\original\prices\A10G\EC2_g5xlarge_us-east-1.csv
2024-12-22,2128.084973445798,2009.372071227741,2297.4070602936577,17,0.5895155881525714,3609.887535145266,2024-01-25,A10G,aws,A10G,g5xlarge,us-east-1,3,C:\Users\FarhadBillimoria\OneDrive - Aurora Energy Research\Documents\Personal\Endog_demand_AI\pyai\data\original\prices\A10G\EC2_g5xlarge_us-east-1.csv
2024-12-23,2101.530771633864,2033.7394564198682,2244.29865666979,18,0.5821596244131455,3609.887535145266,2024-01-25,A10G,aws,A10G,g5xlarge,us-east-1,3,C:\Users\FarhadBillimoria\OneDrive - Aurora Energy Research\Documents\Personal\Endog_demand_AI\pyai\data\original\prices\A10G\EC2_g5xlarge_us-east-1.csv
2024-12-24,2099.7500781005933,2030.6154326772878,2246.1730709153385,20,0.5816663421388547,3609.887535145266,2024-01-25,A10G,aws,A10G,g5xlarge,us-east-1,3,C:\Users\FarhadBillimoria\OneDrive - Aurora Energy Research\Documents\Personal\Endog_demand_AI\pyai\data\original\prices\A10G\EC2_g5xlarge_us-east-1.csv
2024-12-25,2103.9518900343637,2048.1099656357383,2229.9281474539202,16,0.5828303152246814,3609.887535145266,2024-01-25,A10G,aws,A10G,g5xlarge,us-east-1,3,C:\Users\FarhadBillimoria\OneDrive - Aurora Energy Research\Documents\Personal\Endog_demand_AI\pyai\data\original\prices\A10G\EC2_g5xlarge_us-east-1.csv
2024-12-26,2107.6399736193544,2035.6138706654165,2215.55763823805,18,0.5838519768551572,3609.887535145266,2024-01-25,A10G,aws,A10G,g5xlarge,us-east-1,3,C:\Users\FarhadBillimoria\OneDrive - Aurora Energy Research\Documents\Personal\Endog_demand_AI\pyai\data\original\prices\A10G\EC2_g5xlarge_us-east-1.csv
2024-12-27,2130.914971424371,2051.2339893783187,2230.5529522024362,17,0.5902995455337975,3609.887535145266,2024-01-25,A10G,aws,A10G,g5xlarge,us-east-1,3,C:\Users\FarhadBillimoria\OneDrive - Aurora Energy Research\Documents\Personal\Endog_demand_AI\pyai\data\original\prices\A10G\EC2_g5xlarge_us-east-1.csv
2024-12-28,2134.6213923533505,2050.6091846298027,2248.672289909403,13,0.5913262869191992,3609.887535145266,2024-01-25,A10G,aws,A10G,g5xlarge,us-east-1,3,C:\Users\FarhadBillimoria\OneDrive - Aurora Energy Research\Documents\Personal\Endog_demand_AI\pyai\data\original\prices\A10G\EC2_g5xlarge_us-east-1.csv
2024-12-29,2137.387621923704,2054.358013120899,2274.9140893470785,18,0.5920925793710892,3609.887535145266,2024-01-25,A10G,aws,A10G,g5xlarge,us-east-1,3,C:\Users\FarhadBillimoria\OneDrive - Aurora Energy Research\Documents\Personal\Endog_demand_AI\pyai\data\original\prices\A10G\EC2_g5xlarge_us-east-1.csv
2024-12-30,2166.492088869287,2062.4804748516085,2288.6597938144323,17,0.6001550097549243,3609.887535145266,2024-01-25,A10G,aws,A10G,g5xlarge,us-east-1,3,C:\Users\FarhadBillimoria\OneDrive - Aurora Energy Research\Documents\Personal\Endog_demand_AI\pyai\data\original\prices\A10G\EC2_g5xlarge_us-east-1.csv
2024-12-31,2172.6434173531293,2069.3533270852854,2303.0303030303025,19,0.6018590319506172,3609.887535145266,2024-01-25,A10G,aws,A10G,g5xlarge,us-east-1,3,C:\Users\FarhadBillimoria\OneDrive - Aurora Energy Research\Documents\Personal\Endog_demand_AI\pyai\data\original\prices\A10G\EC2_g5xlarge_us-east-1.csv
2025-01-01,2173.879486189977,2044.9859418931578,2299.2814745392056,17,0.6022014439578649,3609.887535145266,2024-01-25,A10G,aws,A10G,g5xlarge,us-east-1,3,C:\Users\FarhadBillimoria\OneDrive - Aurora Energy Research\Documents\Personal\Endog_demand_AI\pyai\data\original\prices\A10G\EC2_g5xlarge_us-east-1.csv
2025-01-02,2185.879412683536,2069.3533270852854,2309.2783505154634,18,0.6055256268795569,3609.887535145266,2024-01-25,A10G,aws,A10G,g5xlarge,us-east-1,3,C:\Users\FarhadBillimoria\OneDrive - Aurora Energy Research\Documents\Personal\Endog_demand_AI\pyai\data\original\prices\A10G\EC2_g5xlarge_us-east-1.csv
2025-01-03,2221.215592349612,2077.4757888159947,2338.6441736957195,18,0.6153143472543744,3609.887535145266,2024-01-25,A10G,aws,A10G,g5xlarge,us-east-1,3,C:\Users\FarhadBillimoria\OneDrive - Aurora Energy Research\Documents\Personal\Endog_demand_AI\pyai\data\original\prices\A10G\EC2_g5xlarge_us-east-1.csv
2025-01-04,2227.134902695848,2085.5982505467036,2317.4008122461723,17,0.6169540964954814,3609.887535145266,2024-01-25,A10G,aws,A10G,g5xlarge,us-east-1,3,C:\Users\FarhadBillimoria\OneDrive - Aurora Energy Research\Documents\Personal\Endog_demand_AI\pyai\data\original\prices\A10G\EC2_g5xlarge_us-east-1.csv
2025-01-05,2253.269067702057,2083.099031552639,2345.5170259293964,14,0.6241937029241501,3609.887535145266,2024-01-25,A10G,aws,A10G,g5xlarge,us-east-1,3,C:\Users\FarhadBillimoria\OneDrive - Aurora Energy Research\Documents\Personal\Endog_demand_AI\pyai\data\original\prices\A10G\EC2_g5xlarge_us-east-1.csv
2025-01-06,2244.5798188066224,2092.4711027803805,2379.2564823492653,20,0.6217866337811817,3609.887535145266,2024-01-25,A10G,aws,A10G,g5xlarge,us-east-1,3,C:\Users\FarhadBillimoria\OneDrive - Aurora Energy Research\Documents\Personal\Endog_demand_AI\pyai\data\original\prices\A10G\EC2_g5xlarge_us-east-1.csv
2025-01-07,2234.391038514749,2070.6029365823174,2375.5076538581684,21,0.6189641690388105,3609.887535145266,2024-01-25,A10G,aws,A10G,g5xlarge,us-east-1,3,C:\Users\FarhadBillimoria\OneDrive - Aurora Energy Research\Documents\Personal\Endog_demand_AI\pyai\data\original\prices\A10G\EC2_g5xlarge_us-east-1.csv
2025-01-08,2217.4320524835985,2061.8556701030925,2339.8937831927515,19,0.6142662426169924,3609.887535145266,2024-01-25,A10G,aws,A10G,g5xlarge,us-east-1,3,C:\Users\FarhadBillimoria\OneDrive - Aurora Energy Research\Documents\Personal\Endog_demand_AI\pyai\data\original\prices\A10G\EC2_g5xlarge_us-east-1.csv
2025-01-09,2212.8154396195628,2066.854108091221,2363.0115588878466,18,0.6129873626466085,3609.887535145266,2024-01-25,A10G,aws,A10G,g5xlarge,us-east-1,3,C:\Users\FarhadBillimoria\OneDrive - Aurora Energy Research\Documents\Personal\Endog_demand_AI\pyai\data\original\prices\A10G\EC2_g5xlarge_us-east-1.csv
2025-01-10,2225.3572074516183,2079.9750078100587,2336.144954701655,19,0.616461644798047,3609.887535145266,2024-01-25,A10G,aws,A10G,g5xlarge,us-east-1,3,C:\Users\FarhadBillimoria\OneDrive - Aurora Energy Research\Documents\Personal\Endog_demand_AI\pyai\data\original\prices\A10G\EC2_g5xlarge_us-east-1.csv
2025-01-11,2200.4373633239607,2081.849422055607,2319.900031240237,15,0.6095584258237597,3609.887535145266,2024-01-25,A10G,aws,A10G,g5xlarge,us-east-1,3,C:\Users\FarhadBillimoria\OneDrive - Aurora Energy Research\Documents\Personal\Endog_demand_AI\pyai\data\original\prices\A10G\EC2_g5xlarge_us-east-1.csv
2025-01-12,2211.8745786678496,2106.216807247735,2310.5279600124954,19,0.6127267282244684,3609.887535145266,2024-01-25,A10G,aws,A10G,g5xlarge,us-east-1,3,C:\Users\FarhadBillimoria\OneDrive - Aurora Energy Research\Documents\Personal\Endog_demand_AI\pyai\data\original\prices\A10G\EC2_g5xlarge_us-east-1.csv
2025-01-13,2218.387636216623,2104.3423930021863,2306.154326772883,17,0.6145309554989647,3609.887535145266,2024-01-25,A10G,aws,A10G,g5xlarge,us-east-1,3,C:\Users\FarhadBillimoria\OneDrive - Aurora Energy Research\Documents\Personal\Endog_demand_AI\pyai\data\original\prices\A10G\EC2_g5xlarge_us-east-1.csv
2025-01-14,2201.638376896108,2084.3486410496716,2301.155888784754,18,0.6098911269288371,3609.887535145266,2024-01-25,A10G,aws,A10G,g5xlarge,us-east-1,3,C:\Users\FarhadBillimoria\OneDrive - Aurora Energy Research\Documents\Personal\Endog_demand_AI\pyai\data\original\prices\A10G\EC2_g5xlarge_us-east-1.csv
2025-01-15,2218.8482765802346,2080.599812558575,2283.661355826304,15,0.614658560683095,3609.887535145266,2024-01-25,A10G,aws,A10G,g5xlarge,us-east-1,3,C:\Users\FarhadBillimoria\OneDrive - Aurora Energy Research\Documents\Personal\Endog_demand_AI\pyai\data\original\prices\A10G\EC2_g5xlarge_us-east-1.csv
2025-01-16,2172.5776484322328,2056.8572321149636,2283.661355826304,19,0.6018408128453802,3609.887535145266,2024-01-25,A10G,aws,A10G,g5xlarge,us-east-1,3,C:\Users\FarhadBillimoria\OneDrive - Aurora Energy Research\Documents\Personal\Endog_demand_AI\pyai\data\original\prices\A10G\EC2_g5xlarge_us-east-1.csv
2025-01-17,2186.230865354576,2028.1162136832236,2305.5295220243665,16,0.6056229852231669,3609.887535145266,2024-01-25,A10G,aws,A10G,g5xlarge,us-east-1,3,C:\Users\FarhadBillimoria\OneDrive - Aurora Energy Research\Documents\Personal\Endog_demand_AI\pyai\data\original\prices\A10G\EC2_g5xlarge_us-east-1.csv
2025-01-18,2194.608302552511,2011.246485473289,2324.8984692283652,17,0.6079436772437281,3609.887535145266,2024-01-25,A10G,aws,A10G,g5xlarge,us-east-1,3,C:\Users\FarhadBillimoria\OneDrive - Aurora Energy Research\Documents\Personal\Endog_demand_AI\pyai\data\original\prices\A10G\EC2_g5xlarge_us-east-1.csv
2025-01-19,2178.1428597680865,2012.4960949703213,2339.2689784442355,17,0.6033824706620494,3609.887535145266,2024-01-25,A10G,aws,A10G,g5xlarge,us-east-1,3,C:\Users\FarhadBillimoria\OneDrive - Aurora Energy Research\Documents\Personal\Endog_demand_AI\pyai\data\original\prices\A10G\EC2_g5xlarge_us-east-1.csv
2025-01-20,2177.3404144538163,2008.1224617307087,2362.3867541393306,18,0.6031601797162907,3609.887535145266,2024-01-25,A10G,aws,A10G,g5xlarge,us-east-1,3,C:\Users\FarhadBillimoria\OneDrive - Aurora Energy Research\Documents\Personal\Endog_demand_AI\pyai\data\original\prices\A10G\EC2_g5xlarge_us-east-1.csv
2025-01-21,2195.3295845048415,2017.49453295845,2369.2596063730075,16,0.6081434845632937,3609.887535145266,2024-01-25,A10G,aws,A10G,g5xlarge,us-east-1,3,C:\Users\FarhadBillimoria\OneDrive - Aurora Energy Research\Documents\Personal\Endog_demand_AI\pyai\data\original\prices\A10G\EC2_g5xlarge_us-east-1.csv
2025-01-22,2204.1467304625194,2001.8744142455478,2361.1371446422986,19,0.6105859833591247,3609.887535145266,2024-01-25,A10G,aws,A10G,g5xlarge,us-east-1,3,C:\Users\FarhadBillimoria\OneDrive - Aurora Energy Research\Documents\Personal\Endog_demand_AI\pyai\data\original\prices\A10G\EC2_g5xlarge_us-east-1.csv
2025-01-23,2154.7016557325833,2008.7472664792247,2322.3992502343012,20,0.5968888600419724,3609.887535145266,2024-01-25,A10G,aws,A10G,g5xlarge,us-east-1,3,C:\Users\FarhadBillimoria\OneDrive - Aurora Energy Research\Documents\Personal\Endog_demand_AI\pyai\data\original\prices\A10G\EC2_g5xlarge_us-east-1.csv
2025-01-24,2157.177444548578,2033.7394564198682,2306.779131521399,16,0.5975746954847364,3609.887535145266,2024-01-25,A10G,aws,A10G,g5xlarge,us-east-1,3,C:\Users\FarhadBillimoria\OneDrive - Aurora Energy Research\Documents\Personal\Endog_demand_AI\pyai\data\original\prices\A10G\EC2_g5xlarge_us-east-1.csv
2025-01-25,2157.487549846555,2011.871290221805,2313.02717900656,17,0.5976605999055689,3609.887535145266,2024-01-25,A10G,aws,A10G,g5xlarge,us-east-1,3,C:\Users\FarhadBillimoria\OneDrive - Aurora Energy Research\Documents\Personal\Endog_demand_AI\pyai\data\original\prices\A10G\EC2_g5xlarge_us-east-1.csv
2025-01-26,2111.965010934083,1954.389253358325,2271.165260855982,20,0.5850500854589906,3609.887535145266,2024-01-25,A10G,aws,A10G,g5xlarge,us-east-1,3,C:\Users\FarhadBillimoria\OneDrive - Aurora Energy Research\Documents\Personal\Endog_demand_AI\pyai\data\original\prices\A10G\EC2_g5xlarge_us-east-1.csv
2025-01-27,2086.4861309788057,1928.1474539206492,2320.524835988753,19,0.5779920040901892,3609.887535145266,2024-01-25,A10G,aws,A10G,g5xlarge,us-east-1,3,C:\Users\FarhadBillimoria\OneDrive - Aurora Energy Research\Documents\Personal\Endog_demand_AI\pyai\data\original\prices\A10G\EC2_g5xlarge_us-east-1.csv
2025-01-28,2130.6944521013647,1933.7706966572941,2340.5185879412675,17,0.5902384579456499,3609.887535145266,2024-01-25,A10G,aws,A10G,g5xlarge,us-east-1,3,C:\Users\FarhadBillimoria\OneDrive - Aurora Energy Research\Documents\Personal\Endog_demand_AI\pyai\data\original\prices\A10G\EC2_g5xlarge_us-east-1.csv
2025-01-29,2113.9574438543505,1965.6357388316146,2383.0053108403617,18,0.5856020231304193,3609.887535145266,2024-01-25,A10G,aws,A10G,g5xlarge,us-east-1,3,C:\Users\FarhadBillimoria\OneDrive - Aurora Energy Research\Documents\Personal\Endog_demand_AI\pyai\data\original\prices\A10G\EC2_g5xlarge_us-east-1.csv
2025-01-30,2100.25276192099,1966.8853483286468,2398.0006248047475,11,0.5818055940727453,3609.887535145266,2024-01-25,A10G,aws,A10G,g5xlarge,us-east-1,3,C:\Users\FarhadBillimoria\OneDrive - Aurora Energy Research\Documents\Personal\Endog_demand_AI\pyai\data\original\prices\A10G\EC2_g5xlarge_us-east-1.csv
2025-01-31,2105.0505050505044,1965.6357388316146,2399.25023430178,15,0.5831346501950773,3609.887535145266,2024-01-25,A10G,aws,A10G,g5xlarge,us-east-1,3,C:\Users\FarhadBillimoria\OneDrive - Aurora Energy Research\Documents\Personal\Endog_demand_AI\pyai\data\original\prices\A10G\EC2_g5xlarge_us-east-1.csv
2025-02-01,2118.5291361155514,1992.5023430178064,2367.3851921274595,17,0.5868684593328471,3609.887535145266,2024-01-25,A10G,aws,A10G,g5xlarge,us-east-1,3,C:\Users\FarhadBillimoria\OneDrive - Aurora Energy Research\Documents\Personal\Endog_demand_AI\pyai\data\original\prices\A10G\EC2_g5xlarge_us-east-1.csv
2025-02-02,2168.6972820993433,1995.6263667603869,2337.394564198687,12,0.600765885636399,3609.887535145266,2024-01-25,A10G,aws,A10G,g5xlarge,us-east-1,3,C:\Users\FarhadBillimoria\OneDrive - Aurora Energy Research\Documents\Personal\Endog_demand_AI\pyai\data\original\prices\A10G\EC2_g5xlarge_us-east-1.csv
2025-02-03,2097.6137264797053,1972.5085910652915,2290.5342080599808,13,0.5810745365493207,3609.887535145266,2024-01-25,A10G,aws,A10G,g5xlarge,us-east-1,3,C:\Users\FarhadBillimoria\OneDrive - Aurora Energy Research\Documents\Personal\Endog_demand_AI\pyai\data\original\prices\A10G\EC2_g5xlarge_us-east-1.csv
2025-02-04,2141.5423064907595,1956.8884723523893,2291.1590128084968,13,0.5932434973779817,3609.887535145266,2024-01-25,A10G,aws,A10G,g5xlarge,us-east-1,3,C:\Users\FarhadBillimoria\OneDrive - Aurora Energy Research\Documents\Personal\Endog_demand_AI\pyai\data\original\prices\A10G\EC2_g5xlarge_us-east-1.csv
2025-02-05,2133.3958138081844,1965.6357388316146,2280.5373320837234,16,0.5909867809004565,3609.887535145266,2024-01-25,A10G,aws,A10G,g5xlarge,us-east-1,3,C:\Users\FarhadBillimoria\OneDrive - Aurora Energy Research\Documents\Personal\Endog_demand_AI\pyai\data\original\prices\A10G\EC2_g5xlarge_us-east-1.csv
2025-02-06,2132.076781561317,1950.0156201187124,2264.2924086223047,18,0.590621386623204,3609.887535145266,2024-01-25,A10G,aws,A10G,g5xlarge,us-east-1,3,C:\Users\FarhadBillimoria\OneDrive - Aurora Energy Research\Documents\Personal\Endog_demand_AI\pyai\data\original\prices\A10G\EC2_g5xlarge_us-east-1.csv
2025-02-07,2120.5873164636046,1938.1443298969066,2271.165260855982,19,0.587438610155557,3609.887535145266,2024-01-25,A10G,aws,A10G,g5xlarge,us-east-1,3,C:\Users\FarhadBillimoria\OneDrive - Aurora Energy Research\Documents\Personal\Endog_demand_AI\pyai\data\original\prices\A10G\EC2_g5xlarge_us-east-1.csv
2025-02-08,2140.3623867541387,2006.2480474851604,2256.794751640112,20,0.5929166396226823,3609.887535145266,2024-01-25,A10G,aws,A10G,g5xlarge,us-east-1,3,C:\Users\FarhadBillimoria\OneDrive - Aurora Energy Research\Documents\Personal\Endog_demand_AI\pyai\data\original\prices\A10G\EC2_g5xlarge_us-east-1.csv
2025-02-09,2143.9728656223497,1996.251171508903,2257.419556388628,14,0.5939168034319589,3609.887535145266,2024-01-25,A10G,aws,A10G,g5xlarge,us-east-1,3,C:\Users\FarhadBillimoria\OneDrive - Aurora Energy Research\Documents\Personal\Endog_demand_AI\pyai\data\original\prices\A10G\EC2_g5xlarge_us-east-1.csv
2025-02-10,2145.250661799766,1975.007810059356,2250.546704154951,19,0.59427077461942,3609.887535145266,2024-01-25,A10G,aws,A10G,g5xlarge,us-east-1,3,C:\Users\FarhadBillimoria\OneDrive - Aurora Energy Research\Documents\Personal\Endog_demand_AI\pyai\data\original\prices\A10G\EC2_g5xlarge_us-east-1.csv
2025-02-11,2156.5319661135304,1998.125585754451,2286.160574820368,17,0.5973958870235965,3609.887535145266,2024-01-25,A10G,aws,A10G,g5xlarge,us-east-1,3,C:\Users\FarhadBillimoria\OneDrive - Aurora Energy Research\Documents\Personal\Endog_demand_AI\pyai\data\original\prices\A10G\EC2_g5xlarge_us-east-1.csv
2025-02-12,2169.72637227337,2001.2496094970315,2294.283036551077,17,0.601050961047754,3609.887535145266,2024-01-25,A10G,aws,A10G,g5xlarge,us-east-1,3,C:\Users\FarhadBillimoria\OneDrive - Aurora Energy Research\Documents\Personal\Endog_demand_AI\pyai\data\original\prices\A10G\EC2_g5xlarge_us-east-1.csv
2025-02-13,2141.455795064042,1993.1271477663227,2296.7822555451417,15,0.5932195322472469,3609.887535145266,2024-01-25,A10G,aws,A10G,g5xlarge,us-east-1,3,C:\Users\FarhadBillimoria\OneDrive - Aurora Energy Research\Documents\Personal\Endog_demand_AI\pyai\data\original\prices\A10G\EC2_g5xlarge_us-east-1.csv
2025-02-14,2168.2286785379565,1985.6294907841295,2308.653545766947,16,0.6006360745115857,3609.887535145266,2024-01-25,A10G,aws,A10G,g5xlarge,us-east-1,3,C:\Users\FarhadBillimoria\OneDrive - Aurora Energy Research\Documents\Personal\Endog_demand_AI\pyai\data\original\prices\A10G\EC2_g5xlarge_us-east-1.csv
2025-02-15,2172.8503960159505,1986.8791002811618,2330.52171196501,17,0.60191636854651,3609.887535145266,2024-01-25,A10G,aws,A10G,g5xlarge,us-east-1,3,C:\Users\FarhadBillimoria\OneDrive - Aurora Energy Research\Documents\Personal\Endog_demand_AI\pyai\data\original\prices\A10G\EC2_g5xlarge_us-east-1.csv
2025-02-16,2178.309662845745,1978.1318338019364,2339.8937831927515,13,0.6034286779402637,3609.887535145266,2024-01-25,A10G,aws,A10G,g5xlarge,us-east-1,3,C:\Users\FarhadBillimoria\OneDrive - Aurora Energy Research\Documents\Personal\Endog_demand_AI\pyai\data\original\prices\A10G\EC2_g5xlarge_us-east-1.csv
2025-02-17,2152.8341837620183,1960.0124960949697,2339.2689784442355,18,0.5963715386704936,3609.887535145266,2024-01-25,A10G,aws,A10G,g5xlarge,us-east-1,3,C:\Users\FarhadBillimoria\OneDrive - Aurora Energy Research\Documents\Personal\Endog_demand_AI\pyai\data\original\prices\A10G\EC2_g5xlarge_us-east-1.csv
2025-02-18,2123.013029016667,1953.1396438612928,2318.6504217432043,17,0.5881105736251793,3609.887535145266,2024-01-25,A10G,aws,A10G,g5xlarge,us-east-1,3,C:\Users\FarhadBillimoria\OneDrive - Aurora Energy Research\Documents\Personal\Endog_demand_AI\pyai\data\original\prices\A10G\EC2_g5xlarge_us-east-1.csv
2025-02-19,2125.5441008018324,1954.389253358325,2301.78069353327,15,0.5888117233869166,3609.887535145266,2024-01-25,A10G,aws,A10G,g5xlarge,us-east-1,3,C:\Users\FarhadBillimoria\OneDrive - Aurora Energy Research\Documents\Personal\Endog_demand_AI\pyai\data\original\prices\A10G\EC2_g5xlarge_us-east-1.csv
2025-02-20,2121.1753679916196,1945.017182130584,2294.907841299593,17,0.5876015103906169,3609.887535145266,2024-01-25,A10G,aws,A10G,g5xlarge,us-east-1,3,C:\Users\FarhadBillimoria\OneDrive - Aurora Energy Research\Documents\Personal\Endog_demand_AI\pyai\data\original\prices\A10G\EC2_g5xlarge_us-east-1.csv
2025-02-21,2108.299489742788,1945.6419868791,2256.169946891596,18,0.5840346739937834,3609.887535145266,2024-01-25,A10G,aws,A10G,g5xlarge,us-east-1,3,C:\Users\FarhadBillimoria\OneDrive - Aurora Energy Research\Documents\Personal\Endog_demand_AI\pyai\data\original\prices\A10G\EC2_g5xlarge_us-east-1.csv
2025-02-22,2128.5312625518804,1975.632614807872,2247.4226804123705,14,0.5896392177952507,3609.887535145266,2024-01-25,A10G,aws,A10G,g5xlarge,us-east-1,3,C:\Users\FarhadBillimoria\OneDrive - Aurora Energy Research\Documents\Personal\Endog_demand_AI\pyai\data\original\prices\A10G\EC2_g5xlarge_us-east-1.csv
2025-02-23,2113.3527351649973,1989.378319275226,2228.053733208372,19,0.5854345085794905,3609.887535145266,2024-01-25,A10G,aws,A10G,g5xlarge,us-east-1,3,C:\Users\FarhadBillimoria\OneDrive - Aurora Energy Research\Documents\Personal\Endog_demand_AI\pyai\data\original\prices\A10G\EC2_g5xlarge_us-east-1.csv
2025-02-24,2113.1342883920197,2014.3705092158696,2200.562324273664,14,0.5853739951228105,3609.887535145266,2024-01-25,A10G,aws,A10G,g5xlarge,us-east-1,3,C:\Users\FarhadBillimoria\OneDrive - Aurora Energy Research\Documents\Personal\Endog_demand_AI\pyai\data\original\prices\A10G\EC2_g5xlarge_us-east-1.csv
2025-02-25,2120.330043920098,2032.489846922836,2213.683223992502,17,0.5873673413027183,3609.887535145266,2024-01-25,A10G,aws,A10G,g5xlarge,us-east-1,3,C:\Users\FarhadBillimoria\OneDrive - Aurora Energy Research\Documents\Personal\Endog_demand_AI\pyai\data\original\prices\A10G\EC2_g5xlarge_us-east-1.csv
2025-02-26,2105.5920024992183,2029.9906279287718,2196.1886910340513,15,0.5832846541615283,3609.887535145266,2024-01-25,A10G,aws,A10G,g5xlarge,us-east-1,3,C:\Users\FarhadBillimoria\OneDrive - Aurora Energy Research\Documents\Personal\Endog_demand_AI\pyai\data\original\prices\A10G\EC2_g5xlarge_us-east-1.csv
2025-02-27,2096.3865458710816,2035.6138706654165,2187.441424554826,15,0.5807345867318607,3609.887535145266,2024-01-25,A10G,aws,A10G,g5xlarge,us-east-1,3,C:\Users\FarhadBillimoria\OneDrive - Aurora Energy Research\Documents\Personal\Endog_demand_AI\pyai\data\original\prices\A10G\EC2_g5xlarge_us-east-1.csv
2025-02-28,2094.791806132012,2030.6154326772878,2194.3142767885033,14,0.5802928168086863,3609.887535145266,2024-01-25,A10G,aws,A10G,g5xlarge,us-east-1,3,C:\Users\FarhadBillimoria\OneDrive - Aurora Energy Research\Documents\Personal\Endog_demand_AI\pyai\data\original\prices\A10G\EC2_g5xlarge_us-east-1.csv
2025-03-01,2095.907528897219,2020.6185567010305,2188.0662293033424,16,0.5806018909153847,3609.887535145266,2024-01-25,A10G,aws,A10G,g5xlarge,us-east-1,3,C:\Users\FarhadBillimoria\OneDrive - Aurora Energy Research\Documents\Personal\Endog_demand_AI\pyai\data\original\prices\A10G\EC2_g5xlarge_us-east-1.csv
2025-03-02,2093.5957513277094,2006.2480474851604,2219.931271477663,15,0.5799614893663053,3609.887535145266,2024-01-25,A10G,aws,A10G,g5xlarge,us-east-1,3,C:\Users\FarhadBillimoria\OneDrive - Aurora Energy Research\Documents\Personal\Endog_demand_AI\pyai\data\original\prices\A10G\EC2_g5xlarge_us-east-1.csv
2025-03-03,2099.8437988128703,1999.3751952514835,2233.6769759450167,15,0.5816923043638172,3609.887535145266,2024-01-25,A10G,aws,A10G,g5xlarge,us-east-1,3,C:\Users\FarhadBillimoria\OneDrive - Aurora Energy Research\Documents\Personal\Endog_demand_AI\pyai\data\original\prices\A10G\EC2_g5xlarge_us-east-1.csv
2025-03-04,2096.4281995209826,1995.0015620118706,2222.430490471727,12,0.5807461254985108,3609.887535145266,2024-01-25,A10G,aws,A10G,g5xlarge,us-east-1,3,C:\Users\FarhadBillimoria\OneDrive - Aurora Energy Research\Documents\Personal\Endog_demand_AI\pyai\data\original\prices\A10G\EC2_g5xlarge_us-east-1.csv
2025-03-05,2101.669617133534,1995.6263667603869,2201.811933770696,18,0.5821980869686457,3609.887535145266,2024-01-25,A10G,aws,A10G,g5xlarge,us-east-1,3,C:\Users\FarhadBillimoria\OneDrive - Aurora Energy Research\Documents\Personal\Endog_demand_AI\pyai\data\original\prices\A10G\EC2_g5xlarge_us-east-1.csv
2025-03-06,2074.9349161720293,2002.499218994064,2184.942205560762,15,0.5747921219070697,3609.887535145266,2024-01-25,A10G,aws,A10G,g5xlarge,us-east-1,3,C:\Users\FarhadBillimoria\OneDrive - Aurora Energy Research\Documents\Personal\Endog_demand_AI\pyai\data\original\prices\A10G\EC2_g5xlarge_us-east-1.csv
2025-03-07,2095.043828215447,2003.748828491096,2174.320524835988,17,0.5803626311951405,3609.887535145266,2024-01-25,A10G,aws,A10G,g5xlarge,us-east-1,3,C:\Users\FarhadBillimoria\OneDrive - Aurora Energy Research\Documents\Personal\Endog_demand_AI\pyai\data\original\prices\A10G\EC2_g5xlarge_us-east-1.csv
2025-03-08,2089.0898064942935,2016.2449234614178,2173.695720087472,17,0.5787132663151585,3609.887535145266,2024-01-25,A10G,aws,A10G,g5xlarge,us-east-1,3,C:\Users\FarhadBillimoria\OneDrive - Aurora Energy Research\Documents\Personal\Endog_demand_AI\pyai\data\original\prices\A10G\EC2_g5xlarge_us-east-1.csv
2025-03-09,2083.366805016289,2014.9953139643856,2169.9468915963757,14,0.577127897956093,3609.887535145266,2024-01-25,A10G,aws,A10G,g5xlarge,us-east-1,3,C:\Users\FarhadBillimoria\OneDrive - Aurora Energy Research\Documents\Personal\Endog_demand_AI\pyai\data\original\prices\A10G\EC2_g5xlarge_us-east-1.csv
2025-03-10,2103.6004373633236,2014.3705092158696,2189.3158388003744,16,0.5827329568810714,3609.887535145266,2024-01-25,A10G,aws,A10G,g5xlarge,us-east-1,3,C:\Users\FarhadBillimoria\OneDrive - Aurora Energy Research\Documents\Personal\Endog_demand_AI\pyai\data\original\prices\A10G\EC2_g5xlarge_us-east-1.csv
2025-03-11,2116.7282283110053,2013.7457044673533,2216.182442986566,17,0.5863695773629761,3609.887535145266,2024-01-25,A10G,aws,A10G,g5xlarge,us-east-1,3,C:\Users\FarhadBillimoria\OneDrive - Aurora Energy Research\Documents\Personal\Endog_demand_AI\pyai\data\original\prices\A10G\EC2_g5xlarge_us-east-1.csv
2025-03-12,2130.584192439862,2024.367385192127,2241.1746329272096,16,0.5902079141515761,3609.887535145266,2024-01-25,A10G,aws,A10G,g5xlarge,us-east-1,3,C:\Users\FarhadBillimoria\OneDrive - Aurora Energy Research\Documents\Personal\Endog_demand_AI\pyai\data\original\prices\A10G\EC2_g5xlarge_us-east-1.csv
2025-03-13,2158.348953452046,2051.2339893783187,2251.171508903467,16,0.5978992232967699,3609.887535145266,2024-01-25,A10G,aws,A10G,g5xlarge,us-east-1,3,C:\Users\FarhadBillimoria\OneDrive - Aurora Energy Research\Documents\Personal\Endog_demand_AI\pyai\data\original\prices\A10G\EC2_g5xlarge_us-east-1.csv
2025-03-14,2178.6574048551,2068.1037175882534,2256.794751640112,17,0.603525008367727,3609.887535145266,2024-01-25,A10G,aws,A10G,g5xlarge,us-east-1,3,C:\Users\FarhadBillimoria\OneDrive - Aurora Energy Research\Documents\Personal\Endog_demand_AI\pyai\data\original\prices\A10G\EC2_g5xlarge_us-east-1.csv
2025-03-15,2188.8159950015615,2091.8462980318645,2270.5404561074656,15,0.6063391099283876,3609.887535145266,2024-01-25,A10G,aws,A10G,g5xlarge,us-east-1,3,C:\Users\FarhadBillimoria\OneDrive - Aurora Energy Research\Documents\Personal\Endog_demand_AI\pyai\data\original\prices\A10G\EC2_g5xlarge_us-east-1.csv
2025-03-16,2215.800617862473,2126.2105592002495,2293.658231802561,18,0.6138143075898641,3609.887535145266,2024-01-25,A10G,aws,A10G,g5xlarge,us-east-1,3,C:\Users\FarhadBillimoria\OneDrive - Aurora Energy Research\Documents\Personal\Endog_demand_AI\pyai\data\original\prices\A10G\EC2_g5xlarge_us-east-1.csv
2025-03-17,2227.2727272727266,2155.5763823805055,2298.0318650421736,16,0.6169922762380736,3609.887535145266,2024-01-25,A10G,aws,A10G,g5xlarge,us-east-1,3,C:\Users\FarhadBillimoria\OneDrive - Aurora Energy Research\Documents\Personal\Endog_demand_AI\pyai\data\original\prices\A10G\EC2_g5xlarge_us-east-1.csv
2025-03-18,2232.388316151202,2163.698844111215,2291.7838175570128,16,0.6184093810172865,3609.887535145266,2024-01-25,A10G,aws,A10G,g5xlarge,us-east-1,3,C:\Users\FarhadBillimoria\OneDrive - Aurora Energy Research\Documents\Personal\Endog_demand_AI\pyai\data\original\prices\A10G\EC2_g5xlarge_us-east-1.csv
2025-03-19,2228.6785379568882,2166.8228678537953,2284.910965323336,15,0.6173817096125139,3609.887535145266,2024-01-25,A10G,aws,A10G,g5xlarge,us-east-1,3,C:\Users\FarhadBillimoria\OneDrive - Aurora Energy Research\Documents\Personal\Endog_demand_AI\pyai\data\original\prices\A10G\EC2_g5xlarge_us-east-1.csv
2025-03-20,2220.262050462171,2168.0724773508273,2282.4117463292714,17,0.6150501999982182,3609.887535145266,2024-01-25,A10G,aws,A10G,g5xlarge,us-east-1,3,C:\Users\FarhadBillimoria\OneDrive - Aurora Energy Research\Documents\Personal\Endog_demand_AI\pyai\data\original\prices\A10G\EC2_g5xlarge_us-east-1.csv
2025-03-21,2209.34634397339,2139.9562636676037,2259.2939706341763,17,0.612026364384918,3609.887535145266,2024-01-25,A10G,aws,A10G,g5xlarge,us-east-1,3,C:\Users\FarhadBillimoria\OneDrive - Aurora Energy Research\Documents\Personal\Endog_demand_AI\pyai\data\original\prices\A10G\EC2_g5xlarge_us-east-1.csv
2025-03-22,2201.5817425475584,2123.711340206185,2261.1683848797243,19,0.609875438254883,3609.887535145266,2024-01-25,A10G,aws,A10G,g5xlarge,us-east-1,3,C:\Users\FarhadBillimoria\OneDrive - Aurora Energy Research\Documents\Personal\Endog_demand_AI\pyai\data\original\prices\A10G\EC2_g5xlarge_us-east-1.csv
2025-03-23,2190.5263980006243,2111.215245235863,2288.6597938144323,16,0.6068129205339564,3609.887535145266,2024-01-25,A10G,aws,A10G,g5xlarge,us-east-1,3,C:\Users\FarhadBillimoria\OneDrive - Aurora Energy Research\Documents\Personal\Endog_demand_AI\pyai\data\original\prices\A10G\EC2_g5xlarge_us-east-1.csv
2025-03-24,2203.3188158112353,2105.592002499219,2300.531084036238,17,0.6103566369755536,3609.887535145266,2024-01-25,A10G,aws,A10G,g5xlarge,us-east-1,3,C:\Users\FarhadBillimoria\OneDrive - Aurora Energy Research\Documents\Personal\Endog_demand_AI\pyai\data\original\prices\A10G\EC2_g5xlarge_us-east-1.csv
2025-03-25,2184.0049984379875,2108.716026241799,2292.4086223055288,16,0.6050063823803034,3609.887535145266,2024-01-25,A10G,aws,A10G,g5xlarge,us-east-1,3,C:\Users\FarhadBillimoria\OneDrive - Aurora Energy Research\Documents\Personal\Endog_demand_AI\pyai\data\original\prices\A10G\EC2_g5xlarge_us-east-1.csv
2025-03-26,2197.8657985169107,2126.8353639487655,2309.9031552639794,19,0.6088460588089945,3609.887535145266,2024-01-25,A10G,aws,A10G,g5xlarge,us-east-1,3,C:\Users\FarhadBillimoria\OneDrive - Aurora Energy Research\Documents\Personal\Endog_demand_AI\pyai\data\original\prices\A10G\EC2_g5xlarge_us-east-1.csv
2025-03-27,2227.132968315822,2136.8322399250233,2386.754139331458,19,0.6169535606394451,3609.887535145266,2024-01-25,A10G,aws,A10G,g5xlarge,us-east-1,3,C:\Users\FarhadBillimoria\OneDrive - Aurora Energy Research\Documents\Personal\Endog_demand_AI\pyai\data\original\prices\A10G\EC2_g5xlarge_us-east-1.csv
2025-03-28,2266.201534242771,2139.9562636676037,2414.870353014682,18,0.6277762152364605,3609.887535145266,2024-01-25,A10G,aws,A10G,g5xlarge,us-east-1,3,C:\Users\FarhadBillimoria\OneDrive - Aurora Energy Research\Documents\Personal\Endog_demand_AI\pyai\data\original\prices\A10G\EC2_g5xlarge_us-east-1.csv
2025-03-29,2263.7717379985415,2148.0787253983126,2405.498281786941,18,0.6271031205152059,3609.887535145266,2024-01-25,A10G,aws,A10G,g5xlarge,us-east-1,3,C:\Users\FarhadBillimoria\OneDrive - Aurora Energy Research\Documents\Personal\Endog_demand_AI\pyai\data\original\prices\A10G\EC2_g5xlarge_us-east-1.csv
2025-03-30,2230.7872539831296,2156.825991877538,2388.00374882849,16,0.6179658596741741,3609.887535145266,2024-01-25,A10G,aws,A10G,g5xlarge,us-east-1,3,C:\Users\FarhadBillimoria\OneDrive - Aurora Energy Research\Documents\Personal\Endog_demand_AI\pyai\data\original\prices\A10G\EC2_g5xlarge_us-east-1.csv
2025-03-31,2328.5282872911735,2179.318962824117,2437.3633239612614,21,0.6450417816679905,3609.887535145266,2024-01-25,A10G,aws,A10G,g5xlarge,us-east-1,3,C:\Users\FarhadBillimoria\OneDrive - Aurora Energy Research\Documents\Personal\Endog_demand_AI\pyai\data\original\prices\A10G\EC2_g5xlarge_us-east-1.csv
2025-04-01,2316.0525493677956,2190.5654482974064,2432.3648859731325,19,0.6415857909198257,3609.887535145266,2024-01-25,A10G,aws,A10G,g5xlarge,us-east-1,3,C:\Users\FarhadBillimoria\OneDrive - Aurora Energy Research\Documents\Personal\Endog_demand_AI\pyai\data\original\prices\A10G\EC2_g5xlarge_us-east-1.csv
2025-04-02,2305.946058523378,2173.070915338956,2441.736957200874,21,0.6387861217484117,3609.887535145266,2024-01-25,A10G,aws,A10G,g5xlarge,us-east-1,3,C:\Users\FarhadBillimoria\OneDrive - Aurora Energy Research\Documents\Personal\Endog_demand_AI\pyai\data\original\prices\A10G\EC2_g5xlarge_us-east-1.csv
2025-04-03,2311.277725710715,2193.064667291471,2449.234614183067,15,0.6402630838796218,3609.887535145266,2024-01-25,A10G,aws,A10G,g5xlarge,us-east-1,3,C:\Users\FarhadBillimoria\OneDrive - Aurora Energy Research\Documents\Personal\Endog_demand_AI\pyai\data\original\prices\A10G\EC2_g5xlarge_us-east-1.csv
2025-04-04,2300.774063660661,2177.4445485785686,2420.493595751327,18,0.6373533915560267,3609.887535145266,2024-01-25,A10G,aws,A10G,g5xlarge,us-east-1,3,C:\Users\FarhadBillimoria\OneDrive - Aurora Energy Research\Documents\Personal\Endog_demand_AI\pyai\data\original\prices\A10G\EC2_g5xlarge_us-east-1.csv
2025-04-05,2303.2802249297088,2219.3064667291465,2408.6223055295213,20,0.6380476406828065,3609.887535145266,2024-01-25,A10G,aws,A10G,g5xlarge,us-east-1,3,C:\Users\FarhadBillimoria\OneDrive - Aurora Energy Research\Documents\Personal\Endog_demand_AI\pyai\data\original\prices\A10G\EC2_g5xlarge_us-east-1.csv
2025-04-06,2303.6222233183703,2238.675413933145,2429.240862230552,19,0.6381423800300388,3609.887535145266,2024-01-25,A10G,aws,A10G,g5xlarge,us-east-1,3,C:\Users\FarhadBillimoria\OneDrive - Aurora Energy Research\Documents\Personal\Endog_demand_AI\pyai\data\original\prices\A10G\EC2_g5xlarge_us-east-1.csv
2025-04-07,2331.726692551434,2254.920337394564,2484.223680099968,14,0.645927794107193,3609.887535145266,2024-01-25,A10G,aws,A10G,g5xlarge,us-east-1,3,C:\Users\FarhadBillimoria\OneDrive - Aurora Energy Research\Documents\Personal\Endog_demand_AI\pyai\data\original\prices\A10G\EC2_g5xlarge_us-east-1.csv
2025-04-08,2321.357908986774,2241.7994376757256,2484.223680099968,15,0.643055465408941,3609.887535145266,2024-01-25,A10G,aws,A10G,g5xlarge,us-east-1,3,C:\Users\FarhadBillimoria\OneDrive - Aurora Energy Research\Documents\Personal\Endog_demand_AI\pyai\data\original\prices\A10G\EC2_g5xlarge_us-east-1.csv
2025-04-09,2298.3442674164316,2237.425804436113,2461.1059044048725,16,0.636680296834772,3609.887535145266,2024-01-25,A10G,aws,A10G,g5xlarge,us-east-1,3,C:\Users\FarhadBillimoria\OneDrive - Aurora Energy Research\Documents\Personal\Endog_demand_AI\pyai\data\original\prices\A10G\EC2_g5xlarge_us-east-1.csv
2025-04-10,2294.283036551077,2226.80412371134,2458.6066854108085,19,0.6355552670863893,3609.887535145266,2024-01-25,A10G,aws,A10G,g5xlarge,us-east-1,3,C:\Users\FarhadBillimoria\OneDrive - Aurora Energy Research\Documents\Personal\Endog_demand_AI\pyai\data\original\prices\A10G\EC2_g5xlarge_us-east-1.csv
2025-04-11,2288.0349890659163,2218.0568572321145,2463.605123398937,16,0.6338244520888774,3609.887535145266,2024-01-25,A10G,aws,A10G,g5xlarge,us-east-1,3,C:\Users\FarhadBillimoria\OneDrive - Aurora Energy Research\Documents\Personal\Endog_demand_AI\pyai\data\original\prices\A10G\EC2_g5xlarge_us-east-1.csv
2025-04-12,2321.015754005444,2243.673851921274,2482.9740706029356,14,0.6429606826828868,3609.887535145266,2024-01-25,A10G,aws,A10G,g5xlarge,us-east-1,3,C:\Users\FarhadBillimoria\OneDrive - Aurora Energy Research\Documents\Personal\Endog_demand_AI\pyai\data\original\prices\A10G\EC2_g5xlarge_us-east-1.csv
2025-04-13,2302.5699205840274,2226.80412371134,2484.223680099968,19,0.6378508743462472,3609.887535145266,2024-01-25,A10G,aws,A10G,g5xlarge,us-east-1,3,C:\Users\FarhadBillimoria\OneDrive - Aurora Energy Research\Documents\Personal\Endog_demand_AI\pyai\data\original\prices\A10G\EC2_g5xlarge_us-east-1.csv
2025-04-14,2308.5147002672766,2203.061543267728,2474.2268041237107,18,0.6394976790251664,3609.887535145266,2024-01-25,A10G,aws,A10G,g5xlarge,us-east-1,3,C:\Users\FarhadBillimoria\OneDrive - Aurora Energy Research\Documents\Personal\Endog_demand_AI\pyai\data\original\prices\A10G\EC2_g5xlarge_us-east-1.csv
2025-04-15,2335.2261241891315,2198.6879100281158,2540.456107466416,17,0.6468971959524382,3609.887535145266,2024-01-25,A10G,aws,A10G,g5xlarge,us-east-1,3,C:\Users\FarhadBillimoria\OneDrive - Aurora Energy Research\Documents\Personal\Endog_demand_AI\pyai\data\original\prices\A10G\EC2_g5xlarge_us-east-1.csv
2025-04-16,2355.5796708265502,2199.9375195251478,2562.9490784129953,19,0.6525354731672434,3609.887535145266,2024-01-25,A10G,aws,A10G,g5xlarge,us-east-1,3,C:\Users\FarhadBillimoria\OneDrive - Aurora Energy Research\Documents\Personal\Endog_demand_AI\pyai\data\original\prices\A10G\EC2_g5xlarge_us-east-1.csv
2025-04-17,2348.641049671977,2217.4320524835985,2568.57232114964,16,0.6506133575647433,3609.887535145266,2024-01-25,A10G,aws,A10G,g5xlarge,us-east-1,3,C:\Users\FarhadBillimoria\OneDrive - Aurora Energy Research\Documents\Personal\Endog_demand_AI\pyai\data\original\prices\A10G\EC2_g5xlarge_us-east-1.csv
2025-04-18,2399.2111840049974,2231.1777569509522,2654.7953764448603,16,0.6646221414508555,3609.887535145266,2024-01-25,A10G,aws,A10G,g5xlarge,us-east-1,3,C:\Users\FarhadBillimoria\OneDrive - Aurora Energy Research\Documents\Personal\Endog_demand_AI\pyai\data\original\prices\A10G\EC2_g5xlarge_us-east-1.csv
2025-04-19,2452.273437278123,2270.5404561074656,2737.269603248984,22,0.6793212845007485,3609.887535145266,2024-01-25,A10G,aws,A10G,g5xlarge,us-east-1,3,C:\Users\FarhadBillimoria\OneDrive - Aurora Energy Research\Documents\Personal\Endog_demand_AI\pyai\data\original\prices\A10G\EC2_g5xlarge_us-east-1.csv
2025-04-20,2432.191329098545,2256.794751640112,2717.275851296469,18,0.6737582003370282,3609.887535145266,2024-01-25,A10G,aws,A10G,g5xlarge,us-east-1,3,C:\Users\FarhadBillimoria\OneDrive - Aurora Energy Research\Documents\Personal\Endog_demand_AI\pyai\data\original\prices\A10G\EC2_g5xlarge_us-east-1.csv
2025-04-21,2427.4322169059,2254.2955326460474,2657.2945954389247,19,0.6724398456386308,3609.887535145266,2024-01-25,A10G,aws,A10G,g5xlarge,us-east-1,3,C:\Users\FarhadBillimoria\OneDrive - Aurora Energy Research\Documents\Personal\Endog_demand_AI\pyai\data\original\prices\A10G\EC2_g5xlarge_us-east-1.csv
2025-04-22,2398.1958762886593,2225.5545142143073,2625.4295532646042,16,0.66434088401376,3609.887535145266,2024-01-25,A10G,aws,A10G,g5xlarge,us-east-1,3,C:\Users\FarhadBillimoria\OneDrive - Aurora Energy Research\Documents\Personal\Endog_demand_AI\pyai\data\original\prices\A10G\EC2_g5xlarge_us-east-1.csv
2025-04-23,2407.9975007810053,2226.80412371134,2616.057482036863,15,0.6670561000411068,3609.887535145266,2024-01-25,A10G,aws,A10G,g5xlarge,us-east-1,3,C:\Users\FarhadBillimoria\OneDrive - Aurora Energy Research\Documents\Personal\Endog_demand_AI\pyai\data\original\prices\A10G\EC2_g5xlarge_us-east-1.csv
2025-04-24,2379.725085910652,2224.9297094657913,2607.3102155576375,16,0.6592241621773652,3609.887535145266,2024-01-25,A10G,aws,A10G,g5xlarge,us-east-1,3,C:\Users\FarhadBillimoria\OneDrive - Aurora Energy Research\Documents\Personal\Endog_demand_AI\pyai\data\original\prices\A10G\EC2_g5xlarge_us-east-1.csv
2025-04-25,2385.4310233934243,2223.0552952202434,2586.6916588566064,17,0.6608048035206814,3609.887535145266,2024-01-25,A10G,aws,A10G,g5xlarge,us-east-1,3,C:\Users\FarhadBillimoria\OneDrive - Aurora Energy Research\Documents\Personal\Endog_demand_AI\pyai\data\original\prices\A10G\EC2_g5xlarge_us-east-1.csv
2025-04-26,2377.1043771043765,2231.8025616994682,2577.319587628865,18,0.6584981814422978,3609.887535145266,2024-01-25,A10G,aws,A10G,g5xlarge,us-east-1,3,C:\Users\FarhadBillimoria\OneDrive - Aurora Energy Research\Documents\Personal\Endog_demand_AI\pyai\data\original\prices\A10G\EC2_g5xlarge_us-east-1.csv
2025-04-27,2418.980910570709,2261.7931896282407,2616.682286785379,19,0.6700986906156805,3609.887535145266,2024-01-25,A10G,aws,A10G,g5xlarge,us-east-1,3,C:\Users\FarhadBillimoria\OneDrive - Aurora Energy Research\Documents\Personal\Endog_demand_AI\pyai\data\original\prices\A10G\EC2_g5xlarge_us-east-1.csv
2025-04-28,2442.756375474769,2313.02717900656,2631.677600749765,19,0.6766848971588445,3609.887535145266,2024-01-25,A10G,aws,A10G,g5xlarge,us-east-1,3,C:\Users\FarhadBillimoria\OneDrive - Aurora Energy Research\Documents\Personal\Endog_demand_AI\pyai\data\original\prices\A10G\EC2_g5xlarge_us-east-1.csv
2025-04-29,2501.197542434655,2422.368009996875,2659.793814432989,18,0.6928740904206602,3609.887535145266,2024-01-25,A10G,aws,A10G,g5xlarge,us-east-1,3,C:\Users\FarhadBillimoria\OneDrive - Aurora Energy Research\Documents\Personal\Endog_demand_AI\pyai\data\original\prices\A10G\EC2_g5xlarge_us-east-1.csv
2025-04-30,2521.6425422610982,2440.487347703842,2647.9225242111834,18,0.6985377017180743,3609.887535145266,2024-01-25,A10G,aws,A10G,g5xlarge,us-east-1,3,C:\Users\FarhadBillimoria\OneDrive - Aurora Energy Research\Documents\Personal\Endog_demand_AI\pyai\data\original\prices\A10G\EC2_g5xlarge_us-east-1.csv
2025-05-01,2514.98612565926,2449.234614183067,2637.925648234926,17,0.6966937615573261,3609.887535145266,2024-01-25,A10G,aws,A10G,g5xlarge,us-east-1,3,C:\Users\FarhadBillimoria\OneDrive - Aurora Energy Research\Documents\Personal\Endog_demand_AI\pyai\data\original\prices\A10G\EC2_g5xlarge_us-east-1.csv
2025-05-02,2545.550669262009,2477.350827866291,2672.914714151827,13,0.7051606579094085,3609.887535145266,2024-01-25,A10G,aws,A10G,g5xlarge,us-east-1,3,C:\Users\FarhadBillimoria\OneDrive - Aurora Energy Research\Documents\Personal\Endog_demand_AI\pyai\data\original\prices\A10G\EC2_g5xlarge_us-east-1.csv
2025-05-03,2554.3059460585227,2481.7244611059036,2669.7906904092465,18,0.7075860178995118,3609.887535145266,2024-01-25,A10G,aws,A10G,g5xlarge,us-east-1,3,C:\Users\FarhadBillimoria\OneDrive - Aurora Energy Research\Documents\Personal\Endog_demand_AI\pyai\data\original\prices\A10G\EC2_g5xlarge_us-east-1.csv
2025-05-04,2537.5750633482585,2479.850046860355,2655.4201811933763,18,0.7029512799617298,3609.887535145266,2024-01-25,A10G,aws,A10G,g5xlarge,us-east-1,3,C:\Users\FarhadBillimoria\OneDrive - Aurora Energy Research\Documents\Personal\Endog_demand_AI\pyai\data\original\prices\A10G\EC2_g5xlarge_us-east-1.csv
2025-05-05,2535.678188801293,2466.1043423930014,2657.2945954389247,17,0.7024258135784981,3609.887535145266,2024-01-25,A10G,aws,A10G,g5xlarge,us-east-1,3,C:\Users\FarhadBillimoria\OneDrive - Aurora Energy Research\Documents\Personal\Endog_demand_AI\pyai\data\original\prices\A10G\EC2_g5xlarge_us-east-1.csv
2025-05-06,2531.9518206116136,2465.4795376444854,2608.5598250546695,18,0.7013935464639689,3609.887535145266,2024-01-25,A10G,aws,A10G,g5xlarge,us-east-1,3,C:\Users\FarhadBillimoria\OneDrive - Aurora Energy Research\Documents\Personal\Endog_demand_AI\pyai\data\original\prices\A10G\EC2_g5xlarge_us-east-1.csv
2025-05-07,2534.544493307379,2457.9818806622925,2607.3102155576375,13,0.7021117607214835,3609.887535145266,2024-01-25,A10G,aws,A10G,g5xlarge,us-east-1,3,C:\Users\FarhadBillimoria\OneDrive - Aurora Energy Research\Documents\Personal\Endog_demand_AI\pyai\data\original\prices\A10G\EC2_g5xlarge_us-east-1.csv
2025-05-08,2549.0196078431363,2461.730709153389,2636.0512339893776,17,0.7061216126614207,3609.887535145266,2024-01-25,A10G,aws,A10G,g5xlarge,us-east-1,3,C:\Users\FarhadBillimoria\OneDrive - Aurora Energy Research\Documents\Personal\Endog_demand_AI\pyai\data\original\prices\A10G\EC2_g5xlarge_us-east-1.csv
2025-05-09,2555.9512652296153,2479.850046860355,2642.9240862230545,15,0.70804179918219,3609.887535145266,2024-01-25,A10G,aws,A10G,g5xlarge,us-east-1,3,C:\Users\FarhadBillimoria\OneDrive - Aurora Energy Research\Documents\Personal\Endog_demand_AI\pyai\data\original\prices\A10G\EC2_g5xlarge_us-east-1.csv
2025-05-10,2557.659064875559,2489.846922836613,2645.423305217119,15,0.7085148886148432,3609.887535145266,2024-01-25,A10G,aws,A10G,g5xlarge,us-east-1,3,C:\Users\FarhadBillimoria\OneDrive - Aurora Energy Research\Documents\Personal\Endog_demand_AI\pyai\data\original\prices\A10G\EC2_g5xlarge_us-east-1.csv
2025-05-11,2526.8353639487655,2480.4748516088716,2626.0543580131202,15,0.6999762012937842,3609.887535145266,2024-01-25,A10G,aws,A10G,g5xlarge,us-east-1,3,C:\Users\FarhadBillimoria\OneDrive - Aurora Energy Research\Documents\Personal\Endog_demand_AI\pyai\data\original\prices\A10G\EC2_g5xlarge_us-east-1.csv
2025-05-12,2591.0652920962193,2591.0652920962193,2591.0652920962193,1,0.7177689794682071,3609.887535145266,2024-01-25,A10G,aws,A10G,g5xlarge,us-east-1,3,C:\Users\FarhadBillimoria\OneDrive - Aurora Energy Research\Documents\Personal\Endog_demand_AI\pyai\data\original\prices\A10G\EC2_g5xlarge_us-east-1.csv
2025-05-16,2581.193377069665,2484.848484848484,2668.541080912214,5,0.7150342917721382,3609.887535145266,2024-01-25,A10G,aws,A10G,g5xlarge,us-east-1,3,C:\Users\FarhadBillimoria\OneDrive - Aurora Energy Research\Documents\Personal\Endog_demand_AI\pyai\data\original\prices\A10G\EC2_g5xlarge_us-east-1.csv
2025-05-17,2587.831008692136,2485.473289597,2682.9115901280843,17,0.7168730281753773,3609.887535145266,2024-01-25,A10G,aws,A10G,g5xlarge,us-east-1,3,C:\Users\FarhadBillimoria\OneDrive - Aurora Energy Research\Documents\Personal\Endog_demand_AI\pyai\data\original\prices\A10G\EC2_g5xlarge_us-east-1.csv
2025-05-18,2593.486410496719,2512.964698531708,2689.784442361761,16,0.718439670279743,3609.887535145266,2024-01-25,A10G,aws,A10G,g5xlarge,us-east-1,3,C:\Users\FarhadBillimoria\OneDrive - Aurora Energy Research\Documents\Personal\Endog_demand_AI\pyai\data\original\prices\A10G\EC2_g5xlarge_us-east-1.csv
2025-05-19,2587.1915026554193,2487.9725085910645,2714.776632302405,15,0.7166958741697497,3609.887535145266,2024-01-25,A10G,aws,A10G,g5xlarge,us-east-1,3,C:\Users\FarhadBillimoria\OneDrive - Aurora Energy Research\Documents\Personal\Endog_demand_AI\pyai\data\original\prices\A10G\EC2_g5xlarge_us-east-1.csv
2025-05-20,2569.437435416816,2499.8437988128703,2696.657294595438,13,0.7117776967845117,3609.887535145266,2024-01-25,A10G,aws,A10G,g5xlarge,us-east-1,3,C:\Users\FarhadBillimoria\OneDrive - Aurora Energy Research\Documents\Personal\Endog_demand_AI\pyai\data\original\prices\A10G\EC2_g5xlarge_us-east-1.csv
2025-05-21,2547.232835892629,2491.721337082161,2671.0402999062785,13,0.7056266465625847,3609.887535145266,2024-01-25,A10G,aws,A10G,g5xlarge,us-east-1,3,C:\Users\FarhadBillimoria\OneDrive - Aurora Energy Research\Documents\Personal\Endog_demand_AI\pyai\data\original\prices\A10G\EC2_g5xlarge_us-east-1.csv
2025-05-22,2533.458294283036,2482.9740706029356,2664.7922524211176,15,0.701810865191147,3609.887535145266,2024-01-25,A10G,aws,A10G,g5xlarge,us-east-1,3,C:\Users\FarhadBillimoria\OneDrive - Aurora Energy Research\Documents\Personal\Endog_demand_AI\pyai\data\original\prices\A10G\EC2_g5xlarge_us-east-1.csv
2025-05-23,2539.9562636676033,2467.97875663855,2657.9194001874407,15,0.7036109127885594,3609.887535145266,2024-01-25,A10G,aws,A10G,g5xlarge,us-east-1,3,C:\Users\FarhadBillimoria\OneDrive - Aurora Energy Research\Documents\Personal\Endog_demand_AI\pyai\data\original\prices\A10G\EC2_g5xlarge_us-east-1.csv
2025-05-24,2530.4201811933763,2444.8609809434543,2641.0496719775065,16,0.7009692563986066,3609.887535145266,2024-01-25,A10G,aws,A10G,g5xlarge,us-east-1,3,C:\Users\FarhadBillimoria\OneDrive - Aurora Energy Research\Documents\Personal\Endog_demand_AI\pyai\data\original\prices\A10G\EC2_g5xlarge_us-east-1.csv
2025-05-25,2550.5491072501372,2453.6082474226796,2674.164323648859,13,0.7065453099074179,3609.887535145266,2024-01-25,A10G,aws,A10G,g5xlarge,us-east-1,3,C:\Users\FarhadBillimoria\OneDrive - Aurora Energy Research\Documents\Personal\Endog_demand_AI\pyai\data\original\prices\A10G\EC2_g5xlarge_us-east-1.csv
2025-05-26,2597.5910305807206,2512.964698531708,2692.2836613558256,18,0.7195767195767195,3609.887535145266,2024-01-25,A10G,aws,A10G,g5xlarge,us-east-1,3,C:\Users\FarhadBillimoria\OneDrive - Aurora Energy Research\Documents\Personal\Endog_demand_AI\pyai\data\original\prices\A10G\EC2_g5xlarge_us-east-1.csv
2025-05-27,2604.147141518275,2512.964698531708,2680.41237113402,16,0.7213928733692478,3609.887535145266,2024-01-25,A10G,aws,A10G,g5xlarge,us-east-1,3,C:\Users\FarhadBillimoria\OneDrive - Aurora Energy Research\Documents\Personal\Endog_demand_AI\pyai\data\original\prices\A10G\EC2_g5xlarge_us-east-1.csv
2025-05-28,2637.3576439180933,2514.8391127772566,2679.787566385504,11,0.7305927451315912,3609.887535145266,2024-01-25,A10G,aws,A10G,g5xlarge,us-east-1,3,C:\Users\FarhadBillimoria\OneDrive - Aurora Energy Research\Documents\Personal\Endog_demand_AI\pyai\data\original\prices\A10G\EC2_g5xlarge_us-east-1.csv
2025-05-29,2629.678225554513,2518.587941268353,2690.409247110277,15,0.7284654161528309,3609.887535145266,2024-01-25,A10G,aws,A10G,g5xlarge,us-east-1,3,C:\Users\FarhadBillimoria\OneDrive - Aurora Energy Research\Documents\Personal\Endog_demand_AI\pyai\data\original\prices\A10G\EC2_g5xlarge_us-east-1.csv
2025-05-30,2620.651634599481,2492.346141830677,2681.037175882536,17,0.7259648975446608,3609.887535145266,2024-01-25,A10G,aws,A10G,g5xlarge,us-east-1,3,C:\Users\FarhadBillimoria\OneDrive - Aurora Energy Research\Documents\Personal\Endog_demand_AI\pyai\data\original\prices\A10G\EC2_g5xlarge_us-east-1.csv
2025-05-31,2616.874534400307,2501.0934083099023,2694.78288034989,13,0.7249185768040833,3609.887535145266,2024-01-25,A10G,aws,A10G,g5xlarge,us-east-1,3,C:\Users\FarhadBillimoria\OneDrive - Aurora Energy Research\Documents\Personal\Endog_demand_AI\pyai\data\original\prices\A10G\EC2_g5xlarge_us-east-1.csv
2025-06-01,2602.4853344440967,2484.223680099968,2682.2867853795683,18,0.720932524658104,3609.887535145266,2024-01-25,A10G,aws,A10G,g5xlarge,us-east-1,3,C:\Users\FarhadBillimoria\OneDrive - Aurora Energy Research\Documents\Personal\Endog_demand_AI\pyai\data\original\prices\A10G\EC2_g5xlarge_us-east-1.csv
2025-06-02,2607.3102155576375,2478.600437363323,2684.1611996251163,7,0.7222690984617381,3609.887535145266,2024-01-25,A10G,aws,A10G,g5xlarge,us-east-1,3,C:\Users\FarhadBillimoria\OneDrive - Aurora Energy Research\Documents\Personal\Endog_demand_AI\pyai\data\original\prices\A10G\EC2_g5xlarge_us-east-1.csv
2025-06-03,2576.486514630844,2416.74476726023,2692.9084661043416,18,0.7137304111406793,3609.887535145266,2024-01-25,A10G,aws,A10G,g5xlarge,us-east-1,3,C:\Users\FarhadBillimoria\OneDrive - Aurora Energy Research\Documents\Personal\Endog_demand_AI\pyai\data\original\prices\A10G\EC2_g5xlarge_us-east-1.csv
2025-06-04,2580.312073529653,2424.8672289909396,2687.910028116213,19,0.7147901557619628,3609.887535145266,2024-01-25,A10G,aws,A10G,g5xlarge,us-east-1,3,C:\Users\FarhadBillimoria\OneDrive - Aurora Energy Research\Documents\Personal\Endog_demand_AI\pyai\data\original\prices\A10G\EC2_g5xlarge_us-east-1.csv
2025-06-05,2576.069978131833,2428.616057482036,2669.7906904092465,18,0.7136150234741784,3609.887535145266,2024-01-25,A10G,aws,A10G,g5xlarge,us-east-1,3,C:\Users\FarhadBillimoria\OneDrive - Aurora Energy Research\Documents\Personal\Endog_demand_AI\pyai\data\original\prices\A10G\EC2_g5xlarge_us-east-1.csv
2025-06-06,2575.8356763511397,2431.1152764761005,2672.914714151827,16,0.7135501179117717,3609.887535145266,2024-01-25,A10G,aws,A10G,g5xlarge,us-east-1,3,C:\Users\FarhadBillimoria\OneDrive - Aurora Energy Research\Documents\Personal\Endog_demand_AI\pyai\data\original\prices\A10G\EC2_g5xlarge_us-east-1.csv
2025-06-07,2571.4776632302396,2390.5029678225546,2701.030927835051,20,0.7123428744510071,3609.887535145266,2024-01-25,A10G,aws,A10G,g5xlarge,us-east-1,3,C:\Users\FarhadBillimoria\OneDrive - Aurora Energy Research\Documents\Personal\Endog_demand_AI\pyai\data\original\prices\A10G\EC2_g5xlarge_us-east-1.csv
2025-06-08,2587.573736148629,2419.8687910028107,2712.9022180568563,17,0.7168017593225385,3609.887535145266,2024-01-25,A10G,aws,A10G,g5xlarge,us-east-1,3,C:\Users\FarhadBillimoria\OneDrive - Aurora Energy Research\Documents\Personal\Endog_demand_AI\pyai\data\original\prices\A10G\EC2_g5xlarge_us-east-1.csv
2025-06-09,2566.323024054982,2412.9959387691338,2714.151827553889,15,0.7109149520780597,3609.887535145266,2024-01-25,A10G,aws,A10G,g5xlarge,us-east-1,3,C:\Users\FarhadBillimoria\OneDrive - Aurora Energy Research\Documents\Personal\Endog_demand_AI\pyai\data\original\prices\A10G\EC2_g5xlarge_us-east-1.csv
2025-06-10,2603.4572529417883,2428.616057482036,2747.8912839737577,18,0.7212017625466057,3609.887535145266,2024-01-25,A10G,aws,A10G,g5xlarge,us-east-1,3,C:\Users\FarhadBillimoria\OneDrive - Aurora Energy Research\Documents\Personal\Endog_demand_AI\pyai\data\original\prices\A10G\EC2_g5xlarge_us-east-1.csv
2025-06-11,2589.0173209760833,2396.1262105591995,2780.381130896594,18,0.7172016567745783,3609.887535145266,2024-01-25,A10G,aws,A10G,g5xlarge,us-east-1,3,C:\Users\FarhadBillimoria\OneDrive - Aurora Energy Research\Documents\Personal\Endog_demand_AI\pyai\data\original\prices\A10G\EC2_g5xlarge_us-east-1.csv
2025-06-12,2573.9144017494523,2381.7557013433293,2804.7485160887218,20,0.7130178923000366,3609.887535145266,2024-01-25,A10G,aws,A10G,g5xlarge,us-east-1,3,C:\Users\FarhadBillimoria\OneDrive - Aurora Energy Research\Documents\Personal\Endog_demand_AI\pyai\data\original\prices\A10G\EC2_g5xlarge_us-east-1.csv
2025-06-13,2552.63980006248,2363.0115588878466,2802.2492970946573,14,0.7071244672335086,3609.887535145266,2024-01-25,A10G,aws,A10G,g5xlarge,us-east-1,3,C:\Users\FarhadBillimoria\OneDrive - Aurora Energy Research\Documents\Personal\Endog_demand_AI\pyai\data\original\prices\A10G\EC2_g5xlarge_us-east-1.csv
2025-06-14,2557.917755964418,2321.149640737269,2819.7438300531076,19,0.7085865504287752,3609.887535145266,2024-01-25,A10G,aws,A10G,g5xlarge,us-east-1,3,C:\Users\FarhadBillimoria\OneDrive - Aurora Energy Research\Documents\Personal\Endog_demand_AI\pyai\data\original\prices\A10G\EC2_g5xlarge_us-east-1.csv
2025-06-15,2577.518389139757,2301.155888784754,2879.725085910652,22,0.7140162578599653,3609.887535145266,2024-01-25,A10G,aws,A10G,g5xlarge,us-east-1,3,C:\Users\FarhadBillimoria\OneDrive - Aurora Energy Research\Documents\Personal\Endog_demand_AI\pyai\data\original\prices\A10G\EC2_g5xlarge_us-east-1.csv
2025-06-16,2617.274207073447,2330.52171196501,2907.21649484536,19,0.725029292905139,3609.887535145266,2024-01-25,A10G,aws,A10G,g5xlarge,us-east-1,3,C:\Users\FarhadBillimoria\OneDrive - Aurora Energy Research\Documents\Personal\Endog_demand_AI\pyai\data\original\prices\A10G\EC2_g5xlarge_us-east-1.csv
2025-06-17,2601.8842795836817,2351.7650734145573,2936.582318025616,19,0.7207660222796882,3609.887535145266,2024-01-25,A10G,aws,A10G,g5xlarge,us-east-1,3,C:\Users\FarhadBillimoria\OneDrive - Aurora Energy Research\Documents\Personal\Endog_demand_AI\pyai\data\original\prices\A10G\EC2_g5xlarge_us-east-1.csv
2025-06-18,2646.0168697282093,2347.3914401749444,3019.6813495782562,20,0.7329914973713247,3609.887535145266,2024-01-25,A10G,aws,A10G,g5xlarge,us-east-1,3,C:\Users\FarhadBillimoria\OneDrive - Aurora Energy Research\Documents\Personal\Endog_demand_AI\pyai\data\original\prices\A10G\EC2_g5xlarge_us-east-1.csv
2025-06-19,2614.6907216494837,2344.267416432364,3034.051858794126,16,0.7243136236775491,3609.887535145266,2024-01-25,A10G,aws,A10G,g5xlarge,us-east-1,3,C:\Users\FarhadBillimoria\OneDrive - Aurora Energy Research\Documents\Personal\Endog_demand_AI\pyai\data\original\prices\A10G\EC2_g5xlarge_us-east-1.csv
2025-06-20,2675.5976992483957,2318.6504217432043,3027.803811308965,17,0.7411858882580746,3609.887535145266,2024-01-25,A10G,aws,A10G,g5xlarge,us-east-1,3,C:\Users\FarhadBillimoria\OneDrive - Aurora Energy Research\Documents\Personal\Endog_demand_AI\pyai\data\original\prices\A10G\EC2_g5xlarge_us-east-1.csv
2025-06-21,2651.4411614791425,2327.3976882224297,2987.1915026554198,19,0.7344941180757437,3609.887535145266,2024-01-25,A10G,aws,A10G,g5xlarge,us-east-1,3,C:\Users\FarhadBillimoria\OneDrive - Aurora Energy Research\Documents\Personal\Endog_demand_AI\pyai\data\original\prices\A10G\EC2_g5xlarge_us-east-1.csv
2025-06-22,2613.99562636676,2331.146516713526,2886.5979381443294,20,0.724121070509076,3609.887535145266,2024-01-25,A10G,aws,A10G,g5xlarge,us-east-1,3,C:\Users\FarhadBillimoria\OneDrive - Aurora Energy Research\Documents\Personal\Endog_demand_AI\pyai\data\original\prices\A10G\EC2_g5xlarge_us-east-1.csv
2025-06-23,2579.159290499496,2333.0209309590746,2762.8865979381435,18,0.7144708153340593,3609.887535145266,2024-01-25,A10G,aws,A10G,g5xlarge,us-east-1,3,C:\Users\FarhadBillimoria\OneDrive - Aurora Energy Research\Documents\Personal\Endog_demand_AI\pyai\data\original\prices\A10G\EC2_g5xlarge_us-east-1.csv
2025-06-24,2583.016336806512,2363.636363636363,2761.0121836925955,17,0.715539282500824,3609.887535145266,2024-01-25,A10G,aws,A10G,g5xlarge,us-east-1,3,C:\Users\FarhadBillimoria\OneDrive - Aurora Energy Research\Documents\Personal\Endog_demand_AI\pyai\data\original\prices\A10G\EC2_g5xlarge_us-east-1.csv
2025-06-25,2569.231837273074,2379.2564823492653,2752.26491721337,18,0.7117207426157903,3609.887535145266,2024-01-25,A10G,aws,A10G,g5xlarge,us-east-1,3,C:\Users\FarhadBillimoria\OneDrive - Aurora Energy Research\Documents\Personal\Endog_demand_AI\pyai\data\original\prices\A10G\EC2_g5xlarge_us-east-1.csv
2025-06-26,2612.896705073781,2399.25023430178,2769.1346454233044,17,0.7238166506948076,3609.887535145266,2024-01-25,A10G,aws,A10G,g5xlarge,us-east-1,3,C:\Users\FarhadBillimoria\OneDrive - Aurora Energy Research\Documents\Personal\Endog_demand_AI\pyai\data\original\prices\A10G\EC2_g5xlarge_us-east-1.csv
2025-06-27,2564.9484536082464,2403.6238675413924,2791.0028116213675,15,0.710534172778607,3609.887535145266,2024-01-25,A10G,aws,A10G,g5xlarge,us-east-1,3,C:\Users\FarhadBillimoria\OneDrive - Aurora Energy Research\Documents\Personal\Endog_demand_AI\pyai\data\original\prices\A10G\EC2_g5xlarge_us-east-1.csv
2025-06-28,2616.508729910791,2424.8672289909396,2792.877225866916,18,0.7248172427636307,3609.887535145266,2024-01-25,A10G,aws,A10G,g5xlarge,us-east-1,3,C:\Users\FarhadBillimoria\OneDrive - Aurora Energy Research\Documents\Personal\Endog_demand_AI\pyai\data\original\prices\A10G\EC2_g5xlarge_us-east-1.csv
2025-06-29,2638.0960495299755,2447.9850046860347,2842.861605748203,22,0.7307972959949334,3609.887535145266,2024-01-25,A10G,aws,A10G,g5xlarge,us-east-1,3,C:\Users\FarhadBillimoria\OneDrive - Aurora Energy Research\Documents\Personal\Endog_demand_AI\pyai\data\original\prices\A10G\EC2_g5xlarge_us-east-1.csv
2025-06-30,2685.619077371654,2475.4764136207427,2903.4676663542637,18,0.743961979763888,3609.887535145266,2024-01-25,A10G,aws,A10G,g5xlarge,us-east-1,3,C:\Users\FarhadBillimoria\OneDrive - Aurora Energy Research\Documents\Personal\Endog_demand_AI\pyai\data\original\prices\A10G\EC2_g5xlarge_us-east-1.csv
2025-07-01,2775.257731958762,2548.578569197125,3010.309278350515,20,0.7687934055948595,3609.887535145266,2024-01-25,A10G,aws,A10G,g5xlarge,us-east-1,3,C:\Users\FarhadBillimoria\OneDrive - Aurora Energy Research\Documents\Personal\Endog_demand_AI\pyai\data\original\prices\A10G\EC2_g5xlarge_us-east-1.csv
2025-07-02,2755.131668412444,2593.5645110902838,3028.4286160574816,17,0.7632181450499328,3609.887535145266,2024-01-25,A10G,aws,A10G,g5xlarge,us-east-1,3,C:\Users\FarhadBillimoria\OneDrive - Aurora Energy Research\Documents\Personal\Endog_demand_AI\pyai\data\original\prices\A10G\EC2_g5xlarge_us-east-1.csv
2025-07-03,2919.6344892221173,2637.3008434864096,3152.1399562636666,16,0.8087882131498669,3609.887535145266,2024-01-25,A10G,aws,A10G,g5xlarge,us-east-1,3,C:\Users\FarhadBillimoria\OneDrive - Aurora Energy Research\Documents\Personal\Endog_demand_AI\pyai\data\original\prices\A10G\EC2_g5xlarge_us-east-1.csv
2025-07-04,2894.0608837516047,2614.8078725398304,3222.742892845985,18,0.8017038912086618,3609.887535145266,2024-01-25,A10G,aws,A10G,g5xlarge,us-east-1,3,C:\Users\FarhadBillimoria\OneDrive - Aurora Energy Research\Documents\Personal\Endog_demand_AI\pyai\data\original\prices\A10G\EC2_g5xlarge_us-east-1.csv
2025-07-05,2889.0971571383934,2660.418619181505,3224.617307091533,18,0.8003288548495272,3609.887535145266,2024-01-25,A10G,aws,A10G,g5xlarge,us-east-1,3,C:\Users\FarhadBillimoria\OneDrive - Aurora Energy Research\Documents\Personal\Endog_demand_AI\pyai\data\original\prices\A10G\EC2_g5xlarge_us-east-1.csv
2025-07-06,2835.572217015515,2693.5332708528576,3107.1540143705083,18,0.7855015397041748,3609.887535145266,2024-01-25,A10G,aws,A10G,g5xlarge,us-east-1,3,C:\Users\FarhadBillimoria\OneDrive - Aurora Energy Research\Documents\Personal\Endog_demand_AI\pyai\data\original\prices\A10G\EC2_g5xlarge_us-east-1.csv
2025-07-07,2752.5279928969558,2627.3039675101522,2907.21649484536,19,0.7624968828249633,3609.887535145266,2024-01-25,A10G,aws,A10G,g5xlarge,us-east-1,3,C:\Users\FarhadBillimoria\OneDrive - Aurora Energy Research\Documents\Personal\Endog_demand_AI\pyai\data\original\prices\A10G\EC2_g5xlarge_us-east-1.csv
2025-07-08,2660.6758917250118,2532.958450484223,2860.3561387066534,17,0.7370522947934285,3609.887535145266,2024-01-25,A10G,aws,A10G,g5xlarge,us-east-1,3,C:\Users\FarhadBillimoria\OneDrive - Aurora Energy Research\Documents\Personal\Endog_demand_AI\pyai\data\original\prices\A10G\EC2_g5xlarge_us-east-1.csv
2025-07-09,2632.885556596896,2511.715089034676,2759.762574195563,15,0.7293539011848871,3609.887535145266,2024-01-25,A10G,aws,A10G,g5xlarge,us-east-1,3,C:\Users\FarhadBillimoria\OneDrive - Aurora Energy Research\Documents\Personal\Endog_demand_AI\pyai\data\original\prices\A10G\EC2_g5xlarge_us-east-1.csv
2025-07-10,2606.164740185358,2507.966260543579,2750.3905029678217,18,0.7219517823788609,3609.887535145266,2024-01-25,A10G,aws,A10G,g5xlarge,us-east-1,3,C:\Users\FarhadBillimoria\OneDrive - Aurora Energy Research\Documents\Personal\Endog_demand_AI\pyai\data\original\prices\A10G\EC2_g5xlarge_us-east-1.csv
2025-07-11,2653.5804783227454,2522.9615745079655,2754.7641362074346,18,0.7350867450822016,3609.887535145266,2024-01-25,A10G,aws,A10G,g5xlarge,us-east-1,3,C:\Users\FarhadBillimoria\OneDrive - Aurora Energy Research\Documents\Personal\Endog_demand_AI\pyai\data\original\prices\A10G\EC2_g5xlarge_us-east-1.csv
2025-07-12,2688.8288586287363,2527.9600124960944,2781.630740393626,17,0.7448511435469234,3609.887535145266,2024-01-25,A10G,aws,A10G,g5xlarge,us-east-1,3,C:\Users\FarhadBillimoria\OneDrive - Aurora Energy Research\Documents\Personal\Endog_demand_AI\pyai\data\original\prices\A10G\EC2_g5xlarge_us-east-1.csv
2025-07-13,2712.47472007103,2566.0731021555757,2807.2477350827858,19,0.75140144773565,3609.887535145266,2024-01-25,A10G,aws,A10G,g5xlarge,us-east-1,3,C:\Users\FarhadBillimoria\OneDrive - Aurora Energy Research\Documents\Personal\Endog_demand_AI\pyai\data\original\prices\A10G\EC2_g5xlarge_us-east-1.csv
2025-07-14,2704.623555139018,2586.6916588566064,2832.864729771946,20,0.7492265420479868,3609.887535145266,2024-01-25,A10G,aws,A10G,g5xlarge,us-east-1,3,C:\Users\FarhadBillimoria\OneDrive - Aurora Energy Research\Documents\Personal\Endog_demand_AI\pyai\data\original\prices\A10G\EC2_g5xlarge_us-east-1.csv
2025-07-15,2735.746641674476,2632.927210246797,2865.3545766947823,16,0.7578481642543433,3609.887535145266,2024-01-25,A10G,aws,A10G,g5xlarge,us-east-1,3,C:\Users\FarhadBillimoria\OneDrive - Aurora Energy Research\Documents\Personal\Endog_demand_AI\pyai\data\original\prices\A10G\EC2_g5xlarge_us-east-1.csv
2025-07-16,2766.9686556284487,2687.2852233676967,2850.984067478912,15,0.7664971910314936,3609.887535145266,2024-01-25,A10G,aws,A10G,g5xlarge,us-east-1,3,C:\Users\FarhadBillimoria\OneDrive - Aurora Energy Research\Documents\Personal\Endog_demand_AI\pyai\data\original\prices\A10G\EC2_g5xlarge_us-east-1.csv
2025-07-17,2808.067791315213,2713.527022805373,2860.9809434551694,16,0.7778823478505441,3609.887535145266,2024-01-25,A10G,aws,A10G,g5xlarge,us-east-1,3,C:\Users\FarhadBillimoria\OneDrive - Aurora Energy Research\Documents\Personal\Endog_demand_AI\pyai\data\original\prices\A10G\EC2_g5xlarge_us-east-1.csv
2025-07-18,2821.826512548161,2745.3920649796933,2874.7266479225236,18,0.7816937467096485,3609.887535145266,2024-01-25,A10G,aws,A10G,g5xlarge,us-east-1,3,C:\Users\FarhadBillimoria\OneDrive - Aurora Energy Research\Documents\Personal\Endog_demand_AI\pyai\data\original\prices\A10G\EC2_g5xlarge_us-east-1.csv
2025-07-19,2812.576952055423,2734.1455795064035,2874.1018431740076,17,0.7791314617623515,3609.887535145266,2024-01-25,A10G,aws,A10G,g5xlarge,us-east-1,3,C:\Users\FarhadBillimoria\OneDrive - Aurora Energy Research\Documents\Personal\Endog_demand_AI\pyai\data\original\prices\A10G\EC2_g5xlarge_us-east-1.csv
2025-07-20,2781.667493614127,2682.9115901280843,2873.477038425491,17,0.7705690181570128,3609.887535145266,2024-01-25,A10G,aws,A10G,g5xlarge,us-east-1,3,C:\Users\FarhadBillimoria\OneDrive - Aurora Energy Research\Documents\Personal\Endog_demand_AI\pyai\data\original\prices\A10G\EC2_g5xlarge_us-east-1.csv
2025-07-21,2760.179110694574,2664.1674476726016,2839.1127772571067,18,0.7646163720675306,3609.887535145266,2024-01-25,A10G,aws,A10G,g5xlarge,us-east-1,3,C:\Users\FarhadBillimoria\OneDrive - Aurora Energy Research\Documents\Personal\Endog_demand_AI\pyai\data\original\prices\A10G\EC2_g5xlarge_us-east-1.csv
2025-07-22,2745.253219480023,2659.1690096844727,2839.1127772571067,18,0.760481647351252,3609.887535145266,2024-01-25,A10G,aws,A10G,g5xlarge,us-east-1,3,C:\Users\FarhadBillimoria\OneDrive - Aurora Energy Research\Documents\Personal\Endog_demand_AI\pyai\data\original\prices\A10G\EC2_g5xlarge_us-east-1.csv
2025-07-23,2749.7656982193057,2664.7922524211176,2852.8584817244605,17,0.7617316804050107,3609.887535145266,2024-01-25,A10G,aws,A10G,g5xlarge,us-east-1,3,C:\Users\FarhadBillimoria\OneDrive - Aurora Energy Research\Documents\Personal\Endog_demand_AI\pyai\data\original\prices\A10G\EC2_g5xlarge_us-east-1.csv
2025-07-24,2760.2702280537324,2708.528584817244,2849.109653233364,16,0.7646416131195777,3609.887535145266,2024-01-25,A10G,aws,A10G,g5xlarge,us-east-1,3,C:\Users\FarhadBillimoria\OneDrive - Aurora Energy Research\Documents\Personal\Endog_demand_AI\pyai\data\original\prices\A10G\EC2_g5xlarge_us-east-1.csv
2025-07-25,2768.6084940561327,2682.2867853795683,2844.111215245235,19,0.7669514540554019,3609.887535145266,2024-01-25,A10G,aws,A10G,g5xlarge,us-east-1,3,C:\Users\FarhadBillimoria\OneDrive - Aurora Energy Research\Documents\Personal\Endog_demand_AI\pyai\data\original\prices\A10G\EC2_g5xlarge_us-east-1.csv
2025-07-26,2768.108180479314,2704.7797563261474,2850.984067478912,14,0.7668128587191351,3609.887535145266,2024-01-25,A10G,aws,A10G,g5xlarge,us-east-1,3,C:\Users\FarhadBillimoria\OneDrive - Aurora Energy Research\Documents\Personal\Endog_demand_AI\pyai\data\original\prices\A10G\EC2_g5xlarge_us-east-1.csv
2025-07-27,2761.6369884411115,2679.162761636988,2849.73445798188,18,0.7650202289002834,3609.887535145266,2024-01-25,A10G,aws,A10G,g5xlarge,us-east-1,3,C:\Users\FarhadBillimoria\OneDrive - Aurora Energy Research\Documents\Personal\Endog_demand_AI\pyai\data\original\prices\A10G\EC2_g5xlarge_us-east-1.csv
2025-07-28,2723.0306318749067,2623.555139019056,2817.8694158075596,19,0.7543256141261833,3609.887535145266,2024-01-25,A10G,aws,A10G,g5xlarge,us-east-1,3,C:\Users\FarhadBillimoria\OneDrive - Aurora Energy Research\Documents\Personal\Endog_demand_AI\pyai\data\original\prices\A10G\EC2_g5xlarge_us-east-1.csv
2025-07-29,2729.8031865042167,2613.5582630427984,2809.74695407685,20,0.75620172648796,3609.887535145266,2024-01-25,A10G,aws,A10G,g5xlarge,us-east-1,3,C:\Users\FarhadBillimoria\OneDrive - Aurora Energy Research\Documents\Personal\Endog_demand_AI\pyai\data\original\prices\A10G\EC2_g5xlarge_us-east-1.csv
2025-07-30,2714.349134316578,2632.927210246797,2824.7422680412365,19,0.7519206922349034,3609.887535145266,2024-01-25,A10G,aws,A10G,g5xlarge,us-east-1,3,C:\Users\FarhadBillimoria\OneDrive - Aurora Energy Research\Documents\Personal\Endog_demand_AI\pyai\data\original\prices\A10G\EC2_g5xlarge_us-east-1.csv
2025-07-31,2711.3566484157905,2598.562949078412,2820.368634801624,19,0.7510917229466214,3609.887535145266,2024-01-25,A10G,aws,A10G,g5xlarge,us-east-1,3,C:\Users\FarhadBillimoria\OneDrive - Aurora Energy Research\Documents\Personal\Endog_demand_AI\pyai\data\original\prices\A10G\EC2_g5xlarge_us-east-1.csv
2025-08-01,2690.096844736019,2584.1924398625424,2795.3764448609804,20,0.7452023971787716,3609.887535145266,2024-01-25,A10G,aws,A10G,g5xlarge,us-east-1,3,C:\Users\FarhadBillimoria\OneDrive - Aurora Energy Research\Documents\Personal\Endog_demand_AI\pyai\data\original\prices\A10G\EC2_g5xlarge_us-east-1.csv
2025-08-02,2690.174945329584,2612.3086535457664,2782.255545142142,16,0.7452240323662405,3609.887535145266,2024-01-25,A10G,aws,A10G,g5xlarge,us-east-1,3,C:\Users\FarhadBillimoria\OneDrive - Aurora Energy Research\Documents\Personal\Endog_demand_AI\pyai\data\original\prices\A10G\EC2_g5xlarge_us-east-1.csv
2025-08-03,2714.276788503592,2608.5598250546695,2792.877225866916,20,0.7519006512191428,3609.887535145266,2024-01-25,A10G,aws,A10G,g5xlarge,us-east-1,3,C:\Users\FarhadBillimoria\OneDrive - Aurora Energy Research\Documents\Personal\Endog_demand_AI\pyai\data\original\prices\A10G\EC2_g5xlarge_us-east-1.csv
2025-08-04,2729.8344267416423,2654.7953764448603,2796.6260543580124,20,0.7562103805629475,3609.887535145266,2024-01-25,A10G,aws,A10G,g5xlarge,us-east-1,3,C:\Users\FarhadBillimoria\OneDrive - Aurora Energy Research\Documents\Personal\Endog_demand_AI\pyai\data\original\prices\A10G\EC2_g5xlarge_us-east-1.csv
2025-08-05,2733.783850441473,2662.293033427053,2799.125273352077,19,0.7573044378324275,3609.887535145266,2024-01-25,A10G,aws,A10G,g5xlarge,us-east-1,3,C:\Users\FarhadBillimoria\OneDrive - Aurora Energy Research\Documents\Personal\Endog_demand_AI\pyai\data\original\prices\A10G\EC2_g5xlarge_us-east-1.csv
2025-08-06,2759.725820975062,2679.162761636988,2817.2446110590436,17,0.7644908031363385,3609.887535145266,2024-01-25,A10G,aws,A10G,g5xlarge,us-east-1,3,C:\Users\FarhadBillimoria\OneDrive - Aurora Energy Research\Documents\Personal\Endog_demand_AI\pyai\data\original\prices\A10G\EC2_g5xlarge_us-east-1.csv
2025-08-07,2760.491513068832,2691.0340518587936,2834.739144017494,18,0.7647029128174062,3609.887535145266,2024-01-25,A10G,aws,A10G,g5xlarge,us-east-1,3,C:\Users\FarhadBillimoria\OneDrive - Aurora Energy Research\Documents\Personal\Endog_demand_AI\pyai\data\original\prices\A10G\EC2_g5xlarge_us-east-1.csv
2025-08-08,2754.347599708424,2641.6744767260225,2822.867853795688,15,0.7630009447365195,3609.887535145266,2024-01-25,A10G,aws,A10G,g5xlarge,us-east-1,3,C:\Users\FarhadBillimoria\OneDrive - Aurora Energy Research\Documents\Personal\Endog_demand_AI\pyai\data\original\prices\A10G\EC2_g5xlarge_us-east-1.csv
2025-08-09,2749.7656982193057,2612.3086535457664,2820.368634801624,17,0.7617316804050107,3609.887535145266,2024-01-25,A10G,aws,A10G,g5xlarge,us-east-1,3,C:\Users\FarhadBillimoria\OneDrive - Aurora Energy Research\Documents\Personal\Endog_demand_AI\pyai\data\original\prices\A10G\EC2_g5xlarge_us-east-1.csv
2025-08-10,2764.650752522189,2621.6807247735073,2823.4926585442045,17,0.7658550926049656,3609.887535145266,2024-01-25,A10G,aws,A10G,g5xlarge,us-east-1,3,C:\Users\FarhadBillimoria\OneDrive - Aurora Energy Research\Documents\Personal\Endog_demand_AI\pyai\data\original\prices\A10G\EC2_g5xlarge_us-east-1.csv
2025-08-11,2739.222118088097,2609.184629803186,2820.368634801624,16,0.7588109300967093,3609.887535145266,2024-01-25,A10G,aws,A10G,g5xlarge,us-east-1,3,C:\Users\FarhadBillimoria\OneDrive - Aurora Energy Research\Documents\Personal\Endog_demand_AI\pyai\data\original\prices\A10G\EC2_g5xlarge_us-east-1.csv
2025-08-12,2713.457600055537,2581.693220868478,2783.5051546391746,18,0.7516737221416911,3609.887535145266,2024-01-25,A10G,aws,A10G,g5xlarge,us-east-1,3,C:\Users\FarhadBillimoria\OneDrive - Aurora Energy Research\Documents\Personal\Endog_demand_AI\pyai\data\original\prices\A10G\EC2_g5xlarge_us-east-1.csv
2025-08-13,2704.2330521711956,2557.3258356763504,2795.3764448609804,16,0.7491183661106423,3609.887535145266,2024-01-25,A10G,aws,A10G,g5xlarge,us-east-1,3,C:\Users\FarhadBillimoria\OneDrive - Aurora Energy Research\Documents\Personal\Endog_demand_AI\pyai\data\original\prices\A10G\EC2_g5xlarge_us-east-1.csv
2025-08-14,2705.779443923773,2570.446735395188,2778.5067166510457,20,0.7495467428225265,3609.887535145266,2024-01-25,A10G,aws,A10G,g5xlarge,us-east-1,3,C:\Users\FarhadBillimoria\OneDrive - Aurora Energy Research\Documents\Personal\Endog_demand_AI\pyai\data\original\prices\A10G\EC2_g5xlarge_us-east-1.csv
2025-08-15,2722.3575965843997,2586.6916588566064,2809.74695407685,15,0.7541391719492582,3609.887535145266,2024-01-25,A10G,aws,A10G,g5xlarge,us-east-1,3,C:\Users\FarhadBillimoria\OneDrive - Aurora Energy Research\Documents\Personal\Endog_demand_AI\pyai\data\original\prices\A10G\EC2_g5xlarge_us-east-1.csv
2025-08-16,2709.745309853828,2565.4482974070597,2834.739144017494,19,0.7506453548683157,3609.887535145266,2024-01-25,A10G,aws,A10G,g5xlarge,us-east-1,3,C:\Users\FarhadBillimoria\OneDrive - Aurora Energy Research\Documents\Personal\Endog_demand_AI\pyai\data\original\prices\A10G\EC2_g5xlarge_us-east-1.csv
2025-08-17,2710.337230141896,2586.6916588566064,2851.608872227428,19,0.7508093268154484,3609.887535145266,2024-01-25,A10G,aws,A10G,g5xlarge,us-east-1,3,C:\Users\FarhadBillimoria\OneDrive - Aurora Energy Research\Documents\Personal\Endog_demand_AI\pyai\data\original\prices\A10G\EC2_g5xlarge_us-east-1.csv
2025-08-18,2723.4503923406282,2606.0606060606056,2889.0971571383934,17,0.754441894886078,3609.887535145266,2024-01-25,A10G,aws,A10G,g5xlarge,us-east-1,3,C:\Users\FarhadBillimoria\OneDrive - Aurora Energy Research\Documents\Personal\Endog_demand_AI\pyai\data\original\prices\A10G\EC2_g5xlarge_us-east-1.csv
2025-08-19,2685.9106529209616,2604.810996563573,2856.607310215557,15,0.7440427511304386,3609.887535145266,2024-01-25,A10G,aws,A10G,g5xlarge,us-east-1,3,C:\Users\FarhadBillimoria\OneDrive - Aurora Energy Research\Documents\Personal\Endog_demand_AI\pyai\data\original\prices\A10G\EC2_g5xlarge_us-east-1.csv
2025-08-20,2709.6046374396883,2581.693220868478,2869.7282099343947,18,0.7506063862265588,3609.887535145266,2024-01-25,A10G,aws,A10G,g5xlarge,us-east-1,3,C:\Users\FarhadBillimoria\OneDrive - Aurora Energy Research\Documents\Personal\Endog_demand_AI\pyai\data\original\prices\A10G\EC2_g5xlarge_us-east-1.csv
2025-08-21,2724.3049047172753,2595.4389253358318,2885.973133395813,16,0.7546786092901495,3609.887535145266,2024-01-25,A10G,aws,A10G,g5xlarge,us-east-1,3,C:\Users\FarhadBillimoria\OneDrive - Aurora Energy Research\Documents\Personal\Endog_demand_AI\pyai\data\original\prices\A10G\EC2_g5xlarge_us-east-1.csv
2025-08-22,2738.4824595255154,2622.93033427054,2916.5885660731014,17,0.758606032144798,3609.887535145266,2024-01-25,A10G,aws,A10G,g5xlarge,us-east-1,3,C:\Users\FarhadBillimoria\OneDrive - Aurora Energy Research\Documents\Personal\Endog_demand_AI\pyai\data\original\prices\A10G\EC2_g5xlarge_us-east-1.csv
2025-08-23,2745.6419868790995,2626.0543580131202,2892.8459856294903,20,0.7605893425066528,3609.887535145266,2024-01-25,A10G,aws,A10G,g5xlarge,us-east-1,3,C:\Users\FarhadBillimoria\OneDrive - Aurora Energy Research\Documents\Personal\Endog_demand_AI\pyai\data\original\prices\A10G\EC2_g5xlarge_us-east-1.csv
2025-08-24,2721.090448708462,2607.3102155576375,2878.47547641362,19,0.7537881505216927,3609.887535145266,2024-01-25,A10G,aws,A10G,g5xlarge,us-east-1,3,C:\Users\FarhadBillimoria\OneDrive - Aurora Energy Research\Documents\Personal\Endog_demand_AI\pyai\data\original\prices\A10G\EC2_g5xlarge_us-east-1.csv
2025-08-25,2748.6998548247784,2632.302405498281,2878.47547641362,17,0.7614364237289646,3609.887535145266,2024-01-25,A10G,aws,A10G,g5xlarge,us-east-1,3,C:\Users\FarhadBillimoria\OneDrive - Aurora Energy Research\Documents\Personal\Endog_demand_AI\pyai\data\original\prices\A10G\EC2_g5xlarge_us-east-1.csv
2025-08-26,2749.2797389704597,2644.798500468603,2890.346766635426,18,0.7615970614607597,3609.887535145266,2024-01-25,A10G,aws,A10G,g5xlarge,us-east-1,3,C:\Users\FarhadBillimoria\OneDrive - Aurora Energy Research\Documents\Personal\Endog_demand_AI\pyai\data\original\prices\A10G\EC2_g5xlarge_us-east-1.csv
2025-08-27,2741.955638862855,2629.1783817557007,2886.5979381443294,16,0.7595681616581208,3609.887535145266,2024-01-25,A10G,aws,A10G,g5xlarge,us-east-1,3,C:\Users\FarhadBillimoria\OneDrive - Aurora Energy Research\Documents\Personal\Endog_demand_AI\pyai\data\original\prices\A10G\EC2_g5xlarge_us-east-1.csv
2025-08-28,2741.434968239091,2618.556701030927,2900.343642611683,18,0.7594239270749947,3609.887535145266,2024-01-25,A10G,aws,A10G,g5xlarge,us-east-1,3,C:\Users\FarhadBillimoria\OneDrive - Aurora Energy Research\Documents\Personal\Endog_demand_AI\pyai\data\original\prices\A10G\EC2_g5xlarge_us-east-1.csv
2025-08-29,2754.862789588779,2625.4295532646042,2920.9621993127143,19,0.7631436610608757,3609.887535145266,2024-01-25,A10G,aws,A10G,g5xlarge,us-east-1,3,C:\Users\FarhadBillimoria\OneDrive - Aurora Energy Research\Documents\Personal\Endog_demand_AI\pyai\data\original\prices\A10G\EC2_g5xlarge_us-east-1.csv
2025-08-30,2735.983240531451,2651.046547953764,2901.593252108715,17,0.7579137061457932,3609.887535145266,2024-01-25,A10G,aws,A10G,g5xlarge,us-east-1,3,C:\Users\FarhadBillimoria\OneDrive - Aurora Energy Research\Documents\Personal\Endog_demand_AI\pyai\data\original\prices\A10G\EC2_g5xlarge_us-east-1.csv
2025-08-31,2765.9064875559716,2672.289909403311,2907.841299593876,18,0.7662029524819166,3609.887535145266,2024-01-25,A10G,aws,A10G,g5xlarge,us-east-1,3,C:\Users\FarhadBillimoria\OneDrive - Aurora Energy Research\Documents\Personal\Endog_demand_AI\pyai\data\original\prices\A10G\EC2_g5xlarge_us-east-1.csv
2025-09-01,2781.9247661576337,2728.5223367697586,2857.856919712589,17,0.7706402870098517,3609.887535145266,2024-01-25,A10G,aws,A10G,g5xlarge,us-east-1,3,C:\Users\FarhadBillimoria\OneDrive - Aurora Energy Research\Documents\Personal\Endog_demand_AI\pyai\data\original\prices\A10G\EC2_g5xlarge_us-east-1.csv
2025-09-02,2776.0403821174295,2684.7860043736327,2865.3545766947823,19,0.7690102129471793,3609.887535145266,2024-01-25,A10G,aws,A10G,g5xlarge,us-east-1,3,C:\Users\FarhadBillimoria\OneDrive - Aurora Energy Research\Documents\Personal\Endog_demand_AI\pyai\data\original\prices\A10G\EC2_g5xlarge_us-east-1.csv
2025-09-03,2760.203612841575,2606.6854108091215,2880.3498906591685,17,0.7646231595773249,3609.887535145266,2024-01-25,A10G,aws,A10G,g5xlarge,us-east-1,3,C:\Users\FarhadBillimoria\OneDrive - Aurora Energy Research\Documents\Personal\Endog_demand_AI\pyai\data\original\prices\A10G\EC2_g5xlarge_us-east-1.csv
2025-09-04,2743.024383827422,2577.319587628865,2880.9746954076845,19,0.7598642221182216,3609.887535145266,2024-01-25,A10G,aws,A10G,g5xlarge,us-east-1,3,C:\Users\FarhadBillimoria\OneDrive - Aurora Energy Research\Documents\Personal\Endog_demand_AI\pyai\data\original\prices\A10G\EC2_g5xlarge_us-east-1.csv
2025-09-05,2718.629594918254,2576.069978131833,2868.4786004373627,18,0.7531064523340761,3609.887535145266,2024-01-25,A10G,aws,A10G,g5xlarge,us-east-1,3,C:\Users\FarhadBillimoria\OneDrive - Aurora Energy Research\Documents\Personal\Endog_demand_AI\pyai\data\original\prices\A10G\EC2_g5xlarge_us-east-1.csv
2025-09-06,2698.102155576382,2579.1940018744135,2855.357700718525,16,0.7474200038943338,3609.887535145266,2024-01-25,A10G,aws,A10G,g5xlarge,us-east-1,3,C:\Users\FarhadBillimoria\OneDrive - Aurora Energy Research\Documents\Personal\Endog_demand_AI\pyai\data\original\prices\A10G\EC2_g5xlarge_us-east-1.csv
2025-09-07,2688.2918532403064,2576.694782880349,2848.484848484848,18,0.7447023839572682,3609.887535145266,2024-01-25,A10G,aws,A10G,g5xlarge,us-east-1,3,C:\Users\FarhadBillimoria\OneDrive - Aurora Energy Research\Documents\Personal\Endog_demand_AI\pyai\data\original\prices\A10G\EC2_g5xlarge_us-east-1.csv
2025-09-08,2680.724773508278,2534.8328647297712,2827.866291783817,18,0.7426061746825036,3609.887535145266,2024-01-25,A10G,aws,A10G,g5xlarge,us-east-1,3,C:\Users\FarhadBillimoria\OneDrive - Aurora Energy Research\Documents\Personal\Endog_demand_AI\pyai\data\original\prices\A10G\EC2_g5xlarge_us-east-1.csv
2025-09-09,2645.4857856919707,2512.964698531708,2751.015307716338,20,0.7328443780965362,3609.887535145266,2024-01-25,A10G,aws,A10G,g5xlarge,us-east-1,3,C:\Users\FarhadBillimoria\OneDrive - Aurora Energy Research\Documents\Personal\Endog_demand_AI\pyai\data\original\prices\A10G\EC2_g5xlarge_us-east-1.csv
2025-09-10,2632.6699377032905,2501.7182130584183,2748.5160887222737,17,0.7292941710986984,3609.887535145266,2024-01-25,A10G,aws,A10G,g5xlarge,us-east-1,3,C:\Users\FarhadBillimoria\OneDrive - Aurora Energy Research\Documents\Personal\Endog_demand_AI\pyai\data\original\prices\A10G\EC2_g5xlarge_us-east-1.csv
2025-09-11,2633.6769759450167,2489.2221180880965,2721.6494845360817,15,0.7295731377512387,3609.887535145266,2024-01-25,A10G,aws,A10G,g5xlarge,us-east-1,3,C:\Users\FarhadBillimoria\OneDrive - Aurora Energy Research\Documents\Personal\Endog_demand_AI\pyai\data\original\prices\A10G\EC2_g5xlarge_us-east-1.csv
2025-09-12,2630.779443923773,2496.71977507029,2729.771946266791,16,0.7287704722961424,3609.887535145266,2024-01-25,A10G,aws,A10G,g5xlarge,us-east-1,3,C:\Users\FarhadBillimoria\OneDrive - Aurora Energy Research\Documents\Personal\Endog_demand_AI\pyai\data\original\prices\A10G\EC2_g5xlarge_us-east-1.csv
2025-09-13,2644.761747248102,2506.716651046547,2716.6510465479532,17,0.7326438071821186,3609.887535145266,2024-01-25,A10G,aws,A10G,g5xlarge,us-east-1,3,C:\Users\FarhadBillimoria\OneDrive - Aurora Energy Research\Documents\Personal\Endog_demand_AI\pyai\data\original\prices\A10G\EC2_g5xlarge_us-east-1.csv
2025-09-14,2625.576566146608,2467.3539518900334,2726.0231177756946,17,0.7273291870132879,3609.887535145266,2024-01-25,A10G,aws,A10G,g5xlarge,us-east-1,3,C:\Users\FarhadBillimoria\OneDrive - Aurora Energy Research\Documents\Personal\Endog_demand_AI\pyai\data\original\prices\A10G\EC2_g5xlarge_us-east-1.csv
2025-09-15,2652.59211759483,2506.716651046547,2779.1315213995617,19,0.7348129524173906,3609.887535145266,2024-01-25,A10G,aws,A10G,g5xlarge,us-east-1,3,C:\Users\FarhadBillimoria\OneDrive - Aurora Energy Research\Documents\Personal\Endog_demand_AI\pyai\data\original\prices\A10G\EC2_g5xlarge_us-east-1.csv
2025-09-16,2676.8937338660608,2517.3383317713206,2812.8709778194307,19,0.7415449118024502,3609.887535145266,2024-01-25,A10G,aws,A10G,g5xlarge,us-east-1,3,C:\Users\FarhadBillimoria\OneDrive - Aurora Energy Research\Documents\Personal\Endog_demand_AI\pyai\data\original\prices\A10G\EC2_g5xlarge_us-east-1.csv
2025-09-17,2707.0158996366263,2585.4420493595744,2817.2446110590436,19,0.7498892620009816,3609.887535145266,2024-01-25,A10G,aws,A10G,g5xlarge,us-east-1,3,C:\Users\FarhadBillimoria\OneDrive - Aurora Energy Research\Documents\Personal\Endog_demand_AI\pyai\data\original\prices\A10G\EC2_g5xlarge_us-east-1.csv
2025-09-18,2723.492658544204,2613.5582630427984,2817.2446110590436,20,0.7544536033404728,3609.887535145266,2024-01-25,A10G,aws,A10G,g5xlarge,us-east-1,3,C:\Users\FarhadBillimoria\OneDrive - Aurora Energy Research\Documents\Personal\Endog_demand_AI\pyai\data\original\prices\A10G\EC2_g5xlarge_us-east-1.csv
2025-09-19,2751.2929987156786,2647.9225242111834,2827.241487035301,18,0.7621547685155137,3609.887535145266,2024-01-25,A10G,aws,A10G,g5xlarge,us-east-1,3,C:\Users\FarhadBillimoria\OneDrive - Aurora Energy Research\Documents\Personal\Endog_demand_AI\pyai\data\original\prices\A10G\EC2_g5xlarge_us-east-1.csv
2025-09-20,2739.2755553363254,2671.0402999062785,2849.109653233364,19,0.7588257331197144,3609.887535145266,2024-01-25,A10G,aws,A10G,g5xlarge,us-east-1,3,C:\Users\FarhadBillimoria\OneDrive - Aurora Energy Research\Documents\Personal\Endog_demand_AI\pyai\data\original\prices\A10G\EC2_g5xlarge_us-east-1.csv
2025-09-21,2750.6206941909595,2676.0387378944074,2850.359262730396,19,0.7619685287730913,3609.887535145266,2024-01-25,A10G,aws,A10G,g5xlarge,us-east-1,3,C:\Users\FarhadBillimoria\OneDrive - Aurora Energy Research\Documents\Personal\Endog_demand_AI\pyai\data\original\prices\A10G\EC2_g5xlarge_us-east-1.csv
2025-09-22,2754.725085910652,2641.6744767260225,2840.3623867541387,16,0.7631055148092858,3609.887535145266,2024-01-25,A10G,aws,A10G,g5xlarge,us-east-1,3,C:\Users\FarhadBillimoria\OneDrive - Aurora Energy Research\Documents\Personal\Endog_demand_AI\pyai\data\original\prices\A10G\EC2_g5xlarge_us-east-1.csv
2025-09-23,2757.888159950015,2654.7953764448603,2809.74695407685,16,0.7639817399017763,3609.887535145266,2024-01-25,A10G,aws,A10G,g5xlarge,us-east-1,3,C:\Users\FarhadBillimoria\OneDrive - Aurora Energy Research\Documents\Personal\Endog_demand_AI\pyai\data\original\prices\A10G\EC2_g5xlarge_us-east-1.csv
2025-09-24,2774.562636676038,2657.2945954389247,2834.739144017494,16,0.7686008524263863,3609.887535145266,2024-01-25,A10G,aws,A10G,g5xlarge,us-east-1,3,C:\Users\FarhadBillimoria\OneDrive - Aurora Energy Research\Documents\Personal\Endog_demand_AI\pyai\data\original\prices\A10G\EC2_g5xlarge_us-east-1.csv
2025-09-25,2772.6335520149946,2663.5426429240856,2847.8600437363316,20,0.7680664632959044,3609.887535145266,2024-01-25,A10G,aws,A10G,g5xlarge,us-east-1,3,C:\Users\FarhadBillimoria\OneDrive - Aurora Energy Research\Documents\Personal\Endog_demand_AI\pyai\data\original\prices\A10G\EC2_g5xlarge_us-east-1.csv
2025-09-26,2800.227869967105,2654.7953764448603,2905.342080599812,17,0.7757105568260926,3609.887535145266,2024-01-25,A10G,aws,A10G,g5xlarge,us-east-1,3,C:\Users\FarhadBillimoria\OneDrive - Aurora Energy Research\Documents\Personal\Endog_demand_AI\pyai\data\original\prices\A10G\EC2_g5xlarge_us-east-1.csv
2025-09-27,2796.593169897564,2672.289909403311,2900.343642611683,19,0.7747036833337319,3609.887535145266,2024-01-25,A10G,aws,A10G,g5xlarge,us-east-1,3,C:\Users\FarhadBillimoria\OneDrive - Aurora Energy Research\Documents\Personal\Endog_demand_AI\pyai\data\original\prices\A10G\EC2_g5xlarge_us-east-1.csv
2025-09-28,2806.9353327085278,2662.293033427053,2946.579194001874,20,0.777568637632245,3609.887535145266,2024-01-25,A10G,aws,A10G,g5xlarge,us-east-1,3,C:\Users\FarhadBillimoria\OneDrive - Aurora Energy Research\Documents\Personal\Endog_demand_AI\pyai\data\original\prices\A10G\EC2_g5xlarge_us-east-1.csv
2025-09-29,2806.1818916882585,2644.173695720087,2984.6922836613553,17,0.7773599217060745,3609.887535145266,2024-01-25,A10G,aws,A10G,g5xlarge,us-east-1,3,C:\Users\FarhadBillimoria\OneDrive - Aurora Energy Research\Documents\Personal\Endog_demand_AI\pyai\data\original\prices\A10G\EC2_g5xlarge_us-east-1.csv
2025-09-30,2863.1493834647254,2672.914714151827,2984.6922836613553,17,0.7931408819775071,3609.887535145266,2024-01-25,A10G,aws,A10G,g5xlarge,us-east-1,3,C:\Users\FarhadBillimoria\OneDrive - Aurora Energy Research\Documents\Personal\Endog_demand_AI\pyai\data\original\prices\A10G\EC2_g5xlarge_us-east-1.csv
2025-10-01,2891.7213370821614,2729.771946266791,3022.8053733208367,15,0.8010557971484824,3609.887535145266,2024-01-25,A10G,aws,A10G,g5xlarge,us-east-1,3,C:\Users\FarhadBillimoria\OneDrive - Aurora Energy Research\Documents\Personal\Endog_demand_AI\pyai\data\original\prices\A10G\EC2_g5xlarge_us-east-1.csv
2025-10-02,2905.5625999228178,2773.5082786629173,3044.6735395189,17,0.8048900614312059,3609.887535145266,2024-01-25,A10G,aws,A10G,g5xlarge,us-east-1,3,C:\Users\FarhadBillimoria\OneDrive - Aurora Energy Research\Documents\Personal\Endog_demand_AI\pyai\data\original\prices\A10G\EC2_g5xlarge_us-east-1.csv
2025-10-03,2898.7816307403928,2770.384254920337,3054.670415495157,16,0.8030116180956708,3609.887535145266,2024-01-25,A10G,aws,A10G,g5xlarge,us-east-1,3,C:\Users\FarhadBillimoria\OneDrive - Aurora Energy Research\Documents\Personal\Endog_demand_AI\pyai\data\original\prices\A10G\EC2_g5xlarge_us-east-1.csv
2025-10-04,2920.212433614495,2776.6323024054977,3093.4083099031545,15,0.8089483135371368,3609.887535145266,2024-01-25,A10G,aws,A10G,g5xlarge,us-east-1,3,C:\Users\FarhadBillimoria\OneDrive - Aurora Energy Research\Documents\Personal\Endog_demand_AI\pyai\data\original\prices\A10G\EC2_g5xlarge_us-east-1.csv
2025-10-05,3014.4095595126514,2840.9871915026547,3177.7569509528266,16,0.8350425131433764,3609.887535145266,2024-01-25,A10G,aws,A10G,g5xlarge,us-east-1,3,C:\Users\FarhadBillimoria\OneDrive - Aurora Energy Research\Documents\Personal\Endog_demand_AI\pyai\data\original\prices\A10G\EC2_g5xlarge_us-east-1.csv
2025-10-06,3041.1819835713095,2902.8428616057477,3245.235863792564,17,0.8424589281419065,3609.887535145266,2024-01-25,A10G,aws,A10G,g5xlarge,us-east-1,3,C:\Users\FarhadBillimoria\OneDrive - Aurora Energy Research\Documents\Personal\Endog_demand_AI\pyai\data\original\prices\A10G\EC2_g5xlarge_us-east-1.csv
2025-10-07,3054.5969090541553,2932.2086847860037,3250.8591065292085,17,0.8461750897542116,3609.887535145266,2024-01-25,A10G,aws,A10G,g5xlarge,us-east-1,3,C:\Users\FarhadBillimoria\OneDrive - Aurora Energy Research\Documents\Personal\Endog_demand_AI\pyai\data\original\prices\A10G\EC2_g5xlarge_us-east-1.csv
2025-10-08,3030.185879412683,2943.4551702592935,3240.237425804435,16,0.8394128210120941,3609.887535145266,2024-01-25,A10G,aws,A10G,g5xlarge,us-east-1,3,C:\Users\FarhadBillimoria\OneDrive - Aurora Energy Research\Documents\Personal\Endog_demand_AI\pyai\data\original\prices\A10G\EC2_g5xlarge_us-east-1.csv
2025-10-09,3043.2034106988617,2906.591690096844,3239.612621055919,17,0.843018897699925,3609.887535145266,2024-01-25,A10G,aws,A10G,g5xlarge,us-east-1,3,C:\Users\FarhadBillimoria\OneDrive - Aurora Energy Research\Documents\Personal\Endog_demand_AI\pyai\data\original\prices\A10G\EC2_g5xlarge_us-east-1.csv
2025-10-10,3055.6857232114958,2899.094033114651,3241.4870353014676,16,0.8464767097206898,3609.887535145266,2024-01-25,A10G,aws,A10G,g5xlarge,us-east-1,3,C:\Users\FarhadBillimoria\OneDrive - Aurora Energy Research\Documents\Personal\Endog_demand_AI\pyai\data\original\prices\A10G\EC2_g5xlarge_us-east-1.csv
2025-10-11,3067.6177583394074,2904.0924711027797,3303.34270540456,18,0.8497820855839939,3609.887535145266,2024-01-25,A10G,aws,A10G,g5xlarge,us-east-1,3,C:\Users\FarhadBillimoria\OneDrive - Aurora Energy Research\Documents\Personal\Endog_demand_AI\pyai\data\original\prices\A10G\EC2_g5xlarge_us-east-1.csv
2025-10-12,3062.3885918003557,2879.100281162136,3279.600124960949,17,0.8483335178687559,3609.887535145266,2024-01-25,A10G,aws,A10G,g5xlarge,us-east-1,3,C:\Users\FarhadBillimoria\OneDrive - Aurora Energy Research\Documents\Personal\Endog_demand_AI\pyai\data\original\prices\A10G\EC2_g5xlarge_us-east-1.csv
2025-10-13,3050.0762629325386,2884.098719150265,3195.876288659793,17,0.8449227941971882,3609.887535145266,2024-01-25,A10G,aws,A10G,g5xlarge,us-east-1,3,C:\Users\FarhadBillimoria\OneDrive - Aurora Energy Research\Documents\Personal\Endog_demand_AI\pyai\data\original\prices\A10G\EC2_g5xlarge_us-east-1.csv
2025-10-14,3017.7722239577906,2862.230552952202,3182.755388940955,18,0.8359740281593986,3609.887535145266,2024-01-25,A10G,aws,A10G,g5xlarge,us-east-1,3,C:\Users\FarhadBillimoria\OneDrive - Aurora Energy Research\Documents\Personal\Endog_demand_AI\pyai\data\original\prices\A10G\EC2_g5xlarge_us-east-1.csv
2025-10-15,3000.8033203909486,2854.7328959700085,3152.764761012183,14,0.8312733544121874,3609.887535145266,2024-01-25,A10G,aws,A10G,g5xlarge,us-east-1,3,C:\Users\FarhadBillimoria\OneDrive - Aurora Energy Research\Documents\Personal\Endog_demand_AI\pyai\data\original\prices\A10G\EC2_g5xlarge_us-east-1.csv
2025-10-16,2998.812870977819,2836.6135582630423,3125.273352077475,15,0.8307219662058373,3609.887535145266,2024-01-25,A10G,aws,A10G,g5xlarge,us-east-1,3,C:\Users\FarhadBillimoria\OneDrive - Aurora Energy Research\Documents\Personal\Endog_demand_AI\pyai\data\original\prices\A10G\EC2_g5xlarge_us-east-1.csv
2025-10-17,2950.3670727897525,2809.122149328334,3098.4067478912834,16,0.8173016594188789,3609.887535145266,2024-01-25,A10G,aws,A10G,g5xlarge,us-east-1,3,C:\Users\FarhadBillimoria\OneDrive - Aurora Energy Research\Documents\Personal\Endog_demand_AI\pyai\data\original\prices\A10G\EC2_g5xlarge_us-east-1.csv
2025-10-18,2898.746919365475,2706.6541705716954,3059.668853483286,18,0.8030020024567956,3609.887535145266,2024-01-25,A10G,aws,A10G,g5xlarge,us-east-1,3,C:\Users\FarhadBillimoria\OneDrive - Aurora Energy Research\Documents\Personal\Endog_demand_AI\pyai\data\original\prices\A10G\EC2_g5xlarge_us-east-1.csv
2025-10-19,2851.1576243535,2651.67135270228,2965.9481412058726,18,0.7898189615590797,3609.887535145266,2024-01-25,A10G,aws,A10G,g5xlarge,us-east-1,3,C:\Users\FarhadBillimoria\OneDrive - Aurora Energy Research\Documents\Personal\Endog_demand_AI\pyai\data\original\prices\A10G\EC2_g5xlarge_us-east-1.csv
2025-10-20,2792.82515880454,2645.423305217119,2909.7157138394246,12,0.7736598804295307,3609.887535145266,2024-01-25,A10G,aws,A10G,g5xlarge,us-east-1,3,C:\Users\FarhadBillimoria\OneDrive - Aurora Energy Research\Documents\Personal\Endog_demand_AI\pyai\data\original\prices\A10G\EC2_g5xlarge_us-east-1.csv
2025-10-21,2775.2264917213365,2615.432677288347,2887.2227428928454,20,0.7687847515198719,3609.887535145266,2024-01-25,A10G,aws,A10G,g5xlarge,us-east-1,3,C:\Users\FarhadBillimoria\OneDrive - Aurora Energy Research\Documents\Personal\Endog_demand_AI\pyai\data\original\prices\A10G\EC2_g5xlarge_us-east-1.csv
2025-10-22,2778.9976346677367,2687.910028116213,2893.4707903780063,14,0.769829422000513,3609.887535145266,2024-01-25,A10G,aws,A10G,g5xlarge,us-east-1,3,C:\Users\FarhadBillimoria\OneDrive - Aurora Energy Research\Documents\Personal\Endog_demand_AI\pyai\data\original\prices\A10G\EC2_g5xlarge_us-east-1.csv
2025-10-23,2797.328959700093,2696.657294595438,2890.971571383942,16,0.7749075095735705,3609.887535145266,2024-01-25,A10G,aws,A10G,g5xlarge,us-east-1,3,C:\Users\FarhadBillimoria\OneDrive - Aurora Energy Research\Documents\Personal\Endog_demand_AI\pyai\data\original\prices\A10G\EC2_g5xlarge_us-east-1.csv
2025-10-24,2740.062848007056,2643.5488909715705,2870.977819431427,17,0.7590438265265216,3609.887535145266,2024-01-25,A10G,aws,A10G,g5xlarge,us-east-1,3,C:\Users\FarhadBillimoria\OneDrive - Aurora Energy Research\Documents\Personal\Endog_demand_AI\pyai\data\original\prices\A10G\EC2_g5xlarge_us-east-1.csv
2025-10-25,2744.8775198926796,2646.048109965635,2841.6119962511707,17,0.7603775722010748,3609.887535145266,2024-01-25,A10G,aws,A10G,g5xlarge,us-east-1,3,C:\Users\FarhadBillimoria\OneDrive - Aurora Energy Research\Documents\Personal\Endog_demand_AI\pyai\data\original\prices\A10G\EC2_g5xlarge_us-east-1.csv
2025-10-26,2750.1562011871283,2644.798500468603,2865.9793814432983,16,0.7618398563423552,3609.887535145266,2024-01-25,A10G,aws,A10G,g5xlarge,us-east-1,3,C:\Users\FarhadBillimoria\OneDrive - Aurora Energy Research\Documents\Personal\Endog_demand_AI\pyai\data\original\prices\A10G\EC2_g5xlarge_us-east-1.csv
2025-10-27,2728.0812981237473,2634.176819743829,2853.4832864729765,17,0.7557247342371751,3609.887535145266,2024-01-25,A10G,aws,A10G,g5xlarge,us-east-1,3,C:\Users\FarhadBillimoria\OneDrive - Aurora Energy Research\Documents\Personal\Endog_demand_AI\pyai\data\original\prices\A10G\EC2_g5xlarge_us-east-1.csv
2025-10-28,2701.343330209309,2601.0621680724767,2830.9903155263974,16,0.7483178641742931,3609.887535145266,2024-01-25,A10G,aws,A10G,g5xlarge,us-east-1,3,C:\Users\FarhadBillimoria\OneDrive - Aurora Energy Research\Documents\Personal\Endog_demand_AI\pyai\data\original\prices\A10G\EC2_g5xlarge_us-east-1.csv
2025-10-29,2676.524697143253,2606.0606060606056,2852.8584817244605,18,0.7414426823786205,3609.887535145266,2024-01-25,A10G,aws,A10G,g5xlarge,us-east-1,3,C:\Users\FarhadBillimoria\OneDrive - Aurora Energy Research\Documents\Personal\Endog_demand_AI\pyai\data\original\prices\A10G\EC2_g5xlarge_us-east-1.csv
2025-10-30,2698.1151723419757,2599.187753826928,2847.8600437363316,18,0.7474236097589119,3609.887535145266,2024-01-25,A10G,aws,A10G,g5xlarge,us-east-1,3,C:\Users\FarhadBillimoria\OneDrive - Aurora Energy Research\Documents\Personal\Endog_demand_AI\pyai\data\original\prices\A10G\EC2_g5xlarge_us-east-1.csv
2025-10-31,2690.700822659585,2570.446735395188,2818.4942205560756,15,0.7453697092951977,3609.887535145266,2024-01-25,A10G,aws,A10G,g5xlarge,us-east-1,3,C:\Users\FarhadBillimoria\OneDrive - Aurora Energy Research\Documents\Personal\Endog_demand_AI\pyai\data\original\prices\A10G\EC2_g5xlarge_us-east-1.csv
2025-11-01,2678.204727689263,2559.200249921899,2801.6244923461413,15,0.7419080793001738,3609.887535145266,2024-01-25,A10G,aws,A10G,g5xlarge,us-east-1,3,C:\Users\FarhadBillimoria\OneDrive - Aurora Energy Research\Documents\Personal\Endog_demand_AI\pyai\data\original\prices\A10G\EC2_g5xlarge_us-east-1.csv
2025-11-02,2700.332616645533,2601.0621680724767,2815.995001562011,17,0.7480378793952839,3609.887535145266,2024-01-25,A10G,aws,A10G,g5xlarge,us-east-1,3,C:\Users\FarhadBillimoria\OneDrive - Aurora Energy Research\Documents\Personal\Endog_demand_AI\pyai\data\original\prices\A10G\EC2_g5xlarge_us-east-1.csv
2025-11-03,2691.7323630483115,2584.1924398625424,2794.751640112464,17,0.7456554634575321,3609.887535145266,2024-01-25,A10G,aws,A10G,g5xlarge,us-east-1,3,C:\Users\FarhadBillimoria\OneDrive - Aurora Energy Research\Documents\Personal\Endog_demand_AI\pyai\data\original\prices\A10G\EC2_g5xlarge_us-east-1.csv
2025-11-04,2662.0743517650726,2565.4482974070597,2776.6323024054977,20,0.7374396919149304,3609.887535145266,2024-01-25,A10G,aws,A10G,g5xlarge,us-east-1,3,C:\Users\FarhadBillimoria\OneDrive - Aurora Energy Research\Documents\Personal\Endog_demand_AI\pyai\data\original\prices\A10G\EC2_g5xlarge_us-east-1.csv
2025-11-05,2639.2377382068094,2552.3273976882215,2728.5223367697586,20,0.7311135630990242,3609.887535145266,2024-01-25,A10G,aws,A10G,g5xlarge,us-east-1,3,C:\Users\FarhadBillimoria\OneDrive - Aurora Energy Research\Documents\Personal\Endog_demand_AI\pyai\data\original\prices\A10G\EC2_g5xlarge_us-east-1.csv
2025-11-06,2625.77666701378,2541.705716963448,2712.2774133083403,18,0.7273846183432735,3609.887535145266,2024-01-25,A10G,aws,A10G,g5xlarge,us-east-1,3,C:\Users\FarhadBillimoria\OneDrive - Aurora Energy Research\Documents\Personal\Endog_demand_AI\pyai\data\original\prices\A10G\EC2_g5xlarge_us-east-1.csv
2025-11-07,2608.9893783192747,2535.4576694782872,2702.905342080599,16,0.7227342549923196,3609.887535145266,2024-01-25,A10G,aws,A10G,g5xlarge,us-east-1,3,C:\Users\FarhadBillimoria\OneDrive - Aurora Energy Research\Documents\Personal\Endog_demand_AI\pyai\data\original\prices\A10G\EC2_g5xlarge_us-east-1.csv
2025-11-08,2601.4092818216523,2522.3367697594495,2689.784442361761,18,0.7206344398529769,3609.887535145266,2024-01-25,A10G,aws,A10G,g5xlarge,us-east-1,3,C:\Users\FarhadBillimoria\OneDrive - Aurora Energy Research\Documents\Personal\Endog_demand_AI\pyai\data\original\prices\A10G\EC2_g5xlarge_us-east-1.csv
2025-11-09,2583.7514012165307,2506.091846298031,2676.0387378944074,17,0.7157429077946489,3609.887535145266,2024-01-25,A10G,aws,A10G,g5xlarge,us-east-1,3,C:\Users\FarhadBillimoria\OneDrive - Aurora Energy Research\Documents\Personal\Endog_demand_AI\pyai\data\original\prices\A10G\EC2_g5xlarge_us-east-1.csv
2025-11-10,2592.2491326723552,2498.594189315838,2665.4170571696336,19,0.7180969233624726,3609.887535145266,2024-01-25,A10G,aws,A10G,g5xlarge,us-east-1,3,C:\Users\FarhadBillimoria\OneDrive - Aurora Energy Research\Documents\Personal\Endog_demand_AI\pyai\data\original\prices\A10G\EC2_g5xlarge_us-east-1.csv
2025-11-11,2580.8846500174573,2487.9725085910645,2650.421743205248,17,0.7149487691487317,3609.887535145266,2024-01-25,A10G,aws,A10G,g5xlarge,us-east-1,3,C:\Users\FarhadBillimoria\OneDrive - Aurora Energy Research\Documents\Personal\Endog_demand_AI\pyai\data\original\prices\A10G\EC2_g5xlarge_us-east-1.csv
2025-11-12,2575.4061230865345,2479.225242111839,2631.0527960012487,16,0.7134311243806927,3609.887535145266,2024-01-25,A10G,aws,A10G,g5xlarge,us-east-1,3,C:\Users\FarhadBillimoria\OneDrive - Aurora Energy Research\Documents\Personal\Endog_demand_AI\pyai\data\original\prices\A10G\EC2_g5xlarge_us-east-1.csv
2025-11-13,2558.7490020479704,2470.477975632614,2615.432677288347,18,0.7088168196755202,3609.887535145266,2024-01-25,A10G,aws,A10G,g5xlarge,us-east-1,3,C:\Users\FarhadBillimoria\OneDrive - Aurora Energy Research\Documents\Personal\Endog_demand_AI\pyai\data\original\prices\A10G\EC2_g5xlarge_us-east-1.csv
2025-11-14,2566.406331354784,2469.853170884098,2614.1830677913144,30,0.7109380296113599,3609.887535145266,2024-01-25,A10G,aws,A10G,g5xlarge,us-east-1,3,C:\Users\FarhadBillimoria\OneDrive - Aurora Energy Research\Documents\Personal\Endog_demand_AI\pyai\data\original\prices\A10G\EC2_g5xlarge_us-east-1.csv
2025-11-15,2561.221677049451,2470.477975632614,2625.4295532646042,17,0.7095017925389148,3609.887535145266,2024-01-25,A10G,aws,A10G,g5xlarge,us-east-1,3,C:\Users\FarhadBillimoria\OneDrive - Aurora Energy Research\Documents\Personal\Endog_demand_AI\pyai\data\original\prices\A10G\EC2_g5xlarge_us-east-1.csv
2025-11-16,2566.6532779934832,2484.848484848484,2614.1830677913144,14,0.7110064380136425,3609.887535145266,2024-01-25,A10G,aws,A10G,g5xlarge,us-east-1,3,C:\Users\FarhadBillimoria\OneDrive - Aurora Energy Research\Documents\Personal\Endog_demand_AI\pyai\data\original\prices\A10G\EC2_g5xlarge_us-east-1.csv
2025-11-17,2561.4054431519558,2488.5973133395805,2610.434239300218,17,0.709552698862371,3609.887535145266,2024-01-25,A10G,aws,A10G,g5xlarge,us-east-1,3,C:\Users\FarhadBillimoria\OneDrive - Aurora Energy Research\Documents\Personal\Endog_demand_AI\pyai\data\original\prices\A10G\EC2_g5xlarge_us-east-1.csv
2025-11-18,2560.0124960949697,2514.21430802874,2596.0637300843478,20,0.7091668289305727,3609.887535145266,2024-01-25,A10G,aws,A10G,g5xlarge,us-east-1,3,C:\Users\FarhadBillimoria\OneDrive - Aurora Energy Research\Documents\Personal\Endog_demand_AI\pyai\data\original\prices\A10G\EC2_g5xlarge_us-east-1.csv
2025-11-19,2546.572617109784,2507.966260543579,2587.316463605123,19,0.7054437547753982,3609.887535145266,2024-01-25,A10G,aws,A10G,g5xlarge,us-east-1,3,C:\Users\FarhadBillimoria\OneDrive - Aurora Energy Research\Documents\Personal\Endog_demand_AI\pyai\data\original\prices\A10G\EC2_g5xlarge_us-east-1.csv
2025-11-20,2529.912527335207,2487.9725085910645,2576.069978131833,16,0.7008286276800588,3609.887535145266,2024-01-25,A10G,aws,A10G,g5xlarge,us-east-1,3,C:\Users\FarhadBillimoria\OneDrive - Aurora Energy Research\Documents\Personal\Endog_demand_AI\pyai\data\original\prices\A10G\EC2_g5xlarge_us-east-1.csv
2025-11-21,2515.1515151515146,2462.980318650421,2565.4482974070597,8,0.6967395772484368,3609.887535145266,2024-01-25,A10G,aws,A10G,g5xlarge,us-east-1,3,C:\Users\FarhadBillimoria\OneDrive - Aurora Energy Research\Documents\Personal\Endog_demand_AI\pyai\data\original\prices\A10G\EC2_g5xlarge_us-east-1.csv
2025-11-22,2491.494135355428,2446.7353951890027,2542.330521711964,22,0.6901860822805849,3609.887535145266,2024-01-25,A10G,aws,A10G,g5xlarge,us-east-1,3,C:\Users\FarhadBillimoria\OneDrive - Aurora Energy Research\Documents\Personal\Endog_demand_AI\pyai\data\original\prices\A10G\EC2_g5xlarge_us-east-1.csv
2025-11-23,2476.0683339088105,2407.9975007810053,2558.5754451733824,19,0.6859128739613686,3609.887535145266,2024-01-25,A10G,aws,A10G,g5xlarge,us-east-1,3,C:\Users\FarhadBillimoria\OneDrive - Aurora Energy Research\Documents\Personal\Endog_demand_AI\pyai\data\original\prices\A10G\EC2_g5xlarge_us-east-1.csv
2025-11-24,2484.709639348814,2409.8719150265533,2583.567635114026,18,0.6883066619550037,3609.887535145266,2024-01-25,A10G,aws,A10G,g5xlarge,us-east-1,3,C:\Users\FarhadBillimoria\OneDrive - Aurora Energy Research\Documents\Personal\Endog_demand_AI\pyai\data\original\prices\A10G\EC2_g5xlarge_us-east-1.csv
2025-11-25,2491.9418564051666,2389.8781630740386,2587.941268353639,17,0.6903101085959145,3609.887535145266,2024-01-25,A10G,aws,A10G,g5xlarge,us-east-1,3,C:\Users\FarhadBillimoria\OneDrive - Aurora Energy Research\Documents\Personal\Endog_demand_AI\pyai\data\original\prices\A10G\EC2_g5xlarge_us-east-1.csv
2025-11-26,2466.6188874800146,2348.641049671977,2580.4436113714455,17,0.6832952172236454,3609.887535145266,2024-01-25,A10G,aws,A10G,g5xlarge,us-east-1,3,C:\Users\FarhadBillimoria\OneDrive - Aurora Energy Research\Documents\Personal\Endog_demand_AI\pyai\data\original\prices\A10G\EC2_g5xlarge_us-east-1.csv
2025-11-27,2443.472525946752,2341.143392689784,2563.5738831615113,18,0.6768832829714246,3609.887535145266,2024-01-25,A10G,aws,A10G,g5xlarge,us-east-1,3,C:\Users\FarhadBillimoria\OneDrive - Aurora Energy Research\Documents\Personal\Endog_demand_AI\pyai\data\original\prices\A10G\EC2_g5xlarge_us-east-1.csv
2025-11-28,2432.130584192439,2344.267416432364,2526.085598250546,24,0.6737413729689967,3609.887535145266,2024-01-25,A10G,aws,A10G,g5xlarge,us-east-1,3,C:\Users\FarhadBillimoria\OneDrive - Aurora Energy Research\Documents\Personal\Endog_demand_AI\pyai\data\original\prices\A10G\EC2_g5xlarge_us-east-1.csv
2025-11-29,2413.5878590572015,2334.2705404561066,2506.716651046547,19,0.668604723986249,3609.887535145266,2024-01-25,A10G,aws,A10G,g5xlarge,us-east-1,3,C:\Users\FarhadBillimoria\OneDrive - Aurora Energy Research\Documents\Personal\Endog_demand_AI\pyai\data\original\prices\A10G\EC2_g5xlarge_us-east-1.csv
2025-11-30,2469.1986135285097,2380.5060918462973,2599.8125585754447,21,0.6840098450405453,3609.887535145266,2024-01-25,A10G,aws,A10G,g5xlarge,us-east-1,3,C:\Users\FarhadBillimoria\OneDrive - Aurora Energy Research\Documents\Personal\Endog_demand_AI\pyai\data\original\prices\A10G\EC2_g5xlarge_us-east-1.csv
2025-12-01,2532.737931161217,2451.7338331771316,2645.423305217119,17,0.7016113124031984,3609.887535145266,2024-01-25,A10G,aws,A10G,g5xlarge,us-east-1,3,C:\Users\FarhadBillimoria\OneDrive - Aurora Energy Research\Documents\Personal\Endog_demand_AI\pyai\data\original\prices\A10G\EC2_g5xlarge_us-east-1.csv
2025-12-02,2584.2271512374596,2520.462355513901,2687.2852233676967,18,0.7158746986098189,3609.887535145266,2024-01-25,A10G,aws,A10G,g5xlarge,us-east-1,3,C:\Users\FarhadBillimoria\OneDrive - Aurora Energy Research\Documents\Personal\Endog_demand_AI\pyai\data\original\prices\A10G\EC2_g5xlarge_us-east-1.csv
2025-12-03,2581.8402337504817,2513.589503280224,2688.534832864729,17,0.7152134820307041,3609.887535145266,2024-01-25,A10G,aws,A10G,g5xlarge,us-east-1,3,C:\Users\FarhadBillimoria\OneDrive - Aurora Energy Research\Documents\Personal\Endog_demand_AI\pyai\data\original\prices\A10G\EC2_g5xlarge_us-east-1.csv
2025-12-04,2586.593005475262,2526.710402999062,2689.784442361761,19,0.7165300803120933,3609.887535145266,2024-01-25,A10G,aws,A10G,g5xlarge,us-east-1,3,C:\Users\FarhadBillimoria\OneDrive - Aurora Energy Research\Documents\Personal\Endog_demand_AI\pyai\data\original\prices\A10G\EC2_g5xlarge_us-east-1.csv
2025-12-05,2583.71464799603,2521.7119650109335,2679.162761636988,17,0.7157327265299578,3609.887535145266,2024-01-25,A10G,aws,A10G,g5xlarge,us-east-1,3,C:\Users\FarhadBillimoria\OneDrive - Aurora Energy Research\Documents\Personal\Endog_demand_AI\pyai\data\original\prices\A10G\EC2_g5xlarge_us-east-1.csv
2025-12-06,2581.803480529981,2518.587941268353,2679.787566385504,17,0.7152033007660129,3609.887535145266,2024-01-25,A10G,aws,A10G,g5xlarge,us-east-1,3,C:\Users\FarhadBillimoria\OneDrive - Aurora Energy Research\Documents\Personal\Endog_demand_AI\pyai\data\original\prices\A10G\EC2_g5xlarge_us-east-1.csv
2025-12-07,2616.35150780087,2516.7135270228046,2736.019993751952,17,0.7247736895757848,3609.887535145266,2024-01-25,A10G,aws,A10G,g5xlarge,us-east-1,3,C:\Users\FarhadBillimoria\OneDrive - Aurora Energy Research\Documents\Personal\Endog_demand_AI\pyai\data\original\prices\A10G\EC2_g5xlarge_us-east-1.csv
2025-12-08,2726.4506157615215,2612.3086535457664,2852.8584817244605,19,0.7552730075985057,3609.887535145266,2024-01-25,A10G,aws,A10G,g5xlarge,us-east-1,3,C:\Users\FarhadBillimoria\OneDrive - Aurora Energy Research\Documents\Personal\Endog_demand_AI\pyai\data\original\prices\A10G\EC2_g5xlarge_us-east-1.csv
2025-12-09,2706.5071576896917,2619.1815057794433,2853.4832864729765,17,0.7497483318634132,3609.887535145266,2024-01-25,A10G,aws,A10G,g5xlarge,us-east-1,3,C:\Users\FarhadBillimoria\OneDrive - Aurora Energy Research\Documents\Personal\Endog_demand_AI\pyai\data\original\prices\A10G\EC2_g5xlarge_us-east-1.csv
2025-12-10,2769.759450171821,2769.759450171821,2769.759450171821,1,0.767270288397049,3609.887535145266,2024-01-25,A10G,aws,A10G,g5xlarge,us-east-1,3,C:\Users\FarhadBillimoria\OneDrive - Aurora Energy Research\Documents\Personal\Endog_demand_AI\pyai\data\original\prices\A10G\EC2_g5xlarge_us-east-1.csv
2025-12-11,2728.022492970946,2582.318025616994,2879.725085910652,5,0.7557084442136692,3609.887535145266,2024-01-25,A10G,aws,A10G,g5xlarge,us-east-1,3,C:\Users\FarhadBillimoria\OneDrive - Aurora Energy Research\Documents\Personal\Endog_demand_AI\pyai\data\original\prices\A10G\EC2_g5xlarge_us-east-1.csv
2025-12-12,2717.4632927210237,2570.446735395188,2880.3498906591685,20,0.7527833668678738,3609.887535145266,2024-01-25,A10G,aws,A10G,g5xlarge,us-east-1,3,C:\Users\FarhadBillimoria\OneDrive - Aurora Energy Research\Documents\Personal\Endog_demand_AI\pyai\data\original\prices\A10G\EC2_g5xlarge_us-east-1.csv
2025-12-13,2728.5535770071847,2571.071540143704,2872.227428928459,20,0.7558555634884576,3609.887535145266,2024-01-25,A10G,aws,A10G,g5xlarge,us-east-1,3,C:\Users\FarhadBillimoria\OneDrive - Aurora Energy Research\Documents\Personal\Endog_demand_AI\pyai\data\original\prices\A10G\EC2_g5xlarge_us-east-1.csv
2025-12-14,2729.6075239645497,2587.316463605123,2865.9793814432983,19,0.75614752464988,3609.887535145266,2024-01-25,A10G,aws,A10G,g5xlarge,us-east-1,3,C:\Users\FarhadBillimoria\OneDrive - Aurora Energy Research\Documents\Personal\Endog_demand_AI\pyai\data\original\prices\A10G\EC2_g5xlarge_us-east-1.csv
2025-12-15,2692.2142386059904,2554.826616682286,2805.3733208372378,18,0.7457889511501506,3609.887535145266,2024-01-25,A10G,aws,A10G,g5xlarge,us-east-1,3,C:\Users\FarhadBillimoria\OneDrive - Aurora Energy Research\Documents\Personal\Endog_demand_AI\pyai\data\original\prices\A10G\EC2_g5xlarge_us-east-1.csv
2025-12-16,2669.087785067166,2567.9475164011237,2746.6416744767253,16,0.7393825317496376,3609.887535145266,2024-01-25,A10G,aws,A10G,g5xlarge,us-east-1,3,C:\Users\FarhadBillimoria\OneDrive - Aurora Energy Research\Documents\Personal\Endog_demand_AI\pyai\data\original\prices\A10G\EC2_g5xlarge_us-east-1.csv
2025-12-17,2681.4884237564643,2594.1893158387998,2758.512964698531,18,0.742817718737755,3609.887535145266,2024-01-25,A10G,aws,A10G,g5xlarge,us-east-1,3,C:\Users\FarhadBillimoria\OneDrive - Aurora Energy Research\Documents\Personal\Endog_demand_AI\pyai\data\original\prices\A10G\EC2_g5xlarge_us-east-1.csv
2025-12-18,2651.593252108715,2589.815682599187,2745.3920649796933,24,0.7345362497566041,3609.887535145266,2024-01-25,A10G,aws,A10G,g5xlarge,us-east-1,3,C:\Users\FarhadBillimoria\OneDrive - Aurora Energy Research\Documents\Personal\Endog_demand_AI\pyai\data\original\prices\A10G\EC2_g5xlarge_us-east-1.csv
2025-12-19,2639.5657606997806,2584.8172446110584,2722.2742892845977,16,0.7312044308863936,3609.887535145266,2024-01-25,A10G,aws,A10G,g5xlarge,us-east-1,3,C:\Users\FarhadBillimoria\OneDrive - Aurora Energy Research\Documents\Personal\Endog_demand_AI\pyai\data\original\prices\A10G\EC2_g5xlarge_us-east-1.csv
2025-12-20,2673.4700961505077,2609.809434551702,2776.0074976569813,18,0.7405965061576147,3609.887535145266,2024-01-25,A10G,aws,A10G,g5xlarge,us-east-1,3,C:\Users\FarhadBillimoria\OneDrive - Aurora Energy Research\Documents\Personal\Endog_demand_AI\pyai\data\original\prices\A10G\EC2_g5xlarge_us-east-1.csv
2025-12-21,2710.5982505467036,2657.9194001874407,2830.9903155263974,16,0.7508816338893577,3609.887535145266,2024-01-25,A10G,aws,A10G,g5xlarge,us-east-1,3,C:\Users\FarhadBillimoria\OneDrive - Aurora Energy Research\Documents\Personal\Endog_demand_AI\pyai\data\original\prices\A10G\EC2_g5xlarge_us-east-1.csv
2025-12-22,2692.1944035346087,2622.93033427054,2774.7578881599493,21,0.7457834564993647,3609.887535145266,2024-01-25,A10G,aws,A10G,g5xlarge,us-east-1,3,C:\Users\FarhadBillimoria\OneDrive - Aurora Energy Research\Documents\Personal\Endog_demand_AI\pyai\data\original\prices\A10G\EC2_g5xlarge_us-east-1.csv
2025-12-23,2669.3128985427343,2596.688534832864,2772.258669165885,17,0.7394448919958715,3609.887535145266,2024-01-25,A10G,aws,A10G,g5xlarge,us-east-1,3,C:\Users\FarhadBillimoria\OneDrive - Aurora Energy Research\Documents\Personal\Endog_demand_AI\pyai\data\original\prices\A10G\EC2_g5xlarge_us-east-1.csv
2025-12-24,2650.5861655074887,2564.8234926585433,2720.3998750390497,19,0.734257269707663,3609.887535145266,2024-01-25,A10G,aws,A10G,g5xlarge,us-east-1,3,C:\Users\FarhadBillimoria\OneDrive - Aurora Energy Research\Documents\Personal\Endog_demand_AI\pyai\data\original\prices\A10G\EC2_g5xlarge_us-east-1.csv
2025-12-25,2626.7208164115373,2538.5816932208677,2705.4045610746634,15,0.7276461637206753,3609.887535145266,2024-01-25,A10G,aws,A10G,g5xlarge,us-east-1,3,C:\Users\FarhadBillimoria\OneDrive - Aurora Energy Research\Documents\Personal\Endog_demand_AI\pyai\data\original\prices\A10G\EC2_g5xlarge_us-east-1.csv
2025-12-26,2621.403033774167,2502.9678225554508,2720.3998750390497,18,0.7261730478450151,3609.887535145266,2024-01-25,A10G,aws,A10G,g5xlarge,us-east-1,3,C:\Users\FarhadBillimoria\OneDrive - Aurora Energy Research\Documents\Personal\Endog_demand_AI\pyai\data\original\prices\A10G\EC2_g5xlarge_us-east-1.csv
2025-12-27,2599.0489083272582,2480.4748516088716,2713.527022805373,18,0.7199805764094724,3609.887535145266,2024-01-25,A10G,aws,A10G,g5xlarge,us-east-1,3,C:\Users\FarhadBillimoria\OneDrive - Aurora Energy Research\Documents\Personal\Endog_demand_AI\pyai\data\original\prices\A10G\EC2_g5xlarge_us-east-1.csv
2025-12-28,2545.7520715252667,2446.7353951890027,2672.289909403311,21,0.7052164497481561,3609.887535145266,2024-01-25,A10G,aws,A10G,g5xlarge,us-east-1,3,C:\Users\FarhadBillimoria\OneDrive - Aurora Energy Research\Documents\Personal\Endog_demand_AI\pyai\data\original\prices\A10G\EC2_g5xlarge_us-east-1.csv
2025-12-29,2519.9937519525142,2423.6176194939076,2626.0543580131202,16,0.6980809588715087,3609.887535145266,2024-01-25,A10G,aws,A10G,g5xlarge,us-east-1,3,C:\Users\FarhadBillimoria\OneDrive - Aurora Energy Research\Documents\Personal\Endog_demand_AI\pyai\data\original\prices\A10G\EC2_g5xlarge_us-east-1.csv
2025-12-30,2481.620326981151,2373.6332396126204,2583.567635114026,18,0.6874508700951226,3609.887535145266,2024-01-25,A10G,aws,A10G,g5xlarge,us-east-1,3,C:\Users\FarhadBillimoria\OneDrive - Aurora Energy Research\Documents\Personal\Endog_demand_AI\pyai\data\original\prices\A10G\EC2_g5xlarge_us-east-1.csv
2025-12-31,2464.9886196277944,2377.382068103717,2524.211184004998,14,0.6828436054112695,3609.887535145266,2024-01-25,A10G,aws,A10G,g5xlarge,us-east-1,3,C:\Users\FarhadBillimoria\OneDrive - Aurora Energy Research\Documents\Personal\Endog_demand_AI\pyai\data\original\prices\A10G\EC2_g5xlarge_us-east-1.csv
2026-01-01,2467.647977654041,2367.3851921274595,2536.0824742268032,17,0.6835802926350003,3609.887535145266,2024-01-25,A10G,aws,A10G,g5xlarge,us-east-1,3,C:\Users\FarhadBillimoria\OneDrive - Aurora Energy Research\Documents\Personal\Endog_demand_AI\pyai\data\original\prices\A10G\EC2_g5xlarge_us-east-1.csv
2026-01-02,2479.751393479011,2363.636363636363,2529.8344267416423,19,0.6869331438546389,3609.887535145266,2024-01-25,A10G,aws,A10G,g5xlarge,us-east-1,3,C:\Users\FarhadBillimoria\OneDrive - Aurora Energy Research\Documents\Personal\Endog_demand_AI\pyai\data\original\prices\A10G\EC2_g5xlarge_us-east-1.csv
2026-01-03,2488.519212746016,2341.7681974383,2529.8344267416423,16,0.6893619783215421,3609.887535145266,2024-01-25,A10G,aws,A10G,g5xlarge,us-east-1,3,C:\Users\FarhadBillimoria\OneDrive - Aurora Energy Research\Documents\Personal\Endog_demand_AI\pyai\data\original\prices\A10G\EC2_g5xlarge_us-east-1.csv
2026-01-04,2463.017071870922,2343.642611683848,2536.7072789753197,17,0.6822974532839032,3609.887535145266,2024-01-25,A10G,aws,A10G,g5xlarge,us-east-1,3,C:\Users\FarhadBillimoria\OneDrive - Aurora Energy Research\Documents\Personal\Endog_demand_AI\pyai\data\original\prices\A10G\EC2_g5xlarge_us-east-1.csv
2026-01-05,2447.0477975632607,2326.1480787253977,2507.341455795063,18,0.6778736937755565,3609.887535145266,2024-01-25,A10G,aws,A10G,g5xlarge,us-east-1,3,C:\Users\FarhadBillimoria\OneDrive - Aurora Energy Research\Documents\Personal\Endog_demand_AI\pyai\data\original\prices\A10G\EC2_g5xlarge_us-east-1.csv
2026-01-06,2448.1687707885394,2364.261168384879,2495.4701655732574,17,0.6781842223486395,3609.887535145266,2024-01-25,A10G,aws,A10G,g5xlarge,us-east-1,3,C:\Users\FarhadBillimoria\OneDrive - Aurora Energy Research\Documents\Personal\Endog_demand_AI\pyai\data\original\prices\A10G\EC2_g5xlarge_us-east-1.csv
2026-01-07,2447.117220313096,2387.378944079974,2484.223680099968,18,0.6778929250533067,3609.887535145266,2024-01-25,A10G,aws,A10G,g5xlarge,us-east-1,3,C:\Users\FarhadBillimoria\OneDrive - Aurora Energy Research\Documents\Personal\Endog_demand_AI\pyai\data\original\prices\A10G\EC2_g5xlarge_us-east-1.csv
2026-01-08,2451.7338331771316,2384.2549203373937,2509.8406747891277,14,0.6791718050236906,3609.887535145266,2024-01-25,A10G,aws,A10G,g5xlarge,us-east-1,3,C:\Users\FarhadBillimoria\OneDrive - Aurora Energy Research\Documents\Personal\Endog_demand_AI\pyai\data\original\prices\A10G\EC2_g5xlarge_us-east-1.csv
2026-01-09,2465.4795376444854,2363.636363636363,2527.3352077475784,6,0.6829795980182168,3609.887535145266,2024-01-25,A10G,aws,A10G,g5xlarge,us-east-1,3,C:\Users\FarhadBillimoria\OneDrive - Aurora Energy Research\Documents\Personal\Endog_demand_AI\pyai\data\original\prices\A10G\EC2_g5xlarge_us-east-1.csv
2026-01-10,2460.0992745322637,2361.7619493908146,2522.9615745079655,18,0.6814891739925816,3609.887535145266,2024-01-25,A10G,aws,A10G,g5xlarge,us-east-1,3,C:\Users\FarhadBillimoria\OneDrive - Aurora Energy Research\Documents\Personal\Endog_demand_AI\pyai\data\original\prices\A10G\EC2_g5xlarge_us-east-1.csv
2026-01-11,2468.4720235452733,2378.631677600749,2539.2064979693837,19,0.683808567306499,3609.887535145266,2024-01-25,A10G,aws,A10G,g5xlarge,us-east-1,3,C:\Users\FarhadBillimoria\OneDrive - Aurora Energy Research\Documents\Personal\Endog_demand_AI\pyai\data\original\prices\A10G\EC2_g5xlarge_us-east-1.csv
2026-01-12,2489.5345204623545,2395.5014058106835,2547.953764448609,18,0.6896432357586377,3609.887535145266,2024-01-25,A10G,aws,A10G,g5xlarge,us-east-1,3,C:\Users\FarhadBillimoria\OneDrive - Aurora Energy Research\Documents\Personal\Endog_demand_AI\pyai\data\original\prices\A10G\EC2_g5xlarge_us-east-1.csv
2026-01-13,2493.816270650715,2406.747891283973,2544.8297407060286,17,0.6908293530951681,3609.887535145266,2024-01-25,A10G,aws,A10G,g5xlarge,us-east-1,3,C:\Users\FarhadBillimoria\OneDrive - Aurora Energy Research\Documents\Personal\Endog_demand_AI\pyai\data\original\prices\A10G\EC2_g5xlarge_us-east-1.csv
2026-01-14,2520.058070088391,2461.730709153389,2563.5738831615113,17,0.6980987760847184,3609.887535145266,2024-01-25,A10G,aws,A10G,g5xlarge,us-east-1,3,C:\Users\FarhadBillimoria\OneDrive - Aurora Energy Research\Documents\Personal\Endog_demand_AI\pyai\data\original\prices\A10G\EC2_g5xlarge_us-east-1.csv
2026-01-15,2529.7511194418403,2470.477975632614,2591.6900968447353,15,0.7007839149592897,3609.887535145266,2024-01-25,A10G,aws,A10G,g5xlarge,us-east-1,3,C:\Users\FarhadBillimoria\OneDrive - Aurora Energy Research\Documents\Personal\Endog_demand_AI\pyai\data\original\prices\A10G\EC2_g5xlarge_us-east-1.csv
2026-01-16,2554.165058713269,2474.8516088722267,2708.528584817244,17,0.7075469897181953,3609.887535145266,2024-01-25,A10G,aws,A10G,g5xlarge,us-east-1,3,C:\Users\FarhadBillimoria\OneDrive - Aurora Energy Research\Documents\Personal\Endog_demand_AI\pyai\data\original\prices\A10G\EC2_g5xlarge_us-east-1.csv
2026-01-17,2560.9011072928593,2483.598875351452,2704.1549515776314,18,0.7094129892857745,3609.887535145266,2024-01-25,A10G,aws,A10G,g5xlarge,us-east-1,3,C:\Users\FarhadBillimoria\OneDrive - Aurora Energy Research\Documents\Personal\Endog_demand_AI\pyai\data\original\prices\A10G\EC2_g5xlarge_us-east-1.csv
2026-01-18,2568.607032524558,2489.846922836613,2685.4108091221487,18,0.7115476611160392,3609.887535145266,2024-01-25,A10G,aws,A10G,g5xlarge,us-east-1,3,C:\Users\FarhadBillimoria\OneDrive - Aurora Energy Research\Documents\Personal\Endog_demand_AI\pyai\data\original\prices\A10G\EC2_g5xlarge_us-east-1.csv
2026-01-19,2592.461914475255,2512.964698531708,2700.4061230865345,17,0.7181558675264744,3609.887535145266,2024-01-25,A10G,aws,A10G,g5xlarge,us-east-1,3,C:\Users\FarhadBillimoria\OneDrive - Aurora Energy Research\Documents\Personal\Endog_demand_AI\pyai\data\original\prices\A10G\EC2_g5xlarge_us-east-1.csv
2026-01-20,2654.762491984412,2581.068416119962,2789.7532021243355,19,0.7354141828902105,3609.887535145266,2024-01-25,A10G,aws,A10G,g5xlarge,us-east-1,3,C:\Users\FarhadBillimoria\OneDrive - Aurora Energy Research\Documents\Personal\Endog_demand_AI\pyai\data\original\prices\A10G\EC2_g5xlarge_us-east-1.csv
2026-01-21,2675.0234301780683,2599.8125585754447,2816.619806310527,16,0.7410268059972739,3609.887535145266,2024-01-25,A10G,aws,A10G,g5xlarge,us-east-1,3,C:\Users\FarhadBillimoria\OneDrive - Aurora Energy Research\Documents\Personal\Endog_demand_AI\pyai\data\original\prices\A10G\EC2_g5xlarge_us-east-1.csv
2026-01-22,2667.886523556626,2568.57232114964,2810.9965635738827,21,0.7390497619614255,3609.887535145266,2024-01-25,A10G,aws,A10G,g5xlarge,us-east-1,3,C:\Users\FarhadBillimoria\OneDrive - Aurora Energy Research\Documents\Personal\Endog_demand_AI\pyai\data\original\prices\A10G\EC2_g5xlarge_us-east-1.csv
2026-01-23,2667.4752375176868,2567.3227116526077,2805.9981255857538,17,0.7389358287613091,3609.887535145266,2024-01-25,A10G,aws,A10G,g5xlarge,us-east-1,3,C:\Users\FarhadBillimoria\OneDrive - Aurora Energy Research\Documents\Personal\Endog_demand_AI\pyai\data\original\prices\A10G\EC2_g5xlarge_us-east-1.csv
2026-01-24,2689.587135599072,2623.555139019056,2815.995001562011,19,0.7450611991131851,3609.887535145266,2024-01-25,A10G,aws,A10G,g5xlarge,us-east-1,3,C:\Users\FarhadBillimoria\OneDrive - Aurora Energy Research\Documents\Personal\Endog_demand_AI\pyai\data\original\prices\A10G\EC2_g5xlarge_us-east-1.csv
2026-01-25,2768.093304175778,2661.043423930021,2903.4676663542637,24,0.7668087377310459,3609.887535145266,2024-01-25,A10G,aws,A10G,g5xlarge,us-east-1,3,C:\Users\FarhadBillimoria\OneDrive - Aurora Energy Research\Documents\Personal\Endog_demand_AI\pyai\data\original\prices\A10G\EC2_g5xlarge_us-east-1.csv
2026-01-26,2897.809712242701,2791.0028116213675,2977.194626679162,18,0.8027423802071689,3609.887535145266,2024-01-25,A10G,aws,A10G,g5xlarge,us-east-1,3,C:\Users\FarhadBillimoria\OneDrive - Aurora Energy Research\Documents\Personal\Endog_demand_AI\pyai\data\original\prices\A10G\EC2_g5xlarge_us-east-1.csv
2026-01-27,2994.7549285585087,2922.8366135582623,3120.8997188378626,19,0.8295978474127162,3609.887535145266,2024-01-25,A10G,aws,A10G,g5xlarge,us-east-1,3,C:\Users\FarhadBillimoria\OneDrive - Aurora Energy Research\Documents\Personal\Endog_demand_AI\pyai\data\original\prices\A10G\EC2_g5xlarge_us-east-1.csv
2026-01-28,3028.465369277982,2922.2118088097463,3132.771009059668,17,0.838936210558735,3609.887535145266,2024-01-25,A10G,aws,A10G,g5xlarge,us-east-1,3,C:\Users\FarhadBillimoria\OneDrive - Aurora Energy Research\Documents\Personal\Endog_demand_AI\pyai\data\original\prices\A10G\EC2_g5xlarge_us-east-1.csv
2026-01-29,3023.664479850046,2912.214932833489,3122.7741330834106,16,0.837606282858441,3609.887535145266,2024-01-25,A10G,aws,A10G,g5xlarge,us-east-1,3,C:\Users\FarhadBillimoria\OneDrive - Aurora Energy Research\Documents\Personal\Endog_demand_AI\pyai\data\original\prices\A10G\EC2_g5xlarge_us-east-1.csv
2026-01-30,2974.2441598111695,2876.6010621680716,3074.664167447672,18,0.8239160170100652,3609.887535145266,2024-01-25,A10G,aws,A10G,g5xlarge,us-east-1,3,C:\Users\FarhadBillimoria\OneDrive - Aurora Energy Research\Documents\Personal\Endog_demand_AI\pyai\data\original\prices\A10G\EC2_g5xlarge_us-east-1.csv
2026-01-31,2946.2667916276155,2832.864729771946,3040.9247110278034,22,0.8161658120767616,3609.887535145266,2024-01-25,A10G,aws,A10G,g5xlarge,us-east-1,3,C:\Users\FarhadBillimoria\OneDrive - Aurora Energy Research\Documents\Personal\Endog_demand_AI\pyai\data\original\prices\A10G\EC2_g5xlarge_us-east-1.csv
2026-02-01,2876.0109687944732,2781.00593564511,3009.684473601999,18,0.7967037589936272,3609.887535145266,2024-01-25,A10G,aws,A10G,g5xlarge,us-east-1,3,C:\Users\FarhadBillimoria\OneDrive - Aurora Energy Research\Documents\Personal\Endog_demand_AI\pyai\data\original\prices\A10G\EC2_g5xlarge_us-east-1.csv
2026-02-02,2830.3655107778814,2726.0231177756946,2954.701655732583,19,0.784059193872915,3609.887535145266,2024-01-25,A10G,aws,A10G,g5xlarge,us-east-1,3,C:\Users\FarhadBillimoria\OneDrive - Aurora Energy Research\Documents\Personal\Endog_demand_AI\pyai\data\original\prices\A10G\EC2_g5xlarge_us-east-1.csv
2026-02-03,2744.3298969072157,2666.04186191815,2840.3623867541387,20,0.7602258713571753,3609.887535145266,2024-01-25,A10G,aws,A10G,g5xlarge,us-east-1,3,C:\Users\FarhadBillimoria\OneDrive - Aurora Energy Research\Documents\Personal\Endog_demand_AI\pyai\data\original\prices\A10G\EC2_g5xlarge_us-east-1.csv
2026-02-04,2693.3250026033525,2607.9350203061535,2784.7547641362066,21,0.7460966515941527,3609.887535145266,2024-01-25,A10G,aws,A10G,g5xlarge,us-east-1,3,C:\Users\FarhadBillimoria\OneDrive - Aurora Energy Research\Documents\Personal\Endog_demand_AI\pyai\data\original\prices\A10G\EC2_g5xlarge_us-east-1.csv
2026-02-05,2628.2411746329262,2533.5832552327392,2732.2711652608555,20,0.7280673287034032,3609.887535145266,2024-01-25,A10G,aws,A10G,g5xlarge,us-east-1,3,C:\Users\FarhadBillimoria\OneDrive - Aurora Energy Research\Documents\Personal\Endog_demand_AI\pyai\data\original\prices\A10G\EC2_g5xlarge_us-east-1.csv
2026-02-06,2575.9597184703302,2478.600437363323,2676.0387378944074,17,0.7135844796801046,3609.887535145266,2024-01-25,A10G,aws,A10G,g5xlarge,us-east-1,3,C:\Users\FarhadBillimoria\OneDrive - Aurora Energy Research\Documents\Personal\Endog_demand_AI\pyai\data\original\prices\A10G\EC2_g5xlarge_us-east-1.csv
2026-02-07,2518.3130271790055,2433.614495470165,2669.1658856607305,25,0.6976153696371779,3609.887535145266,2024-01-25,A10G,aws,A10G,g5xlarge,us-east-1,3,C:\Users\FarhadBillimoria\OneDrive - Aurora Energy Research\Documents\Personal\Endog_demand_AI\pyai\data\original\prices\A10G\EC2_g5xlarge_us-east-1.csv
2026-02-08,2500.1214898122107,2400.499843798812,2683.5363948766003,18,0.6925760056155331,3609.887535145266,2024-01-25,A10G,aws,A10G,g5xlarge,us-east-1,3,C:\Users\FarhadBillimoria\OneDrive - Aurora Energy Research\Documents\Personal\Endog_demand_AI\pyai\data\original\prices\A10G\EC2_g5xlarge_us-east-1.csv
2026-02-09,2463.053825091423,2357.388316151202,2709.778194314276,17,0.6823076345485944,3609.887535145266,2024-01-25,A10G,aws,A10G,g5xlarge,us-east-1,3,C:\Users\FarhadBillimoria\OneDrive - Aurora Energy Research\Documents\Personal\Endog_demand_AI\pyai\data\original\prices\A10G\EC2_g5xlarge_us-east-1.csv
2026-02-10,2462.891060829204,2336.144954701655,2706.0293658231794,14,0.682262546090676,3609.887535145266,2024-01-25,A10G,aws,A10G,g5xlarge,us-east-1,3,C:\Users\FarhadBillimoria\OneDrive - Aurora Energy Research\Documents\Personal\Endog_demand_AI\pyai\data\original\prices\A10G\EC2_g5xlarge_us-east-1.csv
2026-02-11,2465.2061855670095,2356.7635114026857,2697.9069040924705,16,0.6829038748620756,3609.887535145266,2024-01-25,A10G,aws,A10G,g5xlarge,us-east-1,3,C:\Users\FarhadBillimoria\OneDrive - Aurora Energy Research\Documents\Personal\Endog_demand_AI\pyai\data\original\prices\A10G\EC2_g5xlarge_us-east-1.csv
2026-02-12,2511.2218221279527,2384.8797250859097,2695.407685098406,19,0.695650985710528,3609.887535145266,2024-01-25,A10G,aws,A10G,g5xlarge,us-east-1,3,C:\Users\FarhadBillimoria\OneDrive - Aurora Energy Research\Documents\Personal\Endog_demand_AI\pyai\data\original\prices\A10G\EC2_g5xlarge_us-east-1.csv
2026-02-13,2523.1177756950947,2427.99125273352,2707.278975320212,16,0.6989463663702646,3609.887535145266,2024-01-25,A10G,aws,A10G,g5xlarge,us-east-1,3,C:\Users\FarhadBillimoria\OneDrive - Aurora Energy Research\Documents\Personal\Endog_demand_AI\pyai\data\original\prices\A10G\EC2_g5xlarge_us-east-1.csv
2026-02-14,2571.626922142385,2512.339893783192,2727.8975320212426,18,0.7123842216981698,3609.887535145266,2024-01-25,A10G,aws,A10G,g5xlarge,us-east-1,3,C:\Users\FarhadBillimoria\OneDrive - Aurora Energy Research\Documents\Personal\Endog_demand_AI\pyai\data\original\prices\A10G\EC2_g5xlarge_us-east-1.csv
2026-02-15,2606.3546318246126,2496.71977507029,2810.9965635738827,17,0.7220043855797657,3609.887535145266,2024-01-25,A10G,aws,A10G,g5xlarge,us-east-1,3,C:\Users\FarhadBillimoria\OneDrive - Aurora Energy Research\Documents\Personal\Endog_demand_AI\pyai\data\original\prices\A10G\EC2_g5xlarge_us-east-1.csv
2026-02-16,2616.535273903375,2504.8422368009988,2844.736019993751,17,0.7248245958992411,3609.887535145266,2024-01-25,A10G,aws,A10G,g5xlarge,us-east-1,3,C:\Users\FarhadBillimoria\OneDrive - Aurora Energy Research\Documents\Personal\Endog_demand_AI\pyai\data\original\prices\A10G\EC2_g5xlarge_us-east-1.csv
2026-02-17,2640.42486722899,2509.8406747891277,2839.1127772571067,17,0.7314424179485515,3609.887535145266,2024-01-25,A10G,aws,A10G,g5xlarge,us-east-1,3,C:\Users\FarhadBillimoria\OneDrive - Aurora Energy Research\Documents\Personal\Endog_demand_AI\pyai\data\original\prices\A10G\EC2_g5xlarge_us-east-1.csv
2026-02-18,2680.0652573848442,2571.071540143704,2892.8459856294903,18,0.7424234775438774,3609.887535145266,2024-01-25,A10G,aws,A10G,g5xlarge,us-east-1,3,C:\Users\FarhadBillimoria\OneDrive - Aurora Energy Research\Documents\Personal\Endog_demand_AI\pyai\data\original\prices\A10G\EC2_g5xlarge_us-east-1.csv
2026-02-19,2720.3669905786014,2608.5598250546695,2981.568259918775,19,0.753587740364086,3609.887535145266,2024-01-25,A10G,aws,A10G,g5xlarge,us-east-1,3,C:\Users\FarhadBillimoria\OneDrive - Aurora Energy Research\Documents\Personal\Endog_demand_AI\pyai\data\original\prices\A10G\EC2_g5xlarge_us-east-1.csv
2026-02-20,2763.199000312402,2647.9225242111834,2980.943455170259,18,0.7654529326496615,3609.887535145266,2024-01-25,A10G,aws,A10G,g5xlarge,us-east-1,3,C:\Users\FarhadBillimoria\OneDrive - Aurora Energy Research\Documents\Personal\Endog_demand_AI\pyai\data\original\prices\A10G\EC2_g5xlarge_us-east-1.csv
2026-02-21,2754.617123325431,2645.423305217119,2945.9543892533575,17,0.7630756073442553,3609.887535145266,2024-01-25,A10G,aws,A10G,g5xlarge,us-east-1,3,C:\Users\FarhadBillimoria\OneDrive - Aurora Energy Research\Documents\Personal\Endog_demand_AI\pyai\data\original\prices\A10G\EC2_g5xlarge_us-east-1.csv
2026-02-22,2793.8293092932263,2689.784442361761,3000.9372071227735,21,0.7739380471255594,3609.887535145266,2024-01-25,A10G,aws,A10G,g5xlarge,us-east-1,3,C:\Users\FarhadBillimoria\OneDrive - Aurora Energy Research\Documents\Personal\Endog_demand_AI\pyai\data\original\prices\A10G\EC2_g5xlarge_us-east-1.csv
2026-02-23,2774.396159095019,2677.2883473914394,2987.8163074039358,19,0.7685547353162552,3609.887535145266,2024-01-25,A10G,aws,A10G,g5xlarge,us-east-1,3,C:\Users\FarhadBillimoria\OneDrive - Aurora Energy Research\Documents\Personal\Endog_demand_AI\pyai\data\original\prices\A10G\EC2_g5xlarge_us-east-1.csv
2026-02-24,2727.2727272727266,2672.914714151827,2885.348328647297,20,0.7555007464139677,3609.887535145266,2024-01-25,A10G,aws,A10G,g5xlarge,us-east-1,3,C:\Users\FarhadBillimoria\OneDrive - Aurora Energy Research\Documents\Personal\Endog_demand_AI\pyai\data\original\prices\A10G\EC2_g5xlarge_us-east-1.csv
2026-02-25,2717.900656044985,2662.293033427053,2862.230552952202,18,0.7529045239176998,3609.887535145266,2024-01-25,A10G,aws,A10G,g5xlarge,us-east-1,3,C:\Users\FarhadBillimoria\OneDrive - Aurora Energy Research\Documents\Personal\Endog_demand_AI\pyai\data\original\prices\A10G\EC2_g5xlarge_us-east-1.csv
2026-02-26,2709.2575236905127,2656.0449859418923,2824.7422680412365,18,0.7505102298378082,3609.887535145266,2024-01-25,A10G,aws,A10G,g5xlarge,us-east-1,3,C:\Users\FarhadBillimoria\OneDrive - Aurora Energy Research\Documents\Personal\Endog_demand_AI\pyai\data\original\prices\A10G\EC2_g5xlarge_us-east-1.csv
2026-02-27,2718.7207122774125,2669.7906904092465,2823.4926585442045,16,0.7531316933861232,3609.887535145266,2024-01-25,A10G,aws,A10G,g5xlarge,us-east-1,3,C:\Users\FarhadBillimoria\OneDrive - Aurora Energy Research\Documents\Personal\Endog_demand_AI\pyai\data\original\prices\A10G\EC2_g5xlarge_us-east-1.csv
2026-02-28,2755.041827206775,2692.2836613558256,2824.7422680412365,18,0.7631932575140208,3609.887535145266,2024-01-25,A10G,aws,A10G,g5xlarge,us-east-1,3,C:\Users\FarhadBillimoria\OneDrive - Aurora Energy Research\Documents\Personal\Endog_demand_AI\pyai\data\original\prices\A10G\EC2_g5xlarge_us-east-1.csv
2026-03-01,2726.0560022361424,2641.0496719775065,2818.4942205560756,19,0.7551636929670837,3609.887535145266,2024-01-25,A10G,aws,A10G,g5xlarge,us-east-1,3,C:\Users\FarhadBillimoria\OneDrive - Aurora Energy Research\Documents\Personal\Endog_demand_AI\pyai\data\original\prices\A10G\EC2_g5xlarge_us-east-1.csv
2026-03-02,2696.627541988366,2612.3086535457664,2761.0121836925955,21,0.7470115109499804,3609.887535145266,2024-01-25,A10G,aws,A10G,g5xlarge,us-east-1,3,C:\Users\FarhadBillimoria\OneDrive - Aurora Energy Research\Documents\Personal\Endog_demand_AI\pyai\data\original\prices\A10G\EC2_g5xlarge_us-east-1.csv
2026-03-03,2695.1504125548995,2616.057482036863,2756.0137457044666,17,0.746602321073818,3609.887535145266,2024-01-25,A10G,aws,A10G,g5xlarge,us-east-1,3,C:\Users\FarhadBillimoria\OneDrive - Aurora Energy Research\Documents\Personal\Endog_demand_AI\pyai\data\original\prices\A10G\EC2_g5xlarge_us-east-1.csv
2026-03-04,2694.672620688387,2616.682286785379,2755.3889409559506,17,0.7464699646328317,3609.887535145266,2024-01-25,A10G,aws,A10G,g5xlarge,us-east-1,3,C:\Users\FarhadBillimoria\OneDrive - Aurora Energy Research\Documents\Personal\Endog_demand_AI\pyai\data\original\prices\A10G\EC2_g5xlarge_us-east-1.csv
2026-03-05,2715.763166115851,2635.4264292408616,2832.2399250234294,19,0.7523124029974982,3609.887535145266,2024-01-25,A10G,aws,A10G,g5xlarge,us-east-1,3,C:\Users\FarhadBillimoria\OneDrive - Aurora Energy Research\Documents\Personal\Endog_demand_AI\pyai\data\original\prices\A10G\EC2_g5xlarge_us-east-1.csv
2026-03-06,2757.329124122395,2662.293033427053,2829.7407060293654,19,0.763826877507262,3609.887535145266,2024-01-25,A10G,aws,A10G,g5xlarge,us-east-1,3,C:\Users\FarhadBillimoria\OneDrive - Aurora Energy Research\Documents\Personal\Endog_demand_AI\pyai\data\original\prices\A10G\EC2_g5xlarge_us-east-1.csv
2026-03-07,2759.623728695893,2676.0387378944074,2828.491096532333,18,0.7644625218455297,3609.887535145266,2024-01-25,A10G,aws,A10G,g5xlarge,us-east-1,3,C:\Users\FarhadBillimoria\OneDrive - Aurora Energy Research\Documents\Personal\Endog_demand_AI\pyai\data\original\prices\A10G\EC2_g5xlarge_us-east-1.csv
2026-03-08,2745.878024228539,2668.541080912214,2817.2446110590436,18,0.7606547288510033,3609.887535145266,2024-01-25,A10G,aws,A10G,g5xlarge,us-east-1,3,C:\Users\FarhadBillimoria\OneDrive - Aurora Energy Research\Documents\Personal\Endog_demand_AI\pyai\data\original\prices\A10G\EC2_g5xlarge_us-east-1.csv
2026-03-09,2721.3761324586058,2629.8031865042167,2808.497344579818,16,0.7538672897600657,3609.887535145266,2024-01-25,A10G,aws,A10G,g5xlarge,us-east-1,3,C:\Users\FarhadBillimoria\OneDrive - Aurora Energy Research\Documents\Personal\Endog_demand_AI\pyai\data\original\prices\A10G\EC2_g5xlarge_us-east-1.csv
2026-03-10,2765.1358950328017,2628.5535770071847,2870.977819431427,20,0.7659894852988902,3609.887535145266,2024-01-25,A10G,aws,A10G,g5xlarge,us-east-1,3,C:\Users\FarhadBillimoria\OneDrive - Aurora Energy Research\Documents\Personal\Endog_demand_AI\pyai\data\original\prices\A10G\EC2_g5xlarge_us-east-1.csv
2026-03-11,2782.4760644651483,2644.798500468603,2928.4598562949072,17,0.7707930059802204,3609.887535145266,2024-01-25,A10G,aws,A10G,g5xlarge,us-east-1,3,C:\Users\FarhadBillimoria\OneDrive - Aurora Energy Research\Documents\Personal\Endog_demand_AI\pyai\data\original\prices\A10G\EC2_g5xlarge_us-east-1.csv
2026-03-12,2850.030418125914,2701.655732583567,2994.0643548890966,19,0.7895067063387683,3609.887535145266,2024-01-25,A10G,aws,A10G,g5xlarge,us-east-1,3,C:\Users\FarhadBillimoria\OneDrive - Aurora Energy Research\Documents\Personal\Endog_demand_AI\pyai\data\original\prices\A10G\EC2_g5xlarge_us-east-1.csv
2026-03-13,2873.726960324898,2766.6354264292404,2997.813183380193,15,0.7960710499556479,3609.887535145266,2024-01-25,A10G,aws,A10G,g5xlarge,us-east-1,3,C:\Users\FarhadBillimoria\OneDrive - Aurora Energy Research\Documents\Personal\Endog_demand_AI\pyai\data\original\prices\A10G\EC2_g5xlarge_us-east-1.csv
2026-03-14,2872.305529522024,2794.751640112464,2989.0659169009677,16,0.795677289543714,3609.887535145266,2024-01-25,A10G,aws,A10G,g5xlarge,us-east-1,3,C:\Users\FarhadBillimoria\OneDrive - Aurora Energy Research\Documents\Personal\Endog_demand_AI\pyai\data\original\prices\A10G\EC2_g5xlarge_us-east-1.csv
2026-03-15,2850.1290715072587,2732.2711652608555,2977.194626679162,19,0.7895340349966238,3609.887535145266,2024-01-25,A10G,aws,A10G,g5xlarge,us-east-1,3,C:\Users\FarhadBillimoria\OneDrive - Aurora Energy Research\Documents\Personal\Endog_demand_AI\pyai\data\original\prices\A10G\EC2_g5xlarge_us-east-1.csv
2026-03-16,2864.885973133395,2702.280537332083,2979.0690409247104,16,0.7936219467341684,3609.887535145266,2024-01-25,A10G,aws,A10G,g5xlarge,us-east-1,3,C:\Users\FarhadBillimoria\OneDrive - Aurora Energy Research\Documents\Personal\Endog_demand_AI\pyai\data\original\prices\A10G\EC2_g5xlarge_us-east-1.csv
2026-03-17,2823.328236241963,2665.4170571696336,2954.076850984067,19,0.7821097496125593,3609.887535145266,2024-01-25,A10G,aws,A10G,g5xlarge,us-east-1,3,C:\Users\FarhadBillimoria\OneDrive - Aurora Energy Research\Documents\Personal\Endog_demand_AI\pyai\data\original\prices\A10G\EC2_g5xlarge_us-east-1.csv
2026-03-18,2754.1025782384177,2572.9459543892526,2899.718837863167,17,0.7629330696385779,3609.887535145266,2024-01-25,A10G,aws,A10G,g5xlarge,us-east-1,3,C:\Users\FarhadBillimoria\OneDrive - Aurora Energy Research\Documents\Personal\Endog_demand_AI\pyai\data\original\prices\A10G\EC2_g5xlarge_us-east-1.csv
2026-03-19,2684.7124979326304,2492.346141830677,2778.5067166510457,17,0.7437108419015038,3609.887535145266,2024-01-25,A10G,aws,A10G,g5xlarge,us-east-1,3,C:\Users\FarhadBillimoria\OneDrive - Aurora Energy Research\Documents\Personal\Endog_demand_AI\pyai\data\original\prices\A10G\EC2_g5xlarge_us-east-1.csv
2026-03-20,2635.132403476854,2492.9709465791934,2702.905342080599,17,0.729976315833012,3609.887535145266,2024-01-25,A10G,aws,A10G,g5xlarge,us-east-1,3,C:\Users\FarhadBillimoria\OneDrive - Aurora Energy Research\Documents\Personal\Endog_demand_AI\pyai\data\original\prices\A10G\EC2_g5xlarge_us-east-1.csv
2026-03-21,2639.2099691068756,2504.8422368009988,2706.6541705716954,18,0.7311058705879242,3609.887535145266,2024-01-25,A10G,aws,A10G,g5xlarge,us-east-1,3,C:\Users\FarhadBillimoria\OneDrive - Aurora Energy Research\Documents\Personal\Endog_demand_AI\pyai\data\original\prices\A10G\EC2_g5xlarge_us-east-1.csv
2026-03-22,2591.6243279238392,2468.603561387066,2687.910028116213,19,0.7179238418627214,3609.887535145266,2024-01-25,A10G,aws,A10G,g5xlarge,us-east-1,3,C:\Users\FarhadBillimoria\OneDrive - Aurora Energy Research\Documents\Personal\Endog_demand_AI\pyai\data\original\prices\A10G\EC2_g5xlarge_us-east-1.csv
2026-03-23,2585.9565944465876,2494.8453608247414,2646.672914714151,17,0.7163537836761238,3609.887535145266,2024-01-25,A10G,aws,A10G,g5xlarge,us-east-1,3,C:\Users\FarhadBillimoria\OneDrive - Aurora Energy Research\Documents\Personal\Endog_demand_AI\pyai\data\original\prices\A10G\EC2_g5xlarge_us-east-1.csv
2026-03-24,2594.152562618299,2546.0793502030606,2649.1721337082154,17,0.7186242057022718,3609.887535145266,2024-01-25,A10G,aws,A10G,g5xlarge,us-east-1,3,C:\Users\FarhadBillimoria\OneDrive - Aurora Energy Research\Documents\Personal\Endog_demand_AI\pyai\data\original\prices\A10G\EC2_g5xlarge_us-east-1.csv
2026-03-25,2581.146516713526,2517.963136519837,2630.4279912527327,16,0.7150213106596568,3609.887535145266,2024-01-25,A10G,aws,A10G,g5xlarge,us-east-1,3,C:\Users\FarhadBillimoria\OneDrive - Aurora Energy Research\Documents\Personal\Endog_demand_AI\pyai\data\original\prices\A10G\EC2_g5xlarge_us-east-1.csv
2026-03-26,2538.6858273456205,2473.6019993751943,2595.4389253358318,18,0.7032589804057319,3609.887535145266,2024-01-25,A10G,aws,A10G,g5xlarge,us-east-1,3,C:\Users\FarhadBillimoria\OneDrive - Aurora Energy Research\Documents\Personal\Endog_demand_AI\pyai\data\original\prices\A10G\EC2_g5xlarge_us-east-1.csv
2026-03-27,2515.4639175257726,2451.109028428615,2576.694782880349,18,0.6968261179983125,3609.887535145266,2024-01-25,A10G,aws,A10G,g5xlarge,us-east-1,3,C:\Users\FarhadBillimoria\OneDrive - Aurora Energy Research\Documents\Personal\Endog_demand_AI\pyai\data\original\prices\A10G\EC2_g5xlarge_us-east-1.csv
2026-03-28,2506.850537778372,2417.3695720087467,2579.8188066229295,14,0.6944400658945995,3609.887535145266,2024-01-25,A10G,aws,A10G,g5xlarge,us-east-1,3,C:\Users\FarhadBillimoria\OneDrive - Aurora Energy Research\Documents\Personal\Endog_demand_AI\pyai\data\original\prices\A10G\EC2_g5xlarge_us-east-1.csv
2026-03-29,2567.158289350367,2479.850046860355,2702.905342080599,19,0.7111463347145692,3609.887535145266,2024-01-25,A10G,aws,A10G,g5xlarge,us-east-1,3,C:\Users\FarhadBillimoria\OneDrive - Aurora Energy Research\Documents\Personal\Endog_demand_AI\pyai\data\original\prices\A10G\EC2_g5xlarge_us-east-1.csv
2026-03-30,2695.234128223818,2565.4482974070597,2817.2446110590436,18,0.7466255117322813,3609.887535145266,2024-01-25,A10G,aws,A10G,g5xlarge,us-east-1,3,C:\Users\FarhadBillimoria\OneDrive - Aurora Energy Research\Documents\Personal\Endog_demand_AI\pyai\data\original\prices\A10G\EC2_g5xlarge_us-east-1.csv
2026-03-31,2751.5743435439576,2651.046547953764,2821.618244298656,19,0.7622327057990274,3609.887535145266,2024-01-25,A10G,aws,A10G,g5xlarge,us-east-1,3,C:\Users\FarhadBillimoria\OneDrive - Aurora Energy Research\Documents\Personal\Endog_demand_AI\pyai\data\original\prices\A10G\EC2_g5xlarge_us-east-1.csv
2026-04-01,2760.728181534179,2694.78288034989,2791.6276163698835,11,0.7647684739915545,3609.887535145266,2024-01-25,A10G,aws,A10G,g5xlarge,us-east-1,3,C:\Users\FarhadBillimoria\OneDrive - Aurora Energy Research\Documents\Personal\Endog_demand_AI\pyai\data\original\prices\A10G\EC2_g5xlarge_us-east-1.csv
2026-04-02,2757.927210246797,2673.539518900343,2814.745392064979,16,0.7639925574955106,3609.887535145266,2024-01-25,A10G,aws,A10G,g5xlarge,us-east-1,3,C:\Users\FarhadBillimoria\OneDrive - Aurora Energy Research\Documents\Personal\Endog_demand_AI\pyai\data\original\prices\A10G\EC2_g5xlarge_us-east-1.csv
2026-04-03,2781.547433093824,2672.289909403311,2858.4817244611054,15,0.7705357593590215,3609.887535145266,2024-01-25,A10G,aws,A10G,g5xlarge,us-east-1,3,C:\Users\FarhadBillimoria\OneDrive - Aurora Energy Research\Documents\Personal\Endog_demand_AI\pyai\data\original\prices\A10G\EC2_g5xlarge_us-east-1.csv
2026-04-04,2801.6244923461413,2681.6619806310523,2928.4598562949072,15,0.7760974448843599,3609.887535145266,2024-01-25,A10G,aws,A10G,g5xlarge,us-east-1,3,C:\Users\FarhadBillimoria\OneDrive - Aurora Energy Research\Documents\Personal\Endog_demand_AI\pyai\data\original\prices\A10G\EC2_g5xlarge_us-east-1.csv
2026-04-05,2877.819431427678,2777.2571071540137,2969.696969696969,20,0.7972047337790181,3609.887535145266,2024-01-25,A10G,aws,A10G,g5xlarge,us-east-1,3,C:\Users\FarhadBillimoria\OneDrive - Aurora Energy Research\Documents\Personal\Endog_demand_AI\pyai\data\original\prices\A10G\EC2_g5xlarge_us-east-1.csv
2026-04-06,2955.357700718525,2899.718837863167,3033.42705404561,20,0.8186841478981416,3609.887535145266,2024-01-25,A10G,aws,A10G,g5xlarge,us-east-1,3,C:\Users\FarhadBillimoria\OneDrive - Aurora Energy Research\Documents\Personal\Endog_demand_AI\pyai\data\original\prices\A10G\EC2_g5xlarge_us-east-1.csv
2026-04-07,3041.6090209904637,2912.839737582005,3180.8809746954066,21,0.8425772247411762,3609.887535145266,2024-01-25,A10G,aws,A10G,g5xlarge,us-east-1,3,C:\Users\FarhadBillimoria\OneDrive - Aurora Energy Research\Documents\Personal\Endog_demand_AI\pyai\data\original\prices\A10G\EC2_g5xlarge_us-east-1.csv
2026-04-08,3057.6208823631496,2862.855357700718,3223.992502343017,18,0.8470127815879747,3609.887535145266,2024-01-25,A10G,aws,A10G,g5xlarge,us-east-1,3,C:\Users\FarhadBillimoria\OneDrive - Aurora Energy Research\Documents\Personal\Endog_demand_AI\pyai\data\original\prices\A10G\EC2_g5xlarge_us-east-1.csv
2026-04-09,3046.0861415590234,2837.2383630115582,3251.483911277725,23,0.8438174629826647,3609.887535145266,2024-01-25,A10G,aws,A10G,g5xlarge,us-east-1,3,C:\Users\FarhadBillimoria\OneDrive - Aurora Energy Research\Documents\Personal\Endog_demand_AI\pyai\data\original\prices\A10G\EC2_g5xlarge_us-east-1.csv
2026-04-10,2996.34489222118,2771.633864417369,3134.6454233052164,20,0.83003829428182,3609.887535145266,2024-01-25,A10G,aws,A10G,g5xlarge,us-east-1,3,C:\Users\FarhadBillimoria\OneDrive - Aurora Energy Research\Documents\Personal\Endog_demand_AI\pyai\data\original\prices\A10G\EC2_g5xlarge_us-east-1.csv
2025-07-28,1322.802740044119,1322.802740044119,1322.802740044119,1,1.0,1322.802740044119,2025-07-28,B200,aws,B200,p6b20048xlarge,us-west-2,0,C:\Users\FarhadBillimoria\OneDrive - Aurora Energy Research\Documents\Personal\Endog_demand_AI\pyai\data\original\prices\B200\EC2_p6b20048xlarge_us-west-2.csv
2025-07-29,1357.8228923056506,1324.7765006385691,1398.2120051085565,7,1.026474206018324,1322.802740044119,2025-07-28,B200,aws,B200,p6b20048xlarge,us-west-2,0,C:\Users\FarhadBillimoria\OneDrive - Aurora Energy Research\Documents\Personal\Endog_demand_AI\pyai\data\original\prices\B200\EC2_p6b20048xlarge_us-west-2.csv
2025-07-30,1407.0192897779102,1370.776732845698,1448.8215488215483,7,1.0636652368371888,1322.802740044119,2025-07-28,B200,aws,B200,p6b20048xlarge,us-west-2,0,C:\Users\FarhadBillimoria\OneDrive - Aurora Energy Research\Documents\Personal\Endog_demand_AI\pyai\data\original\prices\B200\EC2_p6b20048xlarge_us-west-2.csv
2025-07-31,1461.2983281086724,1420.3297341228372,1512.6901195866708,8,1.104698594788165,1322.802740044119,2025-07-28,B200,aws,B200,p6b20048xlarge,us-west-2,0,C:\Users\FarhadBillimoria\OneDrive - Aurora Energy Research\Documents\Personal\Endog_demand_AI\pyai\data\original\prices\B200\EC2_p6b20048xlarge_us-west-2.csv
2025-08-01,1557.8033205619408,1492.7319168698475,1650.1102983861601,10,1.1776535332168907,1322.802740044119,2025-07-28,B200,aws,B200,p6b20048xlarge,us-west-2,0,C:\Users\FarhadBillimoria\OneDrive - Aurora Energy Research\Documents\Personal\Endog_demand_AI\pyai\data\original\prices\B200\EC2_p6b20048xlarge_us-west-2.csv
2025-08-02,1651.1694209012212,1597.654707999535,1707.95309415999,9,1.248235561445957,1322.802740044119,2025-07-28,B200,aws,B200,p6b20048xlarge,us-west-2,0,C:\Users\FarhadBillimoria\OneDrive - Aurora Energy Research\Documents\Personal\Endog_demand_AI\pyai\data\original\prices\B200\EC2_p6b20048xlarge_us-west-2.csv
2025-08-03,1704.287538770297,1657.8195750609539,1777.9054916985947,7,1.2883912976423488,1322.802740044119,2025-07-28,B200,aws,B200,p6b20048xlarge,us-west-2,0,C:\Users\FarhadBillimoria\OneDrive - Aurora Energy Research\Documents\Personal\Endog_demand_AI\pyai\data\original\prices\B200\EC2_p6b20048xlarge_us-west-2.csv
2025-08-04,1788.1371183095316,1699.930337861372,1851.0275165447574,8,1.3517791157961259,1322.802740044119,2025-07-28,B200,aws,B200,p6b20048xlarge,us-west-2,0,C:\Users\FarhadBillimoria\OneDrive - Aurora Energy Research\Documents\Personal\Endog_demand_AI\pyai\data\original\prices\B200\EC2_p6b20048xlarge_us-west-2.csv
2025-08-05,1875.079014925758,1823.3019853709504,1927.655869035179,9,1.4175046347902327,1322.802740044119,2025-07-28,B200,aws,B200,p6b20048xlarge,us-west-2,0,C:\Users\FarhadBillimoria\OneDrive - Aurora Energy Research\Documents\Personal\Endog_demand_AI\pyai\data\original\prices\B200\EC2_p6b20048xlarge_us-west-2.csv
2025-08-06,1981.2144432834082,1956.972019040984,2011.4594218042487,7,1.4977398997656517,1322.802740044119,2025-07-28,B200,aws,B200,p6b20048xlarge,us-west-2,0,C:\Users\FarhadBillimoria\OneDrive - Aurora Energy Research\Documents\Personal\Endog_demand_AI\pyai\data\original\prices\B200\EC2_p6b20048xlarge_us-west-2.csv
2025-08-07,2032.3483880955139,1976.1755485893411,2094.601184256356,6,1.5363956594372716,1322.802740044119,2025-07-28,B200,aws,B200,p6b20048xlarge,us-west-2,0,C:\Users\FarhadBillimoria\OneDrive - Aurora Energy Research\Documents\Personal\Endog_demand_AI\pyai\data\original\prices\B200\EC2_p6b20048xlarge_us-west-2.csv
2025-08-08,2094.655918793849,2025.6937187971662,2169.7550214791586,7,1.5834983216953322,1322.802740044119,2025-07-28,B200,aws,B200,p6b20048xlarge,us-west-2,0,C:\Users\FarhadBillimoria\OneDrive - Aurora Energy Research\Documents\Personal\Endog_demand_AI\pyai\data\original\prices\B200\EC2_p6b20048xlarge_us-west-2.csv
2025-08-09,2215.5411071119875,2123.383257866016,2313.9672587948444,9,1.674883971768983,1322.802740044119,2025-07-28,B200,aws,B200,p6b20048xlarge,us-west-2,0,C:\Users\FarhadBillimoria\OneDrive - Aurora Energy Research\Documents\Personal\Endog_demand_AI\pyai\data\original\prices\B200\EC2_p6b20048xlarge_us-west-2.csv
2025-08-10,2350.1489995742863,2210.797631487286,2483.9777081156385,9,1.7766435829244673,1322.802740044119,2025-07-28,B200,aws,B200,p6b20048xlarge,us-west-2,0,C:\Users\FarhadBillimoria\OneDrive - Aurora Energy Research\Documents\Personal\Endog_demand_AI\pyai\data\original\prices\B200\EC2_p6b20048xlarge_us-west-2.csv
2025-08-11,2445.8705832269043,2308.1504702194347,2579.2639034018334,6,1.8490062873209108,1322.802740044119,2025-07-28,B200,aws,B200,p6b20048xlarge,us-west-2,0,C:\Users\FarhadBillimoria\OneDrive - Aurora Energy Research\Documents\Personal\Endog_demand_AI\pyai\data\original\prices\B200\EC2_p6b20048xlarge_us-west-2.csv
2025-08-12,2516.5447579240677,2396.3079066527334,2616.5215372111916,8,1.9024338865824653,1322.802740044119,2025-07-28,B200,aws,B200,p6b20048xlarge,us-west-2,0,C:\Users\FarhadBillimoria\OneDrive - Aurora Energy Research\Documents\Personal\Endog_demand_AI\pyai\data\original\prices\B200\EC2_p6b20048xlarge_us-west-2.csv
2025-08-13,2574.9116783599534,2497.039359108324,2678.5440613026813,7,1.9465575632796719,1322.802740044119,2025-07-28,B200,aws,B200,p6b20048xlarge,us-west-2,0,C:\Users\FarhadBillimoria\OneDrive - Aurora Energy Research\Documents\Personal\Endog_demand_AI\pyai\data\original\prices\B200\EC2_p6b20048xlarge_us-west-2.csv
2025-08-14,2667.28865004727,2560.5015673981184,2764.007895042377,7,2.016391839314083,1322.802740044119,2025-07-28,B200,aws,B200,p6b20048xlarge,us-west-2,0,C:\Users\FarhadBillimoria\OneDrive - Aurora Energy Research\Documents\Personal\Endog_demand_AI\pyai\data\original\prices\B200\EC2_p6b20048xlarge_us-west-2.csv
2025-08-15,2719.40348568701,2600.8707767328447,2821.850690816207,9,2.055789123627239,1322.802740044119,2025-07-28,B200,aws,B200,p6b20048xlarge,us-west-2,0,C:\Users\FarhadBillimoria\OneDrive - Aurora Energy Research\Documents\Personal\Endog_demand_AI\pyai\data\original\prices\B200\EC2_p6b20048xlarge_us-west-2.csv
2025-08-16,2810.8175349554654,2717.183327528154,2870.486473934749,7,2.1248954586091324,1322.802740044119,2025-07-28,B200,aws,B200,p6b20048xlarge,us-west-2,0,C:\Users\FarhadBillimoria\OneDrive - Aurora Energy Research\Documents\Personal\Endog_demand_AI\pyai\data\original\prices\B200\EC2_p6b20048xlarge_us-west-2.csv
2025-08-17,2859.514687100893,2786.1604551259716,2896.841983048879,9,2.1617090746315815,1322.802740044119,2025-07-28,B200,aws,B200,p6b20048xlarge,us-west-2,0,C:\Users\FarhadBillimoria\OneDrive - Aurora Energy Research\Documents\Personal\Endog_demand_AI\pyai\data\original\prices\B200\EC2_p6b20048xlarge_us-west-2.csv
2025-08-18,2926.3770712046567,2913.4447927551364,2951.3642168814577,7,2.2122550722166285,1322.802740044119,2025-07-28,B200,aws,B200,p6b20048xlarge,us-west-2,0,C:\Users\FarhadBillimoria\OneDrive - Aurora Energy Research\Documents\Personal\Endog_demand_AI\pyai\data\original\prices\B200\EC2_p6b20048xlarge_us-west-2.csv
2025-08-19,2967.152643014711,2946.406594682456,3017.078834320213,7,2.243080206286652,1322.802740044119,2025-07-28,B200,aws,B200,p6b20048xlarge,us-west-2,0,C:\Users\FarhadBillimoria\OneDrive - Aurora Energy Research\Documents\Personal\Endog_demand_AI\pyai\data\original\prices\B200\EC2_p6b20048xlarge_us-west-2.csv
2025-08-20,3056.088180657145,2999.1408336235913,3108.881922675025,8,2.310312859312052,1322.802740044119,2025-07-28,B200,aws,B200,p6b20048xlarge,us-west-2,0,C:\Users\FarhadBillimoria\OneDrive - Aurora Energy Research\Documents\Personal\Endog_demand_AI\pyai\data\original\prices\B200\EC2_p6b20048xlarge_us-west-2.csv
2025-08-21,3148.6502960640883,3121.873911529083,3183.2926970858,8,2.3802870985579245,1322.802740044119,2025-07-28,B200,aws,B200,p6b20048xlarge,us-west-2,0,C:\Users\FarhadBillimoria\OneDrive - Aurora Energy Research\Documents\Personal\Endog_demand_AI\pyai\data\original\prices\B200\EC2_p6b20048xlarge_us-west-2.csv
2025-08-22,3233.13079711547,3165.970045280389,3293.080227562985,9,2.44415187483482,1322.802740044119,2025-07-28,B200,aws,B200,p6b20048xlarge,us-west-2,0,C:\Users\FarhadBillimoria\OneDrive - Aurora Energy Research\Documents\Personal\Endog_demand_AI\pyai\data\original\prices\B200\EC2_p6b20048xlarge_us-west-2.csv
2025-08-23,3289.1069055820003,3239.3591083246247,3333.5190990363394,9,2.486468167938857,1322.802740044119,2025-07-28,B200,aws,B200,p6b20048xlarge,us-west-2,0,C:\Users\FarhadBillimoria\OneDrive - Aurora Energy Research\Documents\Personal\Endog_demand_AI\pyai\data\original\prices\B200\EC2_p6b20048xlarge_us-west-2.csv
2025-08-24,3354.5421373007566,3333.5423197492155,3392.859630790664,7,2.535935280258698,1322.802740044119,2025-07-28,B200,aws,B200,p6b20048xlarge,us-west-2,0,C:\Users\FarhadBillimoria\OneDrive - Aurora Energy Research\Documents\Personal\Endog_demand_AI\pyai\data\original\prices\B200\EC2_p6b20048xlarge_us-west-2.csv
2025-08-25,3400.1727040520136,3377.8938813421564,3437.1415302449773,8,2.570430647836887,1322.802740044119,2025-07-28,B200,aws,B200,p6b20048xlarge,us-west-2,0,C:\Users\FarhadBillimoria\OneDrive - Aurora Energy Research\Documents\Personal\Endog_demand_AI\pyai\data\original\prices\B200\EC2_p6b20048xlarge_us-west-2.csv
2025-08-26,3470.7419017763837,3424.7997213514445,3498.850574712643,6,2.6237788875918304,1322.802740044119,2025-07-28,B200,aws,B200,p6b20048xlarge,us-west-2,0,C:\Users\FarhadBillimoria\OneDrive - Aurora Energy Research\Documents\Personal\Endog_demand_AI\pyai\data\original\prices\B200\EC2_p6b20048xlarge_us-west-2.csv
2025-08-27,3539.8157823445167,3509.857192615812,3561.2794612794605,6,2.6759967115175876,1322.802740044119,2025-07-28,B200,aws,B200,p6b20048xlarge,us-west-2,0,C:\Users\FarhadBillimoria\OneDrive - Aurora Energy Research\Documents\Personal\Endog_demand_AI\pyai\data\original\prices\B200\EC2_p6b20048xlarge_us-west-2.csv
2025-08-28,3606.5610124230807,3569.035179380006,3652.8967839312654,10,2.726454144102236,1322.802740044119,2025-07-28,B200,aws,B200,p6b20048xlarge,us-west-2,0,C:\Users\FarhadBillimoria\OneDrive - Aurora Energy Research\Documents\Personal\Endog_demand_AI\pyai\data\original\prices\B200\EC2_p6b20048xlarge_us-west-2.csv
2025-08-29,3682.542999784378,3649.970974108904,3721.3746662022513,7,2.7838942937641296,1322.802740044119,2025-07-28,B200,aws,B200,p6b20048xlarge,us-west-2,0,C:\Users\FarhadBillimoria\OneDrive - Aurora Energy Research\Documents\Personal\Endog_demand_AI\pyai\data\original\prices\B200\EC2_p6b20048xlarge_us-west-2.csv
2025-08-30,3738.5364316398786,3691.257401602228,3769.813073261348,7,2.826223682841168,1322.802740044119,2025-07-28,B200,aws,B200,p6b20048xlarge,us-west-2,0,C:\Users\FarhadBillimoria\OneDrive - Aurora Energy Research\Documents\Personal\Endog_demand_AI\pyai\data\original\prices\B200\EC2_p6b20048xlarge_us-west-2.csv
2025-08-31,3811.1394919824024,3773.86508765819,3856.275397654707,9,2.8811094629689764,1322.802740044119,2025-07-28,B200,aws,B200,p6b20048xlarge,us-west-2,0,C:\Users\FarhadBillimoria\OneDrive - Aurora Energy Research\Documents\Personal\Endog_demand_AI\pyai\data\original\prices\B200\EC2_p6b20048xlarge_us-west-2.csv
2025-09-01,3822.900783054038,3801.114594218041,3842.586787414373,9,2.890000653405461,1322.802740044119,2025-07-28,B200,aws,B200,p6b20048xlarge,us-west-2,0,C:\Users\FarhadBillimoria\OneDrive - Aurora Energy Research\Documents\Personal\Endog_demand_AI\pyai\data\original\prices\B200\EC2_p6b20048xlarge_us-west-2.csv
2025-09-02,3821.499062878372,3794.624404969232,3850.098688029721,7,2.8889409941431743,1322.802740044119,2025-07-28,B200,aws,B200,p6b20048xlarge,us-west-2,0,C:\Users\FarhadBillimoria\OneDrive - Aurora Energy Research\Documents\Personal\Endog_demand_AI\pyai\data\original\prices\B200\EC2_p6b20048xlarge_us-west-2.csv
2025-09-03,3849.1027774552663,3793.265993265992,3932.648322303493,9,2.909808591209063,1322.802740044119,2025-07-28,B200,aws,B200,p6b20048xlarge,us-west-2,0,C:\Users\FarhadBillimoria\OneDrive - Aurora Energy Research\Documents\Personal\Endog_demand_AI\pyai\data\original\prices\B200\EC2_p6b20048xlarge_us-west-2.csv
2025-09-04,3911.5827818414014,3816.30094043887,4043.1440845233938,8,2.957041638506842,1322.802740044119,2025-07-28,B200,aws,B200,p6b20048xlarge,us-west-2,0,C:\Users\FarhadBillimoria\OneDrive - Aurora Energy Research\Documents\Personal\Endog_demand_AI\pyai\data\original\prices\B200\EC2_p6b20048xlarge_us-west-2.csv
2025-09-05,3965.7975485561683,3843.5388366422835,4078.4743991640526,7,2.9980264090047912,1322.802740044119,2025-07-28,B200,aws,B200,p6b20048xlarge,us-west-2,0,C:\Users\FarhadBillimoria\OneDrive - Aurora Energy Research\Documents\Personal\Endog_demand_AI\pyai\data\original\prices\B200\EC2_p6b20048xlarge_us-west-2.csv
2025-09-06,3996.4675490537547,3853.7095088819215,4113.851155230464,8,3.021212028121791,1322.802740044119,2025-07-28,B200,aws,B200,p6b20048xlarge,us-west-2,0,C:\Users\FarhadBillimoria\OneDrive - Aurora Energy Research\Documents\Personal\Endog_demand_AI\pyai\data\original\prices\B200\EC2_p6b20048xlarge_us-west-2.csv
2025-09-07,4023.658589175829,3926.901195866712,4148.391965633344,7,3.04176765542656,1322.802740044119,2025-07-28,B200,aws,B200,p6b20048xlarge,us-west-2,0,C:\Users\FarhadBillimoria\OneDrive - Aurora Energy Research\Documents\Personal\Endog_demand_AI\pyai\data\original\prices\B200\EC2_p6b20048xlarge_us-west-2.csv
2025-09-08,4048.149806770495,3926.309067688377,4173.679321955183,7,3.0602822962367604,1322.802740044119,2025-07-28,B200,aws,B200,p6b20048xlarge,us-west-2,0,C:\Users\FarhadBillimoria\OneDrive - Aurora Energy Research\Documents\Personal\Endog_demand_AI\pyai\data\original\prices\B200\EC2_p6b20048xlarge_us-west-2.csv
2025-09-09,4139.600023220712,3987.3679321955174,4232.659932659932,8,3.1294159725452677,1322.802740044119,2025-07-28,B200,aws,B200,p6b20048xlarge,us-west-2,0,C:\Users\FarhadBillimoria\OneDrive - Aurora Energy Research\Documents\Personal\Endog_demand_AI\pyai\data\original\prices\B200\EC2_p6b20048xlarge_us-west-2.csv
2025-09-10,4142.54324857773,4015.0586323000102,4264.89028213166,8,3.131640964426461,1322.802740044119,2025-07-28,B200,aws,B200,p6b20048xlarge,us-west-2,0,C:\Users\FarhadBillimoria\OneDrive - Aurora Energy Research\Documents\Personal\Endog_demand_AI\pyai\data\original\prices\B200\EC2_p6b20048xlarge_us-west-2.csv
2025-09-11,4219.612794612794,4070.776732845697,4313.885986299779,8,3.1899032764870583,1322.802740044119,2025-07-28,B200,aws,B200,p6b20048xlarge,us-west-2,0,C:\Users\FarhadBillimoria\OneDrive - Aurora Energy Research\Documents\Personal\Endog_demand_AI\pyai\data\original\prices\B200\EC2_p6b20048xlarge_us-west-2.csv
2025-09-12,4250.9246819591635,4157.587367932194,4351.85185185185,7,3.213574143199449,1322.802740044119,2025-07-28,B200,aws,B200,p6b20048xlarge,us-west-2,0,C:\Users\FarhadBillimoria\OneDrive - Aurora Energy Research\Documents\Personal\Endog_demand_AI\pyai\data\original\prices\B200\EC2_p6b20048xlarge_us-west-2.csv
2025-09-13,4317.939659318969,4206.884941367699,4401.718332752814,7,3.264235496802005,1322.802740044119,2025-07-28,B200,aws,B200,p6b20048xlarge,us-west-2,0,C:\Users\FarhadBillimoria\OneDrive - Aurora Energy Research\Documents\Personal\Endog_demand_AI\pyai\data\original\prices\B200\EC2_p6b20048xlarge_us-west-2.csv
2025-09-14,4309.243133764206,4250.063856960408,4373.4006734006725,9,3.257661179036022,1322.802740044119,2025-07-28,B200,aws,B200,p6b20048xlarge,us-west-2,0,C:\Users\FarhadBillimoria\OneDrive - Aurora Energy Research\Documents\Personal\Endog_demand_AI\pyai\data\original\prices\B200\EC2_p6b20048xlarge_us-west-2.csv
2025-09-15,4346.048608692286,4313.920817369092,4372.9362591431545,6,3.285485036527316,1322.802740044119,2025-07-28,B200,aws,B200,p6b20048xlarge,us-west-2,0,C:\Users\FarhadBillimoria\OneDrive - Aurora Energy Research\Documents\Personal\Endog_demand_AI\pyai\data\original\prices\B200\EC2_p6b20048xlarge_us-west-2.csv
2025-09-16,4333.770172994309,4299.883896435619,4375.89690003483,8,3.27620289994997,1322.802740044119,2025-07-28,B200,aws,B200,p6b20048xlarge,us-west-2,0,C:\Users\FarhadBillimoria\OneDrive - Aurora Energy Research\Documents\Personal\Endog_demand_AI\pyai\data\original\prices\B200\EC2_p6b20048xlarge_us-west-2.csv
2025-09-17,4357.35018493639,4297.770811563913,4398.0726808313,7,3.294028696063225,1322.802740044119,2025-07-28,B200,aws,B200,p6b20048xlarge,us-west-2,0,C:\Users\FarhadBillimoria\OneDrive - Aurora Energy Research\Documents\Personal\Endog_demand_AI\pyai\data\original\prices\B200\EC2_p6b20048xlarge_us-west-2.csv
2025-09-18,4332.517705793566,4282.305816788574,4421.711366538952,8,3.275256071550823,1322.802740044119,2025-07-28,B200,aws,B200,p6b20048xlarge,us-west-2,0,C:\Users\FarhadBillimoria\OneDrive - Aurora Energy Research\Documents\Personal\Endog_demand_AI\pyai\data\original\prices\B200\EC2_p6b20048xlarge_us-west-2.csv
2025-09-19,4407.455300127713,4317.334262161848,4499.941948217809,8,3.3319066907744026,1322.802740044119,2025-07-28,B200,aws,B200,p6b20048xlarge,us-west-2,0,C:\Users\FarhadBillimoria\OneDrive - Aurora Energy Research\Documents\Personal\Endog_demand_AI\pyai\data\original\prices\B200\EC2_p6b20048xlarge_us-west-2.csv
2025-09-20,4439.201539201538,4347.544409613373,4539.997677928711,7,3.355905914629024,1322.802740044119,2025-07-28,B200,aws,B200,p6b20048xlarge,us-west-2,0,C:\Users\FarhadBillimoria\OneDrive - Aurora Energy Research\Documents\Personal\Endog_demand_AI\pyai\data\original\prices\B200\EC2_p6b20048xlarge_us-west-2.csv
2025-09-21,4452.629745733193,4373.191686984789,4532.636711947055,9,3.366057244169819,1322.802740044119,2025-07-28,B200,aws,B200,p6b20048xlarge,us-west-2,0,C:\Users\FarhadBillimoria\OneDrive - Aurora Energy Research\Documents\Personal\Endog_demand_AI\pyai\data\original\prices\B200\EC2_p6b20048xlarge_us-west-2.csv
2025-09-22,4444.038081969115,4371.577847439915,4523.278764658074,9,3.359562198836158,1322.802740044119,2025-07-28,B200,aws,B200,p6b20048xlarge,us-west-2,0,C:\Users\FarhadBillimoria\OneDrive - Aurora Energy Research\Documents\Personal\Endog_demand_AI\pyai\data\original\prices\B200\EC2_p6b20048xlarge_us-west-2.csv
2025-09-23,4522.321555271746,4422.976895390688,4626.4367816091935,9,3.4187422042389435,1322.802740044119,2025-07-28,B200,aws,B200,p6b20048xlarge,us-west-2,0,C:\Users\FarhadBillimoria\OneDrive - Aurora Energy Research\Documents\Personal\Endog_demand_AI\pyai\data\original\prices\B200\EC2_p6b20048xlarge_us-west-2.csv
2025-09-24,4557.5525368628805,4483.524904214558,4665.076047834667,7,3.445375791035082,1322.802740044119,2025-07-28,B200,aws,B200,p6b20048xlarge,us-west-2,0,C:\Users\FarhadBillimoria\OneDrive - Aurora Energy Research\Documents\Personal\Endog_demand_AI\pyai\data\original\prices\B200\EC2_p6b20048xlarge_us-west-2.csv
2025-09-25,4581.345059793334,4446.812957157784,4741.669569255775,8,3.463362239210764,1322.802740044119,2025-07-28,B200,aws,B200,p6b20048xlarge,us-west-2,0,C:\Users\FarhadBillimoria\OneDrive - Aurora Energy Research\Documents\Personal\Endog_demand_AI\pyai\data\original\prices\B200\EC2_p6b20048xlarge_us-west-2.csv
2025-09-26,4656.683211424589,4453.326367119469,4889.457796354347,8,3.520315667980304,1322.802740044119,2025-07-28,B200,aws,B200,p6b20048xlarge,us-west-2,0,C:\Users\FarhadBillimoria\OneDrive - Aurora Energy Research\Documents\Personal\Endog_demand_AI\pyai\data\original\prices\B200\EC2_p6b20048xlarge_us-west-2.csv
2025-09-27,4761.109659816555,4546.069894345755,4977.9519331243455,8,3.599258994321224,1322.802740044119,2025-07-28,B200,aws,B200,p6b20048xlarge,us-west-2,0,C:\Users\FarhadBillimoria\OneDrive - Aurora Energy Research\Documents\Personal\Endog_demand_AI\pyai\data\original\prices\B200\EC2_p6b20048xlarge_us-west-2.csv
2025-09-28,4835.761556451211,4575.95495181702,5044.45605480088,7,3.6556936344794124,1322.802740044119,2025-07-28,B200,aws,B200,p6b20048xlarge,us-west-2,0,C:\Users\FarhadBillimoria\OneDrive - Aurora Energy Research\Documents\Personal\Endog_demand_AI\pyai\data\original\prices\B200\EC2_p6b20048xlarge_us-west-2.csv
2025-09-29,4791.759549518169,4598.095901544176,5099.1060025542765,8,3.6224294102674377,1322.802740044119,2025-07-28,B200,aws,B200,p6b20048xlarge,us-west-2,0,C:\Users\FarhadBillimoria\OneDrive - Aurora Energy Research\Documents\Personal\Endog_demand_AI\pyai\data\original\prices\B200\EC2_p6b20048xlarge_us-west-2.csv
2025-09-30,4862.089283641006,4605.944502496225,5135.225821432717,8,3.675596622576426,1322.802740044119,2025-07-28,B200,aws,B200,p6b20048xlarge,us-west-2,0,C:\Users\FarhadBillimoria\OneDrive - Aurora Energy Research\Documents\Personal\Endog_demand_AI\pyai\data\original\prices\B200\EC2_p6b20048xlarge_us-west-2.csv
2025-10-01,4889.945431324741,4587.356321839079,5129.118773946359,7,3.6966550516531647,1322.802740044119,2025-07-28,B200,aws,B200,p6b20048xlarge,us-west-2,0,C:\Users\FarhadBillimoria\OneDrive - Aurora Energy Research\Documents\Personal\Endog_demand_AI\pyai\data\original\prices\B200\EC2_p6b20048xlarge_us-west-2.csv
2025-10-02,4870.126552885172,4589.7828863346085,5123.6967374898395,8,3.6816725619443003,1322.802740044119,2025-07-28,B200,aws,B200,p6b20048xlarge,us-west-2,0,C:\Users\FarhadBillimoria\OneDrive - Aurora Energy Research\Documents\Personal\Endog_demand_AI\pyai\data\original\prices\B200\EC2_p6b20048xlarge_us-west-2.csv
2025-10-03,4879.936014035629,4618.193428538255,5216.150005805176,9,3.689088226316246,1322.802740044119,2025-07-28,B200,aws,B200,p6b20048xlarge,us-west-2,0,C:\Users\FarhadBillimoria\OneDrive - Aurora Energy Research\Documents\Personal\Endog_demand_AI\pyai\data\original\prices\B200\EC2_p6b20048xlarge_us-west-2.csv
2025-10-04,4928.126917782089,4672.878207360965,5259.282479972134,7,3.7255191334255344,1322.802740044119,2025-07-28,B200,aws,B200,p6b20048xlarge,us-west-2,0,C:\Users\FarhadBillimoria\OneDrive - Aurora Energy Research\Documents\Personal\Endog_demand_AI\pyai\data\original\prices\B200\EC2_p6b20048xlarge_us-west-2.csv
2025-10-05,5074.761020163318,4708.939974457215,5264.925113200974,6,3.8363702058812343,1322.802740044119,2025-07-28,B200,aws,B200,p6b20048xlarge,us-west-2,0,C:\Users\FarhadBillimoria\OneDrive - Aurora Energy Research\Documents\Personal\Endog_demand_AI\pyai\data\original\prices\B200\EC2_p6b20048xlarge_us-west-2.csv
2025-10-06,5088.633461047253,4723.12783002438,5367.65354696389,10,3.84685736353822,1322.802740044119,2025-07-28,B200,aws,B200,p6b20048xlarge,us-west-2,0,C:\Users\FarhadBillimoria\OneDrive - Aurora Energy Research\Documents\Personal\Endog_demand_AI\pyai\data\original\prices\B200\EC2_p6b20048xlarge_us-west-2.csv
2025-10-07,5043.218100545685,4699.76779287124,5397.701149425286,8,3.812524685560812,1322.802740044119,2025-07-28,B200,aws,B200,p6b20048xlarge,us-west-2,0,C:\Users\FarhadBillimoria\OneDrive - Aurora Energy Research\Documents\Personal\Endog_demand_AI\pyai\data\original\prices\B200\EC2_p6b20048xlarge_us-west-2.csv
2025-10-08,5116.134525329926,4769.987228607917,5469.302217578078,6,3.867647359998127,1322.802740044119,2025-07-28,B200,aws,B200,p6b20048xlarge,us-west-2,0,C:\Users\FarhadBillimoria\OneDrive - Aurora Energy Research\Documents\Personal\Endog_demand_AI\pyai\data\original\prices\B200\EC2_p6b20048xlarge_us-west-2.csv
2025-10-09,5130.478636944153,4797.387669801461,5470.660629281318,8,3.8784910868668425,1322.802740044119,2025-07-28,B200,aws,B200,p6b20048xlarge,us-west-2,0,C:\Users\FarhadBillimoria\OneDrive - Aurora Energy Research\Documents\Personal\Endog_demand_AI\pyai\data\original\prices\B200\EC2_p6b20048xlarge_us-west-2.csv
2025-10-10,5175.062612993645,4822.8840125391835,5460.443515615928,7,3.912195262629289,1322.802740044119,2025-07-28,B200,aws,B200,p6b20048xlarge,us-west-2,0,C:\Users\FarhadBillimoria\OneDrive - Aurora Energy Research\Documents\Personal\Endog_demand_AI\pyai\data\original\prices\B200\EC2_p6b20048xlarge_us-west-2.csv
2025-10-11,5156.83932925312,4769.789852548472,5460.76860559619,7,3.8984189956252475,1322.802740044119,2025-07-28,B200,aws,B200,p6b20048xlarge,us-west-2,0,C:\Users\FarhadBillimoria\OneDrive - Aurora Energy Research\Documents\Personal\Endog_demand_AI\pyai\data\original\prices\B200\EC2_p6b20048xlarge_us-west-2.csv
2025-10-12,5151.72929808945,4802.565888772784,5462.8584697550195,9,3.894555962227313,1322.802740044119,2025-07-28,B200,aws,B200,p6b20048xlarge,us-west-2,0,C:\Users\FarhadBillimoria\OneDrive - Aurora Energy Research\Documents\Personal\Endog_demand_AI\pyai\data\original\prices\B200\EC2_p6b20048xlarge_us-west-2.csv
2025-10-13,5201.213282247763,4917.194937884591,5435.446418205037,8,3.9319644001299006,1322.802740044119,2025-07-28,B200,aws,B200,p6b20048xlarge,us-west-2,0,C:\Users\FarhadBillimoria\OneDrive - Aurora Energy Research\Documents\Personal\Endog_demand_AI\pyai\data\original\prices\B200\EC2_p6b20048xlarge_us-west-2.csv
2025-10-14,5316.520247171587,5118.623011726459,5473.052362707534,9,4.019133077237401,1322.802740044119,2025-07-28,B200,aws,B200,p6b20048xlarge,us-west-2,0,C:\Users\FarhadBillimoria\OneDrive - Aurora Energy Research\Documents\Personal\Endog_demand_AI\pyai\data\original\prices\B200\EC2_p6b20048xlarge_us-west-2.csv
2025-10-15,5437.942644839195,5333.043074422383,5531.080924184371,7,4.110924841792984,1322.802740044119,2025-07-28,B200,aws,B200,p6b20048xlarge,us-west-2,0,C:\Users\FarhadBillimoria\OneDrive - Aurora Energy Research\Documents\Personal\Endog_demand_AI\pyai\data\original\prices\B200\EC2_p6b20048xlarge_us-west-2.csv
2025-10-16,5569.637466620224,5479.287124114709,5646.278880761638,8,4.210482257116024,1322.802740044119,2025-07-28,B200,aws,B200,p6b20048xlarge,us-west-2,0,C:\Users\FarhadBillimoria\OneDrive - Aurora Energy Research\Documents\Personal\Endog_demand_AI\pyai\data\original\prices\B200\EC2_p6b20048xlarge_us-west-2.csv
2025-10-17,5641.822162511816,5577.766167421338,5705.840009288283,7,4.265051766012857,1322.802740044119,2025-07-28,B200,aws,B200,p6b20048xlarge,us-west-2,0,C:\Users\FarhadBillimoria\OneDrive - Aurora Energy Research\Documents\Personal\Endog_demand_AI\pyai\data\original\prices\B200\EC2_p6b20048xlarge_us-west-2.csv
2025-10-18,5690.470799953557,5617.136886102402,5768.768141181932,8,4.301828706344957,1322.802740044119,2025-07-28,B200,aws,B200,p6b20048xlarge,us-west-2,0,C:\Users\FarhadBillimoria\OneDrive - Aurora Energy Research\Documents\Personal\Endog_demand_AI\pyai\data\original\prices\B200\EC2_p6b20048xlarge_us-west-2.csv
2025-10-19,5736.608905143386,5660.443515615928,5800.89399744572,8,4.336707758068338,1322.802740044119,2025-07-28,B200,aws,B200,p6b20048xlarge,us-west-2,0,C:\Users\FarhadBillimoria\OneDrive - Aurora Energy Research\Documents\Personal\Endog_demand_AI\pyai\data\original\prices\B200\EC2_p6b20048xlarge_us-west-2.csv
2025-10-20,5765.887114162974,5688.656681760129,5852.594914663879,7,4.358841223726726,1322.802740044119,2025-07-28,B200,aws,B200,p6b20048xlarge,us-west-2,0,C:\Users\FarhadBillimoria\OneDrive - Aurora Energy Research\Documents\Personal\Endog_demand_AI\pyai\data\original\prices\B200\EC2_p6b20048xlarge_us-west-2.csv
2025-10-21,5745.164286543595,5646.580750029024,5878.892371995818,7,4.343175375001097,1322.802740044119,2025-07-28,B200,aws,B200,p6b20048xlarge,us-west-2,0,C:\Users\FarhadBillimoria\OneDrive - Aurora Energy Research\Documents\Personal\Endog_demand_AI\pyai\data\original\prices\B200\EC2_p6b20048xlarge_us-west-2.csv
2025-10-22,5754.636678774608,5682.944386392661,5809.276674793914,7,4.350336225174947,1322.802740044119,2025-07-28,B200,aws,B200,p6b20048xlarge,us-west-2,0,C:\Users\FarhadBillimoria\OneDrive - Aurora Energy Research\Documents\Personal\Endog_demand_AI\pyai\data\original\prices\B200\EC2_p6b20048xlarge_us-west-2.csv
2025-10-23,5750.454255195633,5708.17369093231,5797.8869151282925,8,4.34717443585265,1322.802740044119,2025-07-28,B200,aws,B200,p6b20048xlarge,us-west-2,0,C:\Users\FarhadBillimoria\OneDrive - Aurora Energy Research\Documents\Personal\Endog_demand_AI\pyai\data\original\prices\B200\EC2_p6b20048xlarge_us-west-2.csv
2025-10-24,5635.522714833059,5586.427493324044,5682.967607105536,7,4.260289568681343,1322.802740044119,2025-07-28,B200,aws,B200,p6b20048xlarge,us-west-2,0,C:\Users\FarhadBillimoria\OneDrive - Aurora Energy Research\Documents\Personal\Endog_demand_AI\pyai\data\original\prices\B200\EC2_p6b20048xlarge_us-west-2.csv
2025-10-25,5624.272279444691,5580.9822361546485,5673.435504469985,7,4.251784570129562,1322.802740044119,2025-07-28,B200,aws,B200,p6b20048xlarge,us-west-2,0,C:\Users\FarhadBillimoria\OneDrive - Aurora Energy Research\Documents\Personal\Endog_demand_AI\pyai\data\original\prices\B200\EC2_p6b20048xlarge_us-west-2.csv
2025-10-26,5625.923023336814,5585.045860907928,5683.11854173923,8,4.253032484003756,1322.802740044119,2025-07-28,B200,aws,B200,p6b20048xlarge,us-west-2,0,C:\Users\FarhadBillimoria\OneDrive - Aurora Energy Research\Documents\Personal\Endog_demand_AI\pyai\data\original\prices\B200\EC2_p6b20048xlarge_us-west-2.csv
2025-10-27,5623.0714368645395,5538.604435156158,5714.269128062229,7,4.250876768426557,1322.802740044119,2025-07-28,B200,aws,B200,p6b20048xlarge,us-west-2,0,C:\Users\FarhadBillimoria\OneDrive - Aurora Energy Research\Documents\Personal\Endog_demand_AI\pyai\data\original\prices\B200\EC2_p6b20048xlarge_us-west-2.csv
2025-10-28,5608.817236403442,5582.654127481712,5641.030999651687,7,4.240101011747505,1322.802740044119,2025-07-28,B200,aws,B200,p6b20048xlarge,us-west-2,0,C:\Users\FarhadBillimoria\OneDrive - Aurora Energy Research\Documents\Personal\Endog_demand_AI\pyai\data\original\prices\B200\EC2_p6b20048xlarge_us-west-2.csv
2025-10-29,5607.213901466774,5505.41042610008,5736.7816091954,9,4.238888937650491,1322.802740044119,2025-07-28,B200,aws,B200,p6b20048xlarge,us-west-2,0,C:\Users\FarhadBillimoria\OneDrive - Aurora Energy Research\Documents\Personal\Endog_demand_AI\pyai\data\original\prices\B200\EC2_p6b20048xlarge_us-west-2.csv
2025-10-30,5569.851221575358,5425.600835945662,5739.939626146521,7,4.2106438495807685,1322.802740044119,2025-07-28,B200,aws,B200,p6b20048xlarge,us-west-2,0,C:\Users\FarhadBillimoria\OneDrive - Aurora Energy Research\Documents\Personal\Endog_demand_AI\pyai\data\original\prices\B200\EC2_p6b20048xlarge_us-west-2.csv
2025-10-31,5503.663712475971,5292.778358295598,5809.195402298848,9,4.1606080376673615,1322.802740044119,2025-07-28,B200,aws,B200,p6b20048xlarge,us-west-2,0,C:\Users\FarhadBillimoria\OneDrive - Aurora Energy Research\Documents\Personal\Endog_demand_AI\pyai\data\original\prices\B200\EC2_p6b20048xlarge_us-west-2.csv
2025-11-01,5535.910832462555,5333.310112620456,5725.577615232786,8,4.184985912773296,1322.802740044119,2025-07-28,B200,aws,B200,p6b20048xlarge,us-west-2,0,C:\Users\FarhadBillimoria\OneDrive - Aurora Energy Research\Documents\Personal\Endog_demand_AI\pyai\data\original\prices\B200\EC2_p6b20048xlarge_us-west-2.csv
2025-11-02,5516.75374433995,5464.634854290025,5604.307442238475,8,4.17050371709689,1322.802740044119,2025-07-28,B200,aws,B200,p6b20048xlarge,us-west-2,0,C:\Users\FarhadBillimoria\OneDrive - Aurora Energy Research\Documents\Personal\Endog_demand_AI\pyai\data\original\prices\B200\EC2_p6b20048xlarge_us-west-2.csv
2025-11-03,5418.984384070589,5333.519099036339,5482.688958551026,8,4.096592953753522,1322.802740044119,2025-07-28,B200,aws,B200,p6b20048xlarge,us-west-2,0,C:\Users\FarhadBillimoria\OneDrive - Aurora Energy Research\Documents\Personal\Endog_demand_AI\pyai\data\original\prices\B200\EC2_p6b20048xlarge_us-west-2.csv
2025-11-04,5325.424745539686,5186.415882967605,5437.791710205502,6,4.0258646163388425,1322.802740044119,2025-07-28,B200,aws,B200,p6b20048xlarge,us-west-2,0,C:\Users\FarhadBillimoria\OneDrive - Aurora Energy Research\Documents\Personal\Endog_demand_AI\pyai\data\original\prices\B200\EC2_p6b20048xlarge_us-west-2.csv
2025-11-05,5230.367716574612,5045.059793335654,5433.855799373039,7,3.954004295757783,1322.802740044119,2025-07-28,B200,aws,B200,p6b20048xlarge,us-west-2,0,C:\Users\FarhadBillimoria\OneDrive - Aurora Energy Research\Documents\Personal\Endog_demand_AI\pyai\data\original\prices\B200\EC2_p6b20048xlarge_us-west-2.csv
2025-11-06,5111.997852084058,4955.021479159408,5343.155694879832,8,3.864520156583255,1322.802740044119,2025-07-28,B200,aws,B200,p6b20048xlarge,us-west-2,0,C:\Users\FarhadBillimoria\OneDrive - Aurora Energy Research\Documents\Personal\Endog_demand_AI\pyai\data\original\prices\B200\EC2_p6b20048xlarge_us-west-2.csv
2025-11-07,5096.987941815526,4973.888308371065,5263.3228840125375,7,3.8531731054968392,1322.802740044119,2025-07-28,B200,aws,B200,p6b20048xlarge,us-west-2,0,C:\Users\FarhadBillimoria\OneDrive - Aurora Energy Research\Documents\Personal\Endog_demand_AI\pyai\data\original\prices\B200\EC2_p6b20048xlarge_us-west-2.csv
2025-11-08,5128.72236320512,5023.12783002438,5269.731800766282,7,3.8771633955294527,1322.802740044119,2025-07-28,B200,aws,B200,p6b20048xlarge,us-west-2,0,C:\Users\FarhadBillimoria\OneDrive - Aurora Energy Research\Documents\Personal\Endog_demand_AI\pyai\data\original\prices\B200\EC2_p6b20048xlarge_us-west-2.csv
2025-11-09,5241.603224361844,5098.699640078949,5387.449204690582,7,3.962498009481763,1322.802740044119,2025-07-28,B200,aws,B200,p6b20048xlarge,us-west-2,0,C:\Users\FarhadBillimoria\OneDrive - Aurora Energy Research\Documents\Personal\Endog_demand_AI\pyai\data\original\prices\B200\EC2_p6b20048xlarge_us-west-2.csv
2025-11-10,5386.963021014743,5166.213862765586,5728.921397886914,8,4.072385744253201,1322.802740044119,2025-07-28,B200,aws,B200,p6b20048xlarge,us-west-2,0,C:\Users\FarhadBillimoria\OneDrive - Aurora Energy Research\Documents\Personal\Endog_demand_AI\pyai\data\original\prices\B200\EC2_p6b20048xlarge_us-west-2.csv
2025-11-11,5519.464762568209,5205.572971090211,5835.074886799023,8,4.172553167212309,1322.802740044119,2025-07-28,B200,aws,B200,p6b20048xlarge,us-west-2,0,C:\Users\FarhadBillimoria\OneDrive - Aurora Energy Research\Documents\Personal\Endog_demand_AI\pyai\data\original\prices\B200\EC2_p6b20048xlarge_us-west-2.csv
2025-11-12,5499.037999037997,5222.663415766862,5854.081040287935,7,4.157111134238042,1322.802740044119,2025-07-28,B200,aws,B200,p6b20048xlarge,us-west-2,0,C:\Users\FarhadBillimoria\OneDrive - Aurora Energy Research\Documents\Personal\Endog_demand_AI\pyai\data\original\prices\B200\EC2_p6b20048xlarge_us-west-2.csv
2025-11-13,5540.472251248111,5218.460466736326,5854.324857773132,8,4.188434211334731,1322.802740044119,2025-07-28,B200,aws,B200,p6b20048xlarge,us-west-2,0,C:\Users\FarhadBillimoria\OneDrive - Aurora Energy Research\Documents\Personal\Endog_demand_AI\pyai\data\original\prices\B200\EC2_p6b20048xlarge_us-west-2.csv
2025-11-14,5615.468312020034,5281.342157204224,5853.1522117729,7,4.245129029467193,1322.802740044119,2025-07-28,B200,aws,B200,p6b20048xlarge,us-west-2,0,C:\Users\FarhadBillimoria\OneDrive - Aurora Energy Research\Documents\Personal\Endog_demand_AI\pyai\data\original\prices\B200\EC2_p6b20048xlarge_us-west-2.csv
2025-11-15,5640.477572661479,5349.320794148379,5818.3908045977,6,4.264035295597705,1322.802740044119,2025-07-28,B200,aws,B200,p6b20048xlarge,us-west-2,0,C:\Users\FarhadBillimoria\OneDrive - Aurora Energy Research\Documents\Personal\Endog_demand_AI\pyai\data\original\prices\B200\EC2_p6b20048xlarge_us-west-2.csv
2025-11-16,5558.185301288748,5423.952165331474,5708.916753744338,8,4.201824756655227,1322.802740044119,2025-07-28,B200,aws,B200,p6b20048xlarge,us-west-2,0,C:\Users\FarhadBillimoria\OneDrive - Aurora Energy Research\Documents\Personal\Endog_demand_AI\pyai\data\original\prices\B200\EC2_p6b20048xlarge_us-west-2.csv
2025-11-17,5553.20445837687,5485.521885521884,5602.890978753046,6,4.198059385779361,1322.802740044119,2025-07-28,B200,aws,B200,p6b20048xlarge,us-west-2,0,C:\Users\FarhadBillimoria\OneDrive - Aurora Energy Research\Documents\Personal\Endog_demand_AI\pyai\data\original\prices\B200\EC2_p6b20048xlarge_us-west-2.csv
2025-11-18,5548.108963195168,5422.175780796469,5647.3005921281765,8,4.194207341156645,1322.802740044119,2025-07-28,B200,aws,B200,p6b20048xlarge,us-west-2,0,C:\Users\FarhadBillimoria\OneDrive - Aurora Energy Research\Documents\Personal\Endog_demand_AI\pyai\data\original\prices\B200\EC2_p6b20048xlarge_us-west-2.csv
2025-11-19,5423.490653663066,5202.80970625798,5659.619180308833,8,4.0999995611455855,1322.802740044119,2025-07-28,B200,aws,B200,p6b20048xlarge,us-west-2,0,C:\Users\FarhadBillimoria\OneDrive - Aurora Energy Research\Documents\Personal\Endog_demand_AI\pyai\data\original\prices\B200\EC2_p6b20048xlarge_us-west-2.csv
2025-11-20,5401.216184836872,5067.99024730059,5719.3892952513625,8,4.083160717263654,1322.802740044119,2025-07-28,B200,aws,B200,p6b20048xlarge,us-west-2,0,C:\Users\FarhadBillimoria\OneDrive - Aurora Energy Research\Documents\Personal\Endog_demand_AI\pyai\data\original\prices\B200\EC2_p6b20048xlarge_us-west-2.csv
2025-11-21,5233.778396996786,4946.406594682456,5803.285730871936,3,3.956582669931743,1322.802740044119,2025-07-28,B200,aws,B200,p6b20048xlarge,us-west-2,0,C:\Users\FarhadBillimoria\OneDrive - Aurora Energy Research\Documents\Personal\Endog_demand_AI\pyai\data\original\prices\B200\EC2_p6b20048xlarge_us-west-2.csv
2025-11-22,5347.2212546925175,4900.661790316962,5793.242772553115,6,4.042342136752887,1322.802740044119,2025-07-28,B200,aws,B200,p6b20048xlarge,us-west-2,0,C:\Users\FarhadBillimoria\OneDrive - Aurora Energy Research\Documents\Personal\Endog_demand_AI\pyai\data\original\prices\B200\EC2_p6b20048xlarge_us-west-2.csv
2025-11-23,5292.831434210742,4762.823638685706,5691.721815859745,7,4.001225030751155,1322.802740044119,2025-07-28,B200,aws,B200,p6b20048xlarge,us-west-2,0,C:\Users\FarhadBillimoria\OneDrive - Aurora Energy Research\Documents\Personal\Endog_demand_AI\pyai\data\original\prices\B200\EC2_p6b20048xlarge_us-west-2.csv
2025-11-24,5228.614552752483,4651.23650296064,5722.0016254499,7,3.9526789554261845,1322.802740044119,2025-07-28,B200,aws,B200,p6b20048xlarge,us-west-2,0,C:\Users\FarhadBillimoria\OneDrive - Aurora Energy Research\Documents\Personal\Endog_demand_AI\pyai\data\original\prices\B200\EC2_p6b20048xlarge_us-west-2.csv
2025-11-25,5102.327047154632,4514.094972715661,5854.95181702078,7,3.8572093122399003,1322.802740044119,2025-07-28,B200,aws,B200,p6b20048xlarge,us-west-2,0,C:\Users\FarhadBillimoria\OneDrive - Aurora Energy Research\Documents\Personal\Endog_demand_AI\pyai\data\original\prices\B200\EC2_p6b20048xlarge_us-west-2.csv
2025-11-26,5209.477920972172,4455.729710902124,5948.06687565308,6,3.9382122241434288,1322.802740044119,2025-07-28,B200,aws,B200,p6b20048xlarge,us-west-2,0,C:\Users\FarhadBillimoria\OneDrive - Aurora Energy Research\Documents\Personal\Endog_demand_AI\pyai\data\original\prices\B200\EC2_p6b20048xlarge_us-west-2.csv
2025-11-27,5261.514985652915,4361.627771972598,5935.156159294089,7,3.9775507158969368,1322.802740044119,2025-07-28,B200,aws,B200,p6b20048xlarge,us-west-2,0,C:\Users\FarhadBillimoria\OneDrive - Aurora Energy Research\Documents\Personal\Endog_demand_AI\pyai\data\original\prices\B200\EC2_p6b20048xlarge_us-west-2.csv
2025-11-28,5099.071171484963,4248.415186346219,5919.876930221756,6,3.854747965909789,1322.802740044119,2025-07-28,B200,aws,B200,p6b20048xlarge,us-west-2,0,C:\Users\FarhadBillimoria\OneDrive - Aurora Energy Research\Documents\Personal\Endog_demand_AI\pyai\data\original\prices\B200\EC2_p6b20048xlarge_us-west-2.csv
2025-11-29,4926.08073067843,4142.133983513293,5893.138279345174,9,3.7239722761037917,1322.802740044119,2025-07-28,B200,aws,B200,p6b20048xlarge,us-west-2,0,C:\Users\FarhadBillimoria\OneDrive - Aurora Energy Research\Documents\Personal\Endog_demand_AI\pyai\data\original\prices\B200\EC2_p6b20048xlarge_us-west-2.csv
2025-11-30,5044.106085485394,4060.8150470219425,5817.6361314292335,7,3.81319597608118,1322.802740044119,2025-07-28,B200,aws,B200,p6b20048xlarge,us-west-2,0,C:\Users\FarhadBillimoria\OneDrive - Aurora Energy Research\Documents\Personal\Endog_demand_AI\pyai\data\original\prices\B200\EC2_p6b20048xlarge_us-west-2.csv
2025-12-01,4712.210777728018,4007.488679902472,5680.552652966445,7,3.562292876389758,1322.802740044119,2025-07-28,B200,aws,B200,p6b20048xlarge,us-west-2,0,C:\Users\FarhadBillimoria\OneDrive - Aurora Energy Research\Documents\Personal\Endog_demand_AI\pyai\data\original\prices\B200\EC2_p6b20048xlarge_us-west-2.csv
2025-12-02,4889.932162345954,4017.60130035992,5570.939277835828,7,3.69664502069512,1322.802740044119,2025-07-28,B200,aws,B200,p6b20048xlarge,us-west-2,0,C:\Users\FarhadBillimoria\OneDrive - Aurora Energy Research\Documents\Personal\Endog_demand_AI\pyai\data\original\prices\B200\EC2_p6b20048xlarge_us-west-2.csv
2025-12-03,4754.837164750957,4064.4490885870187,5484.918146987111,8,3.5945171723732368,1322.802740044119,2025-07-28,B200,aws,B200,p6b20048xlarge,us-west-2,0,C:\Users\FarhadBillimoria\OneDrive - Aurora Energy Research\Documents\Personal\Endog_demand_AI\pyai\data\original\prices\B200\EC2_p6b20048xlarge_us-west-2.csv
2025-12-04,4834.0154417740605,4091.536050156739,5328.410542203644,8,3.654373623094274,1322.802740044119,2025-07-28,B200,aws,B200,p6b20048xlarge,us-west-2,0,C:\Users\FarhadBillimoria\OneDrive - Aurora Energy Research\Documents\Personal\Endog_demand_AI\pyai\data\original\prices\B200\EC2_p6b20048xlarge_us-west-2.csv
2025-12-05,4654.175858198845,4160.722164170439,5178.451178451177,6,3.5184201826219503,1322.802740044119,2025-07-28,B200,aws,B200,p6b20048xlarge,us-west-2,0,C:\Users\FarhadBillimoria\OneDrive - Aurora Energy Research\Documents\Personal\Endog_demand_AI\pyai\data\original\prices\B200\EC2_p6b20048xlarge_us-west-2.csv
2025-12-06,4601.172646000231,4163.137118309531,5098.734471148263,8,3.4783513117358447,1322.802740044119,2025-07-28,B200,aws,B200,p6b20048xlarge,us-west-2,0,C:\Users\FarhadBillimoria\OneDrive - Aurora Energy Research\Documents\Personal\Endog_demand_AI\pyai\data\original\prices\B200\EC2_p6b20048xlarge_us-west-2.csv
2025-12-07,4528.767560664111,4183.699059561127,4943.84070590967,8,3.4236151948952456,1322.802740044119,2025-07-28,B200,aws,B200,p6b20048xlarge,us-west-2,0,C:\Users\FarhadBillimoria\OneDrive - Aurora Energy Research\Documents\Personal\Endog_demand_AI\pyai\data\original\prices\B200\EC2_p6b20048xlarge_us-west-2.csv
2025-12-08,4500.576647703083,4192.650644374781,4803.645651921513,9,3.402303693106182,1322.802740044119,2025-07-28,B200,aws,B200,p6b20048xlarge,us-west-2,0,C:\Users\FarhadBillimoria\OneDrive - Aurora Energy Research\Documents\Personal\Endog_demand_AI\pyai\data\original\prices\B200\EC2_p6b20048xlarge_us-west-2.csv
2025-12-09,4418.712991988853,4211.517473586438,4682.038778590501,8,3.3404171750063636,1322.802740044119,2025-07-28,B200,aws,B200,p6b20048xlarge,us-west-2,0,C:\Users\FarhadBillimoria\OneDrive - Aurora Energy Research\Documents\Personal\Endog_demand_AI\pyai\data\original\prices\B200\EC2_p6b20048xlarge_us-west-2.csv
2025-12-11,4259.7120631603375,4228.689190758155,4290.73493556252,2,3.2202171451642627,1322.802740044119,2025-07-28,B200,aws,B200,p6b20048xlarge,us-west-2,0,C:\Users\FarhadBillimoria\OneDrive - Aurora Energy Research\Documents\Personal\Endog_demand_AI\pyai\data\original\prices\B200\EC2_p6b20048xlarge_us-west-2.csv
2025-12-12,4203.54373879278,4133.577150818529,4250.632764425866,9,3.177755542487446,1322.802740044119,2025-07-28,B200,aws,B200,p6b20048xlarge,us-west-2,0,C:\Users\FarhadBillimoria\OneDrive - Aurora Energy Research\Documents\Personal\Endog_demand_AI\pyai\data\original\prices\B200\EC2_p6b20048xlarge_us-west-2.csv
2025-12-13,4148.76736715817,4023.011726460001,4243.074422384766,6,3.136346215173244,1322.802740044119,2025-07-28,B200,aws,B200,p6b20048xlarge,us-west-2,0,C:\Users\FarhadBillimoria\OneDrive - Aurora Energy Research\Documents\Personal\Endog_demand_AI\pyai\data\original\prices\B200\EC2_p6b20048xlarge_us-west-2.csv
2025-12-14,4064.1472193196323,3890.3401834436304,4234.192499709739,9,3.072375870028877,1322.802740044119,2025-07-28,B200,aws,B200,p6b20048xlarge,us-west-2,0,C:\Users\FarhadBillimoria\OneDrive - Aurora Energy Research\Documents\Personal\Endog_demand_AI\pyai\data\original\prices\B200\EC2_p6b20048xlarge_us-west-2.csv
2025-12-15,4035.257335257334,3825.4382909555316,4236.386857076511,7,3.0505359666270024,1322.802740044119,2025-07-28,B200,aws,B200,p6b20048xlarge,us-west-2,0,C:\Users\FarhadBillimoria\OneDrive - Aurora Energy Research\Documents\Personal\Endog_demand_AI\pyai\data\original\prices\B200\EC2_p6b20048xlarge_us-west-2.csv
2025-12-16,4169.064205271101,4026.8547544409603,4235.4696389179135,8,3.1516900283499956,1322.802740044119,2025-07-28,B200,aws,B200,p6b20048xlarge,us-west-2,0,C:\Users\FarhadBillimoria\OneDrive - Aurora Energy Research\Documents\Personal\Endog_demand_AI\pyai\data\original\prices\B200\EC2_p6b20048xlarge_us-west-2.csv
2025-12-17,4264.245907349355,4196.94647625682,4381.005456867525,8,3.223644598141013,1322.802740044119,2025-07-28,B200,aws,B200,p6b20048xlarge,us-west-2,0,C:\Users\FarhadBillimoria\OneDrive - Aurora Energy Research\Documents\Personal\Endog_demand_AI\pyai\data\original\prices\B200\EC2_p6b20048xlarge_us-west-2.csv
2025-12-18,4384.304249390455,4213.9672587948435,4626.564495530011,8,3.3144051767266727,1322.802740044119,2025-07-28,B200,aws,B200,p6b20048xlarge,us-west-2,0,C:\Users\FarhadBillimoria\OneDrive - Aurora Energy Research\Documents\Personal\Endog_demand_AI\pyai\data\original\prices\B200\EC2_p6b20048xlarge_us-west-2.csv
2025-12-19,4521.351445489375,4215.05863230001,4856.078021595262,7,3.418008829750818,1322.802740044119,2025-07-28,B200,aws,B200,p6b20048xlarge,us-west-2,0,C:\Users\FarhadBillimoria\OneDrive - Aurora Energy Research\Documents\Personal\Endog_demand_AI\pyai\data\original\prices\B200\EC2_p6b20048xlarge_us-west-2.csv
2025-12-20,4568.270347149656,4219.040984558224,4911.157552536861,8,3.4534781406616166,1322.802740044119,2025-07-28,B200,aws,B200,p6b20048xlarge,us-west-2,0,C:\Users\FarhadBillimoria\OneDrive - Aurora Energy Research\Documents\Personal\Endog_demand_AI\pyai\data\original\prices\B200\EC2_p6b20048xlarge_us-west-2.csv
2025-12-21,4556.554046209217,4263.241611517472,4879.972135144547,6,3.4446209614422507,1322.802740044119,2025-07-28,B200,aws,B200,p6b20048xlarge,us-west-2,0,C:\Users\FarhadBillimoria\OneDrive - Aurora Energy Research\Documents\Personal\Endog_demand_AI\pyai\data\original\prices\B200\EC2_p6b20048xlarge_us-west-2.csv
2025-12-22,4557.47624023486,4275.026123301984,4788.215488215487,7,3.4453181130263277,1322.802740044119,2025-07-28,B200,aws,B200,p6b20048xlarge,us-west-2,0,C:\Users\FarhadBillimoria\OneDrive - Aurora Energy Research\Documents\Personal\Endog_demand_AI\pyai\data\original\prices\B200\EC2_p6b20048xlarge_us-west-2.csv
2025-12-23,4926.713495104298,4337.002205967721,6994.357366771158,12,3.7244506274155276,1322.802740044119,2025-07-28,B200,aws,B200,p6b20048xlarge,us-west-2,0,C:\Users\FarhadBillimoria\OneDrive - Aurora Energy Research\Documents\Personal\Endog_demand_AI\pyai\data\original\prices\B200\EC2_p6b20048xlarge_us-west-2.csv
2025-12-24,5369.988284094866,4399.593637524671,6899.523975386042,11,4.059553341956158,1322.802740044119,2025-07-28,B200,aws,B200,p6b20048xlarge,us-west-2,0,C:\Users\FarhadBillimoria\OneDrive - Aurora Energy Research\Documents\Personal\Endog_demand_AI\pyai\data\original\prices\B200\EC2_p6b20048xlarge_us-west-2.csv
2025-12-25,5246.62235380626,4476.698014629048,6655.509114129802,12,3.9662923238511523,1322.802740044119,2025-07-28,B200,aws,B200,p6b20048xlarge,us-west-2,0,C:\Users\FarhadBillimoria\OneDrive - Aurora Energy Research\Documents\Personal\Endog_demand_AI\pyai\data\original\prices\B200\EC2_p6b20048xlarge_us-west-2.csv
2025-12-26,5143.117380703586,4508.754208754207,6583.989318472075,10,3.8880456057507478,1322.802740044119,2025-07-28,B200,aws,B200,p6b20048xlarge,us-west-2,0,C:\Users\FarhadBillimoria\OneDrive - Aurora Energy Research\Documents\Personal\Endog_demand_AI\pyai\data\original\prices\B200\EC2_p6b20048xlarge_us-west-2.csv
2025-12-27,5203.126352342652,4498.188784395679,6400.232207128757,11,3.933410624904749,1322.802740044119,2025-07-28,B200,aws,B200,p6b20048xlarge,us-west-2,0,C:\Users\FarhadBillimoria\OneDrive - Aurora Energy Research\Documents\Personal\Endog_demand_AI\pyai\data\original\prices\B200\EC2_p6b20048xlarge_us-west-2.csv
2025-12-28,5166.644501440738,4493.474979681875,6239.707419017763,11,3.9058314176673212,1322.802740044119,2025-07-28,B200,aws,B200,p6b20048xlarge,us-west-2,0,C:\Users\FarhadBillimoria\OneDrive - Aurora Energy Research\Documents\Personal\Endog_demand_AI\pyai\data\original\prices\B200\EC2_p6b20048xlarge_us-west-2.csv
2025-12-29,5116.419154977147,4490.224079879251,6141.495413909205,11,3.867862531647387,1322.802740044119,2025-07-28,B200,aws,B200,p6b20048xlarge,us-west-2,0,C:\Users\FarhadBillimoria\OneDrive - Aurora Energy Research\Documents\Personal\Endog_demand_AI\pyai\data\original\prices\B200\EC2_p6b20048xlarge_us-west-2.csv
2025-12-30,5067.534276938663,4504.144897248344,6005.68907465459,11,3.8309070003662433,1322.802740044119,2025-07-28,B200,aws,B200,p6b20048xlarge,us-west-2,0,C:\Users\FarhadBillimoria\OneDrive - Aurora Energy Research\Documents\Personal\Endog_demand_AI\pyai\data\original\prices\B200\EC2_p6b20048xlarge_us-west-2.csv
2025-12-31,4994.812281646136,4503.912690119585,5816.254499013117,11,3.7759313089112183,1322.802740044119,2025-07-28,B200,aws,B200,p6b20048xlarge,us-west-2,0,C:\Users\FarhadBillimoria\OneDrive - Aurora Energy Research\Documents\Personal\Endog_demand_AI\pyai\data\original\prices\B200\EC2_p6b20048xlarge_us-west-2.csv
2026-01-01,4838.817643519837,4476.4309764309755,5643.097643097642,11,3.6580039464980616,1322.802740044119,2025-07-28,B200,aws,B200,p6b20048xlarge,us-west-2,0,C:\Users\FarhadBillimoria\OneDrive - Aurora Energy Research\Documents\Personal\Endog_demand_AI\pyai\data\original\prices\B200\EC2_p6b20048xlarge_us-west-2.csv
2026-01-02,4903.903759076171,4454.766051317773,5556.205735516079,13,3.707207137258132,1322.802740044119,2025-07-28,B200,aws,B200,p6b20048xlarge,us-west-2,0,C:\Users\FarhadBillimoria\OneDrive - Aurora Energy Research\Documents\Personal\Endog_demand_AI\pyai\data\original\prices\B200\EC2_p6b20048xlarge_us-west-2.csv
2026-01-03,4767.773872476065,4375.2699407871805,5416.927899686519,11,3.6042969432593153,1322.802740044119,2025-07-28,B200,aws,B200,p6b20048xlarge,us-west-2,0,C:\Users\FarhadBillimoria\OneDrive - Aurora Energy Research\Documents\Personal\Endog_demand_AI\pyai\data\original\prices\B200\EC2_p6b20048xlarge_us-west-2.csv
2026-01-04,4600.721628307834,4262.01091373505,5298.722860791825,13,3.4780103556138595,1322.802740044119,2025-07-28,B200,aws,B200,p6b20048xlarge,us-west-2,0,C:\Users\FarhadBillimoria\OneDrive - Aurora Energy Research\Documents\Personal\Endog_demand_AI\pyai\data\original\prices\B200\EC2_p6b20048xlarge_us-west-2.csv
2026-01-05,4537.162815898447,4168.605596191802,5197.109021246951,12,3.429961761152022,1322.802740044119,2025-07-28,B200,aws,B200,p6b20048xlarge,us-west-2,0,C:\Users\FarhadBillimoria\OneDrive - Aurora Energy Research\Documents\Personal\Endog_demand_AI\pyai\data\original\prices\B200\EC2_p6b20048xlarge_us-west-2.csv
2026-01-06,4522.243507875691,4047.8230581678845,5056.832694763727,12,3.418683202701003,1322.802740044119,2025-07-28,B200,aws,B200,p6b20048xlarge,us-west-2,0,C:\Users\FarhadBillimoria\OneDrive - Aurora Energy Research\Documents\Personal\Endog_demand_AI\pyai\data\original\prices\B200\EC2_p6b20048xlarge_us-west-2.csv
2026-01-07,4240.768426975322,3924.1030999651675,4907.302914199464,13,3.2058963128802414,1322.802740044119,2025-07-28,B200,aws,B200,p6b20048xlarge,us-west-2,0,C:\Users\FarhadBillimoria\OneDrive - Aurora Energy Research\Documents\Personal\Endog_demand_AI\pyai\data\original\prices\B200\EC2_p6b20048xlarge_us-west-2.csv
2026-01-08,4268.123238656152,3878.404737025425,4776.036224312085,11,3.22657574667089,1322.802740044119,2025-07-28,B200,aws,B200,p6b20048xlarge,us-west-2,0,C:\Users\FarhadBillimoria\OneDrive - Aurora Energy Research\Documents\Personal\Endog_demand_AI\pyai\data\original\prices\B200\EC2_p6b20048xlarge_us-west-2.csv
2026-01-09,4083.5336119818867,3787.008011145941,4614.385231626609,4,3.0870314131989853,1322.802740044119,2025-07-28,B200,aws,B200,p6b20048xlarge,us-west-2,0,C:\Users\FarhadBillimoria\OneDrive - Aurora Energy Research\Documents\Personal\Endog_demand_AI\pyai\data\original\prices\B200\EC2_p6b20048xlarge_us-west-2.csv
2026-01-10,4090.0417972831756,3716.266109369557,4565.67978636944,10,3.0919514100392336,1322.802740044119,2025-07-28,B200,aws,B200,p6b20048xlarge,us-west-2,0,C:\Users\FarhadBillimoria\OneDrive - Aurora Energy Research\Documents\Personal\Endog_demand_AI\pyai\data\original\prices\B200\EC2_p6b20048xlarge_us-west-2.csv
2026-01-11,4072.655675529237,3635.3303146406583,4517.2878207360955,12,3.078808012896468,1322.802740044119,2025-07-28,B200,aws,B200,p6b20048xlarge,us-west-2,0,C:\Users\FarhadBillimoria\OneDrive - Aurora Energy Research\Documents\Personal\Endog_demand_AI\pyai\data\original\prices\B200\EC2_p6b20048xlarge_us-west-2.csv
2026-01-12,3927.5813692480347,3565.9236038546373,4390.06153488912,12,2.969136100456701,1322.802740044119,2025-07-28,B200,aws,B200,p6b20048xlarge,us-west-2,0,C:\Users\FarhadBillimoria\OneDrive - Aurora Energy Research\Documents\Personal\Endog_demand_AI\pyai\data\original\prices\B200\EC2_p6b20048xlarge_us-west-2.csv
2026-01-13,3792.013860979377,3436.572622779518,4271.101822825959,13,2.8666510479505836,1322.802740044119,2025-07-28,B200,aws,B200,p6b20048xlarge,us-west-2,0,C:\Users\FarhadBillimoria\OneDrive - Aurora Energy Research\Documents\Personal\Endog_demand_AI\pyai\data\original\prices\B200\EC2_p6b20048xlarge_us-west-2.csv
2026-01-14,3752.3774843524047,3363.0558458144656,4166.910484151862,11,2.8366871119629318,1322.802740044119,2025-07-28,B200,aws,B200,p6b20048xlarge,us-west-2,0,C:\Users\FarhadBillimoria\OneDrive - Aurora Energy Research\Documents\Personal\Endog_demand_AI\pyai\data\original\prices\B200\EC2_p6b20048xlarge_us-west-2.csv
2026-01-15,3614.253295757997,3282.607686055961,4080.4713804713792,11,2.732269284260367,1322.802740044119,2025-07-28,B200,aws,B200,p6b20048xlarge,us-west-2,0,C:\Users\FarhadBillimoria\OneDrive - Aurora Energy Research\Documents\Personal\Endog_demand_AI\pyai\data\original\prices\B200\EC2_p6b20048xlarge_us-west-2.csv
2026-01-16,3562.662254731219,3231.289910600254,4002.275629861836,10,2.693267973282543,1322.802740044119,2025-07-28,B200,aws,B200,p6b20048xlarge,us-west-2,0,C:\Users\FarhadBillimoria\OneDrive - Aurora Energy Research\Documents\Personal\Endog_demand_AI\pyai\data\original\prices\B200\EC2_p6b20048xlarge_us-west-2.csv
2026-01-17,3531.1648759924615,3172.0770927667472,3943.1673052362694,13,2.6694568805283,1322.802740044119,2025-07-28,B200,aws,B200,p6b20048xlarge,us-west-2,0,C:\Users\FarhadBillimoria\OneDrive - Aurora Energy Research\Documents\Personal\Endog_demand_AI\pyai\data\original\prices\B200\EC2_p6b20048xlarge_us-west-2.csv
2026-01-18,3476.383373969579,3140.520143968419,3823.952165331474,10,2.628043674791324,1322.802740044119,2025-07-28,B200,aws,B200,p6b20048xlarge,us-west-2,0,C:\Users\FarhadBillimoria\OneDrive - Aurora Energy Research\Documents\Personal\Endog_demand_AI\pyai\data\original\prices\B200\EC2_p6b20048xlarge_us-west-2.csv
2026-01-19,3359.6266441094017,3047.7185649599433,3727.6210379658646,14,2.539779017994285,1322.802740044119,2025-07-28,B200,aws,B200,p6b20048xlarge,us-west-2,0,C:\Users\FarhadBillimoria\OneDrive - Aurora Energy Research\Documents\Personal\Endog_demand_AI\pyai\data\original\prices\B200\EC2_p6b20048xlarge_us-west-2.csv
2026-01-20,3224.170440032508,2956.461163357714,3582.003947521188,10,2.4373781081863903,1322.802740044119,2025-07-28,B200,aws,B200,p6b20048xlarge,us-west-2,0,C:\Users\FarhadBillimoria\OneDrive - Aurora Energy Research\Documents\Personal\Endog_demand_AI\pyai\data\original\prices\B200\EC2_p6b20048xlarge_us-west-2.csv
2026-01-21,3186.946089244939,2900.9288285150346,3525.1944734703347,12,2.4092375928542795,1322.802740044119,2025-07-28,B200,aws,B200,p6b20048xlarge,us-west-2,0,C:\Users\FarhadBillimoria\OneDrive - Aurora Energy Research\Documents\Personal\Endog_demand_AI\pyai\data\original\prices\B200\EC2_p6b20048xlarge_us-west-2.csv
2026-01-22,3137.685106023663,2850.481829792174,3479.101358411702,11,2.3719977371070557,1322.802740044119,2025-07-28,B200,aws,B200,p6b20048xlarge,us-west-2,0,C:\Users\FarhadBillimoria\OneDrive - Aurora Energy Research\Documents\Personal\Endog_demand_AI\pyai\data\original\prices\B200\EC2_p6b20048xlarge_us-west-2.csv
2026-01-23,3043.7098255280066,2764.4258678741426,3402.2407987925217,11,2.300955186580949,1322.802740044119,2025-07-28,B200,aws,B200,p6b20048xlarge,us-west-2,0,C:\Users\FarhadBillimoria\OneDrive - Aurora Energy Research\Documents\Personal\Endog_demand_AI\pyai\data\original\prices\B200\EC2_p6b20048xlarge_us-west-2.csv
2026-01-24,3005.7858276249067,2679.9721351445482,3377.684894926273,12,2.272285758589112,1322.802740044119,2025-07-28,B200,aws,B200,p6b20048xlarge,us-west-2,0,C:\Users\FarhadBillimoria\OneDrive - Aurora Energy Research\Documents\Personal\Endog_demand_AI\pyai\data\original\prices\B200\EC2_p6b20048xlarge_us-west-2.csv
2026-01-25,2953.497843153015,2594.612794612794,3302.217578079646,13,2.232757578846947,1322.802740044119,2025-07-28,B200,aws,B200,p6b20048xlarge,us-west-2,0,C:\Users\FarhadBillimoria\OneDrive - Aurora Energy Research\Documents\Personal\Endog_demand_AI\pyai\data\original\prices\B200\EC2_p6b20048xlarge_us-west-2.csv
2026-01-26,2837.5374433995116,2558.1911064669675,3206.873331011261,10,2.1450949242098427,1322.802740044119,2025-07-28,B200,aws,B200,p6b20048xlarge,us-west-2,0,C:\Users\FarhadBillimoria\OneDrive - Aurora Energy Research\Documents\Personal\Endog_demand_AI\pyai\data\original\prices\B200\EC2_p6b20048xlarge_us-west-2.csv
2026-01-27,2774.7561825148023,2450.4702194357355,3183.037269244165,12,2.0976341358517723,1322.802740044119,2025-07-28,B200,aws,B200,p6b20048xlarge,us-west-2,0,C:\Users\FarhadBillimoria\OneDrive - Aurora Energy Research\Documents\Personal\Endog_demand_AI\pyai\data\original\prices\B200\EC2_p6b20048xlarge_us-west-2.csv
2026-01-28,2719.3118928751105,2423.3600371531397,3058.85289678393,12,2.055719882152961,1322.802740044119,2025-07-28,B200,aws,B200,p6b20048xlarge,us-west-2,0,C:\Users\FarhadBillimoria\OneDrive - Aurora Energy Research\Documents\Personal\Endog_demand_AI\pyai\data\original\prices\B200\EC2_p6b20048xlarge_us-west-2.csv
2026-01-29,2599.8748661583904,2404.261000812724,2942.586787414373,9,1.9654289996947525,1322.802740044119,2025-07-28,B200,aws,B200,p6b20048xlarge,us-west-2,0,C:\Users\FarhadBillimoria\OneDrive - Aurora Energy Research\Documents\Personal\Endog_demand_AI\pyai\data\original\prices\B200\EC2_p6b20048xlarge_us-west-2.csv
2026-01-30,2640.8500715971973,2394.984326018808,2904.353883664228,12,1.9964050509217406,1322.802740044119,2025-07-28,B200,aws,B200,p6b20048xlarge,us-west-2,0,C:\Users\FarhadBillimoria\OneDrive - Aurora Energy Research\Documents\Personal\Endog_demand_AI\pyai\data\original\prices\B200\EC2_p6b20048xlarge_us-west-2.csv
2026-01-31,2583.0524520179683,2409.6482061999295,2837.060257749912,13,1.9527117489428671,1322.802740044119,2025-07-28,B200,aws,B200,p6b20048xlarge,us-west-2,0,C:\Users\FarhadBillimoria\OneDrive - Aurora Energy Research\Documents\Personal\Endog_demand_AI\pyai\data\original\prices\B200\EC2_p6b20048xlarge_us-west-2.csv
2026-02-01,2493.929894556853,2399.0131197027745,2702.751654475792,11,1.8853377144302512,1322.802740044119,2025-07-28,B200,aws,B200,p6b20048xlarge,us-west-2,0,C:\Users\FarhadBillimoria\OneDrive - Aurora Energy Research\Documents\Personal\Endog_demand_AI\pyai\data\original\prices\B200\EC2_p6b20048xlarge_us-west-2.csv
2026-02-02,2461.084020279422,2358.4233135957265,2664.193660745384,12,1.8605071986752448,1322.802740044119,2025-07-28,B200,aws,B200,p6b20048xlarge,us-west-2,0,C:\Users\FarhadBillimoria\OneDrive - Aurora Energy Research\Documents\Personal\Endog_demand_AI\pyai\data\original\prices\B200\EC2_p6b20048xlarge_us-west-2.csv
2026-02-03,2443.3801617709655,2291.6289330082427,2633.4029954719604,12,1.847123601882978,1322.802740044119,2025-07-28,B200,aws,B200,p6b20048xlarge,us-west-2,0,C:\Users\FarhadBillimoria\OneDrive - Aurora Energy Research\Documents\Personal\Endog_demand_AI\pyai\data\original\prices\B200\EC2_p6b20048xlarge_us-west-2.csv
2026-02-04,2412.1096017647733,2267.305236270753,2575.8852896783924,10,1.8234839774253286,1322.802740044119,2025-07-28,B200,aws,B200,p6b20048xlarge,us-west-2,0,C:\Users\FarhadBillimoria\OneDrive - Aurora Energy Research\Documents\Personal\Endog_demand_AI\pyai\data\original\prices\B200\EC2_p6b20048xlarge_us-west-2.csv
2026-02-05,2323.0385754092645,1985.0458609079294,2518.7623360037146,16,1.7561488989142742,1322.802740044119,2025-07-28,B200,aws,B200,p6b20048xlarge,us-west-2,0,C:\Users\FarhadBillimoria\OneDrive - Aurora Energy Research\Documents\Personal\Endog_demand_AI\pyai\data\original\prices\B200\EC2_p6b20048xlarge_us-west-2.csv
2026-02-06,2221.573700884045,1960.629281318936,2483.931266689887,21,1.6794444353887186,1322.802740044119,2025-07-28,B200,aws,B200,p6b20048xlarge,us-west-2,0,C:\Users\FarhadBillimoria\OneDrive - Aurora Energy Research\Documents\Personal\Endog_demand_AI\pyai\data\original\prices\B200\EC2_p6b20048xlarge_us-west-2.csv
2026-02-07,2188.654824103099,1895.7273888308364,2483.443631719493,25,1.6545587318862838,1322.802740044119,2025-07-28,B200,aws,B200,p6b20048xlarge,us-west-2,0,C:\Users\FarhadBillimoria\OneDrive - Aurora Energy Research\Documents\Personal\Endog_demand_AI\pyai\data\original\prices\B200\EC2_p6b20048xlarge_us-west-2.csv
2026-02-08,2157.5954447018908,1875.3163822129334,2494.57796354348,23,1.6310787537603144,1322.802740044119,2025-07-28,B200,aws,B200,p6b20048xlarge,us-west-2,0,C:\Users\FarhadBillimoria\OneDrive - Aurora Energy Research\Documents\Personal\Endog_demand_AI\pyai\data\original\prices\B200\EC2_p6b20048xlarge_us-west-2.csv
2026-02-09,2128.556832694763,1832.102635550911,2515.5114362010904,25,1.6091264164026227,1322.802740044119,2025-07-28,B200,aws,B200,p6b20048xlarge,us-west-2,0,C:\Users\FarhadBillimoria\OneDrive - Aurora Energy Research\Documents\Personal\Endog_demand_AI\pyai\data\original\prices\B200\EC2_p6b20048xlarge_us-west-2.csv
2026-02-10,2134.0486322495312,1784.488563798908,2521.8506908162076,23,1.6132780554856994,1322.802740044119,2025-07-28,B200,aws,B200,p6b20048xlarge,us-west-2,0,C:\Users\FarhadBillimoria\OneDrive - Aurora Energy Research\Documents\Personal\Endog_demand_AI\pyai\data\original\prices\B200\EC2_p6b20048xlarge_us-west-2.csv
2026-02-11,2038.7892720306509,1728.5266457680245,2489.7480552652955,25,1.5412647784224063,1322.802740044119,2025-07-28,B200,aws,B200,p6b20048xlarge,us-west-2,0,C:\Users\FarhadBillimoria\OneDrive - Aurora Energy Research\Documents\Personal\Endog_demand_AI\pyai\data\original\prices\B200\EC2_p6b20048xlarge_us-west-2.csv
2026-02-12,2083.591663764077,1709.6365958434917,2456.461163357714,20,1.5751340700236105,1322.802740044119,2025-07-28,B200,aws,B200,p6b20048xlarge,us-west-2,0,C:\Users\FarhadBillimoria\OneDrive - Aurora Energy Research\Documents\Personal\Endog_demand_AI\pyai\data\original\prices\B200\EC2_p6b20048xlarge_us-west-2.csv
2026-02-13,2055.8585305711736,1683.6293974225002,2429.1536050156733,21,1.5541686362870741,1322.802740044119,2025-07-28,B200,aws,B200,p6b20048xlarge,us-west-2,0,C:\Users\FarhadBillimoria\OneDrive - Aurora Energy Research\Documents\Personal\Endog_demand_AI\pyai\data\original\prices\B200\EC2_p6b20048xlarge_us-west-2.csv
2026-02-14,2034.8265261308732,1630.291419946592,2394.9262742366186,23,1.538269058970203,1322.802740044119,2025-07-28,B200,aws,B200,p6b20048xlarge,us-west-2,0,C:\Users\FarhadBillimoria\OneDrive - Aurora Energy Research\Documents\Personal\Endog_demand_AI\pyai\data\original\prices\B200\EC2_p6b20048xlarge_us-west-2.csv
2026-02-15,2081.0358649439104,1607.8950423778006,2394.5663531870423,21,1.5732019612194803,1322.802740044119,2025-07-28,B200,aws,B200,p6b20048xlarge,us-west-2,0,C:\Users\FarhadBillimoria\OneDrive - Aurora Energy Research\Documents\Personal\Endog_demand_AI\pyai\data\original\prices\B200\EC2_p6b20048xlarge_us-west-2.csv
2026-02-16,2048.110995007546,1555.6716591199345,2407.093927783582,25,1.5483117270676625,1322.802740044119,2025-07-28,B200,aws,B200,p6b20048xlarge,us-west-2,0,C:\Users\FarhadBillimoria\OneDrive - Aurora Energy Research\Documents\Personal\Endog_demand_AI\pyai\data\original\prices\B200\EC2_p6b20048xlarge_us-west-2.csv
2026-02-17,2097.154011378149,1510.1590618831992,2426.0188087774286,24,1.5853868062808845,1322.802740044119,2025-07-28,B200,aws,B200,p6b20048xlarge,us-west-2,0,C:\Users\FarhadBillimoria\OneDrive - Aurora Energy Research\Documents\Personal\Endog_demand_AI\pyai\data\original\prices\B200\EC2_p6b20048xlarge_us-west-2.csv
2026-02-18,2119.6647773450272,1509.810751190061,2414.2807384186685,22,1.6024042838574184,1322.802740044119,2025-07-28,B200,aws,B200,p6b20048xlarge,us-west-2,0,C:\Users\FarhadBillimoria\OneDrive - Aurora Energy Research\Documents\Personal\Endog_demand_AI\pyai\data\original\prices\B200\EC2_p6b20048xlarge_us-west-2.csv
2026-02-19,2129.1167547539358,1524.1611517473582,2420.8522001625442,23,1.60954970102566,1322.802740044119,2025-07-28,B200,aws,B200,p6b20048xlarge,us-west-2,0,C:\Users\FarhadBillimoria\OneDrive - Aurora Energy Research\Documents\Personal\Endog_demand_AI\pyai\data\original\prices\B200\EC2_p6b20048xlarge_us-west-2.csv
2026-02-20,2149.3962614652264,1560.4086845466152,2438.1980726808306,22,1.6248804121720661,1322.802740044119,2025-07-28,B200,aws,B200,p6b20048xlarge,us-west-2,0,C:\Users\FarhadBillimoria\OneDrive - Aurora Energy Research\Documents\Personal\Endog_demand_AI\pyai\data\original\prices\B200\EC2_p6b20048xlarge_us-west-2.csv
2026-02-21,2167.446671521906,1582.2129339370713,2460.0255427841626,22,1.6385259917511328,1322.802740044119,2025-07-28,B200,aws,B200,p6b20048xlarge,us-west-2,0,C:\Users\FarhadBillimoria\OneDrive - Aurora Energy Research\Documents\Personal\Endog_demand_AI\pyai\data\original\prices\B200\EC2_p6b20048xlarge_us-west-2.csv
2026-02-22,2211.6927899686516,1605.7239057239053,2467.7928712411463,20,1.6719747570940817,1322.802740044119,2025-07-28,B200,aws,B200,p6b20048xlarge,us-west-2,0,C:\Users\FarhadBillimoria\OneDrive - Aurora Energy Research\Documents\Personal\Endog_demand_AI\pyai\data\original\prices\B200\EC2_p6b20048xlarge_us-west-2.csv
2025-11-20,7480.829346092504,7480.829346092504,7480.829346092504,1,1.0,7480.829346092504,2025-11-20,B300,aws,B300,p6b30048xlarge,us-west-2,0,C:\Users\FarhadBillimoria\OneDrive - Aurora Energy Research\Documents\Personal\Endog_demand_AI\pyai\data\original\prices\B300\EC2_p6b30048xlarge_us-west-2.csv
2025-11-21,7804.1041998936735,7804.1041998936735,7804.1041998936735,1,1.043213772009119,7480.829346092504,2025-11-20,B300,aws,B300,p6b30048xlarge,us-west-2,0,C:\Users\FarhadBillimoria\OneDrive - Aurora Energy Research\Documents\Personal\Endog_demand_AI\pyai\data\original\prices\B300\EC2_p6b30048xlarge_us-west-2.csv
2025-11-22,8152.7405635300365,7994.152046783626,8219.425837320574,4,1.0898177443104613,7480.829346092504,2025-11-20,B300,aws,B300,p6b30048xlarge,us-west-2,0,C:\Users\FarhadBillimoria\OneDrive - Aurora Energy Research\Documents\Personal\Endog_demand_AI\pyai\data\original\prices\B300\EC2_p6b30048xlarge_us-west-2.csv
2025-11-23,8342.503987240829,8262.445507708664,8404.199893673578,4,1.1151843734543159,7480.829346092504,2025-11-20,B300,aws,B300,p6b30048xlarge,us-west-2,0,C:\Users\FarhadBillimoria\OneDrive - Aurora Energy Research\Documents\Personal\Endog_demand_AI\pyai\data\original\prices\B300\EC2_p6b30048xlarge_us-west-2.csv
2025-11-24,8718.580542264752,8496.959064327484,9001.286549707602,4,1.1654564138425063,7480.829346092504,2025-11-20,B300,aws,B300,p6b30048xlarge,us-west-2,0,C:\Users\FarhadBillimoria\OneDrive - Aurora Energy Research\Documents\Personal\Endog_demand_AI\pyai\data\original\prices\B300\EC2_p6b30048xlarge_us-west-2.csv
2025-11-25,9117.139819245082,9029.718234981392,9280.967570441255,5,1.2187338325004404,7480.829346092504,2025-11-20,B300,aws,B300,p6b30048xlarge,us-west-2,0,C:\Users\FarhadBillimoria\OneDrive - Aurora Energy Research\Documents\Personal\Endog_demand_AI\pyai\data\original\prices\B300\EC2_p6b30048xlarge_us-west-2.csv
2025-11-26,9371.16427432217,9301.020733652313,9410.143540669857,3,1.2526905561904111,7480.829346092504,2025-11-20,B300,aws,B300,p6b30048xlarge,us-west-2,0,C:\Users\FarhadBillimoria\OneDrive - Aurora Energy Research\Documents\Personal\Endog_demand_AI\pyai\data\original\prices\B300\EC2_p6b30048xlarge_us-west-2.csv
2025-11-27,9940.506113769272,9546.581605528974,10339.564061669325,5,1.3287973370173913,7480.829346092504,2025-11-20,B300,aws,B300,p6b30048xlarge,us-west-2,0,C:\Users\FarhadBillimoria\OneDrive - Aurora Energy Research\Documents\Personal\Endog_demand_AI\pyai\data\original\prices\B300\EC2_p6b30048xlarge_us-west-2.csv
2025-11-28,10464.455077086655,10379.744816586921,10607.69803296119,3,1.3988362242954522,7480.829346092504,2025-11-20,B300,aws,B300,p6b30048xlarge,us-west-2,0,C:\Users\FarhadBillimoria\OneDrive - Aurora Energy Research\Documents\Personal\Endog_demand_AI\pyai\data\original\prices\B300\EC2_p6b30048xlarge_us-west-2.csv
2025-11-29,10915.0,10867.846889952154,10952.216905901116,4,1.4590628251266395,7480.829346092504,2025-11-20,B300,aws,B300,p6b30048xlarge,us-west-2,0,C:\Users\FarhadBillimoria\OneDrive - Aurora Energy Research\Documents\Personal\Endog_demand_AI\pyai\data\original\prices\B300\EC2_p6b30048xlarge_us-west-2.csv
2025-11-30,11230.87187666135,11030.43062200957,11336.703880914407,4,1.5012870040308595,7480.829346092504,2025-11-20,B300,aws,B300,p6b30048xlarge,us-west-2,0,C:\Users\FarhadBillimoria\OneDrive - Aurora Energy Research\Documents\Personal\Endog_demand_AI\pyai\data\original\prices\B300\EC2_p6b30048xlarge_us-west-2.csv
2025-12-01,11631.419457735246,11525.688463583201,11791.472620946304,3,1.5548302092749569,7480.829346092504,2025-11-20,B300,aws,B300,p6b30048xlarge,us-west-2,0,C:\Users\FarhadBillimoria\OneDrive - Aurora Energy Research\Documents\Personal\Endog_demand_AI\pyai\data\original\prices\B300\EC2_p6b30048xlarge_us-west-2.csv
2025-12-02,12067.96384901648,11850.388091440724,12282.977139819244,4,1.6131852887835216,7480.829346092504,2025-11-20,B300,aws,B300,p6b30048xlarge,us-west-2,0,C:\Users\FarhadBillimoria\OneDrive - Aurora Energy Research\Documents\Personal\Endog_demand_AI\pyai\data\original\prices\B300\EC2_p6b30048xlarge_us-west-2.csv
2025-12-03,12637.658160552897,12545.135566188197,12738.479532163743,4,1.6893391863235034,7480.829346092504,2025-11-20,B300,aws,B300,p6b30048xlarge,us-west-2,0,C:\Users\FarhadBillimoria\OneDrive - Aurora Energy Research\Documents\Personal\Endog_demand_AI\pyai\data\original\prices\B300\EC2_p6b30048xlarge_us-west-2.csv
2025-12-04,13087.325890483786,12951.057947900053,13234.38596491228,4,1.7494485283666774,7480.829346092504,2025-11-20,B300,aws,B300,p6b30048xlarge,us-west-2,0,C:\Users\FarhadBillimoria\OneDrive - Aurora Energy Research\Documents\Personal\Endog_demand_AI\pyai\data\original\prices\B300\EC2_p6b30048xlarge_us-west-2.csv
2025-12-05,13005.930356193514,12922.222222222223,13087.931951089846,4,1.7385679788280375,7480.829346092504,2025-11-20,B300,aws,B300,p6b30048xlarge,us-west-2,0,C:\Users\FarhadBillimoria\OneDrive - Aurora Energy Research\Documents\Personal\Endog_demand_AI\pyai\data\original\prices\B300\EC2_p6b30048xlarge_us-west-2.csv
2025-12-06,12590.281765018608,12434.417862838916,12767.02817650186,5,1.6830061457818106,7480.829346092504,2025-11-20,B300,aws,B300,p6b30048xlarge,us-west-2,0,C:\Users\FarhadBillimoria\OneDrive - Aurora Energy Research\Documents\Personal\Endog_demand_AI\pyai\data\original\prices\B300\EC2_p6b30048xlarge_us-west-2.csv
2025-12-07,12275.619351408825,12236.501860712387,12321.775651249336,3,1.6409436418731842,7480.829346092504,2025-11-20,B300,aws,B300,p6b30048xlarge,us-west-2,0,C:\Users\FarhadBillimoria\OneDrive - Aurora Energy Research\Documents\Personal\Endog_demand_AI\pyai\data\original\prices\B300\EC2_p6b30048xlarge_us-west-2.csv
2025-12-08,11932.219032429557,11731.919191919193,12107.63423710792,5,1.5950395979373821,7480.829346092504,2025-11-20,B300,aws,B300,p6b30048xlarge,us-west-2,0,C:\Users\FarhadBillimoria\OneDrive - Aurora Energy Research\Documents\Personal\Endog_demand_AI\pyai\data\original\prices\B300\EC2_p6b30048xlarge_us-west-2.csv
2025-12-09,11481.791600212653,11368.261562998405,11594.726209463051,4,1.5348287026771958,7480.829346092504,2025-11-20,B300,aws,B300,p6b30048xlarge,us-west-2,0,C:\Users\FarhadBillimoria\OneDrive - Aurora Energy Research\Documents\Personal\Endog_demand_AI\pyai\data\original\prices\B300\EC2_p6b30048xlarge_us-west-2.csv
2025-12-11,10636.11908559277,10636.11908559277,10636.11908559277,1,1.4217834137799685,7480.829346092504,2025-11-20,B300,aws,B300,p6b30048xlarge,us-west-2,0,C:\Users\FarhadBillimoria\OneDrive - Aurora Energy Research\Documents\Personal\Endog_demand_AI\pyai\data\original\prices\B300\EC2_p6b30048xlarge_us-west-2.csv
2025-12-12,10490.84529505582,10446.56034024455,10562.41360978203,3,1.4023639371663452,7480.829346092504,2025-11-20,B300,aws,B300,p6b30048xlarge,us-west-2,0,C:\Users\FarhadBillimoria\OneDrive - Aurora Energy Research\Documents\Personal\Endog_demand_AI\pyai\data\original\prices\B300\EC2_p6b30048xlarge_us-west-2.csv
2025-12-13,10259.853801169591,10125.943646996278,10369.728867623604,4,1.3714861449858722,7480.829346092504,2025-11-20,B300,aws,B300,p6b30048xlarge,us-west-2,0,C:\Users\FarhadBillimoria\OneDrive - Aurora Energy Research\Documents\Personal\Endog_demand_AI\pyai\data\original\prices\B300\EC2_p6b30048xlarge_us-west-2.csv
2025-12-14,9975.140882509304,9879.234449760765,10035.704412546518,5,1.3334271403637439,7480.829346092504,2025-11-20,B300,aws,B300,p6b30048xlarge,us-west-2,0,C:\Users\FarhadBillimoria\OneDrive - Aurora Energy Research\Documents\Personal\Endog_demand_AI\pyai\data\original\prices\B300\EC2_p6b30048xlarge_us-west-2.csv
2025-12-15,9641.671451355662,9543.338649654439,9777.59702286018,5,1.2888506080401152,7480.829346092504,2025-11-20,B300,aws,B300,p6b30048xlarge,us-west-2,0,C:\Users\FarhadBillimoria\OneDrive - Aurora Energy Research\Documents\Personal\Endog_demand_AI\pyai\data\original\prices\B300\EC2_p6b30048xlarge_us-west-2.csv
2025-12-16,9317.18447634237,9148.601807549176,9451.174906964381,5,1.2454748057057414,7480.829346092504,2025-11-20,B300,aws,B300,p6b30048xlarge,us-west-2,0,C:\Users\FarhadBillimoria\OneDrive - Aurora Energy Research\Documents\Personal\Endog_demand_AI\pyai\data\original\prices\B300\EC2_p6b30048xlarge_us-west-2.csv
2025-12-17,8955.940988835726,8809.611908559276,9081.180223285486,4,1.1971855758898875,7480.829346092504,2025-11-20,B300,aws,B300,p6b30048xlarge,us-west-2,0,C:\Users\FarhadBillimoria\OneDrive - Aurora Energy Research\Documents\Personal\Endog_demand_AI\pyai\data\original\prices\B300\EC2_p6b30048xlarge_us-west-2.csv
2025-12-18,8645.70707070707,8601.052631578947,8728.538011695906,4,1.1557150511958976,7480.829346092504,2025-11-20,B300,aws,B300,p6b30048xlarge,us-west-2,0,C:\Users\FarhadBillimoria\OneDrive - Aurora Energy Research\Documents\Personal\Endog_demand_AI\pyai\data\original\prices\B300\EC2_p6b30048xlarge_us-west-2.csv
2025-12-19,8394.744816586921,8257.192982456141,8501.360978203084,4,1.122167667274991,7480.829346092504,2025-11-20,B300,aws,B300,p6b30048xlarge,us-west-2,0,C:\Users\FarhadBillimoria\OneDrive - Aurora Energy Research\Documents\Personal\Endog_demand_AI\pyai\data\original\prices\B300\EC2_p6b30048xlarge_us-west-2.csv
2025-12-20,8114.89898989899,8035.502392344497,8211.642743221691,4,1.0847592712615055,7480.829346092504,2025-11-20,B300,aws,B300,p6b30048xlarge,us-west-2,0,C:\Users\FarhadBillimoria\OneDrive - Aurora Energy Research\Documents\Personal\Endog_demand_AI\pyai\data\original\prices\B300\EC2_p6b30048xlarge_us-west-2.csv
2025-12-21,7830.049973418395,7715.800106326422,7954.354066985646,5,1.0466820737607523,7480.829346092504,2025-11-20,B300,aws,B300,p6b30048xlarge,us-west-2,0,C:\Users\FarhadBillimoria\OneDrive - Aurora Energy Research\Documents\Personal\Endog_demand_AI\pyai\data\original\prices\B300\EC2_p6b30048xlarge_us-west-2.csv
2025-12-22,7611.589580010632,7530.866560340244,7671.366294524189,4,1.017479376666496,7480.829346092504,2025-11-20,B300,aws,B300,p6b30048xlarge,us-west-2,0,C:\Users\FarhadBillimoria\OneDrive - Aurora Energy Research\Documents\Personal\Endog_demand_AI\pyai\data\original\prices\B300\EC2_p6b30048xlarge_us-west-2.csv
2025-12-23,7437.916002126529,7344.306220095694,7523.147262094631,4,0.9942635579585316,7480.829346092504,2025-11-20,B300,aws,B300,p6b30048xlarge,us-west-2,0,C:\Users\FarhadBillimoria\OneDrive - Aurora Energy Research\Documents\Personal\Endog_demand_AI\pyai\data\original\prices\B300\EC2_p6b30048xlarge_us-west-2.csv
2025-12-24,7184.227538543329,7133.312068048911,7264.359383306751,5,0.9603517479376666,7480.829346092504,2025-11-20,B300,aws,B300,p6b30048xlarge,us-west-2,0,C:\Users\FarhadBillimoria\OneDrive - Aurora Energy Research\Documents\Personal\Endog_demand_AI\pyai\data\original\prices\B300\EC2_p6b30048xlarge_us-west-2.csv
2025-12-25,7075.420875420875,7019.691653375864,7124.997341839447,3,0.9458070152498014,7480.829346092504,2025-11-20,B300,aws,B300,p6b30048xlarge,us-west-2,0,C:\Users\FarhadBillimoria\OneDrive - Aurora Energy Research\Documents\Personal\Endog_demand_AI\pyai\data\original\prices\B300\EC2_p6b30048xlarge_us-west-2.csv
2025-12-26,6897.543859649122,6860.255183413078,6938.872939925571,4,0.9220293019051354,7480.829346092504,2025-11-20,B300,aws,B300,p6b30048xlarge,us-west-2,0,C:\Users\FarhadBillimoria\OneDrive - Aurora Energy Research\Documents\Personal\Endog_demand_AI\pyai\data\original\prices\B300\EC2_p6b30048xlarge_us-west-2.csv
2025-12-27,6751.1451355661875,6696.948431685274,6812.5571504518875,5,0.902459449779127,7480.829346092504,2025-11-20,B300,aws,B300,p6b30048xlarge,us-west-2,0,C:\Users\FarhadBillimoria\OneDrive - Aurora Energy Research\Documents\Personal\Endog_demand_AI\pyai\data\original\prices\B300\EC2_p6b30048xlarge_us-west-2.csv
2025-12-28,6645.741626794258,6611.642743221691,6694.587985114301,4,0.8883696338114648,7480.829346092504,2025-11-20,B300,aws,B300,p6b30048xlarge,us-west-2,0,C:\Users\FarhadBillimoria\OneDrive - Aurora Energy Research\Documents\Personal\Endog_demand_AI\pyai\data\original\prices\B300\EC2_p6b30048xlarge_us-west-2.csv
2025-12-29,6444.527733475102,6325.699096225412,6569.824561403509,6,0.8614723629327677,7480.829346092504,2025-11-20,B300,aws,B300,p6b30048xlarge,us-west-2,0,C:\Users\FarhadBillimoria\OneDrive - Aurora Energy Research\Documents\Personal\Endog_demand_AI\pyai\data\original\prices\B300\EC2_p6b30048xlarge_us-west-2.csv
2025-12-30,6284.976076555024,6257.543859649123,6311.398192450823,3,0.840144292268595,7480.829346092504,2025-11-20,B300,aws,B300,p6b30048xlarge,us-west-2,0,C:\Users\FarhadBillimoria\OneDrive - Aurora Energy Research\Documents\Personal\Endog_demand_AI\pyai\data\original\prices\B300\EC2_p6b30048xlarge_us-west-2.csv
2025-12-31,6210.636186425659,6199.702286018075,6223.317384370015,3,0.8302069060925296,7480.829346092504,2025-11-20,B300,aws,B300,p6b30048xlarge,us-west-2,0,C:\Users\FarhadBillimoria\OneDrive - Aurora Energy Research\Documents\Personal\Endog_demand_AI\pyai\data\original\prices\B300\EC2_p6b30048xlarge_us-west-2.csv
2026-01-01,6140.196703880914,6100.446570972887,6198.426368952684,4,0.8207909069718522,7480.829346092504,2025-11-20,B300,aws,B300,p6b30048xlarge,us-west-2,0,C:\Users\FarhadBillimoria\OneDrive - Aurora Energy Research\Documents\Personal\Endog_demand_AI\pyai\data\original\prices\B300\EC2_p6b30048xlarge_us-west-2.csv
2026-01-02,6073.035619351409,6054.768740031897,6090.419989367358,3,0.8118131477659714,7480.829346092504,2025-11-20,B300,aws,B300,p6b30048xlarge,us-west-2,0,C:\Users\FarhadBillimoria\OneDrive - Aurora Energy Research\Documents\Personal\Endog_demand_AI\pyai\data\original\prices\B300\EC2_p6b30048xlarge_us-west-2.csv
2026-01-03,5929.911394648237,5853.322700691122,5989.090909090909,6,0.7926810144045906,7480.829346092504,2025-11-20,B300,aws,B300,p6b30048xlarge,us-west-2,0,C:\Users\FarhadBillimoria\OneDrive - Aurora Energy Research\Documents\Personal\Endog_demand_AI\pyai\data\original\prices\B300\EC2_p6b30048xlarge_us-west-2.csv
2026-01-04,5774.364699627857,5735.9276980329605,5812.429558745348,4,0.771888307095791,7480.829346092504,2025-11-20,B300,aws,B300,p6b30048xlarge,us-west-2,0,C:\Users\FarhadBillimoria\OneDrive - Aurora Energy Research\Documents\Personal\Endog_demand_AI\pyai\data\original\prices\B300\EC2_p6b30048xlarge_us-west-2.csv
2026-01-05,5593.012227538543,5508.09144072302,5680.116959064328,5,0.7476460120641526,7480.829346092504,2025-11-20,B300,aws,B300,p6b30048xlarge,us-west-2,0,C:\Users\FarhadBillimoria\OneDrive - Aurora Energy Research\Documents\Personal\Endog_demand_AI\pyai\data\original\prices\B300\EC2_p6b30048xlarge_us-west-2.csv
2026-01-06,5442.8442317916,5389.133439659756,5506.921850079745,4,0.7275723024793481,7480.829346092504,2025-11-20,B300,aws,B300,p6b30048xlarge,us-west-2,0,C:\Users\FarhadBillimoria\OneDrive - Aurora Energy Research\Documents\Personal\Endog_demand_AI\pyai\data\original\prices\B300\EC2_p6b30048xlarge_us-west-2.csv
2026-01-07,5305.978203083466,5232.674109516214,5371.887293992557,4,0.7092767335823483,7480.829346092504,2025-11-20,B300,aws,B300,p6b30048xlarge,us-west-2,0,C:\Users\FarhadBillimoria\OneDrive - Aurora Energy Research\Documents\Personal\Endog_demand_AI\pyai\data\original\prices\B300\EC2_p6b30048xlarge_us-west-2.csv
2026-01-08,5157.519050150629,5126.879319510898,5182.115895800106,3,0.6894314535920512,7480.829346092504,2025-11-20,B300,aws,B300,p6b30048xlarge,us-west-2,0,C:\Users\FarhadBillimoria\OneDrive - Aurora Energy Research\Documents\Personal\Endog_demand_AI\pyai\data\original\prices\B300\EC2_p6b30048xlarge_us-west-2.csv
2026-01-09,4992.131844763424,4992.131844763424,4992.131844763424,1,0.6673233158795404,7480.829346092504,2025-11-20,B300,aws,B300,p6b30048xlarge,us-west-2,0,C:\Users\FarhadBillimoria\OneDrive - Aurora Energy Research\Documents\Personal\Endog_demand_AI\pyai\data\original\prices\B300\EC2_p6b30048xlarge_us-west-2.csv
2026-01-10,4956.608187134502,4935.906432748538,4989.782030834662,3,0.6625746902946676,7480.829346092504,2025-11-20,B300,aws,B300,p6b30048xlarge,us-west-2,0,C:\Users\FarhadBillimoria\OneDrive - Aurora Energy Research\Documents\Personal\Endog_demand_AI\pyai\data\original\prices\B300\EC2_p6b30048xlarge_us-west-2.csv
2026-01-11,4849.016480595428,4779.160021265285,4915.130249867091,4,0.6481923669503619,7480.829346092504,2025-11-20,B300,aws,B300,p6b30048xlarge,us-west-2,0,C:\Users\FarhadBillimoria\OneDrive - Aurora Energy Research\Documents\Personal\Endog_demand_AI\pyai\data\original\prices\B300\EC2_p6b30048xlarge_us-west-2.csv
2026-01-12,4735.481127060074,4704.455077086655,4778.288144603934,3,0.6330155264848515,7480.829346092504,2025-11-20,B300,aws,B300,p6b30048xlarge,us-west-2,0,C:\Users\FarhadBillimoria\OneDrive - Aurora Energy Research\Documents\Personal\Endog_demand_AI\pyai\data\original\prices\B300\EC2_p6b30048xlarge_us-west-2.csv
2026-01-13,4601.214247740563,4570.398724082935,4656.406166932483,5,0.6150673989300313,7480.829346092504,2025-11-20,B300,aws,B300,p6b30048xlarge,us-west-2,0,C:\Users\FarhadBillimoria\OneDrive - Aurora Energy Research\Documents\Personal\Endog_demand_AI\pyai\data\original\prices\B300\EC2_p6b30048xlarge_us-west-2.csv
2026-01-14,4507.514619883041,4458.490164805954,4569.8564593301435,4,0.6025420994581933,7480.829346092504,2025-11-20,B300,aws,B300,p6b30048xlarge,us-west-2,0,C:\Users\FarhadBillimoria\OneDrive - Aurora Energy Research\Documents\Personal\Endog_demand_AI\pyai\data\original\prices\B300\EC2_p6b30048xlarge_us-west-2.csv
2026-01-15,4378.253588516746,4343.965975544923,4404.508240297714,4,0.5852631287203015,7480.829346092504,2025-11-20,B300,aws,B300,p6b30048xlarge,us-west-2,0,C:\Users\FarhadBillimoria\OneDrive - Aurora Energy Research\Documents\Personal\Endog_demand_AI\pyai\data\original\prices\B300\EC2_p6b30048xlarge_us-west-2.csv
2026-01-16,4288.716108452951,4258.670919723551,4312.663476874003,4,0.573294204431103,7480.829346092504,2025-11-20,B300,aws,B300,p6b30048xlarge,us-west-2,0,C:\Users\FarhadBillimoria\OneDrive - Aurora Energy Research\Documents\Personal\Endog_demand_AI\pyai\data\original\prices\B300\EC2_p6b30048xlarge_us-west-2.csv
2026-01-17,4200.555555555556,4158.830409356725,4255.863902179692,4,0.561509340906119,7480.829346092504,2025-11-20,B300,aws,B300,p6b30048xlarge,us-west-2,0,C:\Users\FarhadBillimoria\OneDrive - Aurora Energy Research\Documents\Personal\Endog_demand_AI\pyai\data\original\prices\B300\EC2_p6b30048xlarge_us-west-2.csv
2026-01-18,4119.7155768208395,4095.959595959596,4156.5124933545985,4,0.550703055266554,7480.829346092504,2025-11-20,B300,aws,B300,p6b30048xlarge,us-west-2,0,C:\Users\FarhadBillimoria\OneDrive - Aurora Energy Research\Documents\Personal\Endog_demand_AI\pyai\data\original\prices\B300\EC2_p6b30048xlarge_us-west-2.csv
2026-01-19,4019.3434343434346,3974.0031897926638,4067.9851143009037,4,0.5372858072805626,7480.829346092504,2025-11-20,B300,aws,B300,p6b30048xlarge,us-west-2,0,C:\Users\FarhadBillimoria\OneDrive - Aurora Energy Research\Documents\Personal\Endog_demand_AI\pyai\data\original\prices\B300\EC2_p6b30048xlarge_us-west-2.csv
2026-01-20,3894.148502569555,3874.4497607655503,3925.8373205741627,3,0.5205503724802389,7480.829346092504,2025-11-20,B300,aws,B300,p6b30048xlarge,us-west-2,0,C:\Users\FarhadBillimoria\OneDrive - Aurora Energy Research\Documents\Personal\Endog_demand_AI\pyai\data\original\prices\B300\EC2_p6b30048xlarge_us-west-2.csv
2026-01-21,3852.4322169059014,3815.470494417863,3869.973418394471,4,0.5149739472292815,7480.829346092504,2025-11-20,B300,aws,B300,p6b30048xlarge,us-west-2,0,C:\Users\FarhadBillimoria\OneDrive - Aurora Energy Research\Documents\Personal\Endog_demand_AI\pyai\data\original\prices\B300\EC2_p6b30048xlarge_us-west-2.csv
2026-01-22,3767.3843700159487,3749.718234981393,3797.3950026581606,4,0.5036051747369139,7480.829346092504,2025-11-20,B300,aws,B300,p6b30048xlarge,us-west-2,0,C:\Users\FarhadBillimoria\OneDrive - Aurora Energy Research\Documents\Personal\Endog_demand_AI\pyai\data\original\prices\B300\EC2_p6b30048xlarge_us-west-2.csv
2026-01-23,3677.7830940988833,3635.619351408825,3704.8272195640616,4,0.49162772253585985,7480.829346092504,2025-11-20,B300,aws,B300,p6b30048xlarge,us-west-2,0,C:\Users\FarhadBillimoria\OneDrive - Aurora Energy Research\Documents\Personal\Endog_demand_AI\pyai\data\original\prices\B300\EC2_p6b30048xlarge_us-west-2.csv
2026-01-24,3607.2727272727266,3588.4423179160017,3620.489101541733,3,0.482202247957565,7480.829346092504,2025-11-20,B300,aws,B300,p6b30048xlarge,us-west-2,0,C:\Users\FarhadBillimoria\OneDrive - Aurora Energy Research\Documents\Personal\Endog_demand_AI\pyai\data\original\prices\B300\EC2_p6b30048xlarge_us-west-2.csv
2026-01-25,3513.6895268474213,3480.9144072301965,3554.577352472089,4,0.4696925119248634,7480.829346092504,2025-11-20,B300,aws,B300,p6b30048xlarge,us-west-2,0,C:\Users\FarhadBillimoria\OneDrive - Aurora Energy Research\Documents\Personal\Endog_demand_AI\pyai\data\original\prices\B300\EC2_p6b30048xlarge_us-west-2.csv
2026-01-26,3438.0754917597023,3413.705475810739,3459.2876129718234,3,0.4595848043981284,7480.829346092504,2025-11-20,B300,aws,B300,p6b30048xlarge,us-west-2,0,C:\Users\FarhadBillimoria\OneDrive - Aurora Energy Research\Documents\Personal\Endog_demand_AI\pyai\data\original\prices\B300\EC2_p6b30048xlarge_us-west-2.csv
2026-01-27,3349.586390217969,3330.398724082934,3386.3051568314722,5,0.4477560221270886,7480.829346092504,2025-11-20,B300,aws,B300,p6b30048xlarge,us-west-2,0,C:\Users\FarhadBillimoria\OneDrive - Aurora Energy Research\Documents\Personal\Endog_demand_AI\pyai\data\original\prices\B300\EC2_p6b30048xlarge_us-west-2.csv
2026-01-28,3287.29044834308,3259.659755449229,3302.147793726741,3,0.43942861095476604,7480.829346092504,2025-11-20,B300,aws,B300,p6b30048xlarge,us-west-2,0,C:\Users\FarhadBillimoria\OneDrive - Aurora Energy Research\Documents\Personal\Endog_demand_AI\pyai\data\original\prices\B300\EC2_p6b30048xlarge_us-west-2.csv
2026-01-29,3199.8272195640616,3173.8755980861242,3243.987240829346,4,0.4277369622440916,7480.829346092504,2025-11-20,B300,aws,B300,p6b30048xlarge,us-west-2,0,C:\Users\FarhadBillimoria\OneDrive - Aurora Energy Research\Documents\Personal\Endog_demand_AI\pyai\data\original\prices\B300\EC2_p6b30048xlarge_us-west-2.csv
2026-01-30,3112.521708311182,3094.098883572568,3138.9154704944176,3,0.4160663964266154,7480.829346092504,2025-11-20,B300,aws,B300,p6b30048xlarge,us-west-2,0,C:\Users\FarhadBillimoria\OneDrive - Aurora Energy Research\Documents\Personal\Endog_demand_AI\pyai\data\original\prices\B300\EC2_p6b30048xlarge_us-west-2.csv
2026-01-31,3072.861952861953,3047.8256246677297,3089.7607655502393,3,0.41076487788977767,7480.829346092504,2025-11-20,B300,aws,B300,p6b30048xlarge,us-west-2,0,C:\Users\FarhadBillimoria\OneDrive - Aurora Energy Research\Documents\Personal\Endog_demand_AI\pyai\data\original\prices\B300\EC2_p6b30048xlarge_us-west-2.csv
2026-02-01,3001.499202551834,2969.5906432748534,3013.9500265816055,5,0.40122546093363576,7480.829346092504,2025-11-20,B300,aws,B300,p6b30048xlarge,us-west-2,0,C:\Users\FarhadBillimoria\OneDrive - Aurora Energy Research\Documents\Personal\Endog_demand_AI\pyai\data\original\prices\B300\EC2_p6b30048xlarge_us-west-2.csv
2026-02-02,2916.0685805422645,2889.4630515683148,2942.6687931951087,4,0.3898055209701352,7480.829346092504,2025-11-20,B300,aws,B300,p6b30048xlarge,us-west-2,0,C:\Users\FarhadBillimoria\OneDrive - Aurora Energy Research\Documents\Personal\Endog_demand_AI\pyai\data\original\prices\B300\EC2_p6b30048xlarge_us-west-2.csv
2026-02-03,2838.4284954811274,2796.7676767676767,2874.5454545454545,5,0.37942698117605594,7480.829346092504,2025-11-20,B300,aws,B300,p6b30048xlarge,us-west-2,0,C:\Users\FarhadBillimoria\OneDrive - Aurora Energy Research\Documents\Personal\Endog_demand_AI\pyai\data\original\prices\B300\EC2_p6b30048xlarge_us-west-2.csv
2026-02-04,2763.8490164805953,2737.0547581073897,2775.959595959596,4,0.36945756795324425,7480.829346092504,2025-11-20,B300,aws,B300,p6b30048xlarge,us-west-2,0,C:\Users\FarhadBillimoria\OneDrive - Aurora Energy Research\Documents\Personal\Endog_demand_AI\pyai\data\original\prices\B300\EC2_p6b30048xlarge_us-west-2.csv
2026-02-05,2699.6916533758636,2696.310473152578,2704.8059542796386,3,0.3608813312638933,7480.829346092504,2025-11-20,B300,aws,B300,p6b30048xlarge,us-west-2,0,C:\Users\FarhadBillimoria\OneDrive - Aurora Energy Research\Documents\Personal\Endog_demand_AI\pyai\data\original\prices\B300\EC2_p6b30048xlarge_us-west-2.csv
2026-02-06,2672.716640085061,2644.869750132908,2696.1403508771928,4,0.35727544586765814,7480.829346092504,2025-11-20,B300,aws,B300,p6b30048xlarge,us-west-2,0,C:\Users\FarhadBillimoria\OneDrive - Aurora Energy Research\Documents\Personal\Endog_demand_AI\pyai\data\original\prices\B300\EC2_p6b30048xlarge_us-west-2.csv
2026-02-07,2599.2216905901114,2577.299308878256,2623.6682615629984,5,0.3474510071463901,7480.829346092504,2025-11-20,B300,aws,B300,p6b30048xlarge,us-west-2,0,C:\Users\FarhadBillimoria\OneDrive - Aurora Energy Research\Documents\Personal\Endog_demand_AI\pyai\data\original\prices\B300\EC2_p6b30048xlarge_us-west-2.csv
2026-02-08,2552.060960482013,2530.675172780436,2569.654439128123,3,0.3411467956844975,7480.829346092504,2025-11-20,B300,aws,B300,p6b30048xlarge,us-west-2,0,C:\Users\FarhadBillimoria\OneDrive - Aurora Energy Research\Documents\Personal\Endog_demand_AI\pyai\data\original\prices\B300\EC2_p6b30048xlarge_us-west-2.csv
2026-02-09,2487.4800637958533,2468.569909622541,2517.745879851143,4,0.3325139431358837,7480.829346092504,2025-11-20,B300,aws,B300,p6b30048xlarge,us-west-2,0,C:\Users\FarhadBillimoria\OneDrive - Aurora Energy Research\Documents\Personal\Endog_demand_AI\pyai\data\original\prices\B300\EC2_p6b30048xlarge_us-west-2.csv
2026-02-10,2429.059011164274,2410.515683147262,2448.527379053695,3,0.3247045078542068,7480.829346092504,2025-11-20,B300,aws,B300,p6b30048xlarge,us-west-2,0,C:\Users\FarhadBillimoria\OneDrive - Aurora Energy Research\Documents\Personal\Endog_demand_AI\pyai\data\original\prices\B300\EC2_p6b30048xlarge_us-west-2.csv
2026-02-11,2365.728335991494,2329.346092503987,2399.415204678363,4,0.3162387786893168,7480.829346092504,2025-11-20,B300,aws,B300,p6b30048xlarge,us-west-2,0,C:\Users\FarhadBillimoria\OneDrive - Aurora Energy Research\Documents\Personal\Endog_demand_AI\pyai\data\original\prices\B300\EC2_p6b30048xlarge_us-west-2.csv
2026-02-12,2299.4130781499202,2293.2482721956408,2319.691653375864,5,0.3073740853814535,7480.829346092504,2025-11-20,B300,aws,B300,p6b30048xlarge,us-west-2,0,C:\Users\FarhadBillimoria\OneDrive - Aurora Energy Research\Documents\Personal\Endog_demand_AI\pyai\data\original\prices\B300\EC2_p6b30048xlarge_us-west-2.csv
2026-02-13,2286.775119617225,2281.275917065391,2294.1626794258373,5,0.30568470604287834,7480.829346092504,2025-11-20,B300,aws,B300,p6b30048xlarge,us-west-2,0,C:\Users\FarhadBillimoria\OneDrive - Aurora Energy Research\Documents\Personal\Endog_demand_AI\pyai\data\original\prices\B300\EC2_p6b30048xlarge_us-west-2.csv
2026-02-14,2280.66985645933,2278.0967570441253,2284.6039340776183,4,0.30486858487830665,7480.829346092504,2025-11-20,B300,aws,B300,p6b30048xlarge,us-west-2,0,C:\Users\FarhadBillimoria\OneDrive - Aurora Energy Research\Documents\Personal\Endog_demand_AI\pyai\data\original\prices\B300\EC2_p6b30048xlarge_us-west-2.csv
2026-02-15,2291.7632465000884,2287.9425837320573,2297.9904306220096,3,0.30635149399540246,7480.829346092504,2025-11-20,B300,aws,B300,p6b30048xlarge,us-west-2,0,C:\Users\FarhadBillimoria\OneDrive - Aurora Energy Research\Documents\Personal\Endog_demand_AI\pyai\data\original\prices\B300\EC2_p6b30048xlarge_us-west-2.csv
2026-02-16,2307.628920786816,2303.0409356725145,2312.2169059011167,2,0.30847233829657805,7480.829346092504,2025-11-20,B300,aws,B300,p6b30048xlarge,us-west-2,0,C:\Users\FarhadBillimoria\OneDrive - Aurora Energy Research\Documents\Personal\Endog_demand_AI\pyai\data\original\prices\B300\EC2_p6b30048xlarge_us-west-2.csv
2026-02-17,2330.6432748538014,2324.965443912812,2334.949494949495,3,0.3115487824984508,7480.829346092504,2025-11-20,B300,aws,B300,p6b30048xlarge,us-west-2,0,C:\Users\FarhadBillimoria\OneDrive - Aurora Energy Research\Documents\Personal\Endog_demand_AI\pyai\data\original\prices\B300\EC2_p6b30048xlarge_us-west-2.csv
2026-02-18,2351.4433811802232,2338.234981392876,2364.3806485911746,4,0.31432923709300536,7480.829346092504,2025-11-20,B300,aws,B300,p6b30048xlarge,us-west-2,0,C:\Users\FarhadBillimoria\OneDrive - Aurora Energy Research\Documents\Personal\Endog_demand_AI\pyai\data\original\prices\B300\EC2_p6b30048xlarge_us-west-2.csv
2026-02-19,2368.6204146730465,2364.7102604997344,2372.2169059011167,4,0.31662537736009966,7480.829346092504,2025-11-20,B300,aws,B300,p6b30048xlarge,us-west-2,0,C:\Users\FarhadBillimoria\OneDrive - Aurora Energy Research\Documents\Personal\Endog_demand_AI\pyai\data\original\prices\B300\EC2_p6b30048xlarge_us-west-2.csv
2026-02-20,2376.8527379053694,2372.1956406166933,2380.712387028176,3,0.31772583331912013,7480.829346092504,2025-11-20,B300,aws,B300,p6b30048xlarge,us-west-2,0,C:\Users\FarhadBillimoria\OneDrive - Aurora Energy Research\Documents\Personal\Endog_demand_AI\pyai\data\original\prices\B300\EC2_p6b30048xlarge_us-west-2.csv
2026-02-21,2389.9229133439662,2385.3588516746413,2393.290802764487,4,0.31947298926051637,7480.829346092504,2025-11-20,B300,aws,B300,p6b30048xlarge,us-west-2,0,C:\Users\FarhadBillimoria\OneDrive - Aurora Energy Research\Documents\Personal\Endog_demand_AI\pyai\data\original\prices\B300\EC2_p6b30048xlarge_us-west-2.csv
2026-02-22,2389.1041998936735,2386.0925039872404,2392.1956406166933,4,0.31936354772503733,7480.829346092504,2025-11-20,B300,aws,B300,p6b30048xlarge,us-west-2,0,C:\Users\FarhadBillimoria\OneDrive - Aurora Energy Research\Documents\Personal\Endog_demand_AI\pyai\data\original\prices\B300\EC2_p6b30048xlarge_us-west-2.csv
2026-02-23,2376.3785220627324,2368.7081339712918,2382.7113237639555,5,0.31766244250766085,7480.829346092504,2025-11-20,B300,aws,B300,p6b30048xlarge,us-west-2,0,C:\Users\FarhadBillimoria\OneDrive - Aurora Energy Research\Documents\Personal\Endog_demand_AI\pyai\data\original\prices\B300\EC2_p6b30048xlarge_us-west-2.csv
2026-02-24,2368.2119440014176,2366.1775651249336,2371.1004784688994,3,0.31657077503558034,7480.829346092504,2025-11-20,B300,aws,B300,p6b30048xlarge,us-west-2,0,C:\Users\FarhadBillimoria\OneDrive - Aurora Energy Research\Documents\Personal\Endog_demand_AI\pyai\data\original\prices\B300\EC2_p6b30048xlarge_us-west-2.csv
2026-02-25,2375.156831472621,2372.121212121212,2378.9898989898993,4,0.31749913299562804,7480.829346092504,2025-11-20,B300,aws,B300,p6b30048xlarge,us-west-2,0,C:\Users\FarhadBillimoria\OneDrive - Aurora Energy Research\Documents\Personal\Endog_demand_AI\pyai\data\original\prices\B300\EC2_p6b30048xlarge_us-west-2.csv
2026-02-26,2367.5172780435937,2364.029771398192,2371.004784688995,2,0.3164779155509315,7480.829346092504,2025-11-20,B300,aws,B300,p6b30048xlarge,us-west-2,0,C:\Users\FarhadBillimoria\OneDrive - Aurora Energy Research\Documents\Personal\Endog_demand_AI\pyai\data\original\prices\B300\EC2_p6b30048xlarge_us-west-2.csv
2026-02-27,2354.968102073365,2352.64221158958,2359.2344497607655,4,0.3148004042230219,7480.829346092504,2025-11-20,B300,aws,B300,p6b30048xlarge,us-west-2,0,C:\Users\FarhadBillimoria\OneDrive - Aurora Energy Research\Documents\Personal\Endog_demand_AI\pyai\data\original\prices\B300\EC2_p6b30048xlarge_us-west-2.csv
2026-02-28,2338.2704235335814,2326.9431153641676,2349.5481127060075,3,0.31256834173806425,7480.829346092504,2025-11-20,B300,aws,B300,p6b30048xlarge,us-west-2,0,C:\Users\FarhadBillimoria\OneDrive - Aurora Energy Research\Documents\Personal\Endog_demand_AI\pyai\data\original\prices\B300\EC2_p6b30048xlarge_us-west-2.csv
2026-03-01,2311.8500797448164,2306.932482721956,2319.06432748538,4,0.3090366017976838,7480.829346092504,2025-11-20,B300,aws,B300,p6b30048xlarge,us-west-2,0,C:\Users\FarhadBillimoria\OneDrive - Aurora Energy Research\Documents\Personal\Endog_demand_AI\pyai\data\original\prices\B300\EC2_p6b30048xlarge_us-west-2.csv
2026-03-02,2296.717171717172,2291.1004784688994,2302.1903242955873,4,0.30701371003962635,7480.829346092504,2025-11-20,B300,aws,B300,p6b30048xlarge,us-west-2,0,C:\Users\FarhadBillimoria\OneDrive - Aurora Energy Research\Documents\Personal\Endog_demand_AI\pyai\data\original\prices\B300\EC2_p6b30048xlarge_us-west-2.csv
2026-03-03,2269.09799751905,2253.2057416267944,2283.487506645401,3,0.30332171642229455,7480.829346092504,2025-11-20,B300,aws,B300,p6b30048xlarge,us-west-2,0,C:\Users\FarhadBillimoria\OneDrive - Aurora Energy Research\Documents\Personal\Endog_demand_AI\pyai\data\original\prices\B300\EC2_p6b30048xlarge_us-west-2.csv
2026-03-04,2227.074251284778,2217.2674109516215,2241.031366294524,3,0.2977041913739224,7480.829346092504,2025-11-20,B300,aws,B300,p6b30048xlarge,us-west-2,0,C:\Users\FarhadBillimoria\OneDrive - Aurora Energy Research\Documents\Personal\Endog_demand_AI\pyai\data\original\prices\B300\EC2_p6b30048xlarge_us-west-2.csv
2026-03-05,2206.2280701754385,2200.723019670388,2213.2057416267944,4,0.2949175777319165,7480.829346092504,2025-11-20,B300,aws,B300,p6b30048xlarge,us-west-2,0,C:\Users\FarhadBillimoria\OneDrive - Aurora Energy Research\Documents\Personal\Endog_demand_AI\pyai\data\original\prices\B300\EC2_p6b30048xlarge_us-west-2.csv
2026-03-06,2142.7565124933544,2109.43115364168,2170.9728867623603,4,0.28643301609501226,7480.829346092504,2025-11-20,B300,aws,B300,p6b30048xlarge,us-west-2,0,C:\Users\FarhadBillimoria\OneDrive - Aurora Energy Research\Documents\Personal\Endog_demand_AI\pyai\data\original\prices\B300\EC2_p6b30048xlarge_us-west-2.csv
2026-03-07,2054.1041998936735,2014.9282296650715,2103.9766081871344,4,0.27458241658280885,7480.829346092504,2025-11-20,B300,aws,B300,p6b30048xlarge,us-west-2,0,C:\Users\FarhadBillimoria\OneDrive - Aurora Energy Research\Documents\Personal\Endog_demand_AI\pyai\data\original\prices\B300\EC2_p6b30048xlarge_us-west-2.csv
2026-03-08,2011.1988304093566,2005.6884635832002,2015.1727804359382,4,0.2688470405303224,7480.829346092504,2025-11-20,B300,aws,B300,p6b30048xlarge,us-west-2,0,C:\Users\FarhadBillimoria\OneDrive - Aurora Energy Research\Documents\Personal\Endog_demand_AI\pyai\data\original\prices\B300\EC2_p6b30048xlarge_us-west-2.csv
2026-03-09,1991.7889420520999,1980.7868155236577,2002.2647527910685,4,0.2662524233482856,7480.829346092504,2025-11-20,B300,aws,B300,p6b30048xlarge,us-west-2,0,C:\Users\FarhadBillimoria\OneDrive - Aurora Energy Research\Documents\Personal\Endog_demand_AI\pyai\data\original\prices\B300\EC2_p6b30048xlarge_us-west-2.csv
2026-03-10,1961.0136452241713,1943.572567783094,1977.5757575757575,3,0.26213853498054684,7480.829346092504,2025-11-20,B300,aws,B300,p6b30048xlarge,us-west-2,0,C:\Users\FarhadBillimoria\OneDrive - Aurora Energy Research\Documents\Personal\Endog_demand_AI\pyai\data\original\prices\B300\EC2_p6b30048xlarge_us-west-2.csv
2026-03-11,1928.9553429027112,1914.2264752791068,1943.2961190855929,4,0.2578531408299364,7480.829346092504,2025-11-20,B300,aws,B300,p6b30048xlarge,us-west-2,0,C:\Users\FarhadBillimoria\OneDrive - Aurora Energy Research\Documents\Personal\Endog_demand_AI\pyai\data\original\prices\B300\EC2_p6b30048xlarge_us-west-2.csv
2026-03-12,1897.4534821903244,1890.0159489633174,1909.1759702286017,4,0.2536421290216211,7480.829346092504,2025-11-20,B300,aws,B300,p6b30048xlarge,us-west-2,0,C:\Users\FarhadBillimoria\OneDrive - Aurora Energy Research\Documents\Personal\Endog_demand_AI\pyai\data\original\prices\B300\EC2_p6b30048xlarge_us-west-2.csv
2026-03-13,1888.936735778841,1886.6347687400319,1889.9627857522592,4,0.2525036527889114,7480.829346092504,2025-11-20,B300,aws,B300,p6b30048xlarge,us-west-2,0,C:\Users\FarhadBillimoria\OneDrive - Aurora Energy Research\Documents\Personal\Endog_demand_AI\pyai\data\original\prices\B300\EC2_p6b30048xlarge_us-west-2.csv
2026-03-14,1881.212121212121,1880.66985645933,1882.4986709197233,4,0.25147106479507425,7480.829346092504,2025-11-20,B300,aws,B300,p6b30048xlarge,us-west-2,0,C:\Users\FarhadBillimoria\OneDrive - Aurora Energy Research\Documents\Personal\Endog_demand_AI\pyai\data\original\prices\B300\EC2_p6b30048xlarge_us-west-2.csv
2026-03-15,1897.0476696792484,1892.1318447634237,1901.7969165337583,3,0.25358788202676247,7480.829346092504,2025-11-20,B300,aws,B300,p6b30048xlarge,us-west-2,0,C:\Users\FarhadBillimoria\OneDrive - Aurora Energy Research\Documents\Personal\Endog_demand_AI\pyai\data\original\prices\B300\EC2_p6b30048xlarge_us-west-2.csv
2026-03-16,1907.0600744284952,1905.4545454545455,1908.1977671451355,4,0.25492629041519554,7480.829346092504,2025-11-20,B300,aws,B300,p6b30048xlarge,us-west-2,0,C:\Users\FarhadBillimoria\OneDrive - Aurora Energy Research\Documents\Personal\Endog_demand_AI\pyai\data\original\prices\B300\EC2_p6b30048xlarge_us-west-2.csv
2026-03-17,1907.6129718234981,1904.8803827751199,1909.8564593301435,4,0.25500019898460996,7480.829346092504,2025-11-20,B300,aws,B300,p6b30048xlarge,us-west-2,0,C:\Users\FarhadBillimoria\OneDrive - Aurora Energy Research\Documents\Personal\Endog_demand_AI\pyai\data\original\prices\B300\EC2_p6b30048xlarge_us-west-2.csv
2026-03-18,1904.7400318979264,1900.2870813397128,1907.2833599149387,5,0.2546161586873838,7480.829346092504,2025-11-20,B300,aws,B300,p6b30048xlarge,us-west-2,0,C:\Users\FarhadBillimoria\OneDrive - Aurora Energy Research\Documents\Personal\Endog_demand_AI\pyai\data\original\prices\B300\EC2_p6b30048xlarge_us-west-2.csv
2026-03-19,1899.4329257487152,1897.171717171717,1900.9675704412546,3,0.2539067311755821,7480.829346092504,2025-11-20,B300,aws,B300,p6b30048xlarge,us-west-2,0,C:\Users\FarhadBillimoria\OneDrive - Aurora Energy Research\Documents\Personal\Endog_demand_AI\pyai\data\original\prices\B300\EC2_p6b30048xlarge_us-west-2.csv
2026-03-20,1892.4997341839448,1885.4226475279104,1901.1483253588515,5,0.2529799366660413,7480.829346092504,2025-11-20,B300,aws,B300,p6b30048xlarge,us-west-2,0,C:\Users\FarhadBillimoria\OneDrive - Aurora Energy Research\Documents\Personal\Endog_demand_AI\pyai\data\original\prices\B300\EC2_p6b30048xlarge_us-west-2.csv
2026-03-21,1876.4238880028352,1873.5566188197765,1880.4465709728868,3,0.25083099763303063,7480.829346092504,2025-11-20,B300,aws,B300,p6b30048xlarge,us-west-2,0,C:\Users\FarhadBillimoria\OneDrive - Aurora Energy Research\Documents\Personal\Endog_demand_AI\pyai\data\original\prices\B300\EC2_p6b30048xlarge_us-west-2.csv
2026-03-22,1868.1711855396065,1862.8920786815522,1872.1531100478471,4,0.24972781747994519,7480.829346092504,2025-11-20,B300,aws,B300,p6b30048xlarge,us-west-2,0,C:\Users\FarhadBillimoria\OneDrive - Aurora Energy Research\Documents\Personal\Endog_demand_AI\pyai\data\original\prices\B300\EC2_p6b30048xlarge_us-west-2.csv
2026-03-23,1855.45277334751,1851.2068048910153,1859.1493886230726,3,0.24802768349697443,7480.829346092504,2025-11-20,B300,aws,B300,p6b30048xlarge,us-west-2,0,C:\Users\FarhadBillimoria\OneDrive - Aurora Energy Research\Documents\Personal\Endog_demand_AI\pyai\data\original\prices\B300\EC2_p6b30048xlarge_us-west-2.csv
2026-03-24,1838.9934432039697,1835.4066985645934,1842.3179160021266,3,0.2458274822382547,7480.829346092504,2025-11-20,B300,aws,B300,p6b30048xlarge,us-west-2,0,C:\Users\FarhadBillimoria\OneDrive - Aurora Energy Research\Documents\Personal\Endog_demand_AI\pyai\data\original\prices\B300\EC2_p6b30048xlarge_us-west-2.csv
2026-03-25,1826.6524898103844,1822.7325890483787,1833.8862307283357,3,0.2441778050670957,7480.829346092504,2025-11-20,B300,aws,B300,p6b30048xlarge,us-west-2,0,C:\Users\FarhadBillimoria\OneDrive - Aurora Energy Research\Documents\Personal\Endog_demand_AI\pyai\data\original\prices\B300\EC2_p6b30048xlarge_us-west-2.csv
2026-03-26,1807.9611908559277,1801.3290802764488,1813.0994152046783,4,0.24167924533665353,7480.829346092504,2025-11-20,B300,aws,B300,p6b30048xlarge,us-west-2,0,C:\Users\FarhadBillimoria\OneDrive - Aurora Energy Research\Documents\Personal\Endog_demand_AI\pyai\data\original\prices\B300\EC2_p6b30048xlarge_us-west-2.csv
2026-03-27,1788.5406698564593,1782.2328548644339,1794.609250398724,4,0.23908320683597414,7480.829346092504,2025-11-20,B300,aws,B300,p6b30048xlarge,us-west-2,0,C:\Users\FarhadBillimoria\OneDrive - Aurora Energy Research\Documents\Personal\Endog_demand_AI\pyai\data\original\prices\B300\EC2_p6b30048xlarge_us-west-2.csv
2026-03-28,1770.0974658869397,1763.3918128654973,1777.6820839978736,3,0.23661781120719227,7480.829346092504,2025-11-20,B300,aws,B300,p6b30048xlarge,us-west-2,0,C:\Users\FarhadBillimoria\OneDrive - Aurora Energy Research\Documents\Personal\Endog_demand_AI\pyai\data\original\prices\B300\EC2_p6b30048xlarge_us-west-2.csv
2026-03-29,1752.0751373382955,1743.6895268474216,1757.25677830941,3,0.23420867610801266,7480.829346092504,2025-11-20,B300,aws,B300,p6b30048xlarge,us-west-2,0,C:\Users\FarhadBillimoria\OneDrive - Aurora Energy Research\Documents\Personal\Endog_demand_AI\pyai\data\original\prices\B300\EC2_p6b30048xlarge_us-west-2.csv
2026-03-30,1721.399255715045,1705.9968102073362,1742.7644869750131,5,0.23010807706958206,7480.829346092504,2025-11-20,B300,aws,B300,p6b30048xlarge,us-west-2,0,C:\Users\FarhadBillimoria\OneDrive - Aurora Energy Research\Documents\Personal\Endog_demand_AI\pyai\data\original\prices\B300\EC2_p6b30048xlarge_us-west-2.csv
2026-03-31,1698.7382597908916,1695.3535353535353,1701.60552897395,3,0.22707886802393124,7480.829346092504,2025-11-20,B300,aws,B300,p6b30048xlarge,us-west-2,0,C:\Users\FarhadBillimoria\OneDrive - Aurora Energy Research\Documents\Personal\Endog_demand_AI\pyai\data\original\prices\B300\EC2_p6b30048xlarge_us-west-2.csv
2026-04-01,1688.2261208577,1685.5502392344497,1691.6427432216906,3,0.22567365765929667,7480.829346092504,2025-11-20,B300,aws,B300,p6b30048xlarge,us-west-2,0,C:\Users\FarhadBillimoria\OneDrive - Aurora Energy Research\Documents\Personal\Endog_demand_AI\pyai\data\original\prices\B300\EC2_p6b30048xlarge_us-west-2.csv
2026-04-02,1677.7281587807902,1673.1206804891015,1682.4667729930889,3,0.2242703423861855,7480.829346092504,2025-11-20,B300,aws,B300,p6b30048xlarge,us-west-2,0,C:\Users\FarhadBillimoria\OneDrive - Aurora Energy Research\Documents\Personal\Endog_demand_AI\pyai\data\original\prices\B300\EC2_p6b30048xlarge_us-west-2.csv
2026-04-03,1677.203615098352,1674.9920255183413,1678.6815523657629,4,0.22420022399981807,7480.829346092504,2025-11-20,B300,aws,B300,p6b30048xlarge,us-west-2,0,C:\Users\FarhadBillimoria\OneDrive - Aurora Energy Research\Documents\Personal\Endog_demand_AI\pyai\data\original\prices\B300\EC2_p6b30048xlarge_us-west-2.csv
2026-04-04,1683.8950912635125,1683.3599149388624,1684.455077086656,3,0.2250947071988842,7480.829346092504,2025-11-20,B300,aws,B300,p6b30048xlarge,us-west-2,0,C:\Users\FarhadBillimoria\OneDrive - Aurora Energy Research\Documents\Personal\Endog_demand_AI\pyai\data\original\prices\B300\EC2_p6b30048xlarge_us-west-2.csv
2026-04-05,1644.688995215311,1624.0829346092503,1679.9681020733653,4,0.21985383159079666,7480.829346092504,2025-11-20,B300,aws,B300,p6b30048xlarge,us-west-2,0,C:\Users\FarhadBillimoria\OneDrive - Aurora Energy Research\Documents\Personal\Endog_demand_AI\pyai\data\original\prices\B300\EC2_p6b30048xlarge_us-west-2.csv
2026-04-06,1628.9739500265814,1626.8261562998405,1631.7809675704411,4,0.21775312263705773,7480.829346092504,2025-11-20,B300,aws,B300,p6b30048xlarge,us-west-2,0,C:\Users\FarhadBillimoria\OneDrive - Aurora Energy Research\Documents\Personal\Endog_demand_AI\pyai\data\original\prices\B300\EC2_p6b30048xlarge_us-west-2.csv
2026-04-07,1634.722665248981,1633.4609250398723,1635.4917597022861,3,0.21852158224981474,7480.829346092504,2025-11-20,B300,aws,B300,p6b30048xlarge,us-west-2,0,C:\Users\FarhadBillimoria\OneDrive - Aurora Energy Research\Documents\Personal\Endog_demand_AI\pyai\data\original\prices\B300\EC2_p6b30048xlarge_us-west-2.csv
2026-04-08,1635.7823852560696,1634.768740031898,1636.9271664008506,3,0.21866324034119228,7480.829346092504,2025-11-20,B300,aws,B300,p6b30048xlarge,us-west-2,0,C:\Users\FarhadBillimoria\OneDrive - Aurora Energy Research\Documents\Personal\Endog_demand_AI\pyai\data\original\prices\B300\EC2_p6b30048xlarge_us-west-2.csv
2026-04-09,1631.3202197412722,1628.059542796385,1633.7161084529505,3,0.2180667602841879,7480.829346092504,2025-11-20,B300,aws,B300,p6b30048xlarge,us-west-2,0,C:\Users\FarhadBillimoria\OneDrive - Aurora Energy Research\Documents\Personal\Endog_demand_AI\pyai\data\original\prices\B300\EC2_p6b30048xlarge_us-west-2.csv
2026-04-10,1625.0965798334219,1623.1153641679957,1627.049441786284,3,0.2172348151053955,7480.829346092504,2025-11-20,B300,aws,B300,p6b30048xlarge,us-west-2,0,C:\Users\FarhadBillimoria\OneDrive - Aurora Energy Research\Documents\Personal\Endog_demand_AI\pyai\data\original\prices\B300\EC2_p6b30048xlarge_us-west-2.csv
2026-04-11,1624.9787347155768,1623.987240829346,1626.347687400319,4,0.21721906215710687,7480.829346092504,2025-11-20,B300,aws,B300,p6b30048xlarge,us-west-2,0,C:\Users\FarhadBillimoria\OneDrive - Aurora Energy Research\Documents\Personal\Endog_demand_AI\pyai\data\original\prices\B300\EC2_p6b30048xlarge_us-west-2.csv
2026-04-12,1628.89597731703,1627.5279106858054,1630.3242955874534,3,0.21774269963367882,7480.829346092504,2025-11-20,B300,aws,B300,p6b30048xlarge,us-west-2,0,C:\Users\FarhadBillimoria\OneDrive - Aurora Energy Research\Documents\Personal\Endog_demand_AI\pyai\data\original\prices\B300\EC2_p6b30048xlarge_us-west-2.csv
2026-04-13,1632.3267765373027,1631.217437533227,1633.5991493886231,3,0.2182013117823525,7480.829346092504,2025-11-20,B300,aws,B300,p6b30048xlarge,us-west-2,0,C:\Users\FarhadBillimoria\OneDrive - Aurora Energy Research\Documents\Personal\Endog_demand_AI\pyai\data\original\prices\B300\EC2_p6b30048xlarge_us-west-2.csv
2026-04-14,1635.477582846004,1634.7581073896863,1635.8851674641148,3,0.2186224958734382,7480.829346092504,2025-11-20,B300,aws,B300,p6b30048xlarge,us-west-2,0,C:\Users\FarhadBillimoria\OneDrive - Aurora Energy Research\Documents\Personal\Endog_demand_AI\pyai\data\original\prices\B300\EC2_p6b30048xlarge_us-west-2.csv
2026-04-15,1632.9399255715043,1631.1217437533226,1634.375332270069,4,0.2182832744907415,7480.829346092504,2025-11-20,B300,aws,B300,p6b30048xlarge,us-west-2,0,C:\Users\FarhadBillimoria\OneDrive - Aurora Energy Research\Documents\Personal\Endog_demand_AI\pyai\data\original\prices\B300\EC2_p6b30048xlarge_us-west-2.csv
2026-04-16,1628.3111819953926,1627.1557682083996,1629.1653375863903,3,0.2176645271083367,7480.829346092504,2025-11-20,B300,aws,B300,p6b30048xlarge,us-west-2,0,C:\Users\FarhadBillimoria\OneDrive - Aurora Energy Research\Documents\Personal\Endog_demand_AI\pyai\data\original\prices\B300\EC2_p6b30048xlarge_us-west-2.csv
2026-04-17,1585.305688463583,1561.8181818181818,1604.2530568846357,4,0.21191576697196587,7480.829346092504,2025-11-20,B300,aws,B300,p6b30048xlarge,us-west-2,0,C:\Users\FarhadBillimoria\OneDrive - Aurora Energy Research\Documents\Personal\Endog_demand_AI\pyai\data\original\prices\B300\EC2_p6b30048xlarge_us-west-2.csv
2026-04-18,1560.6627680311892,1556.0552897395003,1563.67889420521,3,0.20862162413133745,7480.829346092504,2025-11-20,B300,aws,B300,p6b30048xlarge,us-west-2,0,C:\Users\FarhadBillimoria\OneDrive - Aurora Energy Research\Documents\Personal\Endog_demand_AI\pyai\data\original\prices\B300\EC2_p6b30048xlarge_us-west-2.csv
2026-04-19,1563.2783980152399,1559.5534290271132,1567.1132376395533,3,0.20897126851741302,7480.829346092504,2025-11-20,B300,aws,B300,p6b30048xlarge,us-west-2,0,C:\Users\FarhadBillimoria\OneDrive - Aurora Energy Research\Documents\Personal\Endog_demand_AI\pyai\data\original\prices\B300\EC2_p6b30048xlarge_us-west-2.csv
2026-04-20,1563.564061669325,1546.815523657629,1588.2402977139818,5,0.20900945461161047,7480.829346092504,2025-11-20,B300,aws,B300,p6b30048xlarge,us-west-2,0,C:\Users\FarhadBillimoria\OneDrive - Aurora Energy Research\Documents\Personal\Endog_demand_AI\pyai\data\original\prices\B300\EC2_p6b30048xlarge_us-west-2.csv
2026-04-21,1628.9553429027114,1601.7969165337586,1655.3003721424773,4,0.21775063532943326,7480.829346092504,2025-11-20,B300,aws,B300,p6b30048xlarge,us-west-2,0,C:\Users\FarhadBillimoria\OneDrive - Aurora Energy Research\Documents\Personal\Endog_demand_AI\pyai\data\original\prices\B300\EC2_p6b30048xlarge_us-west-2.csv
2026-04-22,1715.7549175970228,1687.6874003189791,1751.185539606592,4,0.22935357006816642,7480.829346092504,2025-11-20,B300,aws,B300,p6b30048xlarge,us-west-2,0,C:\Users\FarhadBillimoria\OneDrive - Aurora Energy Research\Documents\Personal\Endog_demand_AI\pyai\data\original\prices\B300\EC2_p6b30048xlarge_us-west-2.csv
2026-04-23,1834.322169059011,1790.0372142477406,1881.8288144603932,4,0.2452030495812795,7480.829346092504,2025-11-20,B300,aws,B300,p6b30048xlarge,us-west-2,0,C:\Users\FarhadBillimoria\OneDrive - Aurora Energy Research\Documents\Personal\Endog_demand_AI\pyai\data\original\prices\B300\EC2_p6b30048xlarge_us-west-2.csv
2026-04-24,1920.9728867623603,1890.4199893673576,1936.735778841042,4,0.2567860858590165,7480.829346092504,2025-11-20,B300,aws,B300,p6b30048xlarge,us-west-2,0,C:\Users\FarhadBillimoria\OneDrive - Aurora Energy Research\Documents\Personal\Endog_demand_AI\pyai\data\original\prices\B300\EC2_p6b30048xlarge_us-west-2.csv
2026-04-25,1999.4976076555024,1960.361509835194,2027.2727272727275,4,0.2672828793641589,7480.829346092504,2025-11-20,B300,aws,B300,p6b30048xlarge,us-west-2,0,C:\Users\FarhadBillimoria\OneDrive - Aurora Energy Research\Documents\Personal\Endog_demand_AI\pyai\data\original\prices\B300\EC2_p6b30048xlarge_us-west-2.csv
2026-04-26,2085.1222753854336,2063.732057416268,2125.156831472621,4,0.27872875839288663,7480.829346092504,2025-11-20,B300,aws,B300,p6b30048xlarge,us-west-2,0,C:\Users\FarhadBillimoria\OneDrive - Aurora Energy Research\Documents\Personal\Endog_demand_AI\pyai\data\original\prices\B300\EC2_p6b30048xlarge_us-west-2.csv
2026-04-27,2171.4380648591173,2135.279106858054,2195.0664540138223,4,0.2902670231333822,7480.829346092504,2025-11-20,B300,aws,B300,p6b30048xlarge,us-west-2,0,C:\Users\FarhadBillimoria\OneDrive - Aurora Energy Research\Documents\Personal\Endog_demand_AI\pyai\data\original\prices\B300\EC2_p6b30048xlarge_us-west-2.csv
2026-04-28,2221.9103313840155,2208.8250930356194,2245.1143009037746,3,0.2970139042865075,7480.829346092504,2025-11-20,B300,aws,B300,p6b30048xlarge,us-west-2,0,C:\Users\FarhadBillimoria\OneDrive - Aurora Energy Research\Documents\Personal\Endog_demand_AI\pyai\data\original\prices\B300\EC2_p6b30048xlarge_us-west-2.csv
2026-04-29,2323.051568314726,2285.5715045188726,2358.830409356725,5,0.31053396098764585,7480.829346092504,2025-11-20,B300,aws,B300,p6b30048xlarge,us-west-2,0,C:\Users\FarhadBillimoria\OneDrive - Aurora Energy Research\Documents\Personal\Endog_demand_AI\pyai\data\original\prices\B300\EC2_p6b30048xlarge_us-west-2.csv
2026-04-30,2345.412014885699,2319.457735247209,2362.115895800106,4,0.3135229940929997,7480.829346092504,2025-11-20,B300,aws,B300,p6b30048xlarge,us-west-2,0,C:\Users\FarhadBillimoria\OneDrive - Aurora Energy Research\Documents\Personal\Endog_demand_AI\pyai\data\original\prices\B300\EC2_p6b30048xlarge_us-west-2.csv
2026-05-01,2288.9278752436644,2271.1430090377457,2301.8607123870283,3,0.30597247569071345,7480.829346092504,2025-11-20,B300,aws,B300,p6b30048xlarge,us-west-2,0,C:\Users\FarhadBillimoria\OneDrive - Aurora Energy Research\Documents\Personal\Endog_demand_AI\pyai\data\original\prices\B300\EC2_p6b30048xlarge_us-west-2.csv
2026-05-02,2238.883572567783,2228.7081339712918,2254.269005847953,3,0.2992828026129522,7480.829346092504,2025-11-20,B300,aws,B300,p6b30048xlarge,us-west-2,0,C:\Users\FarhadBillimoria\OneDrive - Aurora Energy Research\Documents\Personal\Endog_demand_AI\pyai\data\original\prices\B300\EC2_p6b30048xlarge_us-west-2.csv
2026-05-03,2279.500265816055,2256.236044657097,2328.9314194577355,4,0.30471223982762247,7480.829346092504,2025-11-20,B300,aws,B300,p6b30048xlarge,us-west-2,0,C:\Users\FarhadBillimoria\OneDrive - Aurora Energy Research\Documents\Personal\Endog_demand_AI\pyai\data\original\prices\B300\EC2_p6b30048xlarge_us-west-2.csv
2026-05-04,2409.9175970228603,2386.964380648591,2428.442317916002,4,0.32214577896789526,7480.829346092504,2025-11-20,B300,aws,B300,p6b30048xlarge,us-west-2,0,C:\Users\FarhadBillimoria\OneDrive - Aurora Energy Research\Documents\Personal\Endog_demand_AI\pyai\data\original\prices\B300\EC2_p6b30048xlarge_us-west-2.csv
2026-05-05,2474.059011164274,2446.783625730994,2495.8213716108453,4,0.33071988367928223,7480.829346092504,2025-11-20,B300,aws,B300,p6b30048xlarge,us-west-2,0,C:\Users\FarhadBillimoria\OneDrive - Aurora Energy Research\Documents\Personal\Endog_demand_AI\pyai\data\original\prices\B300\EC2_p6b30048xlarge_us-west-2.csv
2026-05-06,2510.845295055821,2500.6060606060605,2524.0085061137693,4,0.33563729085296173,7480.829346092504,2025-11-20,B300,aws,B300,p6b30048xlarge,us-west-2,0,C:\Users\FarhadBillimoria\OneDrive - Aurora Energy Research\Documents\Personal\Endog_demand_AI\pyai\data\original\prices\B300\EC2_p6b30048xlarge_us-west-2.csv
2026-05-07,2542.4933545986178,2533.8011695906434,2551.185539606592,2,0.33986784579261253,7480.829346092504,2025-11-20,B300,aws,B300,p6b30048xlarge,us-west-2,0,C:\Users\FarhadBillimoria\OneDrive - Aurora Energy Research\Documents\Personal\Endog_demand_AI\pyai\data\original\prices\B300\EC2_p6b30048xlarge_us-west-2.csv
2026-05-08,2568.4104199893673,2551.185539606592,2585.6353003721424,2,0.3433323099839106,7480.829346092504,2025-11-20,B300,aws,B300,p6b30048xlarge,us-west-2,0,C:\Users\FarhadBillimoria\OneDrive - Aurora Energy Research\Documents\Personal\Endog_demand_AI\pyai\data\original\prices\B300\EC2_p6b30048xlarge_us-west-2.csv
2026-05-09,2641.9968102073367,2618.6071238702816,2668.973950026582,5,0.35316897204550496,7480.829346092504,2025-11-20,B300,aws,B300,p6b30048xlarge,us-west-2,0,C:\Users\FarhadBillimoria\OneDrive - Aurora Energy Research\Documents\Personal\Endog_demand_AI\pyai\data\original\prices\B300\EC2_p6b30048xlarge_us-west-2.csv
2026-05-10,2678.068403331561,2677.1929824561403,2679.7022860180755,3,0.3579908429177587,7480.829346092504,2025-11-20,B300,aws,B300,p6b30048xlarge,us-west-2,0,C:\Users\FarhadBillimoria\OneDrive - Aurora Energy Research\Documents\Personal\Endog_demand_AI\pyai\data\original\prices\B300\EC2_p6b30048xlarge_us-west-2.csv
2026-05-11,2684.3452064504695,2680.7549175970225,2688.09144072302,3,0.358829894689764,7480.829346092504,2025-11-20,B300,aws,B300,p6b30048xlarge,us-west-2,0,C:\Users\FarhadBillimoria\OneDrive - Aurora Energy Research\Documents\Personal\Endog_demand_AI\pyai\data\original\prices\B300\EC2_p6b30048xlarge_us-west-2.csv
2026-05-12,2704.4550770866563,2693.492822966507,2724.433811802233,5,0.36151808201577096,7480.829346092504,2025-11-20,B300,aws,B300,p6b30048xlarge,us-west-2,0,C:\Users\FarhadBillimoria\OneDrive - Aurora Energy Research\Documents\Personal\Endog_demand_AI\pyai\data\original\prices\B300\EC2_p6b30048xlarge_us-west-2.csv
2026-05-13,2732.299308878256,2730.4837852206274,2733.769271664008,4,0.36524016021103733,7480.829346092504,2025-11-20,B300,aws,B300,p6b30048xlarge,us-west-2,0,C:\Users\FarhadBillimoria\OneDrive - Aurora Energy Research\Documents\Personal\Endog_demand_AI\pyai\data\original\prices\B300\EC2_p6b30048xlarge_us-west-2.csv
2026-05-14,2707.4428495481125,2700.4997341839444,2714.035087719298,3,0.361917472554337,7480.829346092504,2025-11-20,B300,aws,B300,p6b30048xlarge,us-west-2,0,C:\Users\FarhadBillimoria\OneDrive - Aurora Energy Research\Documents\Personal\Endog_demand_AI\pyai\data\original\prices\B300\EC2_p6b30048xlarge_us-west-2.csv
2026-05-15,2696.696792486266,2693.0462519936204,2700.4040404040406,3,0.36048099317956556,7480.829346092504,2025-11-20,B300,aws,B300,p6b30048xlarge,us-west-2,0,C:\Users\FarhadBillimoria\OneDrive - Aurora Energy Research\Documents\Personal\Endog_demand_AI\pyai\data\original\prices\B300\EC2_p6b30048xlarge_us-west-2.csv
2026-05-16,2714.364699627857,2704.0723019670386,2723.6895268474213,3,0.36284275099065905,7480.829346092504,2025-11-20,B300,aws,B300,p6b30048xlarge,us-west-2,0,C:\Users\FarhadBillimoria\OneDrive - Aurora Energy Research\Documents\Personal\Endog_demand_AI\pyai\data\original\prices\B300\EC2_p6b30048xlarge_us-west-2.csv
2026-05-17,2768.125996810207,2745.645933014354,2785.592769803296,4,0.3700292933772236,7480.829346092504,2025-11-20,B300,aws,B300,p6b30048xlarge,us-west-2,0,C:\Users\FarhadBillimoria\OneDrive - Aurora Energy Research\Documents\Personal\Endog_demand_AI\pyai\data\original\prices\B300\EC2_p6b30048xlarge_us-west-2.csv
2026-05-18,2802.3179160021264,2793.5885167464116,2814.0988835725675,4,0.37459989880211264,7480.829346092504,2025-11-20,B300,aws,B300,p6b30048xlarge,us-west-2,0,C:\Users\FarhadBillimoria\OneDrive - Aurora Energy Research\Documents\Personal\Endog_demand_AI\pyai\data\original\prices\B300\EC2_p6b30048xlarge_us-west-2.csv
2026-05-19,2814.4417862838914,2807.410951621478,2817.1929824561403,4,0.37622055738431887,7480.829346092504,2025-11-20,B300,aws,B300,p6b30048xlarge,us-west-2,0,C:\Users\FarhadBillimoria\OneDrive - Aurora Energy Research\Documents\Personal\Endog_demand_AI\pyai\data\original\prices\B300\EC2_p6b30048xlarge_us-west-2.csv
2024-12-19,2015.2826971008783,2015.2826971008783,2015.2826971008783,1,1.0,2015.2826971008783,2024-12-19,H100,aws,H100,p548xlarge,us-west-1,1,C:\Users\FarhadBillimoria\OneDrive - Aurora Energy Research\Documents\Personal\Endog_demand_AI\pyai\data\original\prices\H100\EC2_p548xlarge_us-west-1.csv
2024-12-20,2042.8227075954344,2033.7793519611696,2051.866063229699,2,1.0136655817737998,2015.2826971008783,2024-12-19,H100,aws,H100,p548xlarge,us-west-1,1,C:\Users\FarhadBillimoria\OneDrive - Aurora Energy Research\Documents\Personal\Endog_demand_AI\pyai\data\original\prices\H100\EC2_p548xlarge_us-west-1.csv
2024-12-21,2149.488390397481,2073.9538239538238,2232.94634658271,5,1.0665939788445893,2015.2826971008783,2024-12-19,H100,aws,H100,p548xlarge,us-west-1,1,C:\Users\FarhadBillimoria\OneDrive - Aurora Energy Research\Documents\Personal\Endog_demand_AI\pyai\data\original\prices\H100\EC2_p548xlarge_us-west-1.csv
2024-12-22,2317.739079102715,2278.7944378853467,2360.471599107962,4,1.1500813669650123,2015.2826971008783,2024-12-19,H100,aws,H100,p548xlarge,us-west-1,1,C:\Users\FarhadBillimoria\OneDrive - Aurora Energy Research\Documents\Personal\Endog_demand_AI\pyai\data\original\prices\H100\EC2_p548xlarge_us-west-1.csv
2024-12-23,2403.2246162927977,2376.541387905024,2426.5381083562897,4,1.1925000000000001,2015.2826971008783,2024-12-19,H100,aws,H100,p548xlarge,us-west-1,1,C:\Users\FarhadBillimoria\OneDrive - Aurora Energy Research\Documents\Personal\Endog_demand_AI\pyai\data\original\prices\H100\EC2_p548xlarge_us-west-1.csv
2024-12-24,2473.8128033582575,2429.9980322707593,2505.263675718221,4,1.2275264442636291,2015.2826971008783,2024-12-19,H100,aws,H100,p548xlarge,us-west-1,1,C:\Users\FarhadBillimoria\OneDrive - Aurora Energy Research\Documents\Personal\Endog_demand_AI\pyai\data\original\prices\H100\EC2_p548xlarge_us-west-1.csv
2024-12-25,2537.698412698412,2509.5926800472253,2563.918404827495,3,1.2592270138323842,2015.2826971008783,2024-12-19,H100,aws,H100,p548xlarge,us-west-1,1,C:\Users\FarhadBillimoria\OneDrive - Aurora Energy Research\Documents\Personal\Endog_demand_AI\pyai\data\original\prices\H100\EC2_p548xlarge_us-west-1.csv
2024-12-26,2652.8925619834704,2573.511084874721,2741.915912370457,6,1.3163873067534582,2015.2826971008783,2024-12-19,H100,aws,H100,p548xlarge,us-west-1,1,C:\Users\FarhadBillimoria\OneDrive - Aurora Energy Research\Documents\Personal\Endog_demand_AI\pyai\data\original\prices\H100\EC2_p548xlarge_us-west-1.csv
2024-12-27,2755.8293978748516,2753.2139577594116,2758.444837990292,2,1.3674654190398698,2015.2826971008783,2024-12-19,H100,aws,H100,p548xlarge,us-west-1,1,C:\Users\FarhadBillimoria\OneDrive - Aurora Energy Research\Documents\Personal\Endog_demand_AI\pyai\data\original\prices\H100\EC2_p548xlarge_us-west-1.csv
2024-12-28,2882.596254755345,2812.8853469762553,2941.3944641217363,4,1.4303681855166803,2015.2826971008783,2024-12-19,H100,aws,H100,p548xlarge,us-west-1,1,C:\Users\FarhadBillimoria\OneDrive - Aurora Energy Research\Documents\Personal\Endog_demand_AI\pyai\data\original\prices\H100\EC2_p548xlarge_us-west-1.csv
2024-12-29,3027.7613800341064,2979.617604617604,3075.1180637544267,4,1.5024003254678602,2015.2826971008783,2024-12-19,H100,aws,H100,p548xlarge,us-west-1,1,C:\Users\FarhadBillimoria\OneDrive - Aurora Energy Research\Documents\Personal\Endog_demand_AI\pyai\data\original\prices\H100\EC2_p548xlarge_us-west-1.csv
2024-12-30,3139.3398268398264,3099.25554243736,3173.963662600026,4,1.5577664768104151,2015.2826971008783,2024-12-19,H100,aws,H100,p548xlarge,us-west-1,1,C:\Users\FarhadBillimoria\OneDrive - Aurora Energy Research\Documents\Personal\Endog_demand_AI\pyai\data\original\prices\H100\EC2_p548xlarge_us-west-1.csv
2024-12-31,3233.1923127377668,3177.1940181031086,3288.0263675718215,4,1.6043368592351508,2015.2826971008783,2024-12-19,H100,aws,H100,p548xlarge,us-west-1,1,C:\Users\FarhadBillimoria\OneDrive - Aurora Energy Research\Documents\Personal\Endog_demand_AI\pyai\data\original\prices\H100\EC2_p548xlarge_us-west-1.csv
2025-01-01,3357.778269710087,3298.8980716253436,3393.627836809654,4,1.6661574450772987,2015.2826971008783,2024-12-19,H100,aws,H100,p548xlarge,us-west-1,1,C:\Users\FarhadBillimoria\OneDrive - Aurora Energy Research\Documents\Personal\Endog_demand_AI\pyai\data\original\prices\H100\EC2_p548xlarge_us-west-1.csv
2025-01-02,3434.671389216843,3404.729109274563,3462.006427915518,3,1.7043124491456472,2015.2826971008783,2024-12-19,H100,aws,H100,p548xlarge,us-west-1,1,C:\Users\FarhadBillimoria\OneDrive - Aurora Energy Research\Documents\Personal\Endog_demand_AI\pyai\data\original\prices\H100\EC2_p548xlarge_us-west-1.csv
2025-01-03,3492.763129126765,3478.78131969041,3513.314967860422,3,1.7331380526173044,2015.2826971008783,2024-12-19,H100,aws,H100,p548xlarge,us-west-1,1,C:\Users\FarhadBillimoria\OneDrive - Aurora Energy Research\Documents\Personal\Endog_demand_AI\pyai\data\original\prices\H100\EC2_p548xlarge_us-west-1.csv
2025-01-04,3594.232366959639,3543.7655778564863,3658.0250557523277,6,1.7834879305668567,2015.2826971008783,2024-12-19,H100,aws,H100,p548xlarge,us-west-1,1,C:\Users\FarhadBillimoria\OneDrive - Aurora Energy Research\Documents\Personal\Endog_demand_AI\pyai\data\original\prices\H100\EC2_p548xlarge_us-west-1.csv
2025-01-05,3725.969106650924,3696.920503738685,3745.720188902006,4,1.8488567941415788,2015.2826971008783,2024-12-19,H100,aws,H100,p548xlarge,us-west-1,1,C:\Users\FarhadBillimoria\OneDrive - Aurora Energy Research\Documents\Personal\Endog_demand_AI\pyai\data\original\prices\H100\EC2_p548xlarge_us-west-1.csv
2025-01-06,3840.56473829201,3786.8785255148887,3887.4786829332274,4,1.905720097640358,2015.2826971008783,2024-12-19,H100,aws,H100,p548xlarge,us-west-1,1,C:\Users\FarhadBillimoria\OneDrive - Aurora Energy Research\Documents\Personal\Endog_demand_AI\pyai\data\original\prices\H100\EC2_p548xlarge_us-west-1.csv
2025-01-07,3965.7328151646325,3916.994621540075,4012.019546110454,4,1.9678295362082996,2015.2826971008783,2024-12-19,H100,aws,H100,p548xlarge,us-west-1,1,C:\Users\FarhadBillimoria\OneDrive - Aurora Energy Research\Documents\Personal\Endog_demand_AI\pyai\data\original\prices\H100\EC2_p548xlarge_us-west-1.csv
2025-01-08,4101.821789321788,4051.6528925619828,4151.875901875901,4,2.0353580146460537,2015.2826971008783,2024-12-19,H100,aws,H100,p548xlarge,us-west-1,1,C:\Users\FarhadBillimoria\OneDrive - Aurora Energy Research\Documents\Personal\Endog_demand_AI\pyai\data\original\prices\H100\EC2_p548xlarge_us-west-1.csv
2025-01-09,4234.08052385325,4186.950675587038,4269.267348812802,6,2.1009858963927313,2015.2826971008783,2024-12-19,H100,aws,H100,p548xlarge,us-west-1,1,C:\Users\FarhadBillimoria\OneDrive - Aurora Energy Research\Documents\Personal\Endog_demand_AI\pyai\data\original\prices\H100\EC2_p548xlarge_us-west-1.csv
2025-01-10,4332.345369277187,4308.802308802308,4364.029909484454,4,2.1497457282343375,2015.2826971008783,2024-12-19,H100,aws,H100,p548xlarge,us-west-1,1,C:\Users\FarhadBillimoria\OneDrive - Aurora Energy Research\Documents\Personal\Endog_demand_AI\pyai\data\original\prices\H100\EC2_p548xlarge_us-west-1.csv
2025-01-11,4439.828479601207,4375.6067165158065,4556.375442739079,4,2.2030797396257125,2015.2826971008783,2024-12-19,H100,aws,H100,p548xlarge,us-west-1,1,C:\Users\FarhadBillimoria\OneDrive - Aurora Energy Research\Documents\Personal\Endog_demand_AI\pyai\data\original\prices\H100\EC2_p548xlarge_us-west-1.csv
2025-01-12,4701.425783812147,4642.037255673618,4770.972714154532,4,2.3328864930838082,2015.2826971008783,2024-12-19,H100,aws,H100,p548xlarge,us-west-1,1,C:\Users\FarhadBillimoria\OneDrive - Aurora Energy Research\Documents\Personal\Endog_demand_AI\pyai\data\original\prices\H100\EC2_p548xlarge_us-west-1.csv
2025-01-13,4922.881411517775,4839.236521054702,5045.4709431982155,4,2.442774613506917,2015.2826971008783,2024-12-19,H100,aws,H100,p548xlarge,us-west-1,1,C:\Users\FarhadBillimoria\OneDrive - Aurora Energy Research\Documents\Personal\Endog_demand_AI\pyai\data\original\prices\H100\EC2_p548xlarge_us-west-1.csv
2025-01-14,5218.348255280072,5135.264987537714,5290.617211071755,4,2.5893877135882835,2015.2826971008783,2024-12-19,H100,aws,H100,p548xlarge,us-west-1,1,C:\Users\FarhadBillimoria\OneDrive - Aurora Energy Research\Documents\Personal\Endog_demand_AI\pyai\data\original\prices\H100\EC2_p548xlarge_us-west-1.csv
2025-01-15,5365.410599501507,5317.542306178669,5399.350649350648,5,2.6623612693246543,2015.2826971008783,2024-12-19,H100,aws,H100,p548xlarge,us-west-1,1,C:\Users\FarhadBillimoria\OneDrive - Aurora Energy Research\Documents\Personal\Endog_demand_AI\pyai\data\original\prices\H100\EC2_p548xlarge_us-west-1.csv
2025-01-16,5376.623376623375,5368.555686737504,5388.2493768857385,3,2.667925142392189,2015.2826971008783,2024-12-19,H100,aws,H100,p548xlarge,us-west-1,1,C:\Users\FarhadBillimoria\OneDrive - Aurora Energy Research\Documents\Personal\Endog_demand_AI\pyai\data\original\prices\H100\EC2_p548xlarge_us-west-1.csv
2025-01-17,5369.323101141282,5355.732651187196,5380.903187721368,5,2.6643026851098455,2015.2826971008783,2024-12-19,H100,aws,H100,p548xlarge,us-west-1,1,C:\Users\FarhadBillimoria\OneDrive - Aurora Energy Research\Documents\Personal\Endog_demand_AI\pyai\data\original\prices\H100\EC2_p548xlarge_us-west-1.csv
2025-01-18,5419.798635707725,5380.853994490357,5456.841138659319,3,2.6893490642799027,2015.2826971008783,2024-12-19,H100,aws,H100,p548xlarge,us-west-1,1,C:\Users\FarhadBillimoria\OneDrive - Aurora Energy Research\Documents\Personal\Endog_demand_AI\pyai\data\original\prices\H100\EC2_p548xlarge_us-west-1.csv
2025-01-19,5434.864882592154,5383.2480650662455,5463.0558835104275,5,2.6968250610252236,2015.2826971008783,2024-12-19,H100,aws,H100,p548xlarge,us-west-1,1,C:\Users\FarhadBillimoria\OneDrive - Aurora Energy Research\Documents\Personal\Endog_demand_AI\pyai\data\original\prices\H100\EC2_p548xlarge_us-west-1.csv
2025-01-20,5438.597009051553,5409.386068476976,5467.237308146398,5,2.6986769731489018,2015.2826971008783,2024-12-19,H100,aws,H100,p548xlarge,us-west-1,1,C:\Users\FarhadBillimoria\OneDrive - Aurora Energy Research\Documents\Personal\Endog_demand_AI\pyai\data\original\prices\H100\EC2_p548xlarge_us-west-1.csv
2025-01-21,5374.34409025318,5331.693558966285,5477.830250557522,5,2.6667941415785195,2015.2826971008783,2024-12-19,H100,aws,H100,p548xlarge,us-west-1,1,C:\Users\FarhadBillimoria\OneDrive - Aurora Energy Research\Documents\Personal\Endog_demand_AI\pyai\data\original\prices\H100\EC2_p548xlarge_us-west-1.csv
2025-01-22,5304.866850321395,5294.208316935588,5316.640430276793,3,2.6323189585028484,2015.2826971008783,2024-12-19,H100,aws,H100,p548xlarge,us-west-1,1,C:\Users\FarhadBillimoria\OneDrive - Aurora Energy Research\Documents\Personal\Endog_demand_AI\pyai\data\original\prices\H100\EC2_p548xlarge_us-west-1.csv
2025-01-23,5262.0687393414655,5244.047619047618,5284.8288075560795,4,2.6110821806346625,2015.2826971008783,2024-12-19,H100,aws,H100,p548xlarge,us-west-1,1,C:\Users\FarhadBillimoria\OneDrive - Aurora Energy Research\Documents\Personal\Endog_demand_AI\pyai\data\original\prices\H100\EC2_p548xlarge_us-west-1.csv
2025-01-24,5286.640758231666,5246.8188377279275,5316.148497966679,4,2.6232750203417416,2015.2826971008783,2024-12-19,H100,aws,H100,p548xlarge,us-west-1,1,C:\Users\FarhadBillimoria\OneDrive - Aurora Energy Research\Documents\Personal\Endog_demand_AI\pyai\data\original\prices\H100\EC2_p548xlarge_us-west-1.csv
2025-01-25,5262.630362062179,5239.718614718614,5280.221041584677,4,2.6113608624898297,2015.2826971008783,2024-12-19,H100,aws,H100,p548xlarge,us-west-1,1,C:\Users\FarhadBillimoria\OneDrive - Aurora Energy Research\Documents\Personal\Endog_demand_AI\pyai\data\original\prices\H100\EC2_p548xlarge_us-west-1.csv
2025-01-26,5242.593685775503,5212.186803095893,5279.532336350517,3,2.60141849742338,2015.2826971008783,2024-12-19,H100,aws,H100,p548xlarge,us-west-1,1,C:\Users\FarhadBillimoria\OneDrive - Aurora Energy Research\Documents\Personal\Endog_demand_AI\pyai\data\original\prices\H100\EC2_p548xlarge_us-west-1.csv
2025-01-27,5242.465236783418,5222.51738160829,5272.415715597533,4,2.6013547599674536,2015.2826971008783,2024-12-19,H100,aws,H100,p548xlarge,us-west-1,1,C:\Users\FarhadBillimoria\OneDrive - Aurora Energy Research\Documents\Personal\Endog_demand_AI\pyai\data\original\prices\H100\EC2_p548xlarge_us-west-1.csv
2025-01-28,5254.072106344833,5205.660501115046,5310.589662862389,3,2.6071141849742343,2015.2826971008783,2024-12-19,H100,aws,H100,p548xlarge,us-west-1,1,C:\Users\FarhadBillimoria\OneDrive - Aurora Energy Research\Documents\Personal\Endog_demand_AI\pyai\data\original\prices\H100\EC2_p548xlarge_us-west-1.csv
2025-01-29,5075.33779351961,5045.356158992521,5132.231404958677,5,2.518424735557364,2015.2826971008783,2024-12-19,H100,aws,H100,p548xlarge,us-west-1,1,C:\Users\FarhadBillimoria\OneDrive - Aurora Energy Research\Documents\Personal\Endog_demand_AI\pyai\data\original\prices\H100\EC2_p548xlarge_us-west-1.csv
2025-01-30,5075.3845270890715,5052.800734618915,5097.910927456381,4,2.5184479251423926,2015.2826971008783,2024-12-19,H100,aws,H100,p548xlarge,us-west-1,1,C:\Users\FarhadBillimoria\OneDrive - Aurora Energy Research\Documents\Personal\Endog_demand_AI\pyai\data\original\prices\H100\EC2_p548xlarge_us-west-1.csv
2025-01-31,4993.039157811884,4927.423586514495,5061.1143906598445,4,2.4775874694873883,2015.2826971008783,2024-12-19,H100,aws,H100,p548xlarge,us-west-1,1,C:\Users\FarhadBillimoria\OneDrive - Aurora Energy Research\Documents\Personal\Endog_demand_AI\pyai\data\original\prices\H100\EC2_p548xlarge_us-west-1.csv
2025-02-01,4881.979972889063,4829.299488390397,4965.90909090909,3,2.4224789802007054,2015.2826971008783,2024-12-19,H100,aws,H100,p548xlarge,us-west-1,1,C:\Users\FarhadBillimoria\OneDrive - Aurora Energy Research\Documents\Personal\Endog_demand_AI\pyai\data\original\prices\H100\EC2_p548xlarge_us-west-1.csv
2025-02-02,4789.957201889019,4734.372950282041,4855.19152564607,4,2.3768165174938978,2015.2826971008783,2024-12-19,H100,aws,H100,p548xlarge,us-west-1,1,C:\Users\FarhadBillimoria\OneDrive - Aurora Energy Research\Documents\Personal\Endog_demand_AI\pyai\data\original\prices\H100\EC2_p548xlarge_us-west-1.csv
2025-02-03,4652.996414360049,4594.057457693821,4688.672438672437,3,2.308855438025495,2015.2826971008783,2024-12-19,H100,aws,H100,p548xlarge,us-west-1,1,C:\Users\FarhadBillimoria\OneDrive - Aurora Energy Research\Documents\Personal\Endog_demand_AI\pyai\data\original\prices\H100\EC2_p548xlarge_us-west-1.csv
2025-02-04,4522.247638724911,4462.9574970484055,4593.795093795093,4,2.243976810414972,2015.2826971008783,2024-12-19,H100,aws,H100,p548xlarge,us-west-1,1,C:\Users\FarhadBillimoria\OneDrive - Aurora Energy Research\Documents\Personal\Endog_demand_AI\pyai\data\original\prices\H100\EC2_p548xlarge_us-west-1.csv
2025-02-05,4352.167781713235,4284.878000787091,4405.417814508723,5,2.1595817737998373,2015.2826971008783,2024-12-19,H100,aws,H100,p548xlarge,us-west-1,1,C:\Users\FarhadBillimoria\OneDrive - Aurora Energy Research\Documents\Personal\Endog_demand_AI\pyai\data\original\prices\H100\EC2_p548xlarge_us-west-1.csv
2025-02-06,4089.4373934146656,4033.139839958021,4185.097730552276,4,2.0292127746135074,2015.2826971008783,2024-12-19,H100,aws,H100,p548xlarge,us-west-1,1,C:\Users\FarhadBillimoria\OneDrive - Aurora Energy Research\Documents\Personal\Endog_demand_AI\pyai\data\original\prices\H100\EC2_p548xlarge_us-west-1.csv
2025-02-07,3855.10297783025,3768.2670864489037,3941.1484979666793,5,1.9129340927583405,2015.2826971008783,2024-12-19,H100,aws,H100,p548xlarge,us-west-1,1,C:\Users\FarhadBillimoria\OneDrive - Aurora Energy Research\Documents\Personal\Endog_demand_AI\pyai\data\original\prices\H100\EC2_p548xlarge_us-west-1.csv
2025-02-08,3649.7687918142456,3574.4949494949487,3720.8940049849134,4,1.811045565500407,2015.2826971008783,2024-12-19,H100,aws,H100,p548xlarge,us-west-1,1,C:\Users\FarhadBillimoria\OneDrive - Aurora Energy Research\Documents\Personal\Endog_demand_AI\pyai\data\original\prices\H100\EC2_p548xlarge_us-west-1.csv
2025-02-09,3410.9561524334244,3312.8033582579033,3497.2943722943714,4,1.6925447518307568,2015.2826971008783,2024-12-19,H100,aws,H100,p548xlarge,us-west-1,1,C:\Users\FarhadBillimoria\OneDrive - Aurora Energy Research\Documents\Personal\Endog_demand_AI\pyai\data\original\prices\H100\EC2_p548xlarge_us-west-1.csv
2025-02-10,3252.09891118982,3181.3426472517376,3302.6859504132226,4,1.613718470301058,2015.2826971008783,2024-12-19,H100,aws,H100,p548xlarge,us-west-1,1,C:\Users\FarhadBillimoria\OneDrive - Aurora Energy Research\Documents\Personal\Endog_demand_AI\pyai\data\original\prices\H100\EC2_p548xlarge_us-west-1.csv
2025-02-11,3087.525689798417,3030.073461891643,3144.0049849140755,3,1.532055871982642,2015.2826971008783,2024-12-19,H100,aws,H100,p548xlarge,us-west-1,1,C:\Users\FarhadBillimoria\OneDrive - Aurora Energy Research\Documents\Personal\Endog_demand_AI\pyai\data\original\prices\H100\EC2_p548xlarge_us-west-1.csv
2025-02-12,2901.0806113078834,2854.4700249245698,2955.9556605011144,4,1.4395402766476812,2015.2826971008783,2024-12-19,H100,aws,H100,p548xlarge,us-west-1,1,C:\Users\FarhadBillimoria\OneDrive - Aurora Energy Research\Documents\Personal\Endog_demand_AI\pyai\data\original\prices\H100\EC2_p548xlarge_us-west-1.csv
2025-02-13,2819.7286720013985,2793.716384625475,2848.632428177882,3,1.3991727691890425,2015.2826971008783,2024-12-19,H100,aws,H100,p548xlarge,us-west-1,1,C:\Users\FarhadBillimoria\OneDrive - Aurora Energy Research\Documents\Personal\Endog_demand_AI\pyai\data\original\prices\H100\EC2_p548xlarge_us-west-1.csv
2025-02-14,2711.1537452446537,2666.0927456381996,2734.4057457693816,3,1.3452969894222946,2015.2826971008783,2024-12-19,H100,aws,H100,p548xlarge,us-west-1,1,C:\Users\FarhadBillimoria\OneDrive - Aurora Energy Research\Documents\Personal\Endog_demand_AI\pyai\data\original\prices\H100\EC2_p548xlarge_us-west-1.csv
2025-02-15,2599.6367899776988,2573.068345795618,2634.8058507149412,4,1.2899613506916194,2015.2826971008783,2024-12-19,H100,aws,H100,p548xlarge,us-west-1,1,C:\Users\FarhadBillimoria\OneDrive - Aurora Energy Research\Documents\Personal\Endog_demand_AI\pyai\data\original\prices\H100\EC2_p548xlarge_us-west-1.csv
2025-02-16,2491.9979010888096,2461.694870785779,2510.543749180112,3,1.2365500406834826,2015.2826971008783,2024-12-19,H100,aws,H100,p548xlarge,us-west-1,1,C:\Users\FarhadBillimoria\OneDrive - Aurora Energy Research\Documents\Personal\Endog_demand_AI\pyai\data\original\prices\H100\EC2_p548xlarge_us-west-1.csv
2025-02-17,2381.5549980322703,2333.120162665617,2435.1305260396166,4,1.1817473555736373,2015.2826971008783,2024-12-19,H100,aws,H100,p548xlarge,us-west-1,1,C:\Users\FarhadBillimoria\OneDrive - Aurora Energy Research\Documents\Personal\Endog_demand_AI\pyai\data\original\prices\H100\EC2_p548xlarge_us-west-1.csv
2025-02-18,2337.076118326118,2314.1643709825526,2365.390922209104,4,1.1596765663140767,2015.2826971008783,2024-12-19,H100,aws,H100,p548xlarge,us-west-1,1,C:\Users\FarhadBillimoria\OneDrive - Aurora Energy Research\Documents\Personal\Endog_demand_AI\pyai\data\original\prices\H100\EC2_p548xlarge_us-west-1.csv
2025-02-19,2418.5622458349726,2359.225370589006,2465.597533779351,5,1.2001106590724167,2015.2826971008783,2024-12-19,H100,aws,H100,p548xlarge,us-west-1,1,C:\Users\FarhadBillimoria\OneDrive - Aurora Energy Research\Documents\Personal\Endog_demand_AI\pyai\data\original\prices\H100\EC2_p548xlarge_us-west-1.csv
2025-02-20,2496.568772136953,2457.3822642004457,2515.7090384363105,4,1.2388181448331976,2015.2826971008783,2024-12-19,H100,aws,H100,p548xlarge,us-west-1,1,C:\Users\FarhadBillimoria\OneDrive - Aurora Energy Research\Documents\Personal\Endog_demand_AI\pyai\data\original\prices\H100\EC2_p548xlarge_us-west-1.csv
2025-02-21,2516.414141414141,2490.3253312344214,2545.110192837465,4,1.2486655817738,2015.2826971008783,2024-12-19,H100,aws,H100,p548xlarge,us-west-1,1,C:\Users\FarhadBillimoria\OneDrive - Aurora Energy Research\Documents\Personal\Endog_demand_AI\pyai\data\original\prices\H100\EC2_p548xlarge_us-west-1.csv
2025-02-22,2591.443657352748,2549.7179588088675,2623.4750098386457,5,1.2858958502847846,2015.2826971008783,2024-12-19,H100,aws,H100,p548xlarge,us-west-1,1,C:\Users\FarhadBillimoria\OneDrive - Aurora Energy Research\Documents\Personal\Endog_demand_AI\pyai\data\original\prices\H100\EC2_p548xlarge_us-west-1.csv
2025-02-23,2660.3010625737893,2601.420044601862,2724.5343040797584,5,1.3200634662327098,2015.2826971008783,2024-12-19,H100,aws,H100,p548xlarge,us-west-1,1,C:\Users\FarhadBillimoria\OneDrive - Aurora Energy Research\Documents\Personal\Endog_demand_AI\pyai\data\original\prices\H100\EC2_p548xlarge_us-west-1.csv
2025-02-24,2774.84804757532,2762.413091958546,2791.879837334382,3,1.3769026308652024,2015.2826971008783,2024-12-19,H100,aws,H100,p548xlarge,us-west-1,1,C:\Users\FarhadBillimoria\OneDrive - Aurora Energy Research\Documents\Personal\Endog_demand_AI\pyai\data\original\prices\H100\EC2_p548xlarge_us-west-1.csv
2025-02-25,2838.195264331627,2817.0339761248847,2880.0505050505044,4,1.4083360455655005,2015.2826971008783,2024-12-19,H100,aws,H100,p548xlarge,us-west-1,1,C:\Users\FarhadBillimoria\OneDrive - Aurora Energy Research\Documents\Personal\Endog_demand_AI\pyai\data\original\prices\H100\EC2_p548xlarge_us-west-1.csv
2025-02-26,3006.0966810966806,2938.246097337006,3067.706283615374,5,1.4916501220504477,2015.2826971008783,2024-12-19,H100,aws,H100,p548xlarge,us-west-1,1,C:\Users\FarhadBillimoria\OneDrive - Aurora Energy Research\Documents\Personal\Endog_demand_AI\pyai\data\original\prices\H100\EC2_p548xlarge_us-west-1.csv
2025-02-27,3159.346713892168,3082.3658664567747,3262.757444575626,5,1.5676940602115543,2015.2826971008783,2024-12-19,H100,aws,H100,p548xlarge,us-west-1,1,C:\Users\FarhadBillimoria\OneDrive - Aurora Energy Research\Documents\Personal\Endog_demand_AI\pyai\data\original\prices\H100\EC2_p548xlarge_us-west-1.csv
2025-02-28,3362.166032620577,3298.76688967598,3434.818968909877,3,1.6683346894494169,2015.2826971008783,2024-12-19,H100,aws,H100,p548xlarge,us-west-1,1,C:\Users\FarhadBillimoria\OneDrive - Aurora Energy Research\Documents\Personal\Endog_demand_AI\pyai\data\original\prices\H100\EC2_p548xlarge_us-west-1.csv
2025-03-01,3528.322182867637,3497.441951987406,3601.649613013249,5,1.7507827502034177,2015.2826971008783,2024-12-19,H100,aws,H100,p548xlarge,us-west-1,1,C:\Users\FarhadBillimoria\OneDrive - Aurora Energy Research\Documents\Personal\Endog_demand_AI\pyai\data\original\prices\H100\EC2_p548xlarge_us-west-1.csv
2025-03-02,3711.8227731864085,3632.4609733700636,3765.528663255935,5,1.8418372660699756,2015.2826971008783,2024-12-19,H100,aws,H100,p548xlarge,us-west-1,1,C:\Users\FarhadBillimoria\OneDrive - Aurora Energy Research\Documents\Personal\Endog_demand_AI\pyai\data\original\prices\H100\EC2_p548xlarge_us-west-1.csv
2025-03-03,3919.4706808343167,3838.629804538895,3967.663649481831,4,1.9448738812042314,2015.2826971008783,2024-12-19,H100,aws,H100,p548xlarge,us-west-1,1,C:\Users\FarhadBillimoria\OneDrive - Aurora Energy Research\Documents\Personal\Endog_demand_AI\pyai\data\original\prices\H100\EC2_p548xlarge_us-west-1.csv
2025-03-04,4075.8682605273507,4000.655909746818,4118.457300275481,4,2.022479658258747,2015.2826971008783,2024-12-19,H100,aws,H100,p548xlarge,us-west-1,1,C:\Users\FarhadBillimoria\OneDrive - Aurora Energy Research\Documents\Personal\Endog_demand_AI\pyai\data\original\prices\H100\EC2_p548xlarge_us-west-1.csv
2025-03-05,4282.233864620228,4219.38541256723,4317.739079102715,4,2.1248799837266077,2015.2826971008783,2024-12-19,H100,aws,H100,p548xlarge,us-west-1,1,C:\Users\FarhadBillimoria\OneDrive - Aurora Energy Research\Documents\Personal\Endog_demand_AI\pyai\data\original\prices\H100\EC2_p548xlarge_us-west-1.csv
2025-03-06,4119.386505750142,4083.5465040010486,4180.949101403646,3,2.044073772714945,2015.2826971008783,2024-12-19,H100,aws,H100,p548xlarge,us-west-1,1,C:\Users\FarhadBillimoria\OneDrive - Aurora Energy Research\Documents\Personal\Endog_demand_AI\pyai\data\original\prices\H100\EC2_p548xlarge_us-west-1.csv
2025-03-07,3970.145174690628,3912.9935720844805,4046.7335694608414,3,1.9700189856251695,2015.2826971008783,2024-12-19,H100,aws,H100,p548xlarge,us-west-1,1,C:\Users\FarhadBillimoria\OneDrive - Aurora Energy Research\Documents\Personal\Endog_demand_AI\pyai\data\original\prices\H100\EC2_p548xlarge_us-west-1.csv
2025-03-08,3788.846254755345,3704.6766364948176,3841.6141938869205,5,1.8800569568755088,2015.2826971008783,2024-12-19,H100,aws,H100,p548xlarge,us-west-1,1,C:\Users\FarhadBillimoria\OneDrive - Aurora Energy Research\Documents\Personal\Endog_demand_AI\pyai\data\original\prices\H100\EC2_p548xlarge_us-west-1.csv
2025-03-09,3594.311622720713,3506.755870392233,3661.0094451003533,4,1.7835272579332793,2015.2826971008783,2024-12-19,H100,aws,H100,p548xlarge,us-west-1,1,C:\Users\FarhadBillimoria\OneDrive - Aurora Energy Research\Documents\Personal\Endog_demand_AI\pyai\data\original\prices\H100\EC2_p548xlarge_us-west-1.csv
2025-03-10,3384.454939000393,3324.0686081595163,3484.422143513052,5,1.6793946297803095,2015.2826971008783,2024-12-19,H100,aws,H100,p548xlarge,us-west-1,1,C:\Users\FarhadBillimoria\OneDrive - Aurora Energy Research\Documents\Personal\Endog_demand_AI\pyai\data\original\prices\H100\EC2_p548xlarge_us-west-1.csv
2025-03-11,3205.529319165682,3169.1099304735662,3262.396694214875,4,1.5906102522375916,2015.2826971008783,2024-12-19,H100,aws,H100,p548xlarge,us-west-1,1,C:\Users\FarhadBillimoria\OneDrive - Aurora Energy Research\Documents\Personal\Endog_demand_AI\pyai\data\original\prices\H100\EC2_p548xlarge_us-west-1.csv
2025-03-12,3121.3597009051546,3103.3385806113074,3136.2816476452836,4,1.5488445890968268,2015.2826971008783,2024-12-19,H100,aws,H100,p548xlarge,us-west-1,1,C:\Users\FarhadBillimoria\OneDrive - Aurora Energy Research\Documents\Personal\Endog_demand_AI\pyai\data\original\prices\H100\EC2_p548xlarge_us-west-1.csv
2025-03-13,3000.344352617079,2936.0815951725035,3058.9170930080013,4,1.4887957689178195,2015.2826971008783,2024-12-19,H100,aws,H100,p548xlarge,us-west-1,1,C:\Users\FarhadBillimoria\OneDrive - Aurora Energy Research\Documents\Personal\Endog_demand_AI\pyai\data\original\prices\H100\EC2_p548xlarge_us-west-1.csv
2025-03-14,2858.0898268398264,2788.66587957497,2930.5719532992257,4,1.4182078925956063,2015.2826971008783,2024-12-19,H100,aws,H100,p548xlarge,us-west-1,1,C:\Users\FarhadBillimoria\OneDrive - Aurora Energy Research\Documents\Personal\Endog_demand_AI\pyai\data\original\prices\H100\EC2_p548xlarge_us-west-1.csv
2025-03-15,2769.296044864226,2746.130132493768,2794.24111242293,4,1.3741476810414972,2015.2826971008783,2024-12-19,H100,aws,H100,p548xlarge,us-west-1,1,C:\Users\FarhadBillimoria\OneDrive - Aurora Energy Research\Documents\Personal\Endog_demand_AI\pyai\data\original\prices\H100\EC2_p548xlarge_us-west-1.csv
2025-03-16,2767.631673881673,2749.8196248196246,2779.26997245179,4,1.3733218063466233,2015.2826971008783,2024-12-19,H100,aws,H100,p548xlarge,us-west-1,1,C:\Users\FarhadBillimoria\OneDrive - Aurora Energy Research\Documents\Personal\Endog_demand_AI\pyai\data\original\prices\H100\EC2_p548xlarge_us-west-1.csv
2025-03-17,2724.6108268835537,2718.1883772792858,2736.996589269316,3,1.3519745050176297,2015.2826971008783,2024-12-19,H100,aws,H100,p548xlarge,us-west-1,1,C:\Users\FarhadBillimoria\OneDrive - Aurora Energy Research\Documents\Personal\Endog_demand_AI\pyai\data\original\prices\H100\EC2_p548xlarge_us-west-1.csv
2025-03-18,2713.0230880230874,2685.327298963662,2719.6805719532986,6,1.3462245728234339,2015.2826971008783,2024-12-19,H100,aws,H100,p548xlarge,us-west-1,1,C:\Users\FarhadBillimoria\OneDrive - Aurora Energy Research\Documents\Personal\Endog_demand_AI\pyai\data\original\prices\H100\EC2_p548xlarge_us-west-1.csv
2025-03-19,2680.876951331496,2646.97297651843,2738.324806506624,5,1.330273393002441,2015.2826971008783,2024-12-19,H100,aws,H100,p548xlarge,us-west-1,1,C:\Users\FarhadBillimoria\OneDrive - Aurora Energy Research\Documents\Personal\Endog_demand_AI\pyai\data\original\prices\H100\EC2_p548xlarge_us-west-1.csv
2025-03-20,2809.0933687524594,2760.330578512396,2881.4607110061647,4,1.3938954434499595,2015.2826971008783,2024-12-19,H100,aws,H100,p548xlarge,us-west-1,1,C:\Users\FarhadBillimoria\OneDrive - Aurora Energy Research\Documents\Personal\Endog_demand_AI\pyai\data\original\prices\H100\EC2_p548xlarge_us-west-1.csv
2025-03-21,2932.830742489833,2910.2059556605004,2942.6242948970216,4,1.4552949552481695,2015.2826971008783,2024-12-19,H100,aws,H100,p548xlarge,us-west-1,1,C:\Users\FarhadBillimoria\OneDrive - Aurora Energy Research\Documents\Personal\Endog_demand_AI\pyai\data\original\prices\H100\EC2_p548xlarge_us-west-1.csv
2025-03-22,2945.387314705496,2938.1477108749827,2949.855699855699,4,1.461525630593979,2015.2826971008783,2024-12-19,H100,aws,H100,p548xlarge,us-west-1,1,C:\Users\FarhadBillimoria\OneDrive - Aurora Energy Research\Documents\Personal\Endog_demand_AI\pyai\data\original\prices\H100\EC2_p548xlarge_us-west-1.csv
2025-03-23,2937.715903624994,2934.3434343434337,2940.689361143906,3,1.4577190127474915,2015.2826971008783,2024-12-19,H100,aws,H100,p548xlarge,us-west-1,1,C:\Users\FarhadBillimoria\OneDrive - Aurora Energy Research\Documents\Personal\Endog_demand_AI\pyai\data\original\prices\H100\EC2_p548xlarge_us-west-1.csv
2025-03-24,2924.4268988587164,2895.234815689361,2938.295290568017,4,1.4511248982912939,2015.2826971008783,2024-12-19,H100,aws,H100,p548xlarge,us-west-1,1,C:\Users\FarhadBillimoria\OneDrive - Aurora Energy Research\Documents\Personal\Endog_demand_AI\pyai\data\original\prices\H100\EC2_p548xlarge_us-west-1.csv
2025-03-25,2837.7388604661323,2796.8975468975464,2889.134855043945,3,1.4081095741795497,2015.2826971008783,2024-12-19,H100,aws,H100,p548xlarge,us-west-1,1,C:\Users\FarhadBillimoria\OneDrive - Aurora Energy Research\Documents\Personal\Endog_demand_AI\pyai\data\original\prices\H100\EC2_p548xlarge_us-west-1.csv
2025-03-26,2735.2748261839165,2714.4496917224183,2751.443001443001,4,1.35726606997559,2015.2826971008783,2024-12-19,H100,aws,H100,p548xlarge,us-west-1,1,C:\Users\FarhadBillimoria\OneDrive - Aurora Energy Research\Documents\Personal\Endog_demand_AI\pyai\data\original\prices\H100\EC2_p548xlarge_us-west-1.csv
2025-03-27,2623.9382460973366,2573.757051029778,2681.5886134067946,4,1.302019934906428,2015.2826971008783,2024-12-19,H100,aws,H100,p548xlarge,us-west-1,1,C:\Users\FarhadBillimoria\OneDrive - Aurora Energy Research\Documents\Personal\Endog_demand_AI\pyai\data\original\prices\H100\EC2_p548xlarge_us-west-1.csv
2025-03-28,2646.69831431195,2623.2618391709298,2662.6820149547416,4,1.3133136696501222,2015.2826971008783,2024-12-19,H100,aws,H100,p548xlarge,us-west-1,1,C:\Users\FarhadBillimoria\OneDrive - Aurora Energy Research\Documents\Personal\Endog_demand_AI\pyai\data\original\prices\H100\EC2_p548xlarge_us-west-1.csv
2025-03-29,2646.2473763610124,2639.807162534435,2655.696576151121,4,1.3130899104963387,2015.2826971008783,2024-12-19,H100,aws,H100,p548xlarge,us-west-1,1,C:\Users\FarhadBillimoria\OneDrive - Aurora Energy Research\Documents\Personal\Endog_demand_AI\pyai\data\original\prices\H100\EC2_p548xlarge_us-west-1.csv
2025-03-30,2668.3611001792815,2665.863177226813,2670.3397612488516,3,1.3240629237862762,2015.2826971008783,2024-12-19,H100,aws,H100,p548xlarge,us-west-1,1,C:\Users\FarhadBillimoria\OneDrive - Aurora Energy Research\Documents\Personal\Endog_demand_AI\pyai\data\original\prices\H100\EC2_p548xlarge_us-west-1.csv
2025-03-31,2650.3427128427124,2631.952643316279,2659.304079758625,4,1.3151220504475185,2015.2826971008783,2024-12-19,H100,aws,H100,p548xlarge,us-west-1,1,C:\Users\FarhadBillimoria\OneDrive - Aurora Energy Research\Documents\Personal\Endog_demand_AI\pyai\data\original\prices\H100\EC2_p548xlarge_us-west-1.csv
2025-04-01,2598.602912239275,2585.711006165551,2608.7826315099037,5,1.2894483319772172,2015.2826971008783,2024-12-19,H100,aws,H100,p548xlarge,us-west-1,1,C:\Users\FarhadBillimoria\OneDrive - Aurora Energy Research\Documents\Personal\Endog_demand_AI\pyai\data\original\prices\H100\EC2_p548xlarge_us-west-1.csv
2025-04-02,2631.1573527482615,2614.882592155319,2667.470156106519,4,1.3056021155410906,2015.2826971008783,2024-12-19,H100,aws,H100,p548xlarge,us-west-1,1,C:\Users\FarhadBillimoria\OneDrive - Aurora Energy Research\Documents\Personal\Endog_demand_AI\pyai\data\original\prices\H100\EC2_p548xlarge_us-west-1.csv
2025-04-03,2708.095566050111,2689.44313262495,2725.6329529056798,4,1.343779495524817,2015.2826971008783,2024-12-19,H100,aws,H100,p548xlarge,us-west-1,1,C:\Users\FarhadBillimoria\OneDrive - Aurora Energy Research\Documents\Personal\Endog_demand_AI\pyai\data\original\prices\H100\EC2_p548xlarge_us-west-1.csv
2025-04-04,2693.5630657221564,2672.6026498753768,2732.6183917093003,4,1.3365683482506105,2015.2826971008783,2024-12-19,H100,aws,H100,p548xlarge,us-west-1,1,C:\Users\FarhadBillimoria\OneDrive - Aurora Energy Research\Documents\Personal\Endog_demand_AI\pyai\data\original\prices\H100\EC2_p548xlarge_us-west-1.csv
2025-04-05,2791.6557348375522,2789.239800603436,2795.077397350124,3,1.385242744778953,2015.2826971008783,2024-12-19,H100,aws,H100,p548xlarge,us-west-1,1,C:\Users\FarhadBillimoria\OneDrive - Aurora Energy Research\Documents\Personal\Endog_demand_AI\pyai\data\original\prices\H100\EC2_p548xlarge_us-west-1.csv
2025-04-06,2772.57559359832,2760.888101797192,2779.0731995277447,4,1.3757750203417414,2015.2826971008783,2024-12-19,H100,aws,H100,p548xlarge,us-west-1,1,C:\Users\FarhadBillimoria\OneDrive - Aurora Energy Research\Documents\Personal\Endog_demand_AI\pyai\data\original\prices\H100\EC2_p548xlarge_us-west-1.csv
2025-04-07,2753.3287419651047,2751.262626262626,2755.5260396169483,3,1.3662245728234337,2015.2826971008783,2024-12-19,H100,aws,H100,p548xlarge,us-west-1,1,C:\Users\FarhadBillimoria\OneDrive - Aurora Energy Research\Documents\Personal\Endog_demand_AI\pyai\data\original\prices\H100\EC2_p548xlarge_us-west-1.csv
2025-04-08,2739.7732738641826,2729.3060474878653,2745.7857798766886,3,1.3594982370490916,2015.2826971008783,2024-12-19,H100,aws,H100,p548xlarge,us-west-1,1,C:\Users\FarhadBillimoria\OneDrive - Aurora Energy Research\Documents\Personal\Endog_demand_AI\pyai\data\original\prices\H100\EC2_p548xlarge_us-west-1.csv
2025-04-09,2724.0369058550873,2709.169618260527,2738.915125278761,3,1.351689720640087,2015.2826971008783,2024-12-19,H100,aws,H100,p548xlarge,us-west-1,1,C:\Users\FarhadBillimoria\OneDrive - Aurora Energy Research\Documents\Personal\Endog_demand_AI\pyai\data\original\prices\H100\EC2_p548xlarge_us-west-1.csv
2025-04-10,2784.5828414010225,2779.138790502426,2789.7317329135503,4,1.3817331163547601,2015.2826971008783,2024-12-19,H100,aws,H100,p548xlarge,us-west-1,1,C:\Users\FarhadBillimoria\OneDrive - Aurora Energy Research\Documents\Personal\Endog_demand_AI\pyai\data\original\prices\H100\EC2_p548xlarge_us-west-1.csv
2025-04-11,2755.4331190694816,2752.3776728322177,2757.7397350124616,3,1.367268782207757,2015.2826971008783,2024-12-19,H100,aws,H100,p548xlarge,us-west-1,1,C:\Users\FarhadBillimoria\OneDrive - Aurora Energy Research\Documents\Personal\Endog_demand_AI\pyai\data\original\prices\H100\EC2_p548xlarge_us-west-1.csv
2025-04-12,2755.9892758756387,2750.852682670864,2761.199658926931,4,1.3675447518307566,2015.2826971008783,2024-12-19,H100,aws,H100,p548xlarge,us-west-1,1,C:\Users\FarhadBillimoria\OneDrive - Aurora Energy Research\Documents\Personal\Endog_demand_AI\pyai\data\original\prices\H100\EC2_p548xlarge_us-west-1.csv
2025-04-13,2736.477327386418,2728.5353535353534,2744.4575626393803,3,1.3578627610523464,2015.2826971008783,2024-12-19,H100,aws,H100,p548xlarge,us-west-1,1,C:\Users\FarhadBillimoria\OneDrive - Aurora Energy Research\Documents\Personal\Endog_demand_AI\pyai\data\original\prices\H100\EC2_p548xlarge_us-west-1.csv
2025-04-14,2727.1251475796926,2723.140495867768,2731.6181293454015,3,1.3532221318144835,2015.2826971008783,2024-12-19,H100,aws,H100,p548xlarge,us-west-1,1,C:\Users\FarhadBillimoria\OneDrive - Aurora Energy Research\Documents\Personal\Endog_demand_AI\pyai\data\original\prices\H100\EC2_p548xlarge_us-west-1.csv
2025-04-15,2729.2609536927716,2726.6004197822376,2735.520792338974,4,1.3542819365337675,2015.2826971008783,2024-12-19,H100,aws,H100,p548xlarge,us-west-1,1,C:\Users\FarhadBillimoria\OneDrive - Aurora Energy Research\Documents\Personal\Endog_demand_AI\pyai\data\original\prices\H100\EC2_p548xlarge_us-west-1.csv
2025-04-16,2710.821690935327,2662.8951856224576,2743.3097205824474,4,1.345132221318145,2015.2826971008783,2024-12-19,H100,aws,H100,p548xlarge,us-west-1,1,C:\Users\FarhadBillimoria\OneDrive - Aurora Energy Research\Documents\Personal\Endog_demand_AI\pyai\data\original\prices\H100\EC2_p548xlarge_us-west-1.csv
2025-04-17,2610.3677467313823,2601.3708513708507,2621.359700905155,3,1.2952861404936262,2015.2826971008783,2024-12-19,H100,aws,H100,p548xlarge,us-west-1,1,C:\Users\FarhadBillimoria\OneDrive - Aurora Energy Research\Documents\Personal\Endog_demand_AI\pyai\data\original\prices\H100\EC2_p548xlarge_us-west-1.csv
2025-04-18,2661.3997113997107,2613.2756132756126,2750.1147842056926,5,1.3206086248982913,2015.2826971008783,2024-12-19,H100,aws,H100,p548xlarge,us-west-1,1,C:\Users\FarhadBillimoria\OneDrive - Aurora Energy Research\Documents\Personal\Endog_demand_AI\pyai\data\original\prices\H100\EC2_p548xlarge_us-west-1.csv
2025-04-19,2853.2114980978613,2783.943329397874,2922.7338318247407,4,1.4157872253864934,2015.2826971008783,2024-12-19,H100,aws,H100,p548xlarge,us-west-1,1,C:\Users\FarhadBillimoria\OneDrive - Aurora Energy Research\Documents\Personal\Endog_demand_AI\pyai\data\original\prices\H100\EC2_p548xlarge_us-west-1.csv
2025-04-20,3045.9628755083295,2976.764397218942,3095.9595959595954,4,1.511432058584215,2015.2826971008783,2024-12-19,H100,aws,H100,p548xlarge,us-west-1,1,C:\Users\FarhadBillimoria\OneDrive - Aurora Energy Research\Documents\Personal\Endog_demand_AI\pyai\data\original\prices\H100\EC2_p548xlarge_us-west-1.csv
2025-04-21,3161.226715203987,3129.853732126459,3202.922077922077,4,1.5686269324654192,2015.2826971008783,2024-12-19,H100,aws,H100,p548xlarge,us-west-1,1,C:\Users\FarhadBillimoria\OneDrive - Aurora Energy Research\Documents\Personal\Endog_demand_AI\pyai\data\original\prices\H100\EC2_p548xlarge_us-west-1.csv
2025-04-22,3339.1348550439448,3245.0642791551877,3419.0607372425548,5,1.656906427990236,2015.2826971008783,2024-12-19,H100,aws,H100,p548xlarge,us-west-1,1,C:\Users\FarhadBillimoria\OneDrive - Aurora Energy Research\Documents\Personal\Endog_demand_AI\pyai\data\original\prices\H100\EC2_p548xlarge_us-west-1.csv
2025-04-23,3507.078359351086,3454.676636494818,3538.2067427521965,3,1.7402413886628698,2015.2826971008783,2024-12-19,H100,aws,H100,p548xlarge,us-west-1,1,C:\Users\FarhadBillimoria\OneDrive - Aurora Energy Research\Documents\Personal\Endog_demand_AI\pyai\data\original\prices\H100\EC2_p548xlarge_us-west-1.csv
2025-04-24,3603.650137741046,3566.4764528400888,3669.0607372425548,4,1.7881611065907244,2015.2826971008783,2024-12-19,H100,aws,H100,p548xlarge,us-west-1,1,C:\Users\FarhadBillimoria\OneDrive - Aurora Energy Research\Documents\Personal\Endog_demand_AI\pyai\data\original\prices\H100\EC2_p548xlarge_us-west-1.csv
2025-04-25,3757.8791158336603,3674.029253574707,3802.5711662075287,4,1.8646908055329536,2015.2826971008783,2024-12-19,H100,aws,H100,p548xlarge,us-west-1,1,C:\Users\FarhadBillimoria\OneDrive - Aurora Energy Research\Documents\Personal\Endog_demand_AI\pyai\data\original\prices\H100\EC2_p548xlarge_us-west-1.csv
2025-04-26,3901.9332939787478,3851.977567886658,3967.4504788141144,4,1.936171684296176,2015.2826971008783,2024-12-19,H100,aws,H100,p548xlarge,us-west-1,1,C:\Users\FarhadBillimoria\OneDrive - Aurora Energy Research\Documents\Personal\Endog_demand_AI\pyai\data\original\prices\H100\EC2_p548xlarge_us-west-1.csv
2025-04-27,4104.901832174558,4037.2884691066497,4162.436048799685,3,2.0368863574721994,2015.2826971008783,2024-12-19,H100,aws,H100,p548xlarge,us-west-1,1,C:\Users\FarhadBillimoria\OneDrive - Aurora Energy Research\Documents\Personal\Endog_demand_AI\pyai\data\original\prices\H100\EC2_p548xlarge_us-west-1.csv
2025-04-28,4246.544175521447,4190.213826577462,4287.386855568673,4,2.1071704637917006,2015.2826971008783,2024-12-19,H100,aws,H100,p548xlarge,us-west-1,1,C:\Users\FarhadBillimoria\OneDrive - Aurora Energy Research\Documents\Personal\Endog_demand_AI\pyai\data\original\prices\H100\EC2_p548xlarge_us-west-1.csv
2025-04-29,4385.800647164283,4315.656565656564,4463.547815820542,3,2.1762706807702745,2015.2826971008783,2024-12-19,H100,aws,H100,p548xlarge,us-west-1,1,C:\Users\FarhadBillimoria\OneDrive - Aurora Energy Research\Documents\Personal\Endog_demand_AI\pyai\data\original\prices\H100\EC2_p548xlarge_us-west-1.csv
2025-04-30,4608.66784730421,4574.937688574051,4630.821199003017,4,2.286859235150529,2015.2826971008783,2024-12-19,H100,aws,H100,p548xlarge,us-west-1,1,C:\Users\FarhadBillimoria\OneDrive - Aurora Energy Research\Documents\Personal\Endog_demand_AI\pyai\data\original\prices\H100\EC2_p548xlarge_us-west-1.csv
2025-05-01,4426.091269841269,4390.9550045913675,4498.901351174078,4,2.196263222131815,2015.2826971008783,2024-12-19,H100,aws,H100,p548xlarge,us-west-1,1,C:\Users\FarhadBillimoria\OneDrive - Aurora Energy Research\Documents\Personal\Endog_demand_AI\pyai\data\original\prices\H100\EC2_p548xlarge_us-west-1.csv
2025-05-02,4232.556900170535,4171.782762691852,4303.079496261314,4,2.1002298616761594,2015.2826971008783,2024-12-19,H100,aws,H100,p548xlarge,us-west-1,1,C:\Users\FarhadBillimoria\OneDrive - Aurora Energy Research\Documents\Personal\Endog_demand_AI\pyai\data\original\prices\H100\EC2_p548xlarge_us-west-1.csv
2025-05-03,4035.5872032008388,3986.5374524465424,4073.6914600550954,4,2.002491863303499,2015.2826971008783,2024-12-19,H100,aws,H100,p548xlarge,us-west-1,1,C:\Users\FarhadBillimoria\OneDrive - Aurora Energy Research\Documents\Personal\Endog_demand_AI\pyai\data\original\prices\H100\EC2_p548xlarge_us-west-1.csv
2025-05-04,3918.060474878656,3879.853732126459,3953.7091696182597,3,1.9441741253051263,2015.2826971008783,2024-12-19,H100,aws,H100,p548xlarge,us-west-1,1,C:\Users\FarhadBillimoria\OneDrive - Aurora Energy Research\Documents\Personal\Endog_demand_AI\pyai\data\original\prices\H100\EC2_p548xlarge_us-west-1.csv
2025-05-05,3790.604092876819,3659.8288075560795,3876.5905811360344,5,1.8809292107404394,2015.2826971008783,2024-12-19,H100,aws,H100,p548xlarge,us-west-1,1,C:\Users\FarhadBillimoria\OneDrive - Aurora Energy Research\Documents\Personal\Endog_demand_AI\pyai\data\original\prices\H100\EC2_p548xlarge_us-west-1.csv
2025-05-06,3549.6236717827624,3515.7746294109925,3585.169880624426,4,1.7613527257933284,2015.2826971008783,2024-12-19,H100,aws,H100,p548xlarge,us-west-1,1,C:\Users\FarhadBillimoria\OneDrive - Aurora Energy Research\Documents\Personal\Endog_demand_AI\pyai\data\original\prices\H100\EC2_p548xlarge_us-west-1.csv
2025-05-07,3441.8208054571687,3374.983602256329,3494.1296077659704,4,1.7078600488201794,2015.2826971008783,2024-12-19,H100,aws,H100,p548xlarge,us-west-1,1,C:\Users\FarhadBillimoria\OneDrive - Aurora Energy Research\Documents\Personal\Endog_demand_AI\pyai\data\original\prices\H100\EC2_p548xlarge_us-west-1.csv
2025-05-08,3296.2170405352217,3235.0780532598706,3360.701167519349,4,1.6356102522375917,2015.2826971008783,2024-12-19,H100,aws,H100,p548xlarge,us-west-1,1,C:\Users\FarhadBillimoria\OneDrive - Aurora Energy Research\Documents\Personal\Endog_demand_AI\pyai\data\original\prices\H100\EC2_p548xlarge_us-west-1.csv
2025-05-09,3134.1581398399576,3053.784599239144,3232.0772661681744,4,1.5551952807160296,2015.2826971008783,2024-12-19,H100,aws,H100,p548xlarge,us-west-1,1,C:\Users\FarhadBillimoria\OneDrive - Aurora Energy Research\Documents\Personal\Endog_demand_AI\pyai\data\original\prices\H100\EC2_p548xlarge_us-west-1.csv
2025-05-10,2967.089728453364,2956.119637937819,2987.964056145874,3,1.4722945484133443,2015.2826971008783,2024-12-19,H100,aws,H100,p548xlarge,us-west-1,1,C:\Users\FarhadBillimoria\OneDrive - Aurora Energy Research\Documents\Personal\Endog_demand_AI\pyai\data\original\prices\H100\EC2_p548xlarge_us-west-1.csv
2025-05-11,2862.4065328610777,2828.6763741309187,2889.7579693034236,3,1.4203498779495527,2015.2826971008783,2024-12-19,H100,aws,H100,p548xlarge,us-west-1,1,C:\Users\FarhadBillimoria\OneDrive - Aurora Energy Research\Documents\Personal\Endog_demand_AI\pyai\data\original\prices\H100\EC2_p548xlarge_us-west-1.csv
2025-05-16,2660.156762429489,2660.156762429489,2660.156762429489,1,1.3199918633034988,2015.2826971008783,2024-12-19,H100,aws,H100,p548xlarge,us-west-1,1,C:\Users\FarhadBillimoria\OneDrive - Aurora Energy Research\Documents\Personal\Endog_demand_AI\pyai\data\original\prices\H100\EC2_p548xlarge_us-west-1.csv
2025-05-17,2678.1778827233366,2674.603174603174,2681.752590843499,2,1.3289340927583402,2015.2826971008783,2024-12-19,H100,aws,H100,p548xlarge,us-west-1,1,C:\Users\FarhadBillimoria\OneDrive - Aurora Energy Research\Documents\Personal\Endog_demand_AI\pyai\data\original\prices\H100\EC2_p548xlarge_us-west-1.csv
2025-05-18,2657.984061393152,2656.4836678473034,2659.008920372556,4,1.3189137510170872,2015.2826971008783,2024-12-19,H100,aws,H100,p548xlarge,us-west-1,1,C:\Users\FarhadBillimoria\OneDrive - Aurora Energy Research\Documents\Personal\Endog_demand_AI\pyai\data\original\prices\H100\EC2_p548xlarge_us-west-1.csv
2025-05-19,2658.167169530805,2654.9586776859496,2659.9271940181025,3,1.319004610794684,2015.2826971008783,2024-12-19,H100,aws,H100,p548xlarge,us-west-1,1,C:\Users\FarhadBillimoria\OneDrive - Aurora Energy Research\Documents\Personal\Endog_demand_AI\pyai\data\original\prices\H100\EC2_p548xlarge_us-west-1.csv
2025-05-20,2668.6917880099695,2656.69683851502,2683.2283877738414,4,1.3242270138323844,2015.2826971008783,2024-12-19,H100,aws,H100,p548xlarge,us-west-1,1,C:\Users\FarhadBillimoria\OneDrive - Aurora Energy Research\Documents\Personal\Endog_demand_AI\pyai\data\original\prices\H100\EC2_p548xlarge_us-west-1.csv
2025-05-21,2750.710568892386,2719.4346057982416,2784.517250426341,3,1.3649254136154054,2015.2826971008783,2024-12-19,H100,aws,H100,p548xlarge,us-west-1,1,C:\Users\FarhadBillimoria\OneDrive - Aurora Energy Research\Documents\Personal\Endog_demand_AI\pyai\data\original\prices\H100\EC2_p548xlarge_us-west-1.csv
2025-05-22,2762.1384297520653,2748.4750098386453,2776.383969565787,4,1.3705960130187145,2015.2826971008783,2024-12-19,H100,aws,H100,p548xlarge,us-west-1,1,C:\Users\FarhadBillimoria\OneDrive - Aurora Energy Research\Documents\Personal\Endog_demand_AI\pyai\data\original\prices\H100\EC2_p548xlarge_us-west-1.csv
2025-05-23,2715.687721369539,2691.3288731470548,2726.305260396169,4,1.347546786004882,2015.2826971008783,2024-12-19,H100,aws,H100,p548xlarge,us-west-1,1,C:\Users\FarhadBillimoria\OneDrive - Aurora Energy Research\Documents\Personal\Endog_demand_AI\pyai\data\original\prices\H100\EC2_p548xlarge_us-west-1.csv
2025-05-24,2671.5531942804664,2670.192181555817,2672.9142070051157,2,1.3256468673718471,2015.2826971008783,2024-12-19,H100,aws,H100,p548xlarge,us-west-1,1,C:\Users\FarhadBillimoria\OneDrive - Aurora Energy Research\Documents\Personal\Endog_demand_AI\pyai\data\original\prices\H100\EC2_p548xlarge_us-west-1.csv
2025-05-25,2648.2151056014686,2634.2319296864744,2664.1250163977434,4,1.314066314076485,2015.2826971008783,2024-12-19,H100,aws,H100,p548xlarge,us-west-1,1,C:\Users\FarhadBillimoria\OneDrive - Aurora Energy Research\Documents\Personal\Endog_demand_AI\pyai\data\original\prices\H100\EC2_p548xlarge_us-west-1.csv
2025-05-26,2610.7120993484627,2601.206873934146,2629.296208841663,3,1.2954570111201522,2015.2826971008783,2024-12-19,H100,aws,H100,p548xlarge,us-west-1,1,C:\Users\FarhadBillimoria\OneDrive - Aurora Energy Research\Documents\Personal\Endog_demand_AI\pyai\data\original\prices\H100\EC2_p548xlarge_us-west-1.csv
2025-05-27,2614.7131488040577,2605.8802308802306,2620.425029515938,3,1.29744236506645,2015.2826971008783,2024-12-19,H100,aws,H100,p548xlarge,us-west-1,1,C:\Users\FarhadBillimoria\OneDrive - Aurora Energy Research\Documents\Personal\Endog_demand_AI\pyai\data\original\prices\H100\EC2_p548xlarge_us-west-1.csv
2025-05-28,2673.037190082644,2632.395382395382,2729.158467794831,4,1.3263832384052077,2015.2826971008783,2024-12-19,H100,aws,H100,p548xlarge,us-west-1,1,C:\Users\FarhadBillimoria\OneDrive - Aurora Energy Research\Documents\Personal\Endog_demand_AI\pyai\data\original\prices\H100\EC2_p548xlarge_us-west-1.csv
2025-05-29,2795.3342953342944,2774.6130132493763,2818.5261707988975,3,1.3870680770273935,2015.2826971008783,2024-12-19,H100,aws,H100,p548xlarge,us-west-1,1,C:\Users\FarhadBillimoria\OneDrive - Aurora Energy Research\Documents\Personal\Endog_demand_AI\pyai\data\original\prices\H100\EC2_p548xlarge_us-west-1.csv
2025-05-30,2929.227338318247,2843.9590712317977,3005.296471205562,5,1.4535069161920262,2015.2826971008783,2024-12-19,H100,aws,H100,p548xlarge,us-west-1,1,C:\Users\FarhadBillimoria\OneDrive - Aurora Energy Research\Documents\Personal\Endog_demand_AI\pyai\data\original\prices\H100\EC2_p548xlarge_us-west-1.csv
2025-05-31,3039.0799226026493,3007.378984651711,3090.712317985045,4,1.5080166802278276,2015.2826971008783,2024-12-19,H100,aws,H100,p548xlarge,us-west-1,1,C:\Users\FarhadBillimoria\OneDrive - Aurora Energy Research\Documents\Personal\Endog_demand_AI\pyai\data\original\prices\H100\EC2_p548xlarge_us-west-1.csv
2025-06-01,3184.404925882198,3120.261052079233,3261.8063754427385,4,1.5801281529698943,2015.2826971008783,2024-12-19,H100,aws,H100,p548xlarge,us-west-1,1,C:\Users\FarhadBillimoria\OneDrive - Aurora Energy Research\Documents\Personal\Endog_demand_AI\pyai\data\original\prices\H100\EC2_p548xlarge_us-west-1.csv
2025-06-02,3443.558966286238,3443.558966286238,3443.558966286238,1,1.7087225386493083,2015.2826971008783,2024-12-19,H100,aws,H100,p548xlarge,us-west-1,1,C:\Users\FarhadBillimoria\OneDrive - Aurora Energy Research\Documents\Personal\Endog_demand_AI\pyai\data\original\prices\H100\EC2_p548xlarge_us-west-1.csv
2025-06-03,3568.2692728147267,3520.8251344614973,3634.9534304079752,3,1.7706048277732576,2015.2826971008783,2024-12-19,H100,aws,H100,p548xlarge,us-west-1,1,C:\Users\FarhadBillimoria\OneDrive - Aurora Energy Research\Documents\Personal\Endog_demand_AI\pyai\data\original\prices\H100\EC2_p548xlarge_us-west-1.csv
2025-06-04,3754.7487865669673,3671.094057457693,3794.9954086317716,5,1.8631375101708707,2015.2826971008783,2024-12-19,H100,aws,H100,p548xlarge,us-west-1,1,C:\Users\FarhadBillimoria\OneDrive - Aurora Energy Research\Documents\Personal\Endog_demand_AI\pyai\data\original\prices\H100\EC2_p548xlarge_us-west-1.csv
2025-06-05,3787.944378853469,3730.945821854912,3868.342516069788,4,1.8796094385679416,2015.2826971008783,2024-12-19,H100,aws,H100,p548xlarge,us-west-1,1,C:\Users\FarhadBillimoria\OneDrive - Aurora Energy Research\Documents\Personal\Endog_demand_AI\pyai\data\original\prices\H100\EC2_p548xlarge_us-west-1.csv
2025-06-06,3588.0312868949227,3563.0985176439713,3641.168175259084,4,1.780410903173312,2015.2826971008783,2024-12-19,H100,aws,H100,p548xlarge,us-west-1,1,C:\Users\FarhadBillimoria\OneDrive - Aurora Energy Research\Documents\Personal\Endog_demand_AI\pyai\data\original\prices\H100\EC2_p548xlarge_us-west-1.csv
2025-06-07,3550.8330053784593,3540.7483930211197,3561.3275613275605,3,1.7619528071602932,2015.2826971008783,2024-12-19,H100,aws,H100,p548xlarge,us-west-1,1,C:\Users\FarhadBillimoria\OneDrive - Aurora Energy Research\Documents\Personal\Endog_demand_AI\pyai\data\original\prices\H100\EC2_p548xlarge_us-west-1.csv
2025-06-08,3490.4852092352085,3475.091827364554,3503.0827758100477,4,1.7320077298616763,2015.2826971008783,2024-12-19,H100,aws,H100,p548xlarge,us-west-1,1,C:\Users\FarhadBillimoria\OneDrive - Aurora Energy Research\Documents\Personal\Endog_demand_AI\pyai\data\original\prices\H100\EC2_p548xlarge_us-west-1.csv
2025-06-09,3464.216023875114,3429.030565394201,3496.064541519086,4,1.7189727420667211,2015.2826971008783,2024-12-19,H100,aws,H100,p548xlarge,us-west-1,1,C:\Users\FarhadBillimoria\OneDrive - Aurora Energy Research\Documents\Personal\Endog_demand_AI\pyai\data\original\prices\H100\EC2_p548xlarge_us-west-1.csv
2025-06-10,3458.8621605667054,3438.1477108749827,3474.288337924701,4,1.7163161106590725,2015.2826971008783,2024-12-19,H100,aws,H100,p548xlarge,us-west-1,1,C:\Users\FarhadBillimoria\OneDrive - Aurora Energy Research\Documents\Personal\Endog_demand_AI\pyai\data\original\prices\H100\EC2_p548xlarge_us-west-1.csv
2025-06-11,3442.755476846385,3420.1429883248056,3467.4012855831033,4,1.7083238405207488,2015.2826971008783,2024-12-19,H100,aws,H100,p548xlarge,us-west-1,1,C:\Users\FarhadBillimoria\OneDrive - Aurora Energy Research\Documents\Personal\Endog_demand_AI\pyai\data\original\prices\H100\EC2_p548xlarge_us-west-1.csv
2025-06-12,3493.8781756963567,3478.0434212252385,3511.675193493375,3,1.7336913479793872,2015.2826971008783,2024-12-19,H100,aws,H100,p548xlarge,us-west-1,1,C:\Users\FarhadBillimoria\OneDrive - Aurora Energy Research\Documents\Personal\Endog_demand_AI\pyai\data\original\prices\H100\EC2_p548xlarge_us-west-1.csv
2025-06-13,3487.4775897503164,3480.601469237832,3492.6046176046166,3,1.7305153241117441,2015.2826971008783,2024-12-19,H100,aws,H100,p548xlarge,us-west-1,1,C:\Users\FarhadBillimoria\OneDrive - Aurora Energy Research\Documents\Personal\Endog_demand_AI\pyai\data\original\prices\H100\EC2_p548xlarge_us-west-1.csv
2025-06-14,3501.3708513708507,3482.864357864357,3512.9050242686603,5,1.7374092758340116,2015.2826971008783,2024-12-19,H100,aws,H100,p548xlarge,us-west-1,1,C:\Users\FarhadBillimoria\OneDrive - Aurora Energy Research\Documents\Personal\Endog_demand_AI\pyai\data\original\prices\H100\EC2_p548xlarge_us-west-1.csv
2025-06-15,3457.20188902007,3422.4550701823423,3493.949232585596,4,1.7154922701383242,2015.2826971008783,2024-12-19,H100,aws,H100,p548xlarge,us-west-1,1,C:\Users\FarhadBillimoria\OneDrive - Aurora Energy Research\Documents\Personal\Endog_demand_AI\pyai\data\original\prices\H100\EC2_p548xlarge_us-west-1.csv
2025-06-16,3421.836055358782,3405.073461891643,3435.852026761117,4,1.6979434499593167,2015.2826971008783,2024-12-19,H100,aws,H100,p548xlarge,us-west-1,1,C:\Users\FarhadBillimoria\OneDrive - Aurora Energy Research\Documents\Personal\Endog_demand_AI\pyai\data\original\prices\H100\EC2_p548xlarge_us-west-1.csv
2025-06-17,3430.9709650618734,3423.373343827888,3444.067296340023,3,1.7024762679685383,2015.2826971008783,2024-12-19,H100,aws,H100,p548xlarge,us-west-1,1,C:\Users\FarhadBillimoria\OneDrive - Aurora Energy Research\Documents\Personal\Endog_demand_AI\pyai\data\original\prices\H100\EC2_p548xlarge_us-west-1.csv
2025-06-18,3433.611001792819,3421.651580742489,3445.4283090646722,3,1.7037862761052347,2015.2826971008783,2024-12-19,H100,aws,H100,p548xlarge,us-west-1,1,C:\Users\FarhadBillimoria\OneDrive - Aurora Energy Research\Documents\Personal\Endog_demand_AI\pyai\data\original\prices\H100\EC2_p548xlarge_us-west-1.csv
2025-06-19,3411.5423717696435,3396.546635182998,3431.3918404827486,4,1.6928356387306753,2015.2826971008783,2024-12-19,H100,aws,H100,p548xlarge,us-west-1,1,C:\Users\FarhadBillimoria\OneDrive - Aurora Energy Research\Documents\Personal\Endog_demand_AI\pyai\data\original\prices\H100\EC2_p548xlarge_us-west-1.csv
2025-06-20,3369.728125409943,3335.4650400104942,3402.5482093663904,4,1.6720870626525632,2015.2826971008783,2024-12-19,H100,aws,H100,p548xlarge,us-west-1,1,C:\Users\FarhadBillimoria\OneDrive - Aurora Energy Research\Documents\Personal\Endog_demand_AI\pyai\data\original\prices\H100\EC2_p548xlarge_us-west-1.csv
2025-06-21,3276.00135554681,3252.0169224714673,3299.1932310114125,3,1.6255790615676706,2015.2826971008783,2024-12-19,H100,aws,H100,p548xlarge,us-west-1,1,C:\Users\FarhadBillimoria\OneDrive - Aurora Energy Research\Documents\Personal\Endog_demand_AI\pyai\data\original\prices\H100\EC2_p548xlarge_us-west-1.csv
2025-06-22,3167.129083038173,3098.730814639905,3219.3690148235596,5,1.5715557363710335,2015.2826971008783,2024-12-19,H100,aws,H100,p548xlarge,us-west-1,1,C:\Users\FarhadBillimoria\OneDrive - Aurora Energy Research\Documents\Personal\Endog_demand_AI\pyai\data\original\prices\H100\EC2_p548xlarge_us-west-1.csv
2025-06-23,3009.313918404827,2958.6776859504125,3081.0212514757964,4,1.493246541903987,2015.2826971008783,2024-12-19,H100,aws,H100,p548xlarge,us-west-1,1,C:\Users\FarhadBillimoria\OneDrive - Aurora Energy Research\Documents\Personal\Endog_demand_AI\pyai\data\original\prices\H100\EC2_p548xlarge_us-west-1.csv
2025-06-24,2858.5257335257324,2828.643578643578,2888.987275350911,3,1.4184241931109303,2015.2826971008783,2024-12-19,H100,aws,H100,p548xlarge,us-west-1,1,C:\Users\FarhadBillimoria\OneDrive - Aurora Energy Research\Documents\Personal\Endog_demand_AI\pyai\data\original\prices\H100\EC2_p548xlarge_us-west-1.csv
2025-06-25,2826.725042634133,2825.265643447461,2828.332021513839,3,1.4026444263628968,2015.2826971008783,2024-12-19,H100,aws,H100,p548xlarge,us-west-1,1,C:\Users\FarhadBillimoria\OneDrive - Aurora Energy Research\Documents\Personal\Endog_demand_AI\pyai\data\original\prices\H100\EC2_p548xlarge_us-west-1.csv
2025-06-26,2822.5887117932566,2821.231798504525,2823.904630722812,4,1.400591944670464,2015.2826971008783,2024-12-19,H100,aws,H100,p548xlarge,us-west-1,1,C:\Users\FarhadBillimoria\OneDrive - Aurora Energy Research\Documents\Personal\Endog_demand_AI\pyai\data\original\prices\H100\EC2_p548xlarge_us-west-1.csv
2025-06-27,2774.3889107525465,2734.2581660763476,2807.1789321789315,3,1.376674803363168,2015.2826971008783,2024-12-19,H100,aws,H100,p548xlarge,us-west-1,1,C:\Users\FarhadBillimoria\OneDrive - Aurora Energy Research\Documents\Personal\Endog_demand_AI\pyai\data\original\prices\H100\EC2_p548xlarge_us-west-1.csv
2025-06-28,2649.983602256329,2598.976780794962,2699.6261314443127,5,1.3149438567941418,2015.2826971008783,2024-12-19,H100,aws,H100,p548xlarge,us-west-1,1,C:\Users\FarhadBillimoria\OneDrive - Aurora Energy Research\Documents\Personal\Endog_demand_AI\pyai\data\original\prices\H100\EC2_p548xlarge_us-west-1.csv
2025-06-29,2575.1754558572734,2574.0522104158463,2576.757838121474,4,1.2778234336859235,2015.2826971008783,2024-12-19,H100,aws,H100,p548xlarge,us-west-1,1,C:\Users\FarhadBillimoria\OneDrive - Aurora Energy Research\Documents\Personal\Endog_demand_AI\pyai\data\original\prices\H100\EC2_p548xlarge_us-west-1.csv
2025-06-30,2591.7535747081197,2576.380690017053,2629.919323101141,4,1.2860496338486576,2015.2826971008783,2024-12-19,H100,aws,H100,p548xlarge,us-west-1,1,C:\Users\FarhadBillimoria\OneDrive - Aurora Energy Research\Documents\Personal\Endog_demand_AI\pyai\data\original\prices\H100\EC2_p548xlarge_us-west-1.csv
2025-07-01,2655.073461891643,2638.8232979142067,2668.568804932441,3,1.3174694873881205,2015.2826971008783,2024-12-19,H100,aws,H100,p548xlarge,us-west-1,1,C:\Users\FarhadBillimoria\OneDrive - Aurora Energy Research\Documents\Personal\Endog_demand_AI\pyai\data\original\prices\H100\EC2_p548xlarge_us-west-1.csv
2025-07-02,2687.262232716778,2672.2746950019673,2699.52774498229,4,1.3334418226200164,2015.2826971008783,2024-12-19,H100,aws,H100,p548xlarge,us-west-1,1,C:\Users\FarhadBillimoria\OneDrive - Aurora Energy Research\Documents\Personal\Endog_demand_AI\pyai\data\original\prices\H100\EC2_p548xlarge_us-west-1.csv
2025-07-03,2734.3729502820406,2708.9236521054695,2749.9836022563286,4,1.356818551668023,2015.2826971008783,2024-12-19,H100,aws,H100,p548xlarge,us-west-1,1,C:\Users\FarhadBillimoria\OneDrive - Aurora Energy Research\Documents\Personal\Endog_demand_AI\pyai\data\original\prices\H100\EC2_p548xlarge_us-west-1.csv
2025-07-04,2771.428571428571,2756.4607110061647,2787.583628492719,5,1.3752058584214812,2015.2826971008783,2024-12-19,H100,aws,H100,p548xlarge,us-west-1,1,C:\Users\FarhadBillimoria\OneDrive - Aurora Energy Research\Documents\Personal\Endog_demand_AI\pyai\data\original\prices\H100\EC2_p548xlarge_us-west-1.csv
2025-07-05,2806.1786698150327,2786.5177751541387,2835.432244523153,4,1.3924491456468675,2015.2826971008783,2024-12-19,H100,aws,H100,p548xlarge,us-west-1,1,C:\Users\FarhadBillimoria\OneDrive - Aurora Energy Research\Documents\Personal\Endog_demand_AI\pyai\data\original\prices\H100\EC2_p548xlarge_us-west-1.csv
2025-07-06,2851.97100878919,2821.9532992260256,2896.6614193886912,5,1.415171684296176,2015.2826971008783,2024-12-19,H100,aws,H100,p548xlarge,us-west-1,1,C:\Users\FarhadBillimoria\OneDrive - Aurora Energy Research\Documents\Personal\Endog_demand_AI\pyai\data\original\prices\H100\EC2_p548xlarge_us-west-1.csv
2025-07-07,2930.7359307359297,2920.29056801784,2937.0490620490614,3,1.4542554922701383,2015.2826971008783,2024-12-19,H100,aws,H100,p548xlarge,us-west-1,1,C:\Users\FarhadBillimoria\OneDrive - Aurora Energy Research\Documents\Personal\Endog_demand_AI\pyai\data\original\prices\H100\EC2_p548xlarge_us-west-1.csv
2025-07-08,2937.97717434081,2927.0136429227337,2954.299488390397,5,1.4578486574450775,2015.2826971008783,2024-12-19,H100,aws,H100,p548xlarge,us-west-1,1,C:\Users\FarhadBillimoria\OneDrive - Aurora Energy Research\Documents\Personal\Endog_demand_AI\pyai\data\original\prices\H100\EC2_p548xlarge_us-west-1.csv
2025-07-09,2965.4376557785645,2957.0871048143767,2978.4697625606714,4,1.4714747762408464,2015.2826971008783,2024-12-19,H100,aws,H100,p548xlarge,us-west-1,1,C:\Users\FarhadBillimoria\OneDrive - Aurora Energy Research\Documents\Personal\Endog_demand_AI\pyai\data\original\prices\H100\EC2_p548xlarge_us-west-1.csv
2025-07-10,2987.222058244785,2955.1193755739205,3020.3004066640424,4,1.4822843775427177,2015.2826971008783,2024-12-19,H100,aws,H100,p548xlarge,us-west-1,1,C:\Users\FarhadBillimoria\OneDrive - Aurora Energy Research\Documents\Personal\Endog_demand_AI\pyai\data\original\prices\H100\EC2_p548xlarge_us-west-1.csv
2025-07-11,3036.512309239581,3023.6455463728184,3053.456644365735,3,1.5067426091673448,2015.2826971008783,2024-12-19,H100,aws,H100,p548xlarge,us-west-1,1,C:\Users\FarhadBillimoria\OneDrive - Aurora Energy Research\Documents\Personal\Endog_demand_AI\pyai\data\original\prices\H100\EC2_p548xlarge_us-west-1.csv
2025-07-12,3058.1259018759015,3051.800472255017,3072.10087891906,4,1.5174674532139953,2015.2826971008783,2024-12-19,H100,aws,H100,p548xlarge,us-west-1,1,C:\Users\FarhadBillimoria\OneDrive - Aurora Energy Research\Documents\Personal\Endog_demand_AI\pyai\data\original\prices\H100\EC2_p548xlarge_us-west-1.csv
2025-07-13,3101.2560671651577,3090.302374393283,3117.817788272333,3,1.5388689991863307,2015.2826971008783,2024-12-19,H100,aws,H100,p548xlarge,us-west-1,1,C:\Users\FarhadBillimoria\OneDrive - Aurora Energy Research\Documents\Personal\Endog_demand_AI\pyai\data\original\prices\H100\EC2_p548xlarge_us-west-1.csv
2025-07-14,3148.1208185753635,3135.3633739997367,3163.2723337268785,3,1.5621236777868188,2015.2826971008783,2024-12-19,H100,aws,H100,p548xlarge,us-west-1,1,C:\Users\FarhadBillimoria\OneDrive - Aurora Energy Research\Documents\Personal\Endog_demand_AI\pyai\data\original\prices\H100\EC2_p548xlarge_us-west-1.csv
2025-07-15,3130.845795618522,3115.932047750229,3153.8436311163578,4,1.5535516680227828,2015.2826971008783,2024-12-19,H100,aws,H100,p548xlarge,us-west-1,1,C:\Users\FarhadBillimoria\OneDrive - Aurora Energy Research\Documents\Personal\Endog_demand_AI\pyai\data\original\prices\H100\EC2_p548xlarge_us-west-1.csv
2025-07-16,3115.8172635445358,3097.205824478551,3132.788928243473,4,1.5460943856794145,2015.2826971008783,2024-12-19,H100,aws,H100,p548xlarge,us-west-1,1,C:\Users\FarhadBillimoria\OneDrive - Aurora Energy Research\Documents\Personal\Endog_demand_AI\pyai\data\original\prices\H100\EC2_p548xlarge_us-west-1.csv
2025-07-17,3134.313918404827,3120.080676898858,3156.204906204906,4,1.555272579332791,2015.2826971008783,2024-12-19,H100,aws,H100,p548xlarge,us-west-1,1,C:\Users\FarhadBillimoria\OneDrive - Aurora Energy Research\Documents\Personal\Endog_demand_AI\pyai\data\original\prices\H100\EC2_p548xlarge_us-west-1.csv
2025-07-18,3186.898202807293,3167.978486160304,3202.4137478682924,5,1.5813653376729049,2015.2826971008783,2024-12-19,H100,aws,H100,p548xlarge,us-west-1,1,C:\Users\FarhadBillimoria\OneDrive - Aurora Energy Research\Documents\Personal\Endog_demand_AI\pyai\data\original\prices\H100\EC2_p548xlarge_us-west-1.csv
2025-07-19,3203.8936442345525,3185.95041322314,3223.2716778171316,4,1.589798616761595,2015.2826971008783,2024-12-19,H100,aws,H100,p548xlarge,us-west-1,1,C:\Users\FarhadBillimoria\OneDrive - Aurora Energy Research\Documents\Personal\Endog_demand_AI\pyai\data\original\prices\H100\EC2_p548xlarge_us-west-1.csv
2025-07-20,3233.2852332852326,3215.4007608553056,3246.1465302374386,3,1.604382967181991,2015.2826971008783,2024-12-19,H100,aws,H100,p548xlarge,us-west-1,1,C:\Users\FarhadBillimoria\OneDrive - Aurora Energy Research\Documents\Personal\Endog_demand_AI\pyai\data\original\prices\H100\EC2_p548xlarge_us-west-1.csv
2025-07-21,3190.5319428046696,3160.4191263282164,3223.796405614587,5,1.5831684296175754,2015.2826971008783,2024-12-19,H100,aws,H100,p548xlarge,us-west-1,1,C:\Users\FarhadBillimoria\OneDrive - Aurora Energy Research\Documents\Personal\Endog_demand_AI\pyai\data\original\prices\H100\EC2_p548xlarge_us-west-1.csv
2025-07-22,3187.418011281647,3167.256985438803,3197.4616292798105,4,1.5816232709519937,2015.2826971008783,2024-12-19,H100,aws,H100,p548xlarge,us-west-1,1,C:\Users\FarhadBillimoria\OneDrive - Aurora Energy Research\Documents\Personal\Endog_demand_AI\pyai\data\original\prices\H100\EC2_p548xlarge_us-west-1.csv
2025-07-23,3212.4546329091777,3200.298438934802,3219.795356158992,3,1.5940466503932738,2015.2826971008783,2024-12-19,H100,aws,H100,p548xlarge,us-west-1,1,C:\Users\FarhadBillimoria\OneDrive - Aurora Energy Research\Documents\Personal\Endog_demand_AI\pyai\data\original\prices\H100\EC2_p548xlarge_us-west-1.csv
2025-07-24,3240.891053391053,3225.2722025449293,3263.4789452971268,4,1.608157038242474,2015.2826971008783,2024-12-19,H100,aws,H100,p548xlarge,us-west-1,1,C:\Users\FarhadBillimoria\OneDrive - Aurora Energy Research\Documents\Personal\Endog_demand_AI\pyai\data\original\prices\H100\EC2_p548xlarge_us-west-1.csv
2025-07-25,3256.4525121343295,3237.029384756657,3280.926144562508,4,1.6158787632221319,2015.2826971008783,2024-12-19,H100,aws,H100,p548xlarge,us-west-1,1,C:\Users\FarhadBillimoria\OneDrive - Aurora Energy Research\Documents\Personal\Endog_demand_AI\pyai\data\original\prices\H100\EC2_p548xlarge_us-west-1.csv
2025-07-26,3251.389708776072,3232.044470680834,3279.1879837334377,4,1.6133665581773802,2015.2826971008783,2024-12-19,H100,aws,H100,p548xlarge,us-west-1,1,C:\Users\FarhadBillimoria\OneDrive - Aurora Energy Research\Documents\Personal\Endog_demand_AI\pyai\data\original\prices\H100\EC2_p548xlarge_us-west-1.csv
2025-07-27,3262.3352026761113,3237.84927194018,3299.652367834185,4,1.618797803091945,2015.2826971008783,2024-12-19,H100,aws,H100,p548xlarge,us-west-1,1,C:\Users\FarhadBillimoria\OneDrive - Aurora Energy Research\Documents\Personal\Endog_demand_AI\pyai\data\original\prices\H100\EC2_p548xlarge_us-west-1.csv
2025-07-28,3246.1916240325327,3236.307884035156,3253.295946477764,4,1.6107872253864934,2015.2826971008783,2024-12-19,H100,aws,H100,p548xlarge,us-west-1,1,C:\Users\FarhadBillimoria\OneDrive - Aurora Energy Research\Documents\Personal\Endog_demand_AI\pyai\data\original\prices\H100\EC2_p548xlarge_us-west-1.csv
2025-07-29,3257.9201101928365,3238.1444313262487,3270.4151908697354,4,1.6166069975589912,2015.2826971008783,2024-12-19,H100,aws,H100,p548xlarge,us-west-1,1,C:\Users\FarhadBillimoria\OneDrive - Aurora Energy Research\Documents\Personal\Endog_demand_AI\pyai\data\original\prices\H100\EC2_p548xlarge_us-west-1.csv
2025-07-30,3301.056014692377,3291.9126328217226,3311.7703004066634,5,1.6380113913751015,2015.2826971008783,2024-12-19,H100,aws,H100,p548xlarge,us-west-1,1,C:\Users\FarhadBillimoria\OneDrive - Aurora Energy Research\Documents\Personal\Endog_demand_AI\pyai\data\original\prices\H100\EC2_p548xlarge_us-west-1.csv
2025-07-31,3333.833464515282,3319.6576151121594,3350.8133280860548,4,1.6542758340113914,2015.2826971008783,2024-12-19,H100,aws,H100,p548xlarge,us-west-1,1,C:\Users\FarhadBillimoria\OneDrive - Aurora Energy Research\Documents\Personal\Endog_demand_AI\pyai\data\original\prices\H100\EC2_p548xlarge_us-west-1.csv
2025-08-01,3301.467051467051,3294.962613144431,3309.933753115571,3,1.638215351234066,2015.2826971008783,2024-12-19,H100,aws,H100,p548xlarge,us-west-1,1,C:\Users\FarhadBillimoria\OneDrive - Aurora Energy Research\Documents\Personal\Endog_demand_AI\pyai\data\original\prices\H100\EC2_p548xlarge_us-west-1.csv
2025-08-02,3354.0010494555945,3333.874458874458,3383.1824740915645,5,1.6642831570382428,2015.2826971008783,2024-12-19,H100,aws,H100,p548xlarge,us-west-1,1,C:\Users\FarhadBillimoria\OneDrive - Aurora Energy Research\Documents\Personal\Endog_demand_AI\pyai\data\original\prices\H100\EC2_p548xlarge_us-west-1.csv
2025-08-03,3340.799772617954,3331.7099567099563,3347.6977567886656,3,1.6577325739083268,2015.2826971008783,2024-12-19,H100,aws,H100,p548xlarge,us-west-1,1,C:\Users\FarhadBillimoria\OneDrive - Aurora Energy Research\Documents\Personal\Endog_demand_AI\pyai\data\original\prices\H100\EC2_p548xlarge_us-west-1.csv
2025-08-04,3343.975468975468,3320.772661681752,3365.8008658008653,3,1.6593083807973963,2015.2826971008783,2024-12-19,H100,aws,H100,p548xlarge,us-west-1,1,C:\Users\FarhadBillimoria\OneDrive - Aurora Energy Research\Documents\Personal\Endog_demand_AI\pyai\data\original\prices\H100\EC2_p548xlarge_us-west-1.csv
2025-08-05,3385.715925488652,3376.098648825921,3396.5630329266687,4,1.6800203417412531,2015.2826971008783,2024-12-19,H100,aws,H100,p548xlarge,us-west-1,1,C:\Users\FarhadBillimoria\OneDrive - Aurora Energy Research\Documents\Personal\Endog_demand_AI\pyai\data\original\prices\H100\EC2_p548xlarge_us-west-1.csv
2025-08-06,3360.7995539813714,3355.5850714941616,3364.751410205955,3,1.6676566314076486,2015.2826971008783,2024-12-19,H100,aws,H100,p548xlarge,us-west-1,1,C:\Users\FarhadBillimoria\OneDrive - Aurora Energy Research\Documents\Personal\Endog_demand_AI\pyai\data\original\prices\H100\EC2_p548xlarge_us-west-1.csv
2025-08-07,3350.8187940006114,3344.7461629279805,3361.8490095762813,3,1.6627040954705725,2015.2826971008783,2024-12-19,H100,aws,H100,p548xlarge,us-west-1,1,C:\Users\FarhadBillimoria\OneDrive - Aurora Energy Research\Documents\Personal\Endog_demand_AI\pyai\data\original\prices\H100\EC2_p548xlarge_us-west-1.csv
2025-08-08,3352.6170798898065,3338.0230880230874,3365.1613537977164,4,1.6635964198535396,2015.2826971008783,2024-12-19,H100,aws,H100,p548xlarge,us-west-1,1,C:\Users\FarhadBillimoria\OneDrive - Aurora Energy Research\Documents\Personal\Endog_demand_AI\pyai\data\original\prices\H100\EC2_p548xlarge_us-west-1.csv
2025-08-09,3337.409812409812,3329.1191132100216,3345.41847041847,5,1.6560504475183078,2015.2826971008783,2024-12-19,H100,aws,H100,p548xlarge,us-west-1,1,C:\Users\FarhadBillimoria\OneDrive - Aurora Energy Research\Documents\Personal\Endog_demand_AI\pyai\data\original\prices\H100\EC2_p548xlarge_us-west-1.csv
2025-08-10,3336.5855524946423,3314.065984520529,3350.1410205955654,3,1.6556414429075128,2015.2826971008783,2024-12-19,H100,aws,H100,p548xlarge,us-west-1,1,C:\Users\FarhadBillimoria\OneDrive - Aurora Energy Research\Documents\Personal\Endog_demand_AI\pyai\data\original\prices\H100\EC2_p548xlarge_us-west-1.csv
2025-08-11,3203.418109668109,3138.1673881673873,3246.1465302374386,4,1.5895626525630595,2015.2826971008783,2024-12-19,H100,aws,H100,p548xlarge,us-west-1,1,C:\Users\FarhadBillimoria\OneDrive - Aurora Energy Research\Documents\Personal\Endog_demand_AI\pyai\data\original\prices\H100\EC2_p548xlarge_us-west-1.csv
2025-08-12,3128.9641545323357,3114.980978617342,3158.041453495998,4,1.5526179820992678,2015.2826971008783,2024-12-19,H100,aws,H100,p548xlarge,us-west-1,1,C:\Users\FarhadBillimoria\OneDrive - Aurora Energy Research\Documents\Personal\Endog_demand_AI\pyai\data\original\prices\H100\EC2_p548xlarge_us-west-1.csv
2025-08-13,3141.795388954479,3138.396956578774,3148.038829857011,4,1.558984947111473,2015.2826971008783,2024-12-19,H100,aws,H100,p548xlarge,us-west-1,1,C:\Users\FarhadBillimoria\OneDrive - Aurora Energy Research\Documents\Personal\Endog_demand_AI\pyai\data\original\prices\H100\EC2_p548xlarge_us-west-1.csv
2025-08-14,3153.6730945821846,3142.0536534172893,3174.2424242424236,5,1.564878763222132,2015.2826971008783,2024-12-19,H100,aws,H100,p548xlarge,us-west-1,1,C:\Users\FarhadBillimoria\OneDrive - Aurora Energy Research\Documents\Personal\Endog_demand_AI\pyai\data\original\prices\H100\EC2_p548xlarge_us-west-1.csv
2025-08-15,3165.8631772268127,3155.188246097336,3177.9647120556206,3,1.5709275834011391,2015.2826971008783,2024-12-19,H100,aws,H100,p548xlarge,us-west-1,1,C:\Users\FarhadBillimoria\OneDrive - Aurora Energy Research\Documents\Personal\Endog_demand_AI\pyai\data\original\prices\H100\EC2_p548xlarge_us-west-1.csv
2025-08-16,3211.3259215531934,3180.768726223271,3242.1126852945026,4,1.5934865744507731,2015.2826971008783,2024-12-19,H100,aws,H100,p548xlarge,us-west-1,1,C:\Users\FarhadBillimoria\OneDrive - Aurora Energy Research\Documents\Personal\Endog_demand_AI\pyai\data\original\prices\H100\EC2_p548xlarge_us-west-1.csv
2025-08-17,3265.7336350518162,3240.8172635445358,3286.189820280729,4,1.6204841334418227,2015.2826971008783,2024-12-19,H100,aws,H100,p548xlarge,us-west-1,1,C:\Users\FarhadBillimoria\OneDrive - Aurora Energy Research\Documents\Personal\Endog_demand_AI\pyai\data\original\prices\H100\EC2_p548xlarge_us-west-1.csv
2025-08-18,3297.479666797848,3278.253312344221,3310.95041322314,4,1.6362367778681857,2015.2826971008783,2024-12-19,H100,aws,H100,p548xlarge,us-west-1,1,C:\Users\FarhadBillimoria\OneDrive - Aurora Energy Research\Documents\Personal\Endog_demand_AI\pyai\data\original\prices\H100\EC2_p548xlarge_us-west-1.csv
2025-08-19,3256.4443132624947,3217.3356946084214,3283.156237701691,3,1.6158746948738816,2015.2826971008783,2024-12-19,H100,aws,H100,p548xlarge,us-west-1,1,C:\Users\FarhadBillimoria\OneDrive - Aurora Energy Research\Documents\Personal\Endog_demand_AI\pyai\data\original\prices\H100\EC2_p548xlarge_us-west-1.csv
2025-08-20,3212.6459399186665,3201.95461104552,3230.240718877082,4,1.5941415785191213,2015.2826971008783,2024-12-19,H100,aws,H100,p548xlarge,us-west-1,1,C:\Users\FarhadBillimoria\OneDrive - Aurora Energy Research\Documents\Personal\Endog_demand_AI\pyai\data\original\prices\H100\EC2_p548xlarge_us-west-1.csv
2025-08-21,3211.1455463728184,3200.6755870392226,3234.733700642791,4,1.5933970707892597,2015.2826971008783,2024-12-19,H100,aws,H100,p548xlarge,us-west-1,1,C:\Users\FarhadBillimoria\OneDrive - Aurora Energy Research\Documents\Personal\Endog_demand_AI\pyai\data\original\prices\H100\EC2_p548xlarge_us-west-1.csv
2025-08-22,3231.7001180637535,3211.6948707857796,3248.98333989243,5,1.6035964198535395,2015.2826971008783,2024-12-19,H100,aws,H100,p548xlarge,us-west-1,1,C:\Users\FarhadBillimoria\OneDrive - Aurora Energy Research\Documents\Personal\Endog_demand_AI\pyai\data\original\prices\H100\EC2_p548xlarge_us-west-1.csv
2025-08-23,3251.143742621015,3245.080676898858,3262.839433293978,4,1.613244507729862,2015.2826971008783,2024-12-19,H100,aws,H100,p548xlarge,us-west-1,1,C:\Users\FarhadBillimoria\OneDrive - Aurora Energy Research\Documents\Personal\Endog_demand_AI\pyai\data\original\prices\H100\EC2_p548xlarge_us-west-1.csv
2025-08-24,3265.5696576151113,3255.1652892561974,3282.500327954873,4,1.6204027664768106,2015.2826971008783,2024-12-19,H100,aws,H100,p548xlarge,us-west-1,1,C:\Users\FarhadBillimoria\OneDrive - Aurora Energy Research\Documents\Personal\Endog_demand_AI\pyai\data\original\prices\H100\EC2_p548xlarge_us-west-1.csv
2025-08-25,3244.683031614849,3226.206873934146,3270.1036337399964,4,1.610038649308381,2015.2826971008783,2024-12-19,H100,aws,H100,p548xlarge,us-west-1,1,C:\Users\FarhadBillimoria\OneDrive - Aurora Energy Research\Documents\Personal\Endog_demand_AI\pyai\data\original\prices\H100\EC2_p548xlarge_us-west-1.csv
2025-08-26,3245.2883816520175,3233.5366653548467,3262.3638987275344,3,1.6103390290208843,2015.2826971008783,2024-12-19,H100,aws,H100,p548xlarge,us-west-1,1,C:\Users\FarhadBillimoria\OneDrive - Aurora Energy Research\Documents\Personal\Endog_demand_AI\pyai\data\original\prices\H100\EC2_p548xlarge_us-west-1.csv
2025-08-27,3268.021120293847,3242.7194018103105,3288.124754033844,5,1.6216192026037433,2015.2826971008783,2024-12-19,H100,aws,H100,p548xlarge,us-west-1,1,C:\Users\FarhadBillimoria\OneDrive - Aurora Energy Research\Documents\Personal\Endog_demand_AI\pyai\data\original\prices\H100\EC2_p548xlarge_us-west-1.csv
2025-08-28,3278.236914600551,3257.8053259871435,3294.4706808343167,3,1.6266883645240038,2015.2826971008783,2024-12-19,H100,aws,H100,p548xlarge,us-west-1,1,C:\Users\FarhadBillimoria\OneDrive - Aurora Energy Research\Documents\Personal\Endog_demand_AI\pyai\data\original\prices\H100\EC2_p548xlarge_us-west-1.csv
2025-08-29,3318.8664239800596,3302.94831431195,3339.826839826839,4,1.6468490642799025,2015.2826971008783,2024-12-19,H100,aws,H100,p548xlarge,us-west-1,1,C:\Users\FarhadBillimoria\OneDrive - Aurora Energy Research\Documents\Personal\Endog_demand_AI\pyai\data\original\prices\H100\EC2_p548xlarge_us-west-1.csv
2025-08-30,3297.0492260264978,3292.125803489439,3301.8660632296987,4,1.6360231895850286,2015.2826971008783,2024-12-19,H100,aws,H100,p548xlarge,us-west-1,1,C:\Users\FarhadBillimoria\OneDrive - Aurora Energy Research\Documents\Personal\Endog_demand_AI\pyai\data\original\prices\H100\EC2_p548xlarge_us-west-1.csv
2025-08-31,3320.3408544317626,3310.3928899383436,3333.349731077003,3,1.6475806889069704,2015.2826971008783,2024-12-19,H100,aws,H100,p548xlarge,us-west-1,1,C:\Users\FarhadBillimoria\OneDrive - Aurora Energy Research\Documents\Personal\Endog_demand_AI\pyai\data\original\prices\H100\EC2_p548xlarge_us-west-1.csv
2025-09-01,3316.2058900695256,3310.064935064934,3321.707333070969,4,1.6455288852725793,2015.2826971008783,2024-12-19,H100,aws,H100,p548xlarge,us-west-1,1,C:\Users\FarhadBillimoria\OneDrive - Aurora Energy Research\Documents\Personal\Endog_demand_AI\pyai\data\original\prices\H100\EC2_p548xlarge_us-west-1.csv
2025-09-02,3315.04574970484,3301.1281647645274,3329.2994883903966,4,1.6449532139951182,2015.2826971008783,2024-12-19,H100,aws,H100,p548xlarge,us-west-1,1,C:\Users\FarhadBillimoria\OneDrive - Aurora Energy Research\Documents\Personal\Endog_demand_AI\pyai\data\original\prices\H100\EC2_p548xlarge_us-west-1.csv
2025-09-03,3314.024990161353,3303.6698150334505,3331.365604092876,4,1.644446704637917,2015.2826971008783,2024-12-19,H100,aws,H100,p548xlarge,us-west-1,1,C:\Users\FarhadBillimoria\OneDrive - Aurora Energy Research\Documents\Personal\Endog_demand_AI\pyai\data\original\prices\H100\EC2_p548xlarge_us-west-1.csv
2025-09-04,3350.682146136691,3344.72976518431,3360.176439721894,3,1.6626362896663955,2015.2826971008783,2024-12-19,H100,aws,H100,p548xlarge,us-west-1,1,C:\Users\FarhadBillimoria\OneDrive - Aurora Energy Research\Documents\Personal\Endog_demand_AI\pyai\data\original\prices\H100\EC2_p548xlarge_us-west-1.csv
2025-09-05,3336.2685294503467,3311.147186147185,3357.9627443263803,3,1.6554841334418227,2015.2826971008783,2024-12-19,H100,aws,H100,p548xlarge,us-west-1,1,C:\Users\FarhadBillimoria\OneDrive - Aurora Energy Research\Documents\Personal\Endog_demand_AI\pyai\data\original\prices\H100\EC2_p548xlarge_us-west-1.csv
2025-09-06,3308.35137085137,3287.9935720844805,3321.2481962481957,4,1.6416314076484948,2015.2826971008783,2024-12-19,H100,aws,H100,p548xlarge,us-west-1,1,C:\Users\FarhadBillimoria\OneDrive - Aurora Energy Research\Documents\Personal\Endog_demand_AI\pyai\data\original\prices\H100\EC2_p548xlarge_us-west-1.csv
2025-09-07,3316.9888823297906,3296.864751410205,3338.6134067952244,4,1.6459174125305127,2015.2826971008783,2024-12-19,H100,aws,H100,p548xlarge,us-west-1,1,C:\Users\FarhadBillimoria\OneDrive - Aurora Energy Research\Documents\Personal\Endog_demand_AI\pyai\data\original\prices\H100\EC2_p548xlarge_us-west-1.csv
2025-09-08,3308.221828676373,3295.569329660238,3324.4949494949487,5,1.6415671277461352,2015.2826971008783,2024-12-19,H100,aws,H100,p548xlarge,us-west-1,1,C:\Users\FarhadBillimoria\OneDrive - Aurora Energy Research\Documents\Personal\Endog_demand_AI\pyai\data\original\prices\H100\EC2_p548xlarge_us-west-1.csv
2025-09-09,3259.3508133280857,3239.505444050898,3268.299881936245,4,1.6173169243287229,2015.2826971008783,2024-12-19,H100,aws,H100,p548xlarge,us-west-1,1,C:\Users\FarhadBillimoria\OneDrive - Aurora Energy Research\Documents\Personal\Endog_demand_AI\pyai\data\original\prices\H100\EC2_p548xlarge_us-west-1.csv
2025-09-10,3264.8850518168692,3249.7704315886126,3274.9245703791153,4,1.6200630593978846,2015.2826971008783,2024-12-19,H100,aws,H100,p548xlarge,us-west-1,1,C:\Users\FarhadBillimoria\OneDrive - Aurora Energy Research\Documents\Personal\Endog_demand_AI\pyai\data\original\prices\H100\EC2_p548xlarge_us-west-1.csv
2025-09-11,3231.4336547291086,3198.1339367702994,3265.8894136166855,4,1.6034641985353948,2015.2826971008783,2024-12-19,H100,aws,H100,p548xlarge,us-west-1,1,C:\Users\FarhadBillimoria\OneDrive - Aurora Energy Research\Documents\Personal\Endog_demand_AI\pyai\data\original\prices\H100\EC2_p548xlarge_us-west-1.csv
2025-09-12,3168.0604748786564,3127.180899908172,3193.2146136691586,4,1.572017900732303,2015.2826971008783,2024-12-19,H100,aws,H100,p548xlarge,us-west-1,1,C:\Users\FarhadBillimoria\OneDrive - Aurora Energy Research\Documents\Personal\Endog_demand_AI\pyai\data\original\prices\H100\EC2_p548xlarge_us-west-1.csv
2025-09-13,3046.3859372950274,2996.9664174209624,3132.067427521972,5,1.5116419853539464,2015.2826971008783,2024-12-19,H100,aws,H100,p548xlarge,us-west-1,1,C:\Users\FarhadBillimoria\OneDrive - Aurora Energy Research\Documents\Personal\Endog_demand_AI\pyai\data\original\prices\H100\EC2_p548xlarge_us-west-1.csv
2025-09-14,2963.58607722244,2929.932441296077,2994.9494949494942,3,1.47055600759425,2015.2826971008783,2024-12-19,H100,aws,H100,p548xlarge,us-west-1,1,C:\Users\FarhadBillimoria\OneDrive - Aurora Energy Research\Documents\Personal\Endog_demand_AI\pyai\data\original\prices\H100\EC2_p548xlarge_us-west-1.csv
2025-09-15,2883.354650400104,2866.883116883116,2901.4331627967986,4,1.4307445077298617,2015.2826971008783,2024-12-19,H100,aws,H100,p548xlarge,us-west-1,1,C:\Users\FarhadBillimoria\OneDrive - Aurora Energy Research\Documents\Personal\Endog_demand_AI\pyai\data\original\prices\H100\EC2_p548xlarge_us-west-1.csv
2025-09-16,2876.6725698543873,2870.49062049062,2882.5921553194275,3,1.4274288039056144,2015.2826971008783,2024-12-19,H100,aws,H100,p548xlarge,us-west-1,1,C:\Users\FarhadBillimoria\OneDrive - Aurora Energy Research\Documents\Personal\Endog_demand_AI\pyai\data\original\prices\H100\EC2_p548xlarge_us-west-1.csv
2025-09-17,2908.1357405221033,2884.264725173816,2928.440246622064,4,1.4430410903173312,2015.2826971008783,2024-12-19,H100,aws,H100,p548xlarge,us-west-1,1,C:\Users\FarhadBillimoria\OneDrive - Aurora Energy Research\Documents\Personal\Endog_demand_AI\pyai\data\original\prices\H100\EC2_p548xlarge_us-west-1.csv
2025-09-18,2926.007914644278,2923.520923520923,2927.8335301062566,3,1.4519094114456201,2015.2826971008783,2024-12-19,H100,aws,H100,p548xlarge,us-west-1,1,C:\Users\FarhadBillimoria\OneDrive - Aurora Energy Research\Documents\Personal\Endog_demand_AI\pyai\data\original\prices\H100\EC2_p548xlarge_us-west-1.csv
2025-09-19,2932.424898333988,2926.456119637937,2943.4605798242155,3,1.455093572009764,2015.2826971008783,2024-12-19,H100,aws,H100,p548xlarge,us-west-1,1,C:\Users\FarhadBillimoria\OneDrive - Aurora Energy Research\Documents\Personal\Endog_demand_AI\pyai\data\original\prices\H100\EC2_p548xlarge_us-west-1.csv
2025-09-20,2948.420897284533,2925.439459530368,2972.0910402728578,4,1.4630309194467048,2015.2826971008783,2024-12-19,H100,aws,H100,p548xlarge,us-west-1,1,C:\Users\FarhadBillimoria\OneDrive - Aurora Energy Research\Documents\Personal\Endog_demand_AI\pyai\data\original\prices\H100\EC2_p548xlarge_us-west-1.csv
2025-09-21,2894.3274738729283,2874.8360225632946,2926.6364948183123,3,1.4361893138052622,2015.2826971008783,2024-12-19,H100,aws,H100,p548xlarge,us-west-1,1,C:\Users\FarhadBillimoria\OneDrive - Aurora Energy Research\Documents\Personal\Endog_demand_AI\pyai\data\original\prices\H100\EC2_p548xlarge_us-west-1.csv
2025-09-22,2867.723501246228,2862.48852157943,2872.3107700380424,4,1.4229882017900735,2015.2826971008783,2024-12-19,H100,aws,H100,p548xlarge,us-west-1,1,C:\Users\FarhadBillimoria\OneDrive - Aurora Energy Research\Documents\Personal\Endog_demand_AI\pyai\data\original\prices\H100\EC2_p548xlarge_us-west-1.csv
2025-09-23,2856.839498884953,2855.2571166207526,2859.274563820018,4,1.4175874694873885,2015.2826971008783,2024-12-19,H100,aws,H100,p548xlarge,us-west-1,1,C:\Users\FarhadBillimoria\OneDrive - Aurora Energy Research\Documents\Personal\Endog_demand_AI\pyai\data\original\prices\H100\EC2_p548xlarge_us-west-1.csv
2025-09-24,2857.0554025099477,2856.946084218811,2857.1756526301974,3,1.4176946026579877,2015.2826971008783,2024-12-19,H100,aws,H100,p548xlarge,us-west-1,1,C:\Users\FarhadBillimoria\OneDrive - Aurora Energy Research\Documents\Personal\Endog_demand_AI\pyai\data\original\prices\H100\EC2_p548xlarge_us-west-1.csv
2025-09-25,2855.658861340679,2855.0603436967067,2856.388560934015,4,1.4170016273393005,2015.2826971008783,2024-12-19,H100,aws,H100,p548xlarge,us-west-1,1,C:\Users\FarhadBillimoria\OneDrive - Aurora Energy Research\Documents\Personal\Endog_demand_AI\pyai\data\original\prices\H100\EC2_p548xlarge_us-west-1.csv
2025-09-26,2854.3347435392884,2853.7485242030693,2854.8471730289907,4,1.416344589096827,2015.2826971008783,2024-12-19,H100,aws,H100,p548xlarge,us-west-1,1,C:\Users\FarhadBillimoria\OneDrive - Aurora Energy Research\Documents\Personal\Endog_demand_AI\pyai\data\original\prices\H100\EC2_p548xlarge_us-west-1.csv
2025-09-27,2851.950238313874,2850.8297258297252,2853.07621671258,3,1.415161377813941,2015.2826971008783,2024-12-19,H100,aws,H100,p548xlarge,us-west-1,1,C:\Users\FarhadBillimoria\OneDrive - Aurora Energy Research\Documents\Personal\Endog_demand_AI\pyai\data\original\prices\H100\EC2_p548xlarge_us-west-1.csv
2025-09-28,2844.9306375442734,2841.4830119375565,2848.517643972189,4,1.4116781936533769,2015.2826971008783,2024-12-19,H100,aws,H100,p548xlarge,us-west-1,1,C:\Users\FarhadBillimoria\OneDrive - Aurora Energy Research\Documents\Personal\Endog_demand_AI\pyai\data\original\prices\H100\EC2_p548xlarge_us-west-1.csv
2025-09-29,2835.7397022169744,2832.1526957890587,2839.2693165420433,4,1.4071175752644427,2015.2826971008783,2024-12-19,H100,aws,H100,p548xlarge,us-west-1,1,C:\Users\FarhadBillimoria\OneDrive - Aurora Energy Research\Documents\Personal\Endog_demand_AI\pyai\data\original\prices\H100\EC2_p548xlarge_us-west-1.csv
2025-09-30,2826.028138528138,2823.4290961563684,2829.725829725829,4,1.402298616761595,2015.2826971008783,2024-12-19,H100,aws,H100,p548xlarge,us-west-1,1,C:\Users\FarhadBillimoria\OneDrive - Aurora Energy Research\Documents\Personal\Endog_demand_AI\pyai\data\original\prices\H100\EC2_p548xlarge_us-west-1.csv
2025-10-01,2821.6991341991334,2820.9858323494677,2822.822379640561,4,1.4001505288852727,2015.2826971008783,2024-12-19,H100,aws,H100,p548xlarge,us-west-1,1,C:\Users\FarhadBillimoria\OneDrive - Aurora Energy Research\Documents\Personal\Endog_demand_AI\pyai\data\original\prices\H100\EC2_p548xlarge_us-west-1.csv
2025-10-02,2820.79315886134,2815.2302243211325,2823.2323232323224,4,1.3997009764035804,2015.2826971008783,2024-12-19,H100,aws,H100,p548xlarge,us-west-1,1,C:\Users\FarhadBillimoria\OneDrive - Aurora Energy Research\Documents\Personal\Endog_demand_AI\pyai\data\original\prices\H100\EC2_p548xlarge_us-west-1.csv
2025-10-03,2821.018627836809,2820.5430932703657,2821.7893217893215,3,1.3998128559804721,2015.2826971008783,2024-12-19,H100,aws,H100,p548xlarge,us-west-1,1,C:\Users\FarhadBillimoria\OneDrive - Aurora Energy Research\Documents\Personal\Endog_demand_AI\pyai\data\original\prices\H100\EC2_p548xlarge_us-west-1.csv
2025-10-04,2810.6443220079577,2804.1453495998944,2820.5758887577063,3,1.3946650393273665,2015.2826971008783,2024-12-19,H100,aws,H100,p548xlarge,us-west-1,1,C:\Users\FarhadBillimoria\OneDrive - Aurora Energy Research\Documents\Personal\Endog_demand_AI\pyai\data\original\prices\H100\EC2_p548xlarge_us-west-1.csv
2025-10-05,2801.9425860334945,2801.3577331759143,2802.3088023088017,3,1.3903471657173856,2015.2826971008783,2024-12-19,H100,aws,H100,p548xlarge,us-west-1,1,C:\Users\FarhadBillimoria\OneDrive - Aurora Energy Research\Documents\Personal\Endog_demand_AI\pyai\data\original\prices\H100\EC2_p548xlarge_us-west-1.csv
2025-10-06,2770.788239538239,2741.7355371900817,2797.01233110324,4,1.3748881204231083,2015.2826971008783,2024-12-19,H100,aws,H100,p548xlarge,us-west-1,1,C:\Users\FarhadBillimoria\OneDrive - Aurora Energy Research\Documents\Personal\Endog_demand_AI\pyai\data\original\prices\H100\EC2_p548xlarge_us-west-1.csv
2025-10-07,2773.2656653111194,2719.828151646333,2793.8967598058503,6,1.3761174396528344,2015.2826971008783,2024-12-19,H100,aws,H100,p548xlarge,us-west-1,1,C:\Users\FarhadBillimoria\OneDrive - Aurora Energy Research\Documents\Personal\Endog_demand_AI\pyai\data\original\prices\H100\EC2_p548xlarge_us-west-1.csv
2025-10-08,2809.0523743932827,2791.8142463597005,2824.8393021120287,4,1.3938751017087063,2015.2826971008783,2024-12-19,H100,aws,H100,p548xlarge,us-west-1,1,C:\Users\FarhadBillimoria\OneDrive - Aurora Energy Research\Documents\Personal\Endog_demand_AI\pyai\data\original\prices\H100\EC2_p548xlarge_us-west-1.csv
2025-10-09,2817.7609427609423,2810.4256854256846,2822.215663124753,3,1.3981963656088963,2015.2826971008783,2024-12-19,H100,aws,H100,p548xlarge,us-west-1,1,C:\Users\FarhadBillimoria\OneDrive - Aurora Energy Research\Documents\Personal\Endog_demand_AI\pyai\data\original\prices\H100\EC2_p548xlarge_us-west-1.csv
2025-10-10,2812.18844287026,2799.226026498753,2820.6906729633993,4,1.3954312449145647,2015.2826971008783,2024-12-19,H100,aws,H100,p548xlarge,us-west-1,1,C:\Users\FarhadBillimoria\OneDrive - Aurora Energy Research\Documents\Personal\Endog_demand_AI\pyai\data\original\prices\H100\EC2_p548xlarge_us-west-1.csv
2025-10-11,2783.775252525252,2765.135117407844,2790.6008133280857,4,1.381332384052075,2015.2826971008783,2024-12-19,H100,aws,H100,p548xlarge,us-west-1,1,C:\Users\FarhadBillimoria\OneDrive - Aurora Energy Research\Documents\Personal\Endog_demand_AI\pyai\data\original\prices\H100\EC2_p548xlarge_us-west-1.csv
2025-10-12,2699.322773186409,2686.4915387642654,2719.74616292798,4,1.339426362896664,2015.2826971008783,2024-12-19,H100,aws,H100,p548xlarge,us-west-1,1,C:\Users\FarhadBillimoria\OneDrive - Aurora Energy Research\Documents\Personal\Endog_demand_AI\pyai\data\original\prices\H100\EC2_p548xlarge_us-west-1.csv
2025-10-13,2804.739767807949,2765.610651974288,2839.0889413616683,4,1.3917351505288855,2015.2826971008783,2024-12-19,H100,aws,H100,p548xlarge,us-west-1,1,C:\Users\FarhadBillimoria\OneDrive - Aurora Energy Research\Documents\Personal\Endog_demand_AI\pyai\data\original\prices\H100\EC2_p548xlarge_us-west-1.csv
2025-10-14,2894.693690148235,2875.688705234159,2908.5333858061126,3,1.4363710333604558,2015.2826971008783,2024-12-19,H100,aws,H100,p548xlarge,us-west-1,1,C:\Users\FarhadBillimoria\OneDrive - Aurora Energy Research\Documents\Personal\Endog_demand_AI\pyai\data\original\prices\H100\EC2_p548xlarge_us-west-1.csv
2025-10-15,2909.3163780663776,2893.5294503476316,2925.2262888626524,4,1.4436269324654192,2015.2826971008783,2024-12-19,H100,aws,H100,p548xlarge,us-west-1,1,C:\Users\FarhadBillimoria\OneDrive - Aurora Energy Research\Documents\Personal\Endog_demand_AI\pyai\data\original\prices\H100\EC2_p548xlarge_us-west-1.csv
2025-10-16,2887.8353338580605,2861.717827626918,2913.9938344483794,4,1.4329678600488203,2015.2826971008783,2024-12-19,H100,aws,H100,p548xlarge,us-west-1,1,C:\Users\FarhadBillimoria\OneDrive - Aurora Energy Research\Documents\Personal\Endog_demand_AI\pyai\data\original\prices\H100\EC2_p548xlarge_us-west-1.csv
2025-10-17,2904.3437622983074,2892.5127902400627,2925.4230617866974,4,1.4411594792514242,2015.2826971008783,2024-12-19,H100,aws,H100,p548xlarge,us-west-1,1,C:\Users\FarhadBillimoria\OneDrive - Aurora Energy Research\Documents\Personal\Endog_demand_AI\pyai\data\original\prices\H100\EC2_p548xlarge_us-west-1.csv
2025-10-18,2932.939787485241,2919.1263282172367,2955.5785123966934,5,1.4553490642799023,2015.2826971008783,2024-12-19,H100,aws,H100,p548xlarge,us-west-1,1,C:\Users\FarhadBillimoria\OneDrive - Aurora Energy Research\Documents\Personal\Endog_demand_AI\pyai\data\original\prices\H100\EC2_p548xlarge_us-west-1.csv
2025-10-19,2939.935064935064,2900.3837072018882,2965.4007608553056,3,1.458820179007323,2015.2826971008783,2024-12-19,H100,aws,H100,p548xlarge,us-west-1,1,C:\Users\FarhadBillimoria\OneDrive - Aurora Energy Research\Documents\Personal\Endog_demand_AI\pyai\data\original\prices\H100\EC2_p548xlarge_us-west-1.csv
2025-10-20,2937.347500983864,2917.8637019546104,2950.659189295552,5,1.4575362082994305,2015.2826971008783,2024-12-19,H100,aws,H100,p548xlarge,us-west-1,1,C:\Users\FarhadBillimoria\OneDrive - Aurora Energy Research\Documents\Personal\Endog_demand_AI\pyai\data\original\prices\H100\EC2_p548xlarge_us-west-1.csv
2025-10-21,2983.844123048668,2955.463728191,3012.0523415977955,4,1.4806082180634663,2015.2826971008783,2024-12-19,H100,aws,H100,p548xlarge,us-west-1,1,C:\Users\FarhadBillimoria\OneDrive - Aurora Energy Research\Documents\Personal\Endog_demand_AI\pyai\data\original\prices\H100\EC2_p548xlarge_us-west-1.csv
2025-10-22,3036.546471205562,3028.7780401416762,3045.96287550833,4,1.5067595606183892,2015.2826971008783,2024-12-19,H100,aws,H100,p548xlarge,us-west-1,1,C:\Users\FarhadBillimoria\OneDrive - Aurora Energy Research\Documents\Personal\Endog_demand_AI\pyai\data\original\prices\H100\EC2_p548xlarge_us-west-1.csv
2025-10-23,3013.4584481175384,2997.983077528532,3030.630985176439,4,1.4953030919446706,2015.2826971008783,2024-12-19,H100,aws,H100,p548xlarge,us-west-1,1,C:\Users\FarhadBillimoria\OneDrive - Aurora Energy Research\Documents\Personal\Endog_demand_AI\pyai\data\original\prices\H100\EC2_p548xlarge_us-west-1.csv
2025-10-24,3032.7244304517026,3018.0047225501767,3045.880886789977,3,1.504863032275563,2015.2826971008783,2024-12-19,H100,aws,H100,p548xlarge,us-west-1,1,C:\Users\FarhadBillimoria\OneDrive - Aurora Energy Research\Documents\Personal\Endog_demand_AI\pyai\data\original\prices\H100\EC2_p548xlarge_us-west-1.csv
2025-10-25,3066.1594297957927,3060.1141282959456,3072.510822510822,3,1.5214537564415516,2015.2826971008783,2024-12-19,H100,aws,H100,p548xlarge,us-west-1,1,C:\Users\FarhadBillimoria\OneDrive - Aurora Energy Research\Documents\Personal\Endog_demand_AI\pyai\data\original\prices\H100\EC2_p548xlarge_us-west-1.csv
2025-10-26,3054.2929292929284,3021.4154532336343,3087.793519611701,5,1.515565500406835,2015.2826971008783,2024-12-19,H100,aws,H100,p548xlarge,us-west-1,1,C:\Users\FarhadBillimoria\OneDrive - Aurora Energy Research\Documents\Personal\Endog_demand_AI\pyai\data\original\prices\H100\EC2_p548xlarge_us-west-1.csv
2025-10-27,2974.4960426778603,2955.135773317591,2985.537190082644,3,1.475969622999729,2015.2826971008783,2024-12-19,H100,aws,H100,p548xlarge,us-west-1,1,C:\Users\FarhadBillimoria\OneDrive - Aurora Energy Research\Documents\Personal\Endog_demand_AI\pyai\data\original\prices\H100\EC2_p548xlarge_us-west-1.csv
2025-10-28,2972.882231404958,2950.446018627836,3014.6431850977297,4,1.4751688364524005,2015.2826971008783,2024-12-19,H100,aws,H100,p548xlarge,us-west-1,1,C:\Users\FarhadBillimoria\OneDrive - Aurora Energy Research\Documents\Personal\Endog_demand_AI\pyai\data\original\prices\H100\EC2_p548xlarge_us-west-1.csv
2025-10-29,3026.1598670689577,3022.8912501639766,3027.9253574708114,3,1.5016056414429078,2015.2826971008783,2024-12-19,H100,aws,H100,p548xlarge,us-west-1,1,C:\Users\FarhadBillimoria\OneDrive - Aurora Energy Research\Documents\Personal\Endog_demand_AI\pyai\data\original\prices\H100\EC2_p548xlarge_us-west-1.csv
2025-10-30,3043.290043290043,3028.4992784992783,3059.3762298307747,4,1.510105777054516,2015.2826971008783,2024-12-19,H100,aws,H100,p548xlarge,us-west-1,1,C:\Users\FarhadBillimoria\OneDrive - Aurora Energy Research\Documents\Personal\Endog_demand_AI\pyai\data\original\prices\H100\EC2_p548xlarge_us-west-1.csv
2025-10-31,3053.473042109405,3040.8467794831427,3075.954348681621,5,1.515158665581774,2015.2826971008783,2024-12-19,H100,aws,H100,p548xlarge,us-west-1,1,C:\Users\FarhadBillimoria\OneDrive - Aurora Energy Research\Documents\Personal\Endog_demand_AI\pyai\data\original\prices\H100\EC2_p548xlarge_us-west-1.csv
2025-11-01,3095.413004503913,3090.6795224977036,3101.846385937294,3,1.5359696229997288,2015.2826971008783,2024-12-19,H100,aws,H100,p548xlarge,us-west-1,1,C:\Users\FarhadBillimoria\OneDrive - Aurora Energy Research\Documents\Personal\Endog_demand_AI\pyai\data\original\prices\H100\EC2_p548xlarge_us-west-1.csv
2025-11-02,3098.6611242293056,3083.8416633871175,3116.5551620097067,4,1.5375813669650125,2015.2826971008783,2024-12-19,H100,aws,H100,p548xlarge,us-west-1,1,C:\Users\FarhadBillimoria\OneDrive - Aurora Energy Research\Documents\Personal\Endog_demand_AI\pyai\data\original\prices\H100\EC2_p548xlarge_us-west-1.csv
2025-11-03,3119.1419060737235,3104.1912632821713,3137.265512265512,4,1.5477441008950368,2015.2826971008783,2024-12-19,H100,aws,H100,p548xlarge,us-west-1,1,C:\Users\FarhadBillimoria\OneDrive - Aurora Energy Research\Documents\Personal\Endog_demand_AI\pyai\data\original\prices\H100\EC2_p548xlarge_us-west-1.csv
2025-11-04,3119.0640167912893,3114.9645808736714,3122.2123835760194,3,1.5477054515866562,2015.2826971008783,2024-12-19,H100,aws,H100,p548xlarge,us-west-1,1,C:\Users\FarhadBillimoria\OneDrive - Aurora Energy Research\Documents\Personal\Endog_demand_AI\pyai\data\original\prices\H100\EC2_p548xlarge_us-west-1.csv
2025-11-05,3139.7481306572213,3123.376623376623,3157.861078315623,5,1.5579690805532957,2015.2826971008783,2024-12-19,H100,aws,H100,p548xlarge,us-west-1,1,C:\Users\FarhadBillimoria\OneDrive - Aurora Energy Research\Documents\Personal\Endog_demand_AI\pyai\data\original\prices\H100\EC2_p548xlarge_us-west-1.csv
2025-11-06,3187.9673356946078,3158.0906467270097,3214.5972714154527,3,1.5818958502847846,2015.2826971008783,2024-12-19,H100,aws,H100,p548xlarge,us-west-1,1,C:\Users\FarhadBillimoria\OneDrive - Aurora Energy Research\Documents\Personal\Endog_demand_AI\pyai\data\original\prices\H100\EC2_p548xlarge_us-west-1.csv
2025-11-07,3294.4829791420693,3258.9859635314174,3357.815164633346,4,1.6347497965825877,2015.2826971008783,2024-12-19,H100,aws,H100,p548xlarge,us-west-1,1,C:\Users\FarhadBillimoria\OneDrive - Aurora Energy Research\Documents\Personal\Endog_demand_AI\pyai\data\original\prices\H100\EC2_p548xlarge_us-west-1.csv
2025-11-08,3379.7498797498793,3372.622327167781,3383.4120425029514,3,1.6770599403308926,2015.2826971008783,2024-12-19,H100,aws,H100,p548xlarge,us-west-1,1,C:\Users\FarhadBillimoria\OneDrive - Aurora Energy Research\Documents\Personal\Endog_demand_AI\pyai\data\original\prices\H100\EC2_p548xlarge_us-west-1.csv
2025-11-09,3429.7971599107955,3415.05968778696,3441.0501115046563,4,1.7018938161106592,2015.2826971008783,2024-12-19,H100,aws,H100,p548xlarge,us-west-1,1,C:\Users\FarhadBillimoria\OneDrive - Aurora Energy Research\Documents\Personal\Endog_demand_AI\pyai\data\original\prices\H100\EC2_p548xlarge_us-west-1.csv
2025-11-10,3457.505247277974,3447.396038305128,3473.173291355109,4,1.7156427990235967,2015.2826971008783,2024-12-19,H100,aws,H100,p548xlarge,us-west-1,1,C:\Users\FarhadBillimoria\OneDrive - Aurora Energy Research\Documents\Personal\Endog_demand_AI\pyai\data\original\prices\H100\EC2_p548xlarge_us-west-1.csv
2025-11-11,3509.0269578905936,3486.8162140889403,3530.532598714416,4,1.7412082994304314,2015.2826971008783,2024-12-19,H100,aws,H100,p548xlarge,us-west-1,1,C:\Users\FarhadBillimoria\OneDrive - Aurora Energy Research\Documents\Personal\Endog_demand_AI\pyai\data\original\prices\H100\EC2_p548xlarge_us-west-1.csv
2025-11-12,3551.9207223752674,3541.535484717302,3562.245834973107,3,1.7624925413615409,2015.2826971008783,2024-12-19,H100,aws,H100,p548xlarge,us-west-1,1,C:\Users\FarhadBillimoria\OneDrive - Aurora Energy Research\Documents\Personal\Endog_demand_AI\pyai\data\original\prices\H100\EC2_p548xlarge_us-west-1.csv
2025-11-13,3597.1730289912102,3576.561065197428,3607.4052210415844,4,1.7849471114727424,2015.2826971008783,2024-12-19,H100,aws,H100,p548xlarge,us-west-1,1,C:\Users\FarhadBillimoria\OneDrive - Aurora Energy Research\Documents\Personal\Endog_demand_AI\pyai\data\original\prices\H100\EC2_p548xlarge_us-west-1.csv
2025-11-14,3623.562464471555,3618.2933228387765,3629.5749704840605,3,1.7980417683753733,2015.2826971008783,2024-12-19,H100,aws,H100,p548xlarge,us-west-1,1,C:\Users\FarhadBillimoria\OneDrive - Aurora Energy Research\Documents\Personal\Endog_demand_AI\pyai\data\original\prices\H100\EC2_p548xlarge_us-west-1.csv
2025-11-15,3665.0159604705054,3648.415977961432,3682.3593073593065,3,1.8186113371304586,2015.2826971008783,2024-12-19,H100,aws,H100,p548xlarge,us-west-1,1,C:\Users\FarhadBillimoria\OneDrive - Aurora Energy Research\Documents\Personal\Endog_demand_AI\pyai\data\original\prices\H100\EC2_p548xlarge_us-west-1.csv
2025-11-16,3728.7362258953162,3712.7443263806895,3743.522891250163,4,1.8502298616761599,2015.2826971008783,2024-12-19,H100,aws,H100,p548xlarge,us-west-1,1,C:\Users\FarhadBillimoria\OneDrive - Aurora Energy Research\Documents\Personal\Endog_demand_AI\pyai\data\original\prices\H100\EC2_p548xlarge_us-west-1.csv
2025-11-17,3773.809523809523,3761.16686343959,3791.7158598976775,3,1.8725956061838895,2015.2826971008783,2024-12-19,H100,aws,H100,p548xlarge,us-west-1,1,C:\Users\FarhadBillimoria\OneDrive - Aurora Energy Research\Documents\Personal\Endog_demand_AI\pyai\data\original\prices\H100\EC2_p548xlarge_us-west-1.csv
2025-11-18,3812.300494118675,3800.7018234290954,3823.9866194411643,3,1.891695145104421,2015.2826971008783,2024-12-19,H100,aws,H100,p548xlarge,us-west-1,1,C:\Users\FarhadBillimoria\OneDrive - Aurora Energy Research\Documents\Personal\Endog_demand_AI\pyai\data\original\prices\H100\EC2_p548xlarge_us-west-1.csv
2025-11-19,3864.3988587170397,3849.337531155712,3878.919060737242,4,1.9175467860048823,2015.2826971008783,2024-12-19,H100,aws,H100,p548xlarge,us-west-1,1,C:\Users\FarhadBillimoria\OneDrive - Aurora Energy Research\Documents\Personal\Endog_demand_AI\pyai\data\original\prices\H100\EC2_p548xlarge_us-west-1.csv
2025-11-20,3898.4542393633296,3884.4778958415313,3915.617211071756,3,1.9344453485218338,2015.2826971008783,2024-12-19,H100,aws,H100,p548xlarge,us-west-1,1,C:\Users\FarhadBillimoria\OneDrive - Aurora Energy Research\Documents\Personal\Endog_demand_AI\pyai\data\original\prices\H100\EC2_p548xlarge_us-west-1.csv
2025-11-21,3957.0707070707062,3952.348156893611,3961.7932572478016,2,1.96353132628153,2015.2826971008783,2024-12-19,H100,aws,H100,p548xlarge,us-west-1,1,C:\Users\FarhadBillimoria\OneDrive - Aurora Energy Research\Documents\Personal\Endog_demand_AI\pyai\data\original\prices\H100\EC2_p548xlarge_us-west-1.csv
2025-11-22,3914.0143316279673,3846.599107962744,3964.15453233635,4,1.9421663954434503,2015.2826971008783,2024-12-19,H100,aws,H100,p548xlarge,us-west-1,1,C:\Users\FarhadBillimoria\OneDrive - Aurora Energy Research\Documents\Personal\Endog_demand_AI\pyai\data\original\prices\H100\EC2_p548xlarge_us-west-1.csv
2025-11-23,3747.409156500065,3707.7430145611957,3787.6820149547416,4,1.8594955248169245,2015.2826971008783,2024-12-19,H100,aws,H100,p548xlarge,us-west-1,1,C:\Users\FarhadBillimoria\OneDrive - Aurora Energy Research\Documents\Personal\Endog_demand_AI\pyai\data\original\prices\H100\EC2_p548xlarge_us-west-1.csv
2025-11-24,3707.7061196379373,3706.4475928112283,3708.776072412435,4,1.8397945484133444,2015.2826971008783,2024-12-19,H100,aws,H100,p548xlarge,us-west-1,1,C:\Users\FarhadBillimoria\OneDrive - Aurora Energy Research\Documents\Personal\Endog_demand_AI\pyai\data\original\prices\H100\EC2_p548xlarge_us-west-1.csv
2025-11-25,3712.2851895579165,3710.547028728846,3713.383838383838,3,1.8420667209113104,2015.2826971008783,2024-12-19,H100,aws,H100,p548xlarge,us-west-1,1,C:\Users\FarhadBillimoria\OneDrive - Aurora Energy Research\Documents\Personal\Endog_demand_AI\pyai\data\original\prices\H100\EC2_p548xlarge_us-west-1.csv
2025-11-26,3726.998065066246,3725.501770956316,3727.8466483011925,4,1.8493673718470303,2015.2826971008783,2024-12-19,H100,aws,H100,p548xlarge,us-west-1,1,C:\Users\FarhadBillimoria\OneDrive - Aurora Energy Research\Documents\Personal\Endog_demand_AI\pyai\data\original\prices\H100\EC2_p548xlarge_us-west-1.csv
2025-11-27,3719.3416852507758,3716.5813983995795,3723.7144168962345,3,1.8455682126390023,2015.2826971008783,2024-12-19,H100,aws,H100,p548xlarge,us-west-1,1,C:\Users\FarhadBillimoria\OneDrive - Aurora Energy Research\Documents\Personal\Endog_demand_AI\pyai\data\original\prices\H100\EC2_p548xlarge_us-west-1.csv
2025-11-28,3711.5199615199613,3704.135510953692,3717.696444969172,3,1.8416870084079202,2015.2826971008783,2024-12-19,H100,aws,H100,p548xlarge,us-west-1,1,C:\Users\FarhadBillimoria\OneDrive - Aurora Energy Research\Documents\Personal\Endog_demand_AI\pyai\data\original\prices\H100\EC2_p548xlarge_us-west-1.csv
2025-11-29,3705.8299444663076,3697.314049586776,3717.4504788141144,3,1.8388635747219966,2015.2826971008783,2024-12-19,H100,aws,H100,p548xlarge,us-west-1,1,C:\Users\FarhadBillimoria\OneDrive - Aurora Energy Research\Documents\Personal\Endog_demand_AI\pyai\data\original\prices\H100\EC2_p548xlarge_us-west-1.csv
2025-11-30,3739.390659845205,3728.387773842319,3749.4096812278626,3,1.8555166802278278,2015.2826971008783,2024-12-19,H100,aws,H100,p548xlarge,us-west-1,1,C:\Users\FarhadBillimoria\OneDrive - Aurora Energy Research\Documents\Personal\Endog_demand_AI\pyai\data\original\prices\H100\EC2_p548xlarge_us-west-1.csv
2025-12-01,3750.762495080676,3749.229306047487,3751.7053653417283,4,1.861159479251424,2015.2826971008783,2024-12-19,H100,aws,H100,p548xlarge,us-west-1,1,C:\Users\FarhadBillimoria\OneDrive - Aurora Energy Research\Documents\Personal\Endog_demand_AI\pyai\data\original\prices\H100\EC2_p548xlarge_us-west-1.csv
2025-12-02,3736.328381214744,3731.470549652367,3742.8177882723326,4,1.8539971521562246,2015.2826971008783,2024-12-19,H100,aws,H100,p548xlarge,us-west-1,1,C:\Users\FarhadBillimoria\OneDrive - Aurora Energy Research\Documents\Personal\Endog_demand_AI\pyai\data\original\prices\H100\EC2_p548xlarge_us-west-1.csv
2025-12-03,3724.1325593598312,3722.6813590449947,3725.9445100354183,4,1.847945484133442,2015.2826971008783,2024-12-19,H100,aws,H100,p548xlarge,us-west-1,1,C:\Users\FarhadBillimoria\OneDrive - Aurora Energy Research\Documents\Personal\Endog_demand_AI\pyai\data\original\prices\H100\EC2_p548xlarge_us-west-1.csv
2025-12-04,3729.3962350780525,3728.4533648170004,3730.978617342253,4,1.8505573637103339,2015.2826971008783,2024-12-19,H100,aws,H100,p548xlarge,us-west-1,1,C:\Users\FarhadBillimoria\OneDrive - Aurora Energy Research\Documents\Personal\Endog_demand_AI\pyai\data\original\prices\H100\EC2_p548xlarge_us-west-1.csv
2025-12-05,3728.2893873802955,3727.6170798898065,3729.404433949888,3,1.8500081366965013,2015.2826971008783,2024-12-19,H100,aws,H100,p548xlarge,us-west-1,1,C:\Users\FarhadBillimoria\OneDrive - Aurora Energy Research\Documents\Personal\Endog_demand_AI\pyai\data\original\prices\H100\EC2_p548xlarge_us-west-1.csv
2025-12-06,3745.9292601338047,3729.6995933359563,3761.5768070313516,4,1.8587611879576893,2015.2826971008783,2024-12-19,H100,aws,H100,p548xlarge,us-west-1,1,C:\Users\FarhadBillimoria\OneDrive - Aurora Energy Research\Documents\Personal\Endog_demand_AI\pyai\data\original\prices\H100\EC2_p548xlarge_us-west-1.csv
2025-12-07,3786.804735668371,3773.088023088022,3799.062049062048,4,1.8790439381611066,2015.2826971008783,2024-12-19,H100,aws,H100,p548xlarge,us-west-1,1,C:\Users\FarhadBillimoria\OneDrive - Aurora Energy Research\Documents\Personal\Endog_demand_AI\pyai\data\original\prices\H100\EC2_p548xlarge_us-west-1.csv
2025-12-08,3801.406926406926,3801.1117670208573,3801.7512790240053,3,1.8862896663954438,2015.2826971008783,2024-12-19,H100,aws,H100,p548xlarge,us-west-1,1,C:\Users\FarhadBillimoria\OneDrive - Aurora Energy Research\Documents\Personal\Endog_demand_AI\pyai\data\original\prices\H100\EC2_p548xlarge_us-west-1.csv
2025-12-09,3798.034457125366,3794.2083169355888,3802.538370720188,3,1.8846162191483595,2015.2826971008783,2024-12-19,H100,aws,H100,p548xlarge,us-west-1,1,C:\Users\FarhadBillimoria\OneDrive - Aurora Energy Research\Documents\Personal\Endog_demand_AI\pyai\data\original\prices\H100\EC2_p548xlarge_us-west-1.csv
2025-12-11,3775.0393545848083,3775.0393545848083,3775.0393545848083,1,1.873205858421481,2015.2826971008783,2024-12-19,H100,aws,H100,p548xlarge,us-west-1,1,C:\Users\FarhadBillimoria\OneDrive - Aurora Energy Research\Documents\Personal\Endog_demand_AI\pyai\data\original\prices\H100\EC2_p548xlarge_us-west-1.csv
2025-12-12,3786.124229306047,3778.7288469106643,3793.3720320083953,4,1.8787062652563062,2015.2826971008783,2024-12-19,H100,aws,H100,p548xlarge,us-west-1,1,C:\Users\FarhadBillimoria\OneDrive - Aurora Energy Research\Documents\Personal\Endog_demand_AI\pyai\data\original\prices\H100\EC2_p548xlarge_us-west-1.csv
2025-12-13,3790.0432900432893,3785.9766496130123,3793.2572478027014,3,1.8806509357200978,2015.2826971008783,2024-12-19,H100,aws,H100,p548xlarge,us-west-1,1,C:\Users\FarhadBillimoria\OneDrive - Aurora Energy Research\Documents\Personal\Endog_demand_AI\pyai\data\original\prices\H100\EC2_p548xlarge_us-west-1.csv
2025-12-14,3773.2192050373865,3769.890463072281,3775.1541387905017,3,1.8723026851098459,2015.2826971008783,2024-12-19,H100,aws,H100,p548xlarge,us-west-1,1,C:\Users\FarhadBillimoria\OneDrive - Aurora Energy Research\Documents\Personal\Endog_demand_AI\pyai\data\original\prices\H100\EC2_p548xlarge_us-west-1.csv
2025-12-15,3778.9830119375565,3777.105470287288,3781.6148497966674,4,1.8751627339300245,2015.2826971008783,2024-12-19,H100,aws,H100,p548xlarge,us-west-1,1,C:\Users\FarhadBillimoria\OneDrive - Aurora Energy Research\Documents\Personal\Endog_demand_AI\pyai\data\original\prices\H100\EC2_p548xlarge_us-west-1.csv
2025-12-16,3785.2660807206253,3784.222091040272,3786.7473435655247,3,1.8782804448060755,2015.2826971008783,2024-12-19,H100,aws,H100,p548xlarge,us-west-1,1,C:\Users\FarhadBillimoria\OneDrive - Aurora Energy Research\Documents\Personal\Endog_demand_AI\pyai\data\original\prices\H100\EC2_p548xlarge_us-west-1.csv
2025-12-17,3779.8684900957624,3775.9904237176956,3783.7465564738286,2,1.8756021155410907,2015.2826971008783,2024-12-19,H100,aws,H100,p548xlarge,us-west-1,1,C:\Users\FarhadBillimoria\OneDrive - Aurora Energy Research\Documents\Personal\Endog_demand_AI\pyai\data\original\prices\H100\EC2_p548xlarge_us-west-1.csv
2025-12-18,3764.533866806593,3757.788928243473,3771.5958284140092,6,1.8679929481963655,2015.2826971008783,2024-12-19,H100,aws,H100,p548xlarge,us-west-1,1,C:\Users\FarhadBillimoria\OneDrive - Aurora Energy Research\Documents\Personal\Endog_demand_AI\pyai\data\original\prices\H100\EC2_p548xlarge_us-west-1.csv
2025-12-19,3741.7314377541643,3729.3716384625473,3752.2956841138653,4,1.856678193653377,2015.2826971008783,2024-12-19,H100,aws,H100,p548xlarge,us-west-1,1,C:\Users\FarhadBillimoria\OneDrive - Aurora Energy Research\Documents\Personal\Endog_demand_AI\pyai\data\original\prices\H100\EC2_p548xlarge_us-west-1.csv
2025-12-20,3750.3607503607495,3726.8299881936236,3768.7426210153476,3,1.8609601301871441,2015.2826971008783,2024-12-19,H100,aws,H100,p548xlarge,us-west-1,1,C:\Users\FarhadBillimoria\OneDrive - Aurora Energy Research\Documents\Personal\Endog_demand_AI\pyai\data\original\prices\H100\EC2_p548xlarge_us-west-1.csv
2025-12-21,3814.402138265774,3784.779614325068,3850.2066115702473,4,1.8927379983726609,2015.2826971008783,2024-12-19,H100,aws,H100,p548xlarge,us-west-1,1,C:\Users\FarhadBillimoria\OneDrive - Aurora Energy Research\Documents\Personal\Endog_demand_AI\pyai\data\original\prices\H100\EC2_p548xlarge_us-west-1.csv
2025-12-22,3831.2289562289557,3824.1341991341988,3839.3513052603957,3,1.9010876050989969,2015.2826971008783,2024-12-19,H100,aws,H100,p548xlarge,us-west-1,1,C:\Users\FarhadBillimoria\OneDrive - Aurora Energy Research\Documents\Personal\Endog_demand_AI\pyai\data\original\prices\H100\EC2_p548xlarge_us-west-1.csv
2025-12-23,3804.6372819100084,3795.9628755083295,3818.1818181818176,4,1.887892595606184,2015.2826971008783,2024-12-19,H100,aws,H100,p548xlarge,us-west-1,1,C:\Users\FarhadBillimoria\OneDrive - Aurora Energy Research\Documents\Personal\Endog_demand_AI\pyai\data\original\prices\H100\EC2_p548xlarge_us-west-1.csv
2025-12-24,3787.5467335694602,3785.304342122523,3790.3876426603692,4,1.8794121236777872,2015.2826971008783,2024-12-19,H100,aws,H100,p548xlarge,us-west-1,1,C:\Users\FarhadBillimoria\OneDrive - Aurora Energy Research\Documents\Personal\Endog_demand_AI\pyai\data\original\prices\H100\EC2_p548xlarge_us-west-1.csv
2025-12-25,3818.4892758756387,3801.7020857929942,3835.7765971402328,4,1.8947660699755902,2015.2826971008783,2024-12-19,H100,aws,H100,p548xlarge,us-west-1,1,C:\Users\FarhadBillimoria\OneDrive - Aurora Energy Research\Documents\Personal\Endog_demand_AI\pyai\data\original\prices\H100\EC2_p548xlarge_us-west-1.csv
2025-12-26,3861.037321264593,3850.6165551620093,3872.5403384494284,4,1.915878763222132,2015.2826971008783,2024-12-19,H100,aws,H100,p548xlarge,us-west-1,1,C:\Users\FarhadBillimoria\OneDrive - Aurora Energy Research\Documents\Personal\Endog_demand_AI\pyai\data\original\prices\H100\EC2_p548xlarge_us-west-1.csv
2025-12-27,3897.690377804013,3882.854519218155,3917.306178669814,4,1.934066314076485,2015.2826971008783,2024-12-19,H100,aws,H100,p548xlarge,us-west-1,1,C:\Users\FarhadBillimoria\OneDrive - Aurora Energy Research\Documents\Personal\Endog_demand_AI\pyai\data\original\prices\H100\EC2_p548xlarge_us-west-1.csv
2025-12-28,3947.3345467663644,3919.175521448248,3968.5983208710477,4,1.9587001627339304,2015.2826971008783,2024-12-19,H100,aws,H100,p548xlarge,us-west-1,1,C:\Users\FarhadBillimoria\OneDrive - Aurora Energy Research\Documents\Personal\Endog_demand_AI\pyai\data\original\prices\H100\EC2_p548xlarge_us-west-1.csv
2025-12-29,3986.674100310463,3981.7001180637535,3991.3419913419907,3,1.9782207756983998,2015.2826971008783,2024-12-19,H100,aws,H100,p548xlarge,us-west-1,1,C:\Users\FarhadBillimoria\OneDrive - Aurora Energy Research\Documents\Personal\Endog_demand_AI\pyai\data\original\prices\H100\EC2_p548xlarge_us-west-1.csv
2025-12-30,4014.1225567361926,3991.2764003673083,4033.500590318771,4,1.9918409275834015,2015.2826971008783,2024-12-19,H100,aws,H100,p548xlarge,us-west-1,1,C:\Users\FarhadBillimoria\OneDrive - Aurora Energy Research\Documents\Personal\Endog_demand_AI\pyai\data\original\prices\H100\EC2_p548xlarge_us-west-1.csv
2025-12-31,4026.2090602999688,4012.0359438541245,4040.4368358913807,3,1.9978383509628428,2015.2826971008783,2024-12-19,H100,aws,H100,p548xlarge,us-west-1,1,C:\Users\FarhadBillimoria\OneDrive - Aurora Energy Research\Documents\Personal\Endog_demand_AI\pyai\data\original\prices\H100\EC2_p548xlarge_us-west-1.csv
2026-01-01,3996.725917180462,3987.83287419651,4001.328217237308,3,1.9832085706536484,2015.2826971008783,2024-12-19,H100,aws,H100,p548xlarge,us-west-1,1,C:\Users\FarhadBillimoria\OneDrive - Aurora Energy Research\Documents\Personal\Endog_demand_AI\pyai\data\original\prices\H100\EC2_p548xlarge_us-west-1.csv
2026-01-02,3988.051510778783,3987.882067427521,3988.1772268135896,3,1.9789042582045027,2015.2826971008783,2024-12-19,H100,aws,H100,p548xlarge,us-west-1,1,C:\Users\FarhadBillimoria\OneDrive - Aurora Energy Research\Documents\Personal\Endog_demand_AI\pyai\data\original\prices\H100\EC2_p548xlarge_us-west-1.csv
2026-01-03,3992.566356202719,3987.7344877344867,4001.2626262626254,3,1.9811445619745052,2015.2826971008783,2024-12-19,H100,aws,H100,p548xlarge,us-west-1,1,C:\Users\FarhadBillimoria\OneDrive - Aurora Energy Research\Documents\Personal\Endog_demand_AI\pyai\data\original\prices\H100\EC2_p548xlarge_us-west-1.csv
2026-01-04,4027.2571494162394,4022.464908828544,4029.5159386068467,4,1.998358421480879,2015.2826971008783,2024-12-19,H100,aws,H100,p548xlarge,us-west-1,1,C:\Users\FarhadBillimoria\OneDrive - Aurora Energy Research\Documents\Personal\Endog_demand_AI\pyai\data\original\prices\H100\EC2_p548xlarge_us-west-1.csv
2026-01-05,4064.5538173947257,4053.161484979666,4071.5925488652756,4,2.016865337672905,2015.2826971008783,2024-12-19,H100,aws,H100,p548xlarge,us-west-1,1,C:\Users\FarhadBillimoria\OneDrive - Aurora Energy Research\Documents\Personal\Endog_demand_AI\pyai\data\original\prices\H100\EC2_p548xlarge_us-west-1.csv
2026-01-06,4070.1932747387286,4069.6084218811484,4070.7070707070698,3,2.019663683211283,2015.2826971008783,2024-12-19,H100,aws,H100,p548xlarge,us-west-1,1,C:\Users\FarhadBillimoria\OneDrive - Aurora Energy Research\Documents\Personal\Endog_demand_AI\pyai\data\original\prices\H100\EC2_p548xlarge_us-west-1.csv
2026-01-07,4114.740478376841,4094.1558441558436,4132.313393677029,3,2.041768375372932,2015.2826971008783,2024-12-19,H100,aws,H100,p548xlarge,us-west-1,1,C:\Users\FarhadBillimoria\OneDrive - Aurora Energy Research\Documents\Personal\Endog_demand_AI\pyai\data\original\prices\H100\EC2_p548xlarge_us-west-1.csv
2026-01-08,4150.613275613275,4141.643709825527,4159.927194018102,3,2.0595687550854356,2015.2826971008783,2024-12-19,H100,aws,H100,p548xlarge,us-west-1,1,C:\Users\FarhadBillimoria\OneDrive - Aurora Energy Research\Documents\Personal\Endog_demand_AI\pyai\data\original\prices\H100\EC2_p548xlarge_us-west-1.csv
2026-01-09,4149.563820018365,4121.6548602912235,4177.472779745506,2,2.0590480065093577,2015.2826971008783,2024-12-19,H100,aws,H100,p548xlarge,us-west-1,1,C:\Users\FarhadBillimoria\OneDrive - Aurora Energy Research\Documents\Personal\Endog_demand_AI\pyai\data\original\prices\H100\EC2_p548xlarge_us-west-1.csv
2026-01-10,4074.8010407101306,4067.411124229305,4082.7922077922067,3,2.021950094928126,2015.2826971008783,2024-12-19,H100,aws,H100,p548xlarge,us-west-1,1,C:\Users\FarhadBillimoria\OneDrive - Aurora Energy Research\Documents\Personal\Endog_demand_AI\pyai\data\original\prices\H100\EC2_p548xlarge_us-west-1.csv
2026-01-11,4128.875333420788,4075.773973501245,4182.80204643841,3,2.0487822077569846,2015.2826971008783,2024-12-19,H100,aws,H100,p548xlarge,us-west-1,1,C:\Users\FarhadBillimoria\OneDrive - Aurora Energy Research\Documents\Personal\Endog_demand_AI\pyai\data\original\prices\H100\EC2_p548xlarge_us-west-1.csv
2026-01-12,3998.2823363505177,3880.3948576675843,4090.5975337793516,4,1.9839808787632225,2015.2826971008783,2024-12-19,H100,aws,H100,p548xlarge,us-west-1,1,C:\Users\FarhadBillimoria\OneDrive - Aurora Energy Research\Documents\Personal\Endog_demand_AI\pyai\data\original\prices\H100\EC2_p548xlarge_us-west-1.csv
2026-01-13,3745.16266561721,3631.2967335694602,3850.8953168044072,4,1.8583807973962572,2015.2826971008783,2024-12-19,H100,aws,H100,p548xlarge,us-west-1,1,C:\Users\FarhadBillimoria\OneDrive - Aurora Energy Research\Documents\Personal\Endog_demand_AI\pyai\data\original\prices\H100\EC2_p548xlarge_us-west-1.csv
2026-01-14,3524.5966155057054,3462.3015873015866,3600.059031877213,5,1.74893409275834,2015.2826971008783,2024-12-19,H100,aws,H100,p548xlarge,us-west-1,1,C:\Users\FarhadBillimoria\OneDrive - Aurora Energy Research\Documents\Personal\Endog_demand_AI\pyai\data\original\prices\H100\EC2_p548xlarge_us-west-1.csv
2026-01-15,3406.204906204906,3400.7444575626387,3413.8626524990154,3,1.6901871440195284,2015.2826971008783,2024-12-19,H100,aws,H100,p548xlarge,us-west-1,1,C:\Users\FarhadBillimoria\OneDrive - Aurora Energy Research\Documents\Personal\Endog_demand_AI\pyai\data\original\prices\H100\EC2_p548xlarge_us-west-1.csv
2026-01-16,3319.7601010101002,3221.500721500721,3391.4961301324934,4,1.647292514239219,2015.2826971008783,2024-12-19,H100,aws,H100,p548xlarge,us-west-1,1,C:\Users\FarhadBillimoria\OneDrive - Aurora Energy Research\Documents\Personal\Endog_demand_AI\pyai\data\original\prices\H100\EC2_p548xlarge_us-west-1.csv
2026-01-17,3118.7305960033227,3092.9096156368873,3147.415715597533,3,1.5475400054244646,2015.2826971008783,2024-12-19,H100,aws,H100,p548xlarge,us-west-1,1,C:\Users\FarhadBillimoria\OneDrive - Aurora Energy Research\Documents\Personal\Endog_demand_AI\pyai\data\original\prices\H100\EC2_p548xlarge_us-west-1.csv
2026-01-18,3033.9105339105336,3031.073724255542,3036.747343565525,2,1.505451586655818,2015.2826971008783,2024-12-19,H100,aws,H100,p548xlarge,us-west-1,1,C:\Users\FarhadBillimoria\OneDrive - Aurora Energy Research\Documents\Personal\Endog_demand_AI\pyai\data\original\prices\H100\EC2_p548xlarge_us-west-1.csv
2026-01-19,3163.6166863439585,3119.4411648957093,3207.792207792207,2,1.569812855980472,2015.2826971008783,2024-12-19,H100,aws,H100,p548xlarge,us-west-1,1,C:\Users\FarhadBillimoria\OneDrive - Aurora Energy Research\Documents\Personal\Endog_demand_AI\pyai\data\original\prices\H100\EC2_p548xlarge_us-west-1.csv
2026-01-20,3207.792207792207,3207.792207792207,3207.792207792207,1,1.5917331163547601,2015.2826971008783,2024-12-19,H100,aws,H100,p548xlarge,us-west-1,1,C:\Users\FarhadBillimoria\OneDrive - Aurora Energy Research\Documents\Personal\Endog_demand_AI\pyai\data\original\prices\H100\EC2_p548xlarge_us-west-1.csv
2026-01-21,3207.792207792207,3207.792207792207,3207.792207792207,1,1.5917331163547601,2015.2826971008783,2024-12-19,H100,aws,H100,p548xlarge,us-west-1,1,C:\Users\FarhadBillimoria\OneDrive - Aurora Energy Research\Documents\Personal\Endog_demand_AI\pyai\data\original\prices\H100\EC2_p548xlarge_us-west-1.csv
2026-01-22,3240.956644365735,3229.9455594910137,3251.9677292404563,2,1.6081895850284789,2015.2826971008783,2024-12-19,H100,aws,H100,p548xlarge,us-west-1,1,C:\Users\FarhadBillimoria\OneDrive - Aurora Energy Research\Documents\Personal\Endog_demand_AI\pyai\data\original\prices\H100\EC2_p548xlarge_us-west-1.csv
2026-01-23,3296.1432506887045,3296.1432506887045,3296.1432506887045,1,1.6355736371033363,2015.2826971008783,2024-12-19,H100,aws,H100,p548xlarge,us-west-1,1,C:\Users\FarhadBillimoria\OneDrive - Aurora Energy Research\Documents\Personal\Endog_demand_AI\pyai\data\original\prices\H100\EC2_p548xlarge_us-west-1.csv
2026-01-24,3267.60297783025,3252.033320215138,3296.1432506887045,4,1.621411716842962,2015.2826971008783,2024-12-19,H100,aws,H100,p548xlarge,us-west-1,1,C:\Users\FarhadBillimoria\OneDrive - Aurora Energy Research\Documents\Personal\Endog_demand_AI\pyai\data\original\prices\H100\EC2_p548xlarge_us-west-1.csv
2026-01-25,3296.1432506887045,3296.1432506887045,3296.1432506887045,1,1.6355736371033363,2015.2826971008783,2024-12-19,H100,aws,H100,p548xlarge,us-west-1,1,C:\Users\FarhadBillimoria\OneDrive - Aurora Energy Research\Documents\Personal\Endog_demand_AI\pyai\data\original\prices\H100\EC2_p548xlarge_us-west-1.csv
2026-01-26,3296.1432506887045,3296.1432506887045,3296.1432506887045,1,1.6355736371033363,2015.2826971008783,2024-12-19,H100,aws,H100,p548xlarge,us-west-1,1,C:\Users\FarhadBillimoria\OneDrive - Aurora Energy Research\Documents\Personal\Endog_demand_AI\pyai\data\original\prices\H100\EC2_p548xlarge_us-west-1.csv
2026-01-27,3318.2966023875106,3296.225239407057,3340.3679653679646,2,1.646566314076485,2015.2826971008783,2024-12-19,H100,aws,H100,p548xlarge,us-west-1,1,C:\Users\FarhadBillimoria\OneDrive - Aurora Energy Research\Documents\Personal\Endog_demand_AI\pyai\data\original\prices\H100\EC2_p548xlarge_us-west-1.csv
2026-01-28,3296.225239407057,3296.225239407057,3296.225239407057,1,1.6356143205858424,2015.2826971008783,2024-12-19,H100,aws,H100,p548xlarge,us-west-1,1,C:\Users\FarhadBillimoria\OneDrive - Aurora Energy Research\Documents\Personal\Endog_demand_AI\pyai\data\original\prices\H100\EC2_p548xlarge_us-west-1.csv
2026-01-29,3296.225239407057,3296.225239407057,3296.225239407057,1,1.6356143205858424,2015.2826971008783,2024-12-19,H100,aws,H100,p548xlarge,us-west-1,1,C:\Users\FarhadBillimoria\OneDrive - Aurora Energy Research\Documents\Personal\Endog_demand_AI\pyai\data\original\prices\H100\EC2_p548xlarge_us-west-1.csv
2026-01-30,3229.852638943548,3207.956185228912,3252.0989111898193,3,1.602679685381069,2015.2826971008783,2024-12-19,H100,aws,H100,p548xlarge,us-west-1,1,C:\Users\FarhadBillimoria\OneDrive - Aurora Energy Research\Documents\Personal\Endog_demand_AI\pyai\data\original\prices\H100\EC2_p548xlarge_us-west-1.csv
2026-01-31,3207.956185228912,3207.956185228912,3207.956185228912,1,1.5918144833197725,2015.2826971008783,2024-12-19,H100,aws,H100,p548xlarge,us-west-1,1,C:\Users\FarhadBillimoria\OneDrive - Aurora Energy Research\Documents\Personal\Endog_demand_AI\pyai\data\original\prices\H100\EC2_p548xlarge_us-west-1.csv
2026-02-01,3252.0989111898193,3252.0989111898193,3252.0989111898193,1,1.6137184703010579,2015.2826971008783,2024-12-19,H100,aws,H100,p548xlarge,us-west-1,1,C:\Users\FarhadBillimoria\OneDrive - Aurora Energy Research\Documents\Personal\Endog_demand_AI\pyai\data\original\prices\H100\EC2_p548xlarge_us-west-1.csv
2026-02-02,3230.0275482093657,3207.956185228912,3252.0989111898193,2,1.602766476810415,2015.2826971008783,2024-12-19,H100,aws,H100,p548xlarge,us-west-1,1,C:\Users\FarhadBillimoria\OneDrive - Aurora Energy Research\Documents\Personal\Endog_demand_AI\pyai\data\original\prices\H100\EC2_p548xlarge_us-west-1.csv
2026-02-03,3223.413791595609,3204.102715466351,3252.0989111898193,3,1.5994846758882562,2015.2826971008783,2024-12-19,H100,aws,H100,p548xlarge,us-west-1,1,C:\Users\FarhadBillimoria\OneDrive - Aurora Energy Research\Documents\Personal\Endog_demand_AI\pyai\data\original\prices\H100\EC2_p548xlarge_us-west-1.csv
2026-02-04,3131.250819887183,3111.652236652236,3155.4998032270755,5,1.553752644426363,2015.2826971008783,2024-12-19,H100,aws,H100,p548xlarge,us-west-1,1,C:\Users\FarhadBillimoria\OneDrive - Aurora Energy Research\Documents\Personal\Endog_demand_AI\pyai\data\original\prices\H100\EC2_p548xlarge_us-west-1.csv
2026-02-05,3128.623901351173,3102.797455070182,3163.3871179325715,3,1.5524491456468674,2015.2826971008783,2024-12-19,H100,aws,H100,p548xlarge,us-west-1,1,C:\Users\FarhadBillimoria\OneDrive - Aurora Energy Research\Documents\Personal\Endog_demand_AI\pyai\data\original\prices\H100\EC2_p548xlarge_us-west-1.csv
2026-02-06,3152.335038698674,3141.282959464777,3163.3871179325715,2,1.5642148087876322,2015.2826971008783,2024-12-19,H100,aws,H100,p548xlarge,us-west-1,1,C:\Users\FarhadBillimoria\OneDrive - Aurora Energy Research\Documents\Personal\Endog_demand_AI\pyai\data\original\prices\H100\EC2_p548xlarge_us-west-1.csv
2026-02-07,3163.33792470156,3163.288731470549,3163.3871179325715,2,1.5696745321399512,2015.2826971008783,2024-12-19,H100,aws,H100,p548xlarge,us-west-1,1,C:\Users\FarhadBillimoria\OneDrive - Aurora Energy Research\Documents\Personal\Endog_demand_AI\pyai\data\original\prices\H100\EC2_p548xlarge_us-west-1.csv
2026-02-08,3120.916961826052,3119.178800996982,3122.655122655122,2,1.5486248982912938,2015.2826971008783,2024-12-19,H100,aws,H100,p548xlarge,us-west-1,1,C:\Users\FarhadBillimoria\OneDrive - Aurora Energy Research\Documents\Personal\Endog_demand_AI\pyai\data\original\prices\H100\EC2_p548xlarge_us-west-1.csv
2026-02-09,3106.855896628623,3094.5329922602646,3119.178800996982,2,1.5416476810414972,2015.2826971008783,2024-12-19,H100,aws,H100,p548xlarge,us-west-1,1,C:\Users\FarhadBillimoria\OneDrive - Aurora Energy Research\Documents\Personal\Endog_demand_AI\pyai\data\original\prices\H100\EC2_p548xlarge_us-west-1.csv
2026-02-10,3023.100321395775,2986.898202807293,3075.2492457037906,4,1.5000874694873882,2015.2826971008783,2024-12-19,H100,aws,H100,p548xlarge,us-west-1,1,C:\Users\FarhadBillimoria\OneDrive - Aurora Energy Research\Documents\Personal\Endog_demand_AI\pyai\data\original\prices\H100\EC2_p548xlarge_us-west-1.csv
2026-02-11,3059.597599370326,3031.073724255542,3119.4411648957093,4,1.5181977217249798,2015.2826971008783,2024-12-19,H100,aws,H100,p548xlarge,us-west-1,1,C:\Users\FarhadBillimoria\OneDrive - Aurora Energy Research\Documents\Personal\Endog_demand_AI\pyai\data\original\prices\H100\EC2_p548xlarge_us-west-1.csv
2026-02-12,3129.4273907910265,3129.4273907910265,3129.4273907910265,1,1.5528478437754274,2015.2826971008783,2024-12-19,H100,aws,H100,p548xlarge,us-west-1,1,C:\Users\FarhadBillimoria\OneDrive - Aurora Energy Research\Documents\Personal\Endog_demand_AI\pyai\data\original\prices\H100\EC2_p548xlarge_us-west-1.csv
2026-02-13,3128.4066312475397,3091.0566706021245,3174.8983339892425,4,1.5523413344182264,2015.2826971008783,2024-12-19,H100,aws,H100,p548xlarge,us-west-1,1,C:\Users\FarhadBillimoria\OneDrive - Aurora Energy Research\Documents\Personal\Endog_demand_AI\pyai\data\original\prices\H100\EC2_p548xlarge_us-west-1.csv
2026-02-14,3237.7754820936634,3216.810966810966,3258.7399973763604,2,1.606611065907242,2015.2826971008783,2024-12-19,H100,aws,H100,p548xlarge,us-west-1,1,C:\Users\FarhadBillimoria\OneDrive - Aurora Energy Research\Documents\Personal\Endog_demand_AI\pyai\data\original\prices\H100\EC2_p548xlarge_us-west-1.csv
2026-02-15,3258.7399973763604,3258.7399973763604,3258.7399973763604,1,1.6170138323840524,2015.2826971008783,2024-12-19,H100,aws,H100,p548xlarge,us-west-1,1,C:\Users\FarhadBillimoria\OneDrive - Aurora Energy Research\Documents\Personal\Endog_demand_AI\pyai\data\original\prices\H100\EC2_p548xlarge_us-west-1.csv
2026-02-16,3258.7973894792067,3258.7399973763604,3258.8547815820534,2,1.6170423108218064,2015.2826971008783,2024-12-19,H100,aws,H100,p548xlarge,us-west-1,1,C:\Users\FarhadBillimoria\OneDrive - Aurora Energy Research\Documents\Personal\Endog_demand_AI\pyai\data\original\prices\H100\EC2_p548xlarge_us-west-1.csv
2026-02-17,3258.9695657877473,3258.9695657877473,3258.9695657877473,1,1.6171277461350695,2015.2826971008783,2024-12-19,H100,aws,H100,p548xlarge,us-west-1,1,C:\Users\FarhadBillimoria\OneDrive - Aurora Energy Research\Documents\Personal\Endog_demand_AI\pyai\data\original\prices\H100\EC2_p548xlarge_us-west-1.csv
2026-02-18,3245.113472386199,3217.28650137741,3259.0843499934404,3,1.610252237591538,2015.2826971008783,2024-12-19,H100,aws,H100,p548xlarge,us-west-1,1,C:\Users\FarhadBillimoria\OneDrive - Aurora Energy Research\Documents\Personal\Endog_demand_AI\pyai\data\original\prices\H100\EC2_p548xlarge_us-west-1.csv
2026-02-19,3300.8821986094704,3300.8821986094704,3300.8821986094704,1,1.6379251423921888,2015.2826971008783,2024-12-19,H100,aws,H100,p548xlarge,us-west-1,1,C:\Users\FarhadBillimoria\OneDrive - Aurora Energy Research\Documents\Personal\Endog_demand_AI\pyai\data\original\prices\H100\EC2_p548xlarge_us-west-1.csv
2026-02-20,3263.6511216056665,3259.0843499934404,3268.2178932178927,2,1.6194507729861678,2015.2826971008783,2024-12-19,H100,aws,H100,p548xlarge,us-west-1,1,C:\Users\FarhadBillimoria\OneDrive - Aurora Energy Research\Documents\Personal\Endog_demand_AI\pyai\data\original\prices\H100\EC2_p548xlarge_us-west-1.csv
2026-02-21,3102.3940705758882,3003.7222878131965,3224.2391446936895,5,1.5394336859235154,2015.2826971008783,2024-12-19,H100,aws,H100,p548xlarge,us-west-1,1,C:\Users\FarhadBillimoria\OneDrive - Aurora Energy Research\Documents\Personal\Endog_demand_AI\pyai\data\original\prices\H100\EC2_p548xlarge_us-west-1.csv
2026-02-22,2906.446772924045,2823.9210284664823,2973.156893611438,4,1.4422030105777055,2015.2826971008783,2024-12-19,H100,aws,H100,p548xlarge,us-west-1,1,C:\Users\FarhadBillimoria\OneDrive - Aurora Energy Research\Documents\Personal\Endog_demand_AI\pyai\data\original\prices\H100\EC2_p548xlarge_us-west-1.csv
2024-04-04,971.8700953760714,971.8700953760714,971.8700953760714,1,1.0,971.8700953760714,2024-04-04,L4,aws,L4,g6xlarge,us-west-2,0,C:\Users\FarhadBillimoria\OneDrive - Aurora Energy Research\Documents\Personal\Endog_demand_AI\pyai\data\original\prices\L4\EC2_g6xlarge_us-west-2.csv
2024-04-05,974.2846794639623,973.0773874200169,977.9065555957986,5,1.0024844720496895,971.8700953760714,2024-04-04,L4,aws,L4,g6xlarge,us-west-2,0,C:\Users\FarhadBillimoria\OneDrive - Aurora Energy Research\Documents\Personal\Endog_demand_AI\pyai\data\original\prices\L4\EC2_g6xlarge_us-west-2.csv
2024-04-06,983.004010892457,974.2846794639622,993.6013521670891,9,1.011456176673568,971.8700953760714,2024-04-04,L4,aws,L4,g6xlarge,us-west-2,0,C:\Users\FarhadBillimoria\OneDrive - Aurora Energy Research\Documents\Personal\Endog_demand_AI\pyai\data\original\prices\L4\EC2_g6xlarge_us-west-2.csv
2024-04-07,989.8453324748144,976.6992635518532,1009.2961487383797,9,1.0184955141476881,971.8700953760714,2024-04-04,L4,aws,L4,g6xlarge,us-west-2,0,C:\Users\FarhadBillimoria\OneDrive - Aurora Energy Research\Documents\Personal\Endog_demand_AI\pyai\data\original\prices\L4\EC2_g6xlarge_us-west-2.csv
2024-04-08,995.0281518553883,980.3211396836894,1017.7471930459977,11,1.023828345567476,971.8700953760714,2024-04-04,L4,aws,L4,g6xlarge,us-west-2,0,C:\Users\FarhadBillimoria\OneDrive - Aurora Energy Research\Documents\Personal\Endog_demand_AI\pyai\data\original\prices\L4\EC2_g6xlarge_us-west-2.csv
2024-04-09,992.8467946396232,985.1503078594712,1018.9544850899432,8,1.021583850931677,971.8700953760714,2024-04-04,L4,aws,L4,g6xlarge,us-west-2,0,C:\Users\FarhadBillimoria\OneDrive - Aurora Energy Research\Documents\Personal\Endog_demand_AI\pyai\data\original\prices\L4\EC2_g6xlarge_us-west-2.csv
2024-04-10,1005.2718419252283,989.9794760352529,1029.820113485452,12,1.034368530020704,971.8700953760714,2024-04-04,L4,aws,L4,g6xlarge,us-west-2,0,C:\Users\FarhadBillimoria\OneDrive - Aurora Energy Research\Documents\Personal\Endog_demand_AI\pyai\data\original\prices\L4\EC2_g6xlarge_us-west-2.csv
2024-04-11,1011.9521912350598,994.8086442110346,1041.8930339249064,10,1.0412422360248448,971.8700953760714,2024-04-04,L4,aws,L4,g6xlarge,us-west-2,0,C:\Users\FarhadBillimoria\OneDrive - Aurora Energy Research\Documents\Personal\Endog_demand_AI\pyai\data\original\prices\L4\EC2_g6xlarge_us-west-2.csv
2024-04-12,1016.7594086464061,1002.0523964747073,1053.9659543643606,11,1.0461885940146811,971.8700953760714,2024-04-04,L4,aws,L4,g6xlarge,us-west-2,0,C:\Users\FarhadBillimoria\OneDrive - Aurora Energy Research\Documents\Personal\Endog_demand_AI\pyai\data\original\prices\L4\EC2_g6xlarge_us-west-2.csv
2024-04-13,1034.2468509799187,1008.0888566944344,1068.4534588917058,12,1.0641821946169774,971.8700953760714,2024-04-04,L4,aws,L4,g6xlarge,us-west-2,0,C:\Users\FarhadBillimoria\OneDrive - Aurora Energy Research\Documents\Personal\Endog_demand_AI\pyai\data\original\prices\L4\EC2_g6xlarge_us-west-2.csv
2024-04-14,1036.5809489315466,1015.3326089581068,1076.904503199324,10,1.0665838509316772,971.8700953760714,2024-04-04,L4,aws,L4,g6xlarge,us-west-2,0,C:\Users\FarhadBillimoria\OneDrive - Aurora Energy Research\Documents\Personal\Endog_demand_AI\pyai\data\original\prices\L4\EC2_g6xlarge_us-west-2.csv
2024-04-15,1042.4104448008832,1022.5763612217795,1084.1482554629965,7,1.0725820763087845,971.8700953760714,2024-04-04,L4,aws,L4,g6xlarge,us-west-2,0,C:\Users\FarhadBillimoria\OneDrive - Aurora Energy Research\Documents\Personal\Endog_demand_AI\pyai\data\original\prices\L4\EC2_g6xlarge_us-west-2.csv
2024-04-16,1056.8835768038955,1026.198237353616,1092.5992997706144,12,1.0874741200828157,971.8700953760714,2024-04-04,L4,aws,L4,g6xlarge,us-west-2,0,C:\Users\FarhadBillimoria\OneDrive - Aurora Energy Research\Documents\Personal\Endog_demand_AI\pyai\data\original\prices\L4\EC2_g6xlarge_us-west-2.csv
2024-04-17,1067.608354460944,1033.4419896172883,1110.7086804297958,10,1.0985093167701863,971.8700953760714,2024-04-04,L4,aws,L4,g6xlarge,us-west-2,0,C:\Users\FarhadBillimoria\OneDrive - Aurora Energy Research\Documents\Personal\Endog_demand_AI\pyai\data\original\prices\L4\EC2_g6xlarge_us-west-2.csv
2024-04-18,1066.2583824481687,1037.0638657491247,1117.9524326934686,11,1.0971202710333146,971.8700953760714,2024-04-04,L4,aws,L4,g6xlarge,us-west-2,0,C:\Users\FarhadBillimoria\OneDrive - Aurora Energy Research\Documents\Personal\Endog_demand_AI\pyai\data\original\prices\L4\EC2_g6xlarge_us-west-2.csv
2024-04-19,1088.6152360255946,1045.5149100567426,1131.2326451768683,10,1.1201242236024846,971.8700953760714,2024-04-04,L4,aws,L4,g6xlarge,us-west-2,0,C:\Users\FarhadBillimoria\OneDrive - Aurora Energy Research\Documents\Personal\Endog_demand_AI\pyai\data\original\prices\L4\EC2_g6xlarge_us-west-2.csv
2024-04-20,1099.1929717029318,1049.136786188579,1148.1347337921043,13,1.1310081223124702,971.8700953760714,2024-04-04,L4,aws,L4,g6xlarge,us-west-2,0,C:\Users\FarhadBillimoria\OneDrive - Aurora Energy Research\Documents\Personal\Endog_demand_AI\pyai\data\original\prices\L4\EC2_g6xlarge_us-west-2.csv
2024-04-21,1106.0990198983677,1055.173246408306,1163.8295303633947,11,1.13811405985319,971.8700953760714,2024-04-04,L4,aws,L4,g6xlarge,us-west-2,0,C:\Users\FarhadBillimoria\OneDrive - Aurora Energy Research\Documents\Personal\Endog_demand_AI\pyai\data\original\prices\L4\EC2_g6xlarge_us-west-2.csv
2024-04-22,1107.0868042979596,1060.0024145840878,1166.2441144512857,9,1.1391304347826088,971.8700953760714,2024-04-04,L4,aws,L4,g6xlarge,us-west-2,0,C:\Users\FarhadBillimoria\OneDrive - Aurora Energy Research\Documents\Personal\Endog_demand_AI\pyai\data\original\prices\L4\EC2_g6xlarge_us-west-2.csv
2024-04-23,1120.4676244516882,1068.4534588917058,1173.4878667149583,12,1.1528985507246376,971.8700953760714,2024-04-04,L4,aws,L4,g6xlarge,us-west-2,0,C:\Users\FarhadBillimoria\OneDrive - Aurora Energy Research\Documents\Personal\Endog_demand_AI\pyai\data\original\prices\L4\EC2_g6xlarge_us-west-2.csv
2024-04-24,1121.6950380296994,1080.5263793311601,1177.1097428467947,10,1.1541614906832298,971.8700953760714,2024-04-04,L4,aws,L4,g6xlarge,us-west-2,0,C:\Users\FarhadBillimoria\OneDrive - Aurora Energy Research\Documents\Personal\Endog_demand_AI\pyai\data\original\prices\L4\EC2_g6xlarge_us-west-2.csv
2024-04-25,1149.3420258360497,1090.1847156827237,1183.1462030665218,10,1.182608695652174,971.8700953760714,2024-04-04,L4,aws,L4,g6xlarge,us-west-2,0,C:\Users\FarhadBillimoria\OneDrive - Aurora Energy Research\Documents\Personal\Endog_demand_AI\pyai\data\original\prices\L4\EC2_g6xlarge_us-west-2.csv
2024-04-26,1137.5709284075817,1098.6357599903415,1186.768079198358,8,1.1704968944099379,971.8700953760714,2024-04-04,L4,aws,L4,g6xlarge,us-west-2,0,C:\Users\FarhadBillimoria\OneDrive - Aurora Energy Research\Documents\Personal\Endog_demand_AI\pyai\data\original\prices\L4\EC2_g6xlarge_us-west-2.csv
2024-04-27,1159.1101160097899,1113.1232645176867,1192.8045394180851,11,1.1926595143986447,971.8700953760714,2024-04-04,L4,aws,L4,g6xlarge,us-west-2,0,C:\Users\FarhadBillimoria\OneDrive - Aurora Energy Research\Documents\Personal\Endog_demand_AI\pyai\data\original\prices\L4\EC2_g6xlarge_us-west-2.csv
2024-04-28,1168.1099294282924,1123.9888929131957,1201.2555837257032,11,1.2019198193111238,971.8700953760714,2024-04-04,L4,aws,L4,g6xlarge,us-west-2,0,C:\Users\FarhadBillimoria\OneDrive - Aurora Energy Research\Documents\Personal\Endog_demand_AI\pyai\data\original\prices\L4\EC2_g6xlarge_us-west-2.csv
2024-04-29,1178.987752692932,1143.3055656163226,1206.0847519014849,9,1.213112491373361,971.8700953760714,2024-04-04,L4,aws,L4,g6xlarge,us-west-2,0,C:\Users\FarhadBillimoria\OneDrive - Aurora Energy Research\Documents\Personal\Endog_demand_AI\pyai\data\original\prices\L4\EC2_g6xlarge_us-west-2.csv
2024-04-30,1193.9020776398536,1152.963901967886,1213.3285041651575,11,1.2284584980237152,971.8700953760714,2024-04-04,L4,aws,L4,g6xlarge,us-west-2,0,C:\Users\FarhadBillimoria\OneDrive - Aurora Energy Research\Documents\Personal\Endog_demand_AI\pyai\data\original\prices\L4\EC2_g6xlarge_us-west-2.csv
2024-05-01,1203.670167813594,1163.8295303633947,1220.57225642883,8,1.2385093167701862,971.8700953760714,2024-04-04,L4,aws,L4,g6xlarge,us-west-2,0,C:\Users\FarhadBillimoria\OneDrive - Aurora Energy Research\Documents\Personal\Endog_demand_AI\pyai\data\original\prices\L4\EC2_g6xlarge_us-west-2.csv
2024-05-02,1207.9505668784916,1167.4514064952311,1235.0597609561753,11,1.2429136081309995,971.8700953760714,2024-04-04,L4,aws,L4,g6xlarge,us-west-2,0,C:\Users\FarhadBillimoria\OneDrive - Aurora Energy Research\Documents\Personal\Endog_demand_AI\pyai\data\original\prices\L4\EC2_g6xlarge_us-west-2.csv
2024-05-03,1224.797778582639,1181.9389110225763,1251.9618495714112,12,1.2602484472049689,971.8700953760714,2024-04-04,L4,aws,L4,g6xlarge,us-west-2,0,C:\Users\FarhadBillimoria\OneDrive - Aurora Energy Research\Documents\Personal\Endog_demand_AI\pyai\data\original\prices\L4\EC2_g6xlarge_us-west-2.csv
2024-05-04,1232.5244476638898,1194.0118314620306,1264.0347700108655,10,1.268198757763975,971.8700953760714,2024-04-04,L4,aws,L4,g6xlarge,us-west-2,0,C:\Users\FarhadBillimoria\OneDrive - Aurora Energy Research\Documents\Personal\Endog_demand_AI\pyai\data\original\prices\L4\EC2_g6xlarge_us-west-2.csv
2024-05-05,1242.5230208642015,1204.8774598575394,1274.9003984063745,11,1.2784867306606438,971.8700953760714,2024-04-04,L4,aws,L4,g6xlarge,us-west-2,0,C:\Users\FarhadBillimoria\OneDrive - Aurora Energy Research\Documents\Personal\Endog_demand_AI\pyai\data\original\prices\L4\EC2_g6xlarge_us-west-2.csv
2024-05-06,1239.5871061209707,1215.7430882530484,1277.3149824942655,8,1.275465838509317,971.8700953760714,2024-04-04,L4,aws,L4,g6xlarge,us-west-2,0,C:\Users\FarhadBillimoria\OneDrive - Aurora Energy Research\Documents\Personal\Endog_demand_AI\pyai\data\original\prices\L4\EC2_g6xlarge_us-west-2.csv
2024-05-07,1255.5837257032476,1220.57225642883,1285.7660268018833,12,1.2919254658385095,971.8700953760714,2024-04-04,L4,aws,L4,g6xlarge,us-west-2,0,C:\Users\FarhadBillimoria\OneDrive - Aurora Energy Research\Documents\Personal\Endog_demand_AI\pyai\data\original\prices\L4\EC2_g6xlarge_us-west-2.csv
2024-05-08,1253.4374287362334,1227.8160086925027,1290.595194977665,9,1.2897170462387855,971.8700953760714,2024-04-04,L4,aws,L4,g6xlarge,us-west-2,0,C:\Users\FarhadBillimoria\OneDrive - Aurora Energy Research\Documents\Personal\Endog_demand_AI\pyai\data\original\prices\L4\EC2_g6xlarge_us-west-2.csv
2024-05-09,1266.0469234174413,1236.2670530001208,1296.631655197392,6,1.3026915113871638,971.8700953760714,2024-04-04,L4,aws,L4,g6xlarge,us-west-2,0,C:\Users\FarhadBillimoria\OneDrive - Aurora Energy Research\Documents\Personal\Endog_demand_AI\pyai\data\original\prices\L4\EC2_g6xlarge_us-west-2.csv
2024-05-15,1318.36291198841,1273.693106362429,1343.716044911264,5,1.3565217391304347,971.8700953760714,2024-04-04,L4,aws,L4,g6xlarge,us-west-2,0,C:\Users\FarhadBillimoria\OneDrive - Aurora Energy Research\Documents\Personal\Endog_demand_AI\pyai\data\original\prices\L4\EC2_g6xlarge_us-west-2.csv
2024-05-16,1324.6779780644322,1274.9003984063745,1354.5816733067727,13,1.3630195891065457,971.8700953760714,2024-04-04,L4,aws,L4,g6xlarge,us-west-2,0,C:\Users\FarhadBillimoria\OneDrive - Aurora Energy Research\Documents\Personal\Endog_demand_AI\pyai\data\original\prices\L4\EC2_g6xlarge_us-west-2.csv
2024-05-17,1332.179698713563,1282.144150670047,1360.6181335264998,9,1.3707384403036575,971.8700953760714,2024-04-04,L4,aws,L4,g6xlarge,us-west-2,0,C:\Users\FarhadBillimoria\OneDrive - Aurora Energy Research\Documents\Personal\Endog_demand_AI\pyai\data\original\prices\L4\EC2_g6xlarge_us-west-2.csv
2024-05-18,1327.0822434169047,1285.7660268018833,1366.654593746227,9,1.3654934437543134,971.8700953760714,2024-04-04,L4,aws,L4,g6xlarge,us-west-2,0,C:\Users\FarhadBillimoria\OneDrive - Aurora Energy Research\Documents\Personal\Endog_demand_AI\pyai\data\original\prices\L4\EC2_g6xlarge_us-west-2.csv
2024-05-19,1342.9477681560259,1295.4243631534468,1376.3129300977905,11,1.3818181818181818,971.8700953760714,2024-04-04,L4,aws,L4,g6xlarge,us-west-2,0,C:\Users\FarhadBillimoria\OneDrive - Aurora Energy Research\Documents\Personal\Endog_demand_AI\pyai\data\original\prices\L4\EC2_g6xlarge_us-west-2.csv
2024-05-20,1353.5601185003575,1302.6681154171192,1390.8004346251357,13,1.3927376970855232,971.8700953760714,2024-04-04,L4,aws,L4,g6xlarge,us-west-2,0,C:\Users\FarhadBillimoria\OneDrive - Aurora Energy Research\Documents\Personal\Endog_demand_AI\pyai\data\original\prices\L4\EC2_g6xlarge_us-west-2.csv
2024-05-21,1357.5999034166364,1309.9118676807918,1401.6660630206445,12,1.3968944099378882,971.8700953760714,2024-04-04,L4,aws,L4,g6xlarge,us-west-2,0,C:\Users\FarhadBillimoria\OneDrive - Aurora Energy Research\Documents\Personal\Endog_demand_AI\pyai\data\original\prices\L4\EC2_g6xlarge_us-west-2.csv
2024-05-22,1369.9746468670771,1318.36291198841,1413.7389834600988,12,1.4096273291925467,971.8700953760714,2024-04-04,L4,aws,L4,g6xlarge,us-west-2,0,C:\Users\FarhadBillimoria\OneDrive - Aurora Energy Research\Documents\Personal\Endog_demand_AI\pyai\data\original\prices\L4\EC2_g6xlarge_us-west-2.csv
2024-05-23,1380.2030933505039,1329.228540383919,1428.2264879874442,9,1.4201518288474813,971.8700953760714,2024-04-04,L4,aws,L4,g6xlarge,us-west-2,0,C:\Users\FarhadBillimoria\OneDrive - Aurora Energy Research\Documents\Personal\Endog_demand_AI\pyai\data\original\prices\L4\EC2_g6xlarge_us-west-2.csv
2024-05-24,1398.2856452975975,1340.0941687794277,1447.543160690571,10,1.4387577639751554,971.8700953760714,2024-04-04,L4,aws,L4,g6xlarge,us-west-2,0,C:\Users\FarhadBillimoria\OneDrive - Aurora Energy Research\Documents\Personal\Endog_demand_AI\pyai\data\original\prices\L4\EC2_g6xlarge_us-west-2.csv
2024-05-25,1413.738983460099,1347.3379210431003,1464.445249305807,11,1.4546583850931678,971.8700953760714,2024-04-04,L4,aws,L4,g6xlarge,us-west-2,0,C:\Users\FarhadBillimoria\OneDrive - Aurora Energy Research\Documents\Personal\Endog_demand_AI\pyai\data\original\prices\L4\EC2_g6xlarge_us-west-2.csv
2024-05-26,1425.3728886108458,1355.7889653507182,1475.3108777013158,11,1.4666290231507624,971.8700953760714,2024-04-04,L4,aws,L4,g6xlarge,us-west-2,0,C:\Users\FarhadBillimoria\OneDrive - Aurora Energy Research\Documents\Personal\Endog_demand_AI\pyai\data\original\prices\L4\EC2_g6xlarge_us-west-2.csv
2024-05-27,1425.4826424330226,1360.6181335264998,1480.1400458770977,11,1.4667419536984754,971.8700953760714,2024-04-04,L4,aws,L4,g6xlarge,us-west-2,0,C:\Users\FarhadBillimoria\OneDrive - Aurora Energy Research\Documents\Personal\Endog_demand_AI\pyai\data\original\prices\L4\EC2_g6xlarge_us-west-2.csv
2024-05-28,1444.726145921365,1381.1420982735724,1499.4567185802246,9,1.4865424430641823,971.8700953760714,2024-04-04,L4,aws,L4,g6xlarge,us-west-2,0,C:\Users\FarhadBillimoria\OneDrive - Aurora Energy Research\Documents\Personal\Endog_demand_AI\pyai\data\original\prices\L4\EC2_g6xlarge_us-west-2.csv
2024-05-29,1455.491166646545,1392.0077266690812,1511.5296390196788,12,1.4976190476190476,971.8700953760714,2024-04-04,L4,aws,L4,g6xlarge,us-west-2,0,C:\Users\FarhadBillimoria\OneDrive - Aurora Energy Research\Documents\Personal\Endog_demand_AI\pyai\data\original\prices\L4\EC2_g6xlarge_us-west-2.csv
2024-05-30,1491.444689561314,1405.287939152481,1528.4317276349148,11,1.5346132128740826,971.8700953760714,2024-04-04,L4,aws,L4,g6xlarge,us-west-2,0,C:\Users\FarhadBillimoria\OneDrive - Aurora Energy Research\Documents\Personal\Endog_demand_AI\pyai\data\original\prices\L4\EC2_g6xlarge_us-west-2.csv
2024-05-31,1473.9311153653782,1416.1535675479897,1545.333816250151,7,1.5165927240461403,971.8700953760714,2024-04-04,L4,aws,L4,g6xlarge,us-west-2,0,C:\Users\FarhadBillimoria\OneDrive - Aurora Energy Research\Documents\Personal\Endog_demand_AI\pyai\data\original\prices\L4\EC2_g6xlarge_us-west-2.csv
2024-06-01,1500.905469032959,1440.2994084268985,1559.821320777496,10,1.5443478260869565,971.8700953760714,2024-04-04,L4,aws,L4,g6xlarge,us-west-2,0,C:\Users\FarhadBillimoria\OneDrive - Aurora Energy Research\Documents\Personal\Endog_demand_AI\pyai\data\original\prices\L4\EC2_g6xlarge_us-west-2.csv
2024-06-02,1512.736931063624,1449.9577447784618,1583.9671616564046,12,1.5565217391304347,971.8700953760714,2024-04-04,L4,aws,L4,g6xlarge,us-west-2,0,C:\Users\FarhadBillimoria\OneDrive - Aurora Energy Research\Documents\Personal\Endog_demand_AI\pyai\data\original\prices\L4\EC2_g6xlarge_us-west-2.csv
2024-06-03,1526.1268973692008,1462.030665217916,1593.6254980079682,11,1.5702992659514399,971.8700953760714,2024-04-04,L4,aws,L4,g6xlarge,us-west-2,0,C:\Users\FarhadBillimoria\OneDrive - Aurora Energy Research\Documents\Personal\Endog_demand_AI\pyai\data\original\prices\L4\EC2_g6xlarge_us-west-2.csv
2024-06-04,1537.4864179645056,1474.1035856573703,1600.8692502716406,10,1.5819875776397516,971.8700953760714,2024-04-04,L4,aws,L4,g6xlarge,us-west-2,0,C:\Users\FarhadBillimoria\OneDrive - Aurora Energy Research\Documents\Personal\Endog_demand_AI\pyai\data\original\prices\L4\EC2_g6xlarge_us-west-2.csv
2024-06-05,1537.3355064590123,1486.1765060968248,1611.7348786671496,8,1.581832298136646,971.8700953760714,2024-04-04,L4,aws,L4,g6xlarge,us-west-2,0,C:\Users\FarhadBillimoria\OneDrive - Aurora Energy Research\Documents\Personal\Endog_demand_AI\pyai\data\original\prices\L4\EC2_g6xlarge_us-west-2.csv
2024-06-06,1557.516490511782,1492.212966316552,1637.0880115900036,11,1.6025974025974026,971.8700953760714,2024-04-04,L4,aws,L4,g6xlarge,us-west-2,0,C:\Users\FarhadBillimoria\OneDrive - Aurora Energy Research\Documents\Personal\Endog_demand_AI\pyai\data\original\prices\L4\EC2_g6xlarge_us-west-2.csv
2024-06-07,1572.3332565056576,1505.4931787999517,1657.611976337076,11,1.6178430265386785,971.8700953760714,2024-04-04,L4,aws,L4,g6xlarge,us-west-2,0,C:\Users\FarhadBillimoria\OneDrive - Aurora Energy Research\Documents\Personal\Endog_demand_AI\pyai\data\original\prices\L4\EC2_g6xlarge_us-west-2.csv
2024-06-08,1567.199216601607,1517.566099239406,1667.2703126886393,9,1.6125603864734301,971.8700953760714,2024-04-04,L4,aws,L4,g6xlarge,us-west-2,0,C:\Users\FarhadBillimoria\OneDrive - Aurora Energy Research\Documents\Personal\Endog_demand_AI\pyai\data\original\prices\L4\EC2_g6xlarge_us-west-2.csv
2024-06-09,1607.9788589748748,1532.0536037667512,1691.416153567548,9,1.654520358868185,971.8700953760714,2024-04-04,L4,aws,L4,g6xlarge,us-west-2,0,C:\Users\FarhadBillimoria\OneDrive - Aurora Energy Research\Documents\Personal\Endog_demand_AI\pyai\data\original\prices\L4\EC2_g6xlarge_us-west-2.csv
2024-06-22,1234.4561149342026,1178.3170348907402,1290.595194977665,2,1.2701863354037268,971.8700953760714,2024-04-04,L4,aws,L4,g6xlarge,us-west-2,0,C:\Users\FarhadBillimoria\OneDrive - Aurora Energy Research\Documents\Personal\Endog_demand_AI\pyai\data\original\prices\L4\EC2_g6xlarge_us-west-2.csv
2024-06-23,1160.006438890901,1045.5149100567426,1270.0712302305926,12,1.1935817805383024,971.8700953760714,2024-04-04,L4,aws,L4,g6xlarge,us-west-2,0,C:\Users\FarhadBillimoria\OneDrive - Aurora Energy Research\Documents\Personal\Endog_demand_AI\pyai\data\original\prices\L4\EC2_g6xlarge_us-west-2.csv
2024-06-24,1081.612942170711,979.1138476397441,1194.0118314620306,10,1.112919254658385,971.8700953760714,2024-04-04,L4,aws,L4,g6xlarge,us-west-2,0,C:\Users\FarhadBillimoria\OneDrive - Aurora Energy Research\Documents\Personal\Endog_demand_AI\pyai\data\original\prices\L4\EC2_g6xlarge_us-west-2.csv
2024-06-25,1057.73874200169,1027.4055293975612,1107.0868042979596,8,1.0883540372670808,971.8700953760714,2024-04-04,L4,aws,L4,g6xlarge,us-west-2,0,C:\Users\FarhadBillimoria\OneDrive - Aurora Energy Research\Documents\Personal\Endog_demand_AI\pyai\data\original\prices\L4\EC2_g6xlarge_us-west-2.csv
2024-06-26,1000.9792479912002,971.8700953760714,1032.234697573343,9,1.029951690821256,971.8700953760714,2024-04-04,L4,aws,L4,g6xlarge,us-west-2,0,C:\Users\FarhadBillimoria\OneDrive - Aurora Energy Research\Documents\Personal\Endog_demand_AI\pyai\data\original\prices\L4\EC2_g6xlarge_us-west-2.csv
2024-06-27,978.7114169584288,971.8700953760714,996.01593625498,6,1.00703933747412,971.8700953760714,2024-04-04,L4,aws,L4,g6xlarge,us-west-2,0,C:\Users\FarhadBillimoria\OneDrive - Aurora Energy Research\Documents\Personal\Endog_demand_AI\pyai\data\original\prices\L4\EC2_g6xlarge_us-west-2.csv
2024-06-28,971.8700953760714,971.8700953760714,971.8700953760714,1,1.0,971.8700953760714,2024-04-04,L4,aws,L4,g6xlarge,us-west-2,0,C:\Users\FarhadBillimoria\OneDrive - Aurora Energy Research\Documents\Personal\Endog_demand_AI\pyai\data\original\prices\L4\EC2_g6xlarge_us-west-2.csv
2024-06-29,971.8700953760714,971.8700953760714,971.8700953760714,1,1.0,971.8700953760714,2024-04-04,L4,aws,L4,g6xlarge,us-west-2,0,C:\Users\FarhadBillimoria\OneDrive - Aurora Energy Research\Documents\Personal\Endog_demand_AI\pyai\data\original\prices\L4\EC2_g6xlarge_us-west-2.csv
2024-06-30,971.8700953760714,971.8700953760714,971.8700953760714,1,1.0,971.8700953760714,2024-04-04,L4,aws,L4,g6xlarge,us-west-2,0,C:\Users\FarhadBillimoria\OneDrive - Aurora Energy Research\Documents\Personal\Endog_demand_AI\pyai\data\original\prices\L4\EC2_g6xlarge_us-west-2.csv
2024-07-01,971.8700953760714,971.8700953760714,971.8700953760714,1,1.0,971.8700953760714,2024-04-04,L4,aws,L4,g6xlarge,us-west-2,0,C:\Users\FarhadBillimoria\OneDrive - Aurora Energy Research\Documents\Personal\Endog_demand_AI\pyai\data\original\prices\L4\EC2_g6xlarge_us-west-2.csv
2024-07-02,971.8700953760714,971.8700953760714,971.8700953760714,1,1.0,971.8700953760714,2024-04-04,L4,aws,L4,g6xlarge,us-west-2,0,C:\Users\FarhadBillimoria\OneDrive - Aurora Energy Research\Documents\Personal\Endog_demand_AI\pyai\data\original\prices\L4\EC2_g6xlarge_us-west-2.csv
2024-07-03,971.8700953760714,971.8700953760714,971.8700953760714,1,1.0,971.8700953760714,2024-04-04,L4,aws,L4,g6xlarge,us-west-2,0,C:\Users\FarhadBillimoria\OneDrive - Aurora Energy Research\Documents\Personal\Endog_demand_AI\pyai\data\original\prices\L4\EC2_g6xlarge_us-west-2.csv
2024-07-04,971.8700953760714,971.8700953760714,971.8700953760714,1,1.0,971.8700953760714,2024-04-04,L4,aws,L4,g6xlarge,us-west-2,0,C:\Users\FarhadBillimoria\OneDrive - Aurora Energy Research\Documents\Personal\Endog_demand_AI\pyai\data\original\prices\L4\EC2_g6xlarge_us-west-2.csv
2024-07-05,979.113847639744,971.8700953760714,988.7721839913074,5,1.0074534161490682,971.8700953760714,2024-04-04,L4,aws,L4,g6xlarge,us-west-2,0,C:\Users\FarhadBillimoria\OneDrive - Aurora Energy Research\Documents\Personal\Endog_demand_AI\pyai\data\original\prices\L4\EC2_g6xlarge_us-west-2.csv
2024-07-06,979.7174936617166,971.8700953760714,992.3940601231436,6,1.0080745341614905,971.8700953760714,2024-04-04,L4,aws,L4,g6xlarge,us-west-2,0,C:\Users\FarhadBillimoria\OneDrive - Aurora Energy Research\Documents\Personal\Endog_demand_AI\pyai\data\original\prices\L4\EC2_g6xlarge_us-west-2.csv
2024-07-07,990.1519463272451,971.8700953760714,1017.7471930459977,7,1.0188110026619344,971.8700953760714,2024-04-04,L4,aws,L4,g6xlarge,us-west-2,0,C:\Users\FarhadBillimoria\OneDrive - Aurora Energy Research\Documents\Personal\Endog_demand_AI\pyai\data\original\prices\L4\EC2_g6xlarge_us-west-2.csv
2024-07-08,971.8700953760714,971.8700953760714,971.8700953760714,2,1.0,971.8700953760714,2024-04-04,L4,aws,L4,g6xlarge,us-west-2,0,C:\Users\FarhadBillimoria\OneDrive - Aurora Energy Research\Documents\Personal\Endog_demand_AI\pyai\data\original\prices\L4\EC2_g6xlarge_us-west-2.csv
2024-07-09,974.2846794639622,971.8700953760714,980.3211396836894,6,1.0024844720496895,971.8700953760714,2024-04-04,L4,aws,L4,g6xlarge,us-west-2,0,C:\Users\FarhadBillimoria\OneDrive - Aurora Energy Research\Documents\Personal\Endog_demand_AI\pyai\data\original\prices\L4\EC2_g6xlarge_us-west-2.csv
2024-07-10,977.453821079319,971.8700953760714,989.9794760352529,8,1.005745341614907,971.8700953760714,2024-04-04,L4,aws,L4,g6xlarge,us-west-2,0,C:\Users\FarhadBillimoria\OneDrive - Aurora Energy Research\Documents\Personal\Endog_demand_AI\pyai\data\original\prices\L4\EC2_g6xlarge_us-west-2.csv
2024-07-11,971.8700953760714,971.8700953760714,971.8700953760714,3,1.0,971.8700953760714,2024-04-04,L4,aws,L4,g6xlarge,us-west-2,0,C:\Users\FarhadBillimoria\OneDrive - Aurora Energy Research\Documents\Personal\Endog_demand_AI\pyai\data\original\prices\L4\EC2_g6xlarge_us-west-2.csv
2024-07-12,971.8700953760714,971.8700953760714,971.8700953760714,3,1.0,971.8700953760714,2024-04-04,L4,aws,L4,g6xlarge,us-west-2,0,C:\Users\FarhadBillimoria\OneDrive - Aurora Energy Research\Documents\Personal\Endog_demand_AI\pyai\data\original\prices\L4\EC2_g6xlarge_us-west-2.csv
2024-07-13,976.0956175298805,971.8700953760714,985.1503078594712,6,1.0043478260869567,971.8700953760714,2024-04-04,L4,aws,L4,g6xlarge,us-west-2,0,C:\Users\FarhadBillimoria\OneDrive - Aurora Energy Research\Documents\Personal\Endog_demand_AI\pyai\data\original\prices\L4\EC2_g6xlarge_us-west-2.csv
2024-07-14,987.564891947362,971.8700953760714,1009.2961487383797,8,1.0161490683229812,971.8700953760714,2024-04-04,L4,aws,L4,g6xlarge,us-west-2,0,C:\Users\FarhadBillimoria\OneDrive - Aurora Energy Research\Documents\Personal\Endog_demand_AI\pyai\data\original\prices\L4\EC2_g6xlarge_us-west-2.csv
2024-07-15,990.462392852831,971.8700953760714,1006.8815646504889,10,1.0191304347826087,971.8700953760714,2024-04-04,L4,aws,L4,g6xlarge,us-west-2,0,C:\Users\FarhadBillimoria\OneDrive - Aurora Energy Research\Documents\Personal\Endog_demand_AI\pyai\data\original\prices\L4\EC2_g6xlarge_us-west-2.csv
2024-07-16,997.3741398044186,971.8700953760714,1022.5763612217795,8,1.0262422360248447,971.8700953760714,2024-04-04,L4,aws,L4,g6xlarge,us-west-2,0,C:\Users\FarhadBillimoria\OneDrive - Aurora Energy Research\Documents\Personal\Endog_demand_AI\pyai\data\original\prices\L4\EC2_g6xlarge_us-west-2.csv
2024-07-17,977.453821079319,971.8700953760714,986.3575999034165,8,1.005745341614907,971.8700953760714,2024-04-04,L4,aws,L4,g6xlarge,us-west-2,0,C:\Users\FarhadBillimoria\OneDrive - Aurora Energy Research\Documents\Personal\Endog_demand_AI\pyai\data\original\prices\L4\EC2_g6xlarge_us-west-2.csv
2024-07-18,978.1077709364562,971.8700953760714,989.9794760352529,6,1.0064182194616977,971.8700953760714,2024-04-04,L4,aws,L4,g6xlarge,us-west-2,0,C:\Users\FarhadBillimoria\OneDrive - Aurora Energy Research\Documents\Personal\Endog_demand_AI\pyai\data\original\prices\L4\EC2_g6xlarge_us-west-2.csv
2024-07-19,982.3332930902652,971.8700953760714,1002.0523964747073,6,1.0107660455486542,971.8700953760714,2024-04-04,L4,aws,L4,g6xlarge,us-west-2,0,C:\Users\FarhadBillimoria\OneDrive - Aurora Energy Research\Documents\Personal\Endog_demand_AI\pyai\data\original\prices\L4\EC2_g6xlarge_us-west-2.csv
2024-07-20,982.8564529759748,971.8700953760714,999.6378123868163,10,1.011304347826087,971.8700953760714,2024-04-04,L4,aws,L4,g6xlarge,us-west-2,0,C:\Users\FarhadBillimoria\OneDrive - Aurora Energy Research\Documents\Personal\Endog_demand_AI\pyai\data\original\prices\L4\EC2_g6xlarge_us-west-2.csv
2024-07-21,984.6137336177176,971.8700953760714,1003.2596885186525,9,1.013112491373361,971.8700953760714,2024-04-04,L4,aws,L4,g6xlarge,us-west-2,0,C:\Users\FarhadBillimoria\OneDrive - Aurora Energy Research\Documents\Personal\Endog_demand_AI\pyai\data\original\prices\L4\EC2_g6xlarge_us-west-2.csv
2024-07-22,988.7721839913074,971.8700953760714,1009.2961487383797,8,1.0173913043478262,971.8700953760714,2024-04-04,L4,aws,L4,g6xlarge,us-west-2,0,C:\Users\FarhadBillimoria\OneDrive - Aurora Energy Research\Documents\Personal\Endog_demand_AI\pyai\data\original\prices\L4\EC2_g6xlarge_us-west-2.csv
2024-07-23,996.9549411780487,971.8700953760714,1031.0274055293976,9,1.0258109040717736,971.8700953760714,2024-04-04,L4,aws,L4,g6xlarge,us-west-2,0,C:\Users\FarhadBillimoria\OneDrive - Aurora Energy Research\Documents\Personal\Endog_demand_AI\pyai\data\original\prices\L4\EC2_g6xlarge_us-west-2.csv
2024-07-24,971.8700953760714,971.8700953760714,971.8700953760714,3,1.0,971.8700953760714,2024-04-04,L4,aws,L4,g6xlarge,us-west-2,0,C:\Users\FarhadBillimoria\OneDrive - Aurora Energy Research\Documents\Personal\Endog_demand_AI\pyai\data\original\prices\L4\EC2_g6xlarge_us-west-2.csv
2024-07-25,979.5162783210591,971.8700953760714,994.8086442110346,3,1.0078674948240165,971.8700953760714,2024-04-04,L4,aws,L4,g6xlarge,us-west-2,0,C:\Users\FarhadBillimoria\OneDrive - Aurora Energy Research\Documents\Personal\Endog_demand_AI\pyai\data\original\prices\L4\EC2_g6xlarge_us-west-2.csv
2024-07-26,1004.8694112439131,971.8700953760714,1038.27115779307,12,1.0339544513457557,971.8700953760714,2024-04-04,L4,aws,L4,g6xlarge,us-west-2,0,C:\Users\FarhadBillimoria\OneDrive - Aurora Energy Research\Documents\Personal\Endog_demand_AI\pyai\data\original\prices\L4\EC2_g6xlarge_us-west-2.csv
2024-07-27,1061.8682295610945,1017.7471930459977,1105.8795122540141,11,1.0926030491247885,971.8700953760714,2024-04-04,L4,aws,L4,g6xlarge,us-west-2,0,C:\Users\FarhadBillimoria\OneDrive - Aurora Energy Research\Documents\Personal\Endog_demand_AI\pyai\data\original\prices\L4\EC2_g6xlarge_us-west-2.csv
2024-07-28,1104.9136786188578,1063.6242907159242,1149.3420258360497,10,1.1368944099378882,971.8700953760714,2024-04-04,L4,aws,L4,g6xlarge,us-west-2,0,C:\Users\FarhadBillimoria\OneDrive - Aurora Energy Research\Documents\Personal\Endog_demand_AI\pyai\data\original\prices\L4\EC2_g6xlarge_us-west-2.csv
2024-07-29,1173.1429261309738,1116.7451406495231,1254.3764336593022,14,1.2070984915705412,971.8700953760714,2024-04-04,L4,aws,L4,g6xlarge,us-west-2,0,C:\Users\FarhadBillimoria\OneDrive - Aurora Energy Research\Documents\Personal\Endog_demand_AI\pyai\data\original\prices\L4\EC2_g6xlarge_us-west-2.csv
2024-07-30,1223.22829892551,1163.8295303633947,1293.009779065556,10,1.2586335403726707,971.8700953760714,2024-04-04,L4,aws,L4,g6xlarge,us-west-2,0,C:\Users\FarhadBillimoria\OneDrive - Aurora Energy Research\Documents\Personal\Endog_demand_AI\pyai\data\original\prices\L4\EC2_g6xlarge_us-west-2.csv
2024-07-31,1283.5929011227813,1235.0597609561753,1360.6181335264998,10,1.3207453416149066,971.8700953760714,2024-04-04,L4,aws,L4,g6xlarge,us-west-2,0,C:\Users\FarhadBillimoria\OneDrive - Aurora Energy Research\Documents\Personal\Endog_demand_AI\pyai\data\original\prices\L4\EC2_g6xlarge_us-west-2.csv
2024-08-01,1341.1917070011962,1270.0712302305926,1443.9212845587347,11,1.3800112930547712,971.8700953760714,2024-04-04,L4,aws,L4,g6xlarge,us-west-2,0,C:\Users\FarhadBillimoria\OneDrive - Aurora Energy Research\Documents\Personal\Endog_demand_AI\pyai\data\original\prices\L4\EC2_g6xlarge_us-west-2.csv
2024-08-02,1426.4704268326143,1360.6181335264998,1519.980683327297,11,1.467758328627894,971.8700953760714,2024-04-04,L4,aws,L4,g6xlarge,us-west-2,0,C:\Users\FarhadBillimoria\OneDrive - Aurora Energy Research\Documents\Personal\Endog_demand_AI\pyai\data\original\prices\L4\EC2_g6xlarge_us-west-2.csv
2024-08-03,1470.1524480590035,1405.287939152481,1573.1015332608956,11,1.51270468661773,971.8700953760714,2024-04-04,L4,aws,L4,g6xlarge,us-west-2,0,C:\Users\FarhadBillimoria\OneDrive - Aurora Energy Research\Documents\Personal\Endog_demand_AI\pyai\data\original\prices\L4\EC2_g6xlarge_us-west-2.csv
2024-08-04,1517.9282868525895,1439.092116382953,1618.978630930822,10,1.561863354037267,971.8700953760714,2024-04-04,L4,aws,L4,g6xlarge,us-west-2,0,C:\Users\FarhadBillimoria\OneDrive - Aurora Energy Research\Documents\Personal\Endog_demand_AI\pyai\data\original\prices\L4\EC2_g6xlarge_us-west-2.csv
2024-08-05,1639.0635803891869,1505.4931787999517,1751.7807557648196,11,1.6865047995482778,971.8700953760714,2024-04-04,L4,aws,L4,g6xlarge,us-west-2,0,C:\Users\FarhadBillimoria\OneDrive - Aurora Energy Research\Documents\Personal\Endog_demand_AI\pyai\data\original\prices\L4\EC2_g6xlarge_us-west-2.csv
2024-08-06,1684.2821551260522,1522.3952674151876,1889.4120487745984,11,1.7330321852060984,971.8700953760714,2024-04-04,L4,aws,L4,g6xlarge,us-west-2,0,C:\Users\FarhadBillimoria\OneDrive - Aurora Energy Research\Documents\Personal\Endog_demand_AI\pyai\data\original\prices\L4\EC2_g6xlarge_us-west-2.csv
2024-08-07,1723.308785061773,1550.1629844259323,1928.0453941808523,12,1.7731884057971015,971.8700953760714,2024-04-04,L4,aws,L4,g6xlarge,us-west-2,0,C:\Users\FarhadBillimoria\OneDrive - Aurora Energy Research\Documents\Personal\Endog_demand_AI\pyai\data\original\prices\L4\EC2_g6xlarge_us-west-2.csv
2024-08-08,1829.1681757817216,1634.6734275021126,2035.4943860919955,10,1.8821118012422362,971.8700953760714,2024-04-04,L4,aws,L4,g6xlarge,us-west-2,0,C:\Users\FarhadBillimoria\OneDrive - Aurora Energy Research\Documents\Personal\Endog_demand_AI\pyai\data\original\prices\L4\EC2_g6xlarge_us-west-2.csv
2024-08-09,1956.5173648838988,1685.3796933478206,2153.809006398648,12,2.013146997929607,971.8700953760714,2024-04-04,L4,aws,L4,g6xlarge,us-west-2,0,C:\Users\FarhadBillimoria\OneDrive - Aurora Energy Research\Documents\Personal\Endog_demand_AI\pyai\data\original\prices\L4\EC2_g6xlarge_us-west-2.csv
2024-08-10,2057.664658171721,1829.0474465773268,2216.58819268381,11,2.1172219085262567,971.8700953760714,2024-04-04,L4,aws,L4,g6xlarge,us-west-2,0,C:\Users\FarhadBillimoria\OneDrive - Aurora Energy Research\Documents\Personal\Endog_demand_AI\pyai\data\original\prices\L4\EC2_g6xlarge_us-west-2.csv
2024-08-11,2126.0412893879025,1912.3505976095619,2307.1350959797173,9,2.1875776397515523,971.8700953760714,2024-04-04,L4,aws,L4,g6xlarge,us-west-2,0,C:\Users\FarhadBillimoria\OneDrive - Aurora Energy Research\Documents\Personal\Endog_demand_AI\pyai\data\original\prices\L4\EC2_g6xlarge_us-west-2.csv
2024-08-12,2257.5263683557782,1990.8245804660146,2433.9007605939873,11,2.3228684359119147,971.8700953760714,2024-04-04,L4,aws,L4,g6xlarge,us-west-2,0,C:\Users\FarhadBillimoria\OneDrive - Aurora Energy Research\Documents\Personal\Endog_demand_AI\pyai\data\original\prices\L4\EC2_g6xlarge_us-west-2.csv
2024-08-13,2347.679987122218,2075.335023542195,2567.91017747193,12,2.415631469979296,971.8700953760714,2024-04-04,L4,aws,L4,g6xlarge,us-west-2,0,C:\Users\FarhadBillimoria\OneDrive - Aurora Energy Research\Documents\Personal\Endog_demand_AI\pyai\data\original\prices\L4\EC2_g6xlarge_us-west-2.csv
2024-08-14,2509.758944021892,2215.3809006398646,2722.4435590969456,12,2.5824016563147,971.8700953760714,2024-04-04,L4,aws,L4,g6xlarge,us-west-2,0,C:\Users\FarhadBillimoria\OneDrive - Aurora Energy Research\Documents\Personal\Endog_demand_AI\pyai\data\original\prices\L4\EC2_g6xlarge_us-west-2.csv
2024-08-15,2631.4576405123307,2326.4517686828444,2837.1363032717613,11,2.707622811970638,971.8700953760714,2024-04-04,L4,aws,L4,g6xlarge,us-west-2,0,C:\Users\FarhadBillimoria\OneDrive - Aurora Energy Research\Documents\Personal\Endog_demand_AI\pyai\data\original\prices\L4\EC2_g6xlarge_us-west-2.csv
2024-08-16,2747.2479229089154,2432.6934685500423,2953.0363394905226,11,2.8267645398080186,971.8700953760714,2024-04-04,L4,aws,L4,g6xlarge,us-west-2,0,C:\Users\FarhadBillimoria\OneDrive - Aurora Energy Research\Documents\Personal\Endog_demand_AI\pyai\data\original\prices\L4\EC2_g6xlarge_us-west-2.csv
2024-08-17,2893.600423480901,2551.008088856694,3218.6405891585173,13,2.9773530817009077,971.8700953760714,2024-04-04,L4,aws,L4,g6xlarge,us-west-2,0,C:\Users\FarhadBillimoria\OneDrive - Aurora Energy Research\Documents\Personal\Endog_demand_AI\pyai\data\original\prices\L4\EC2_g6xlarge_us-west-2.csv
2024-08-18,3072.997267129828,2710.3706386574913,3349.0281299046237,11,3.1619424054206666,971.8700953760714,2024-04-04,L4,aws,L4,g6xlarge,us-west-2,0,C:\Users\FarhadBillimoria\OneDrive - Aurora Energy Research\Documents\Personal\Endog_demand_AI\pyai\data\original\prices\L4\EC2_g6xlarge_us-west-2.csv
2024-08-19,3328.5041651575516,2822.648798744416,3604.9740432210547,13,3.424844720496895,971.8700953760714,2024-04-04,L4,aws,L4,g6xlarge,us-west-2,0,C:\Users\FarhadBillimoria\OneDrive - Aurora Energy Research\Documents\Personal\Endog_demand_AI\pyai\data\original\prices\L4\EC2_g6xlarge_us-west-2.csv
2024-08-20,3349.0281299046237,2983.218640589158,3693.1063624290714,11,3.445962732919255,971.8700953760714,2024-04-04,L4,aws,L4,g6xlarge,us-west-2,0,C:\Users\FarhadBillimoria\OneDrive - Aurora Energy Research\Documents\Personal\Endog_demand_AI\pyai\data\original\prices\L4\EC2_g6xlarge_us-west-2.csv
2024-08-21,3621.2176089032296,3105.1551370276466,3924.906434866594,11,3.7260304912478825,971.8700953760714,2024-04-04,L4,aws,L4,g6xlarge,us-west-2,0,C:\Users\FarhadBillimoria\OneDrive - Aurora Energy Research\Documents\Personal\Endog_demand_AI\pyai\data\original\prices\L4\EC2_g6xlarge_us-west-2.csv
2024-08-22,3737.373737373737,3246.408306169262,4045.635639261137,12,3.8455486542443067,971.8700953760714,2024-04-04,L4,aws,L4,g6xlarge,us-west-2,0,C:\Users\FarhadBillimoria\OneDrive - Aurora Energy Research\Documents\Personal\Endog_demand_AI\pyai\data\original\prices\L4\EC2_g6xlarge_us-west-2.csv
2024-08-23,3868.7673548231314,3462.513582035494,4223.107569721115,10,3.980745341614907,971.8700953760714,2024-04-04,L4,aws,L4,g6xlarge,us-west-2,0,C:\Users\FarhadBillimoria\OneDrive - Aurora Energy Research\Documents\Personal\Endog_demand_AI\pyai\data\original\prices\L4\EC2_g6xlarge_us-west-2.csv
2024-08-24,4091.995653748642,3574.791742122419,4486.297235301219,10,4.210434782608696,971.8700953760714,2024-04-04,L4,aws,L4,g6xlarge,us-west-2,0,C:\Users\FarhadBillimoria\OneDrive - Aurora Energy Research\Documents\Personal\Endog_demand_AI\pyai\data\original\prices\L4\EC2_g6xlarge_us-west-2.csv
2024-08-25,4158.39671616564,3700.350114692744,4565.978510201618,10,4.278757763975155,971.8700953760714,2024-04-04,L4,aws,L4,g6xlarge,us-west-2,0,C:\Users\FarhadBillimoria\OneDrive - Aurora Energy Research\Documents\Personal\Endog_demand_AI\pyai\data\original\prices\L4\EC2_g6xlarge_us-west-2.csv
2024-08-26,4308.5570177203645,3891.1022576361215,4551.491005674272,9,4.433264320220842,971.8700953760714,2024-04-04,L4,aws,L4,g6xlarge,us-west-2,0,C:\Users\FarhadBillimoria\OneDrive - Aurora Energy Research\Documents\Personal\Endog_demand_AI\pyai\data\original\prices\L4\EC2_g6xlarge_us-west-2.csv
2024-08-27,4358.827316994647,3997.34395750332,4508.028492092237,12,4.4849896480331255,971.8700953760714,2024-04-04,L4,aws,L4,g6xlarge,us-west-2,0,C:\Users\FarhadBillimoria\OneDrive - Aurora Energy Research\Documents\Personal\Endog_demand_AI\pyai\data\original\prices\L4\EC2_g6xlarge_us-west-2.csv
2024-08-28,4377.842166686788,4231.558614028733,4485.089943257273,12,4.5045548654244305,971.8700953760714,2024-04-04,L4,aws,L4,g6xlarge,us-west-2,0,C:\Users\FarhadBillimoria\OneDrive - Aurora Energy Research\Documents\Personal\Endog_demand_AI\pyai\data\original\prices\L4\EC2_g6xlarge_us-west-2.csv
2024-08-29,4290.057401248999,4179.64505613908,4409.030544488712,11,4.414229249011858,971.8700953760714,2024-04-04,L4,aws,L4,g6xlarge,us-west-2,0,C:\Users\FarhadBillimoria\OneDrive - Aurora Energy Research\Documents\Personal\Endog_demand_AI\pyai\data\original\prices\L4\EC2_g6xlarge_us-west-2.csv
2024-08-30,4213.93215018713,4118.073161897863,4326.934685500422,10,4.335900621118013,971.8700953760714,2024-04-04,L4,aws,L4,g6xlarge,us-west-2,0,C:\Users\FarhadBillimoria\OneDrive - Aurora Energy Research\Documents\Personal\Endog_demand_AI\pyai\data\original\prices\L4\EC2_g6xlarge_us-west-2.csv
2024-08-31,4093.741583781424,4021.4897983822284,4148.255462996499,13,4.212231247013856,971.8700953760714,2024-04-04,L4,aws,L4,g6xlarge,us-west-2,0,C:\Users\FarhadBillimoria\OneDrive - Aurora Energy Research\Documents\Personal\Endog_demand_AI\pyai\data\original\prices\L4\EC2_g6xlarge_us-west-2.csv
2024-09-01,4019.075214294338,3888.687673548231,4133.767958469153,11,4.135403726708075,971.8700953760714,2024-04-04,L4,aws,L4,g6xlarge,us-west-2,0,C:\Users\FarhadBillimoria\OneDrive - Aurora Energy Research\Documents\Personal\Endog_demand_AI\pyai\data\original\prices\L4\EC2_g6xlarge_us-west-2.csv
2024-09-02,3987.987444162743,3765.5438850657974,4144.633586864662,12,4.103416149068323,971.8700953760714,2024-04-04,L4,aws,L4,g6xlarge,us-west-2,0,C:\Users\FarhadBillimoria\OneDrive - Aurora Energy Research\Documents\Personal\Endog_demand_AI\pyai\data\original\prices\L4\EC2_g6xlarge_us-west-2.csv
2024-09-03,3928.5283109984302,3719.666787395871,4093.9273210189544,12,4.042236024844721,971.8700953760714,2024-04-04,L4,aws,L4,g6xlarge,us-west-2,0,C:\Users\FarhadBillimoria\OneDrive - Aurora Energy Research\Documents\Personal\Endog_demand_AI\pyai\data\original\prices\L4\EC2_g6xlarge_us-west-2.csv
2024-09-04,3933.9611251961846,3720.874079439816,4062.5377278763735,12,4.047826086956522,971.8700953760714,2024-04-04,L4,aws,L4,g6xlarge,us-west-2,0,C:\Users\FarhadBillimoria\OneDrive - Aurora Energy Research\Documents\Personal\Endog_demand_AI\pyai\data\original\prices\L4\EC2_g6xlarge_us-west-2.csv
2024-09-05,3909.332367499698,3743.8126282747794,4020.2825063382834,10,4.0224844720496895,971.8700953760714,2024-04-04,L4,aws,L4,g6xlarge,us-west-2,0,C:\Users\FarhadBillimoria\OneDrive - Aurora Energy Research\Documents\Personal\Endog_demand_AI\pyai\data\original\prices\L4\EC2_g6xlarge_us-west-2.csv
2024-09-06,3924.7052195259366,3769.1657611976334,4086.683568755282,12,4.038302277432712,971.8700953760714,2024-04-04,L4,aws,L4,g6xlarge,us-west-2,0,C:\Users\FarhadBillimoria\OneDrive - Aurora Energy Research\Documents\Personal\Endog_demand_AI\pyai\data\original\prices\L4\EC2_g6xlarge_us-west-2.csv
2024-09-07,3968.8518652662074,3821.079319087287,4112.036701678136,10,4.083726708074534,971.8700953760714,2024-04-04,L4,aws,L4,g6xlarge,us-west-2,0,C:\Users\FarhadBillimoria\OneDrive - Aurora Energy Research\Documents\Personal\Endog_demand_AI\pyai\data\original\prices\L4\EC2_g6xlarge_us-west-2.csv
2024-09-08,3955.8131111915973,3862.127248581432,4056.501267656646,10,4.070310559006211,971.8700953760714,2024-04-04,L4,aws,L4,g6xlarge,us-west-2,0,C:\Users\FarhadBillimoria\OneDrive - Aurora Energy Research\Documents\Personal\Endog_demand_AI\pyai\data\original\prices\L4\EC2_g6xlarge_us-west-2.csv
2024-09-09,3973.4395750332005,3854.8834963177587,4070.988772183991,10,4.088447204968944,971.8700953760714,2024-04-04,L4,aws,L4,g6xlarge,us-west-2,0,C:\Users\FarhadBillimoria\OneDrive - Aurora Energy Research\Documents\Personal\Endog_demand_AI\pyai\data\original\prices\L4\EC2_g6xlarge_us-west-2.csv
2024-09-10,3912.1749914940783,3801.7626463841602,4017.867922250392,11,4.02540937323546,971.8700953760714,2024-04-04,L4,aws,L4,g6xlarge,us-west-2,0,C:\Users\FarhadBillimoria\OneDrive - Aurora Energy Research\Documents\Personal\Endog_demand_AI\pyai\data\original\prices\L4\EC2_g6xlarge_us-west-2.csv
2024-09-11,3876.8830402296535,3784.860557768924,4043.221055173246,9,3.989095928226363,971.8700953760714,2024-04-04,L4,aws,L4,g6xlarge,us-west-2,0,C:\Users\FarhadBillimoria\OneDrive - Aurora Energy Research\Documents\Personal\Endog_demand_AI\pyai\data\original\prices\L4\EC2_g6xlarge_us-west-2.csv
2024-09-12,3846.633667350799,3749.8490884945063,3981.649160932029,12,3.9579710144927542,971.8700953760714,2024-04-04,L4,aws,L4,g6xlarge,us-west-2,0,C:\Users\FarhadBillimoria\OneDrive - Aurora Energy Research\Documents\Personal\Endog_demand_AI\pyai\data\original\prices\L4\EC2_g6xlarge_us-west-2.csv
2024-09-13,3812.930097790655,3648.4365568030908,3897.138717855849,12,3.9232919254658385,971.8700953760714,2024-04-04,L4,aws,L4,g6xlarge,us-west-2,0,C:\Users\FarhadBillimoria\OneDrive - Aurora Energy Research\Documents\Personal\Endog_demand_AI\pyai\data\original\prices\L4\EC2_g6xlarge_us-west-2.csv
2024-09-14,3790.897017988651,3626.7053000120727,3871.785584932995,12,3.900621118012422,971.8700953760714,2024-04-04,L4,aws,L4,g6xlarge,us-west-2,0,C:\Users\FarhadBillimoria\OneDrive - Aurora Energy Research\Documents\Personal\Endog_demand_AI\pyai\data\original\prices\L4\EC2_g6xlarge_us-west-2.csv
2024-09-15,3728.520262384804,3543.402148979838,3837.981407702523,12,3.8364389233954452,971.8700953760714,2024-04-04,L4,aws,L4,g6xlarge,us-west-2,0,C:\Users\FarhadBillimoria\OneDrive - Aurora Energy Research\Documents\Personal\Endog_demand_AI\pyai\data\original\prices\L4\EC2_g6xlarge_us-west-2.csv
2024-09-16,3712.203527487844,3567.5479898587464,3836.774115658578,11,3.819649915302089,971.8700953760714,2024-04-04,L4,aws,L4,g6xlarge,us-west-2,0,C:\Users\FarhadBillimoria\OneDrive - Aurora Energy Research\Documents\Personal\Endog_demand_AI\pyai\data\original\prices\L4\EC2_g6xlarge_us-west-2.csv
2024-09-17,3648.1072953365597,3557.8896535071835,3766.7511771097425,11,3.7536984754376057,971.8700953760714,2024-04-04,L4,aws,L4,g6xlarge,us-west-2,0,C:\Users\FarhadBillimoria\OneDrive - Aurora Energy Research\Documents\Personal\Endog_demand_AI\pyai\data\original\prices\L4\EC2_g6xlarge_us-west-2.csv
2024-09-18,3602.3180007243745,3578.4136182542557,3639.9855124954724,10,3.7065838509316764,971.8700953760714,2024-04-04,L4,aws,L4,g6xlarge,us-west-2,0,C:\Users\FarhadBillimoria\OneDrive - Aurora Energy Research\Documents\Personal\Endog_demand_AI\pyai\data\original\prices\L4\EC2_g6xlarge_us-west-2.csv
2024-09-19,3586.2061396288123,3499.9396353978022,3696.728238560908,11,3.6900056465273856,971.8700953760714,2024-04-04,L4,aws,L4,g6xlarge,us-west-2,0,C:\Users\FarhadBillimoria\OneDrive - Aurora Energy Research\Documents\Personal\Endog_demand_AI\pyai\data\original\prices\L4\EC2_g6xlarge_us-west-2.csv
2024-09-20,3566.7121722898614,3399.734395750332,3848.8470360980314,13,3.6699474438604875,971.8700953760714,2024-04-04,L4,aws,L4,g6xlarge,us-west-2,0,C:\Users\FarhadBillimoria\OneDrive - Aurora Energy Research\Documents\Personal\Endog_demand_AI\pyai\data\original\prices\L4\EC2_g6xlarge_us-west-2.csv
2024-09-21,3516.171006210847,3320.0531208499337,3851.2616201859228,9,3.6179434092477574,971.8700953760714,2024-04-04,L4,aws,L4,g6xlarge,us-west-2,0,C:\Users\FarhadBillimoria\OneDrive - Aurora Energy Research\Documents\Personal\Endog_demand_AI\pyai\data\original\prices\L4\EC2_g6xlarge_us-west-2.csv
2024-09-22,3505.6311550335454,3332.126041289388,3846.432452010141,7,3.6070984915705413,971.8700953760714,2024-04-04,L4,aws,L4,g6xlarge,us-west-2,0,C:\Users\FarhadBillimoria\OneDrive - Aurora Energy Research\Documents\Personal\Endog_demand_AI\pyai\data\original\prices\L4\EC2_g6xlarge_us-west-2.csv
2024-09-23,3535.1020161777133,3342.9916696848964,3837.981407702523,8,3.6374223602484475,971.8700953760714,2024-04-04,L4,aws,L4,g6xlarge,us-west-2,0,C:\Users\FarhadBillimoria\OneDrive - Aurora Energy Research\Documents\Personal\Endog_demand_AI\pyai\data\original\prices\L4\EC2_g6xlarge_us-west-2.csv
2024-09-24,3468.4494345848925,3305.565616322588,3804.1772304720507,12,3.568840579710145,971.8700953760714,2024-04-04,L4,aws,L4,g6xlarge,us-west-2,0,C:\Users\FarhadBillimoria\OneDrive - Aurora Energy Research\Documents\Personal\Endog_demand_AI\pyai\data\original\prices\L4\EC2_g6xlarge_us-west-2.csv
2024-09-25,3530.3633949052273,3327.296873113606,3719.666787395871,10,3.6325465838509317,971.8700953760714,2024-04-04,L4,aws,L4,g6xlarge,us-west-2,0,C:\Users\FarhadBillimoria\OneDrive - Aurora Energy Research\Documents\Personal\Endog_demand_AI\pyai\data\original\prices\L4\EC2_g6xlarge_us-west-2.csv
2024-09-26,3538.170550122741,3386.4541832669324,3734.154291923216,12,3.6405797101449275,971.8700953760714,2024-04-04,L4,aws,L4,g6xlarge,us-west-2,0,C:\Users\FarhadBillimoria\OneDrive - Aurora Energy Research\Documents\Personal\Endog_demand_AI\pyai\data\original\prices\L4\EC2_g6xlarge_us-west-2.csv
2024-09-27,3524.304983921065,3388.868767354823,3691.899070385126,11,3.6263128176171655,971.8700953760714,2024-04-04,L4,aws,L4,g6xlarge,us-west-2,0,C:\Users\FarhadBillimoria\OneDrive - Aurora Energy Research\Documents\Personal\Endog_demand_AI\pyai\data\original\prices\L4\EC2_g6xlarge_us-west-2.csv
2024-09-28,3538.9022422705866,3397.3198116624408,3673.7896897259448,11,3.6413325804630152,971.8700953760714,2024-04-04,L4,aws,L4,g6xlarge,us-west-2,0,C:\Users\FarhadBillimoria\OneDrive - Aurora Energy Research\Documents\Personal\Endog_demand_AI\pyai\data\original\prices\L4\EC2_g6xlarge_us-west-2.csv
2024-09-29,3493.1787999517082,3334.5406253772785,3615.839671616564,10,3.5942857142857143,971.8700953760714,2024-04-04,L4,aws,L4,g6xlarge,us-west-2,0,C:\Users\FarhadBillimoria\OneDrive - Aurora Energy Research\Documents\Personal\Endog_demand_AI\pyai\data\original\prices\L4\EC2_g6xlarge_us-west-2.csv
2024-09-30,3499.6713482769255,3341.784377640951,3633.949052275745,9,3.600966183574879,971.8700953760714,2024-04-04,L4,aws,L4,g6xlarge,us-west-2,0,C:\Users\FarhadBillimoria\OneDrive - Aurora Energy Research\Documents\Personal\Endog_demand_AI\pyai\data\original\prices\L4\EC2_g6xlarge_us-west-2.csv
2024-10-01,3616.278686905271,3399.734395750332,3710.0084510443075,11,3.7209486166007903,971.8700953760714,2024-04-04,L4,aws,L4,g6xlarge,us-west-2,0,C:\Users\FarhadBillimoria\OneDrive - Aurora Energy Research\Documents\Personal\Endog_demand_AI\pyai\data\original\prices\L4\EC2_g6xlarge_us-west-2.csv
2024-10-02,3585.898828926717,3376.7958469153687,3765.5438850657974,10,3.689689440993789,971.8700953760714,2024-04-04,L4,aws,L4,g6xlarge,us-west-2,0,C:\Users\FarhadBillimoria\OneDrive - Aurora Energy Research\Documents\Personal\Endog_demand_AI\pyai\data\original\prices\L4\EC2_g6xlarge_us-west-2.csv
2024-10-03,3646.9878063503556,3340.577085597006,3834.3595315706866,10,3.7525465838509313,971.8700953760714,2024-04-04,L4,aws,L4,g6xlarge,us-west-2,0,C:\Users\FarhadBillimoria\OneDrive - Aurora Energy Research\Documents\Personal\Endog_demand_AI\pyai\data\original\prices\L4\EC2_g6xlarge_us-west-2.csv
2024-10-04,3657.0083303151027,3338.162501509115,3888.687673548231,10,3.7628571428571425,971.8700953760714,2024-04-04,L4,aws,L4,g6xlarge,us-west-2,0,C:\Users\FarhadBillimoria\OneDrive - Aurora Energy Research\Documents\Personal\Endog_demand_AI\pyai\data\original\prices\L4\EC2_g6xlarge_us-west-2.csv
2024-10-05,3710.8708025042683,3336.955209465169,3962.332488228902,7,3.818278615794144,971.8700953760714,2024-04-04,L4,aws,L4,g6xlarge,us-west-2,0,C:\Users\FarhadBillimoria\OneDrive - Aurora Energy Research\Documents\Personal\Endog_demand_AI\pyai\data\original\prices\L4\EC2_g6xlarge_us-west-2.csv
2024-10-06,3728.962936134251,3373.1739707835322,4022.697090426174,10,3.8368944099378886,971.8700953760714,2024-04-04,L4,aws,L4,g6xlarge,us-west-2,0,C:\Users\FarhadBillimoria\OneDrive - Aurora Energy Research\Documents\Personal\Endog_demand_AI\pyai\data\original\prices\L4\EC2_g6xlarge_us-west-2.csv
2024-10-07,3649.912135967913,3392.4906434866593,4034.770010865628,9,3.755555555555556,971.8700953760714,2024-04-04,L4,aws,L4,g6xlarge,us-west-2,0,C:\Users\FarhadBillimoria\OneDrive - Aurora Energy Research\Documents\Personal\Endog_demand_AI\pyai\data\original\prices\L4\EC2_g6xlarge_us-west-2.csv
2024-10-08,3715.743088253048,3414.221900277677,4066.159604008209,8,3.8232919254658384,971.8700953760714,2024-04-04,L4,aws,L4,g6xlarge,us-west-2,0,C:\Users\FarhadBillimoria\OneDrive - Aurora Energy Research\Documents\Personal\Endog_demand_AI\pyai\data\original\prices\L4\EC2_g6xlarge_us-west-2.csv
2024-10-09,3768.6627228459893,3454.0625377278766,4060.123143788482,12,3.877743271221532,971.8700953760714,2024-04-04,L4,aws,L4,g6xlarge,us-west-2,0,C:\Users\FarhadBillimoria\OneDrive - Aurora Energy Research\Documents\Personal\Endog_demand_AI\pyai\data\original\prices\L4\EC2_g6xlarge_us-west-2.csv
2024-10-10,3691.053965954364,3419.051068453459,4134.975250513099,10,3.7978881987577635,971.8700953760714,2024-04-04,L4,aws,L4,g6xlarge,us-west-2,0,C:\Users\FarhadBillimoria\OneDrive - Aurora Energy Research\Documents\Personal\Endog_demand_AI\pyai\data\original\prices\L4\EC2_g6xlarge_us-west-2.csv
2024-10-11,3760.714716890015,3434.745865024749,4154.291923216226,9,3.869565217391304,971.8700953760714,2024-04-04,L4,aws,L4,g6xlarge,us-west-2,0,C:\Users\FarhadBillimoria\OneDrive - Aurora Energy Research\Documents\Personal\Endog_demand_AI\pyai\data\original\prices\L4\EC2_g6xlarge_us-west-2.csv
2024-10-12,3709.6462634311238,3518.049016056984,4147.048170952554,10,3.8170186335403726,971.8700953760714,2024-04-04,L4,aws,L4,g6xlarge,us-west-2,0,C:\Users\FarhadBillimoria\OneDrive - Aurora Energy Research\Documents\Personal\Endog_demand_AI\pyai\data\original\prices\L4\EC2_g6xlarge_us-west-2.csv
2024-10-13,3811.571894241217,3548.2313171556198,4116.8658698539175,8,3.9218944099378885,971.8700953760714,2024-04-04,L4,aws,L4,g6xlarge,us-west-2,0,C:\Users\FarhadBillimoria\OneDrive - Aurora Energy Research\Documents\Personal\Endog_demand_AI\pyai\data\original\prices\L4\EC2_g6xlarge_us-west-2.csv
2024-10-14,3841.301460823373,3673.7896897259448,4090.305444887118,8,3.9524844720496897,971.8700953760714,2024-04-04,L4,aws,L4,g6xlarge,us-west-2,0,C:\Users\FarhadBillimoria\OneDrive - Aurora Energy Research\Documents\Personal\Endog_demand_AI\pyai\data\original\prices\L4\EC2_g6xlarge_us-west-2.csv
2024-10-15,3829.288904986116,3702.7646987806343,4080.6471085355547,10,3.9401242236024845,971.8700953760714,2024-04-04,L4,aws,L4,g6xlarge,us-west-2,0,C:\Users\FarhadBillimoria\OneDrive - Aurora Energy Research\Documents\Personal\Endog_demand_AI\pyai\data\original\prices\L4\EC2_g6xlarge_us-west-2.csv
2024-10-16,3836.5326572497884,3701.5574067366892,4056.501267656646,10,3.947577639751553,971.8700953760714,2024-04-04,L4,aws,L4,g6xlarge,us-west-2,0,C:\Users\FarhadBillimoria\OneDrive - Aurora Energy Research\Documents\Personal\Endog_demand_AI\pyai\data\original\prices\L4\EC2_g6xlarge_us-west-2.csv
2024-10-17,3849.933598937583,3703.9719908245806,4098.756489194736,10,3.9613664596273295,971.8700953760714,2024-04-04,L4,aws,L4,g6xlarge,us-west-2,0,C:\Users\FarhadBillimoria\OneDrive - Aurora Energy Research\Documents\Personal\Endog_demand_AI\pyai\data\original\prices\L4\EC2_g6xlarge_us-west-2.csv
2024-10-18,3934.866594229144,3740.1907521429434,4119.280453941808,12,4.048757763975155,971.8700953760714,2024-04-04,L4,aws,L4,g6xlarge,us-west-2,0,C:\Users\FarhadBillimoria\OneDrive - Aurora Energy Research\Documents\Personal\Endog_demand_AI\pyai\data\original\prices\L4\EC2_g6xlarge_us-west-2.csv
2024-10-19,3906.9068080295892,3738.9834600989975,4108.4148255463,11,4.019988706945228,971.8700953760714,2024-04-04,L4,aws,L4,g6xlarge,us-west-2,0,C:\Users\FarhadBillimoria\OneDrive - Aurora Energy Research\Documents\Personal\Endog_demand_AI\pyai\data\original\prices\L4\EC2_g6xlarge_us-west-2.csv
2024-10-20,3924.54424725341,3740.1907521429434,4055.2939756127003,10,4.038136645962733,971.8700953760714,2024-04-04,L4,aws,L4,g6xlarge,us-west-2,0,C:\Users\FarhadBillimoria\OneDrive - Aurora Energy Research\Documents\Personal\Endog_demand_AI\pyai\data\original\prices\L4\EC2_g6xlarge_us-west-2.csv
2024-10-21,3883.858505372449,3737.776168055052,4020.2825063382834,14,3.9962732919254655,971.8700953760714,2024-04-04,L4,aws,L4,g6xlarge,us-west-2,0,C:\Users\FarhadBillimoria\OneDrive - Aurora Energy Research\Documents\Personal\Endog_demand_AI\pyai\data\original\prices\L4\EC2_g6xlarge_us-west-2.csv
2024-10-22,3853.45669662946,3735.3615839671616,4035.9773029095736,11,3.964991530208922,971.8700953760714,2024-04-04,L4,aws,L4,g6xlarge,us-west-2,0,C:\Users\FarhadBillimoria\OneDrive - Aurora Energy Research\Documents\Personal\Endog_demand_AI\pyai\data\original\prices\L4\EC2_g6xlarge_us-west-2.csv
2024-10-23,3881.081733671375,3736.568876011107,4054.086683568755,10,3.993416149068323,971.8700953760714,2024-04-04,L4,aws,L4,g6xlarge,us-west-2,0,C:\Users\FarhadBillimoria\OneDrive - Aurora Energy Research\Documents\Personal\Endog_demand_AI\pyai\data\original\prices\L4\EC2_g6xlarge_us-west-2.csv
2024-10-24,3891.541272924829,3726.9105396595432,4081.8544005795,11,4.0041784302653864,971.8700953760714,2024-04-04,L4,aws,L4,g6xlarge,us-west-2,0,C:\Users\FarhadBillimoria\OneDrive - Aurora Energy Research\Documents\Personal\Endog_demand_AI\pyai\data\original\prices\L4\EC2_g6xlarge_us-west-2.csv
2024-10-25,3895.71191816755,3738.9834600989975,4066.159604008209,11,4.008469791078487,971.8700953760714,2024-04-04,L4,aws,L4,g6xlarge,us-west-2,0,C:\Users\FarhadBillimoria\OneDrive - Aurora Energy Research\Documents\Personal\Endog_demand_AI\pyai\data\original\prices\L4\EC2_g6xlarge_us-west-2.csv
2024-10-26,3902.617966362986,3735.3615839671616,4101.171073282627,13,4.015575728619207,971.8700953760714,2024-04-04,L4,aws,L4,g6xlarge,us-west-2,0,C:\Users\FarhadBillimoria\OneDrive - Aurora Energy Research\Documents\Personal\Endog_demand_AI\pyai\data\original\prices\L4\EC2_g6xlarge_us-west-2.csv
2024-10-27,3908.952932857315,3684.6553181214535,4120.4877459857535,14,4.0220940550133095,971.8700953760714,2024-04-04,L4,aws,L4,g6xlarge,us-west-2,0,C:\Users\FarhadBillimoria\OneDrive - Aurora Energy Research\Documents\Personal\Endog_demand_AI\pyai\data\original\prices\L4\EC2_g6xlarge_us-west-2.csv
2024-10-28,3849.8128697331877,3653.2657249788717,4127.731498249426,10,3.961242236024844,971.8700953760714,2024-04-04,L4,aws,L4,g6xlarge,us-west-2,0,C:\Users\FarhadBillimoria\OneDrive - Aurora Energy Research\Documents\Personal\Endog_demand_AI\pyai\data\original\prices\L4\EC2_g6xlarge_us-west-2.csv
2024-10-29,3803.527150140696,3660.509477242545,4106.000241458409,13,3.9136168179646442,971.8700953760714,2024-04-04,L4,aws,L4,g6xlarge,us-west-2,0,C:\Users\FarhadBillimoria\OneDrive - Aurora Energy Research\Documents\Personal\Endog_demand_AI\pyai\data\original\prices\L4\EC2_g6xlarge_us-west-2.csv
2024-10-30,3831.5827598696123,3643.607388627309,4067.3668960521545,10,3.9424844720496894,971.8700953760714,2024-04-04,L4,aws,L4,g6xlarge,us-west-2,0,C:\Users\FarhadBillimoria\OneDrive - Aurora Energy Research\Documents\Personal\Endog_demand_AI\pyai\data\original\prices\L4\EC2_g6xlarge_us-west-2.csv
2024-10-31,3801.6620387138314,3623.0834238802363,4062.5377278763735,12,3.911697722567288,971.8700953760714,2024-04-04,L4,aws,L4,g6xlarge,us-west-2,0,C:\Users\FarhadBillimoria\OneDrive - Aurora Energy Research\Documents\Personal\Endog_demand_AI\pyai\data\original\prices\L4\EC2_g6xlarge_us-west-2.csv
2024-11-02,3783.2508350436633,3586.864662561873,4063.7450199203186,3,3.8927536231884057,971.8700953760714,2024-04-04,L4,aws,L4,g6xlarge,us-west-2,0,C:\Users\FarhadBillimoria\OneDrive - Aurora Energy Research\Documents\Personal\Endog_demand_AI\pyai\data\original\prices\L4\EC2_g6xlarge_us-west-2.csv
2024-11-03,3727.634914885911,3545.8167330677293,4077.0252324037183,10,3.835527950310559,971.8700953760714,2024-04-04,L4,aws,L4,g6xlarge,us-west-2,0,C:\Users\FarhadBillimoria\OneDrive - Aurora Energy Research\Documents\Personal\Endog_demand_AI\pyai\data\original\prices\L4\EC2_g6xlarge_us-west-2.csv
2024-11-04,3840.6642789112907,3585.657370517928,4089.0981528431726,9,3.9518288474810217,971.8700953760714,2024-04-04,L4,aws,L4,g6xlarge,us-west-2,0,C:\Users\FarhadBillimoria\OneDrive - Aurora Energy Research\Documents\Personal\Endog_demand_AI\pyai\data\original\prices\L4\EC2_g6xlarge_us-west-2.csv
2024-11-05,3842.408145196989,3596.522998913437,4027.5262586019558,12,3.9536231884057966,971.8700953760714,2024-04-04,L4,aws,L4,g6xlarge,us-west-2,0,C:\Users\FarhadBillimoria\OneDrive - Aurora Energy Research\Documents\Personal\Endog_demand_AI\pyai\data\original\prices\L4\EC2_g6xlarge_us-west-2.csv
2024-11-06,3790.99762565898,3580.828202342146,3997.34395750332,12,3.9007246376811593,971.8700953760714,2024-04-04,L4,aws,L4,g6xlarge,us-west-2,0,C:\Users\FarhadBillimoria\OneDrive - Aurora Energy Research\Documents\Personal\Endog_demand_AI\pyai\data\original\prices\L4\EC2_g6xlarge_us-west-2.csv
2024-11-07,3783.6532657249786,3572.3771580345283,4029.9408426898462,12,3.893167701863354,971.8700953760714,2024-04-04,L4,aws,L4,g6xlarge,us-west-2,0,C:\Users\FarhadBillimoria\OneDrive - Aurora Energy Research\Documents\Personal\Endog_demand_AI\pyai\data\original\prices\L4\EC2_g6xlarge_us-west-2.csv
2024-11-08,3799.069456439974,3580.828202342146,4033.5627188216827,13,3.9090301003344483,971.8700953760714,2024-04-04,L4,aws,L4,g6xlarge,us-west-2,0,C:\Users\FarhadBillimoria\OneDrive - Aurora Energy Research\Documents\Personal\Endog_demand_AI\pyai\data\original\prices\L4\EC2_g6xlarge_us-west-2.csv
2024-11-09,3788.180610889774,3579.6209102982007,4002.1731256791018,12,3.8978260869565218,971.8700953760714,2024-04-04,L4,aws,L4,g6xlarge,us-west-2,0,C:\Users\FarhadBillimoria\OneDrive - Aurora Energy Research\Documents\Personal\Endog_demand_AI\pyai\data\original\prices\L4\EC2_g6xlarge_us-west-2.csv
2024-11-10,3797.1529858527324,3624.290715924182,4066.159604008209,11,3.9070581592320726,971.8700953760714,2024-04-04,L4,aws,L4,g6xlarge,us-west-2,0,C:\Users\FarhadBillimoria\OneDrive - Aurora Energy Research\Documents\Personal\Endog_demand_AI\pyai\data\original\prices\L4\EC2_g6xlarge_us-west-2.csv
2024-11-11,3858.285864805242,3667.7532295062174,4121.6950380296985,11,3.969960474308301,971.8700953760714,2024-04-04,L4,aws,L4,g6xlarge,us-west-2,0,C:\Users\FarhadBillimoria\OneDrive - Aurora Energy Research\Documents\Personal\Endog_demand_AI\pyai\data\original\prices\L4\EC2_g6xlarge_us-west-2.csv
2024-11-12,3941.4792620152994,3745.0199203187244,4227.936737896897,11,4.055561829474873,971.8700953760714,2024-04-04,L4,aws,L4,g6xlarge,us-west-2,0,C:\Users\FarhadBillimoria\OneDrive - Aurora Energy Research\Documents\Personal\Endog_demand_AI\pyai\data\original\prices\L4\EC2_g6xlarge_us-west-2.csv
2024-11-13,4037.3858102941763,3763.129300977906,4238.802366292406,12,4.154244306418219,971.8700953760714,2024-04-04,L4,aws,L4,g6xlarge,us-west-2,0,C:\Users\FarhadBillimoria\OneDrive - Aurora Energy Research\Documents\Personal\Endog_demand_AI\pyai\data\original\prices\L4\EC2_g6xlarge_us-west-2.csv
2024-11-14,3991.087989639239,3783.6532657249786,4235.180490160569,11,4.106606437041219,971.8700953760714,2024-04-04,L4,aws,L4,g6xlarge,us-west-2,0,C:\Users\FarhadBillimoria\OneDrive - Aurora Energy Research\Documents\Personal\Endog_demand_AI\pyai\data\original\prices\L4\EC2_g6xlarge_us-west-2.csv
2024-11-15,3986.116141494627,3769.1657611976334,4229.144029940842,10,4.101490683229813,971.8700953760714,2024-04-04,L4,aws,L4,g6xlarge,us-west-2,0,C:\Users\FarhadBillimoria\OneDrive - Aurora Energy Research\Documents\Personal\Endog_demand_AI\pyai\data\original\prices\L4\EC2_g6xlarge_us-west-2.csv
2024-11-16,4018.974606624009,3819.872027043342,4275.021127610769,12,4.135300207039338,971.8700953760714,2024-04-04,L4,aws,L4,g6xlarge,us-west-2,0,C:\Users\FarhadBillimoria\OneDrive - Aurora Energy Research\Documents\Personal\Endog_demand_AI\pyai\data\original\prices\L4\EC2_g6xlarge_us-west-2.csv
2024-11-17,4066.8181269412703,3827.1157793070142,4271.3992514789325,11,4.184528514963297,971.8700953760714,2024-04-04,L4,aws,L4,g6xlarge,us-west-2,0,C:\Users\FarhadBillimoria\OneDrive - Aurora Energy Research\Documents\Personal\Endog_demand_AI\pyai\data\original\prices\L4\EC2_g6xlarge_us-west-2.csv
2024-11-18,4118.878023260493,3842.810575878305,4351.080526379331,12,4.238095238095238,971.8700953760714,2024-04-04,L4,aws,L4,g6xlarge,us-west-2,0,C:\Users\FarhadBillimoria\OneDrive - Aurora Energy Research\Documents\Personal\Endog_demand_AI\pyai\data\original\prices\L4\EC2_g6xlarge_us-west-2.csv
2024-11-19,4042.5503373710544,3900.7605939876853,4307.618012797296,9,4.159558316080055,971.8700953760714,2024-04-04,L4,aws,L4,g6xlarge,us-west-2,0,C:\Users\FarhadBillimoria\OneDrive - Aurora Energy Research\Documents\Personal\Endog_demand_AI\pyai\data\original\prices\L4\EC2_g6xlarge_us-west-2.csv
2024-11-20,4170.711095013883,3928.5283109984307,4341.422190027767,10,4.291428571428571,971.8700953760714,2024-04-04,L4,aws,L4,g6xlarge,us-west-2,0,C:\Users\FarhadBillimoria\OneDrive - Aurora Energy Research\Documents\Personal\Endog_demand_AI\pyai\data\original\prices\L4\EC2_g6xlarge_us-west-2.csv
2024-11-21,4194.791083599486,3949.052275745503,4336.593021851986,11,4.316205533596838,971.8700953760714,2024-04-04,L4,aws,L4,g6xlarge,us-west-2,0,C:\Users\FarhadBillimoria\OneDrive - Aurora Energy Research\Documents\Personal\Endog_demand_AI\pyai\data\original\prices\L4\EC2_g6xlarge_us-west-2.csv
2024-11-22,4120.246287576965,3940.601231437885,4305.203428709404,10,4.239503105590063,971.8700953760714,2024-04-04,L4,aws,L4,g6xlarge,us-west-2,0,C:\Users\FarhadBillimoria\OneDrive - Aurora Energy Research\Documents\Personal\Endog_demand_AI\pyai\data\original\prices\L4\EC2_g6xlarge_us-west-2.csv
2024-11-23,4160.792726529778,3866.956416757213,4382.470119521912,13,4.281223124701385,971.8700953760714,2024-04-04,L4,aws,L4,g6xlarge,us-west-2,0,C:\Users\FarhadBillimoria\OneDrive - Aurora Energy Research\Documents\Personal\Endog_demand_AI\pyai\data\original\prices\L4\EC2_g6xlarge_us-west-2.csv
2024-11-24,4195.239245040041,3840.395991790414,4439.212845587348,12,4.316666666666666,971.8700953760714,2024-04-04,L4,aws,L4,g6xlarge,us-west-2,0,C:\Users\FarhadBillimoria\OneDrive - Aurora Energy Research\Documents\Personal\Endog_demand_AI\pyai\data\original\prices\L4\EC2_g6xlarge_us-west-2.csv
2024-11-25,4269.286490402028,3836.774115658578,4482.675359169383,12,4.392857142857143,971.8700953760714,2024-04-04,L4,aws,L4,g6xlarge,us-west-2,0,C:\Users\FarhadBillimoria\OneDrive - Aurora Energy Research\Documents\Personal\Endog_demand_AI\pyai\data\original\prices\L4\EC2_g6xlarge_us-west-2.csv
2024-11-26,4296.215810160033,3894.7241337679584,4453.700350114693,9,4.420565907522429,971.8700953760714,2024-04-04,L4,aws,L4,g6xlarge,us-west-2,0,C:\Users\FarhadBillimoria\OneDrive - Aurora Energy Research\Documents\Personal\Endog_demand_AI\pyai\data\original\prices\L4\EC2_g6xlarge_us-west-2.csv
2024-11-27,4243.128496116544,3852.4689122298682,4476.638898949656,12,4.365942028985508,971.8700953760714,2024-04-04,L4,aws,L4,g6xlarge,us-west-2,0,C:\Users\FarhadBillimoria\OneDrive - Aurora Energy Research\Documents\Personal\Endog_demand_AI\pyai\data\original\prices\L4\EC2_g6xlarge_us-west-2.csv
2024-11-28,4282.533166995318,3837.981407702523,4567.1858022455635,9,4.4064872325741895,971.8700953760714,2024-04-04,L4,aws,L4,g6xlarge,us-west-2,0,C:\Users\FarhadBillimoria\OneDrive - Aurora Energy Research\Documents\Personal\Endog_demand_AI\pyai\data\original\prices\L4\EC2_g6xlarge_us-west-2.csv
2024-11-29,4325.123747434504,3853.6762042738133,4573.22226246529,10,4.450310559006211,971.8700953760714,2024-04-04,L4,aws,L4,g6xlarge,us-west-2,0,C:\Users\FarhadBillimoria\OneDrive - Aurora Energy Research\Documents\Personal\Endog_demand_AI\pyai\data\original\prices\L4\EC2_g6xlarge_us-west-2.csv
2024-11-30,4289.28912449376,3866.956416757213,4550.283713630327,11,4.4134387351778654,971.8700953760714,2024-04-04,L4,aws,L4,g6xlarge,us-west-2,0,C:\Users\FarhadBillimoria\OneDrive - Aurora Energy Research\Documents\Personal\Endog_demand_AI\pyai\data\original\prices\L4\EC2_g6xlarge_us-west-2.csv
2024-12-01,4322.476991799701,3771.5803452855243,4572.0149704213445,13,4.447587195413282,971.8700953760714,2024-04-04,L4,aws,L4,g6xlarge,us-west-2,0,C:\Users\FarhadBillimoria\OneDrive - Aurora Energy Research\Documents\Personal\Endog_demand_AI\pyai\data\original\prices\L4\EC2_g6xlarge_us-west-2.csv
2024-12-02,4216.266248138758,3752.2636725823977,4611.855607871544,9,4.338302277432712,971.8700953760714,2024-04-04,L4,aws,L4,g6xlarge,us-west-2,0,C:\Users\FarhadBillimoria\OneDrive - Aurora Energy Research\Documents\Personal\Endog_demand_AI\pyai\data\original\prices\L4\EC2_g6xlarge_us-west-2.csv
2024-12-03,4334.782083786068,3761.9220089339606,4605.819147651817,10,4.46024844720497,971.8700953760714,2024-04-04,L4,aws,L4,g6xlarge,us-west-2,0,C:\Users\FarhadBillimoria\OneDrive - Aurora Energy Research\Documents\Personal\Endog_demand_AI\pyai\data\original\prices\L4\EC2_g6xlarge_us-west-2.csv
2024-12-04,4225.280695400217,3743.8126282747794,4562.356634069782,10,4.347577639751553,971.8700953760714,2024-04-04,L4,aws,L4,g6xlarge,us-west-2,0,C:\Users\FarhadBillimoria\OneDrive - Aurora Energy Research\Documents\Personal\Endog_demand_AI\pyai\data\original\prices\L4\EC2_g6xlarge_us-west-2.csv
2024-12-05,4226.619692030775,3714.837619220089,4538.210793190873,11,4.348955392433654,971.8700953760714,2024-04-04,L4,aws,L4,g6xlarge,us-west-2,0,C:\Users\FarhadBillimoria\OneDrive - Aurora Energy Research\Documents\Personal\Endog_demand_AI\pyai\data\original\prices\L4\EC2_g6xlarge_us-west-2.csv
2024-12-06,4270.377696672517,3720.874079439816,4539.418085234818,13,4.393979933110368,971.8700953760714,2024-04-04,L4,aws,L4,g6xlarge,us-west-2,0,C:\Users\FarhadBillimoria\OneDrive - Aurora Energy Research\Documents\Personal\Endog_demand_AI\pyai\data\original\prices\L4\EC2_g6xlarge_us-west-2.csv
2024-12-07,4244.989738017626,3781.2386816370877,4534.588917059036,8,4.367857142857143,971.8700953760714,2024-04-04,L4,aws,L4,g6xlarge,us-west-2,0,C:\Users\FarhadBillimoria\OneDrive - Aurora Energy Research\Documents\Personal\Endog_demand_AI\pyai\data\original\prices\L4\EC2_g6xlarge_us-west-2.csv
2024-12-08,4356.7145559177425,3844.0178679222504,4569.600386333454,9,4.482815734989647,971.8700953760714,2024-04-04,L4,aws,L4,g6xlarge,us-west-2,0,C:\Users\FarhadBillimoria\OneDrive - Aurora Energy Research\Documents\Personal\Endog_demand_AI\pyai\data\original\prices\L4\EC2_g6xlarge_us-west-2.csv
2024-12-09,4171.314741035856,3775.2022214173603,4497.162863696728,10,4.292049689440994,971.8700953760714,2024-04-04,L4,aws,L4,g6xlarge,us-west-2,0,C:\Users\FarhadBillimoria\OneDrive - Aurora Energy Research\Documents\Personal\Endog_demand_AI\pyai\data\original\prices\L4\EC2_g6xlarge_us-west-2.csv
2024-12-10,4185.440057950018,3796.9334782083783,4423.5180490160565,10,4.306583850931677,971.8700953760714,2024-04-04,L4,aws,L4,g6xlarge,us-west-2,0,C:\Users\FarhadBillimoria\OneDrive - Aurora Energy Research\Documents\Personal\Endog_demand_AI\pyai\data\original\prices\L4\EC2_g6xlarge_us-west-2.csv
2024-12-11,4127.511990605072,3886.2730894603405,4390.92116382953,11,4.246979107848673,971.8700953760714,2024-04-04,L4,aws,L4,g6xlarge,us-west-2,0,C:\Users\FarhadBillimoria\OneDrive - Aurora Energy Research\Documents\Personal\Endog_demand_AI\pyai\data\original\prices\L4\EC2_g6xlarge_us-west-2.csv
2024-12-12,4174.98835825529,3955.0887359652297,4388.506579741639,7,4.295829636202307,971.8700953760714,2024-04-04,L4,aws,L4,g6xlarge,us-west-2,0,C:\Users\FarhadBillimoria\OneDrive - Aurora Energy Research\Documents\Personal\Endog_demand_AI\pyai\data\original\prices\L4\EC2_g6xlarge_us-west-2.csv
2024-12-13,4197.486149677385,3969.5762404925745,4418.688880840275,9,4.318978605935128,971.8700953760714,2024-04-04,L4,aws,L4,g6xlarge,us-west-2,0,C:\Users\FarhadBillimoria\OneDrive - Aurora Energy Research\Documents\Personal\Endog_demand_AI\pyai\data\original\prices\L4\EC2_g6xlarge_us-west-2.csv
2024-12-14,4180.4901605698415,3947.8449837015573,4409.030544488712,10,4.301490683229813,971.8700953760714,2024-04-04,L4,aws,L4,g6xlarge,us-west-2,0,C:\Users\FarhadBillimoria\OneDrive - Aurora Energy Research\Documents\Personal\Endog_demand_AI\pyai\data\original\prices\L4\EC2_g6xlarge_us-west-2.csv
2024-12-15,4243.78244597368,3924.906434866594,4318.4836411928045,8,4.3666149068322975,971.8700953760714,2024-04-04,L4,aws,L4,g6xlarge,us-west-2,0,C:\Users\FarhadBillimoria\OneDrive - Aurora Energy Research\Documents\Personal\Endog_demand_AI\pyai\data\original\prices\L4\EC2_g6xlarge_us-west-2.csv
2024-12-16,4159.523522073323,3923.699142822649,4294.337800313896,9,4.2799171842650106,971.8700953760714,2024-04-04,L4,aws,L4,g6xlarge,us-west-2,0,C:\Users\FarhadBillimoria\OneDrive - Aurora Energy Research\Documents\Personal\Endog_demand_AI\pyai\data\original\prices\L4\EC2_g6xlarge_us-west-2.csv
2024-12-17,4169.437950676633,3941.80852348183,4314.861765060968,11,4.290118577075099,971.8700953760714,2024-04-04,L4,aws,L4,g6xlarge,us-west-2,0,C:\Users\FarhadBillimoria\OneDrive - Aurora Energy Research\Documents\Personal\Endog_demand_AI\pyai\data\original\prices\L4\EC2_g6xlarge_us-west-2.csv
2024-12-18,4204.559173773227,3970.783532536521,4349.873234335386,11,4.326256352343309,971.8700953760714,2024-04-04,L4,aws,L4,g6xlarge,us-west-2,0,C:\Users\FarhadBillimoria\OneDrive - Aurora Energy Research\Documents\Personal\Endog_demand_AI\pyai\data\original\prices\L4\EC2_g6xlarge_us-west-2.csv
2024-12-19,4229.747675962815,3973.1981166244113,4401.786792225039,10,4.352173913043479,971.8700953760714,2024-04-04,L4,aws,L4,g6xlarge,us-west-2,0,C:\Users\FarhadBillimoria\OneDrive - Aurora Energy Research\Documents\Personal\Endog_demand_AI\pyai\data\original\prices\L4\EC2_g6xlarge_us-west-2.csv
2024-12-20,4269.789528753671,3992.514789327538,4412.652420620548,12,4.3933747412008275,971.8700953760714,2024-04-04,L4,aws,L4,g6xlarge,us-west-2,0,C:\Users\FarhadBillimoria\OneDrive - Aurora Energy Research\Documents\Personal\Endog_demand_AI\pyai\data\original\prices\L4\EC2_g6xlarge_us-west-2.csv
2024-12-21,4282.9234028075025,4038.3918869974646,4433.17638536762,11,4.406888763410502,971.8700953760714,2024-04-04,L4,aws,L4,g6xlarge,us-west-2,0,C:\Users\FarhadBillimoria\OneDrive - Aurora Energy Research\Documents\Personal\Endog_demand_AI\pyai\data\original\prices\L4\EC2_g6xlarge_us-west-2.csv
2024-12-22,4332.093115142735,4091.512736931063,4457.322226246529,11,4.457481648785997,971.8700953760714,2024-04-04,L4,aws,L4,g6xlarge,us-west-2,0,C:\Users\FarhadBillimoria\OneDrive - Aurora Energy Research\Documents\Personal\Endog_demand_AI\pyai\data\original\prices\L4\EC2_g6xlarge_us-west-2.csv
2024-12-23,4288.569627215045,4154.291923216226,4468.187854642038,9,4.412698412698413,971.8700953760714,2024-04-04,L4,aws,L4,g6xlarge,us-west-2,0,C:\Users\FarhadBillimoria\OneDrive - Aurora Energy Research\Documents\Personal\Endog_demand_AI\pyai\data\original\prices\L4\EC2_g6xlarge_us-west-2.csv
2024-12-24,4350.5976095617525,4167.5721356996255,4511.650368224073,10,4.476521739130435,971.8700953760714,2024-04-04,L4,aws,L4,g6xlarge,us-west-2,0,C:\Users\FarhadBillimoria\OneDrive - Aurora Energy Research\Documents\Personal\Endog_demand_AI\pyai\data\original\prices\L4\EC2_g6xlarge_us-west-2.csv
2024-12-25,4316.793432331281,4128.938790293372,4495.955571652783,10,4.441739130434783,971.8700953760714,2024-04-04,L4,aws,L4,g6xlarge,us-west-2,0,C:\Users\FarhadBillimoria\OneDrive - Aurora Energy Research\Documents\Personal\Endog_demand_AI\pyai\data\original\prices\L4\EC2_g6xlarge_us-west-2.csv
2024-12-26,4321.260412893878,4144.633586864662,4516.479536399855,10,4.4463354037267075,971.8700953760714,2024-04-04,L4,aws,L4,g6xlarge,us-west-2,0,C:\Users\FarhadBillimoria\OneDrive - Aurora Energy Research\Documents\Personal\Endog_demand_AI\pyai\data\original\prices\L4\EC2_g6xlarge_us-west-2.csv
2024-12-27,4326.532254819107,4163.950259567789,4492.333695520946,9,4.45175983436853,971.8700953760714,2024-04-04,L4,aws,L4,g6xlarge,us-west-2,0,C:\Users\FarhadBillimoria\OneDrive - Aurora Energy Research\Documents\Personal\Endog_demand_AI\pyai\data\original\prices\L4\EC2_g6xlarge_us-west-2.csv
2024-12-28,4228.485507007781,4079.439816491609,4471.809730773874,11,4.350875211744777,971.8700953760714,2024-04-04,L4,aws,L4,g6xlarge,us-west-2,0,C:\Users\FarhadBillimoria\OneDrive - Aurora Energy Research\Documents\Personal\Endog_demand_AI\pyai\data\original\prices\L4\EC2_g6xlarge_us-west-2.csv
2024-12-29,4242.145636567947,4090.305444887118,4469.395146685983,13,4.364930721452461,971.8700953760714,2024-04-04,L4,aws,L4,g6xlarge,us-west-2,0,C:\Users\FarhadBillimoria\OneDrive - Aurora Energy Research\Documents\Personal\Endog_demand_AI\pyai\data\original\prices\L4\EC2_g6xlarge_us-west-2.csv
2024-12-30,4236.278028382339,4136.182542557044,4471.809730773874,11,4.358893280632412,971.8700953760714,2024-04-04,L4,aws,L4,g6xlarge,us-west-2,0,C:\Users\FarhadBillimoria\OneDrive - Aurora Energy Research\Documents\Personal\Endog_demand_AI\pyai\data\original\prices\L4\EC2_g6xlarge_us-west-2.csv
2024-12-31,4251.981971105477,4113.2439937220815,4474.2243148617645,12,4.375051759834369,971.8700953760714,2024-04-04,L4,aws,L4,g6xlarge,us-west-2,0,C:\Users\FarhadBillimoria\OneDrive - Aurora Energy Research\Documents\Personal\Endog_demand_AI\pyai\data\original\prices\L4\EC2_g6xlarge_us-west-2.csv
2025-01-01,4267.591638109566,4102.378365326572,4505.613908004346,13,4.391113234591495,971.8700953760714,2024-04-04,L4,aws,L4,g6xlarge,us-west-2,0,C:\Users\FarhadBillimoria\OneDrive - Aurora Energy Research\Documents\Personal\Endog_demand_AI\pyai\data\original\prices\L4\EC2_g6xlarge_us-west-2.csv
2025-01-02,4278.039357720632,4126.52420620548,4451.285766026802,10,4.401863354037268,971.8700953760714,2024-04-04,L4,aws,L4,g6xlarge,us-west-2,0,C:\Users\FarhadBillimoria\OneDrive - Aurora Energy Research\Documents\Personal\Endog_demand_AI\pyai\data\original\prices\L4\EC2_g6xlarge_us-west-2.csv
2025-01-03,4333.574791742122,4190.510684534589,4446.45659785102,12,4.4590062111801245,971.8700953760714,2024-04-04,L4,aws,L4,g6xlarge,us-west-2,0,C:\Users\FarhadBillimoria\OneDrive - Aurora Energy Research\Documents\Personal\Endog_demand_AI\pyai\data\original\prices\L4\EC2_g6xlarge_us-west-2.csv
2025-01-04,4341.202682383414,4307.618012797296,4372.8117831703485,11,4.466854884246189,971.8700953760714,2024-04-04,L4,aws,L4,g6xlarge,us-west-2,0,C:\Users\FarhadBillimoria\OneDrive - Aurora Energy Research\Documents\Personal\Endog_demand_AI\pyai\data\original\prices\L4\EC2_g6xlarge_us-west-2.csv
2025-01-05,4425.654027247652,4313.654473017023,4503.199323916455,13,4.553750597228858,971.8700953760714,2024-04-04,L4,aws,L4,g6xlarge,us-west-2,0,C:\Users\FarhadBillimoria\OneDrive - Aurora Energy Research\Documents\Personal\Endog_demand_AI\pyai\data\original\prices\L4\EC2_g6xlarge_us-west-2.csv
2025-01-06,4432.934926958831,4232.765906072679,4598.575395388144,10,4.561242236024845,971.8700953760714,2024-04-04,L4,aws,L4,g6xlarge,us-west-2,0,C:\Users\FarhadBillimoria\OneDrive - Aurora Energy Research\Documents\Personal\Endog_demand_AI\pyai\data\original\prices\L4\EC2_g6xlarge_us-west-2.csv
2025-01-07,4475.980376016595,4259.326331039479,4657.73270554147,11,4.605533596837946,971.8700953760714,2024-04-04,L4,aws,L4,g6xlarge,us-west-2,0,C:\Users\FarhadBillimoria\OneDrive - Aurora Energy Research\Documents\Personal\Endog_demand_AI\pyai\data\original\prices\L4\EC2_g6xlarge_us-west-2.csv
2025-01-08,4513.944223107569,4291.923216226005,4714.475431606906,10,4.644596273291925,971.8700953760714,2024-04-04,L4,aws,L4,g6xlarge,us-west-2,0,C:\Users\FarhadBillimoria\OneDrive - Aurora Energy Research\Documents\Personal\Endog_demand_AI\pyai\data\original\prices\L4\EC2_g6xlarge_us-west-2.csv
2025-01-09,4570.588170733045,4306.41072075335,4721.7191838705785,11,4.7028797289666855,971.8700953760714,2024-04-04,L4,aws,L4,g6xlarge,us-west-2,0,C:\Users\FarhadBillimoria\OneDrive - Aurora Energy Research\Documents\Personal\Endog_demand_AI\pyai\data\original\prices\L4\EC2_g6xlarge_us-west-2.csv
2025-01-10,4560.243872992877,4317.276349148859,4736.206688397923,12,4.692236024844721,971.8700953760714,2024-04-04,L4,aws,L4,g6xlarge,us-west-2,0,C:\Users\FarhadBillimoria\OneDrive - Aurora Energy Research\Documents\Personal\Endog_demand_AI\pyai\data\original\prices\L4\EC2_g6xlarge_us-west-2.csv
2025-01-11,4568.393094289509,4359.531570686949,4757.937945188941,11,4.700621118012423,971.8700953760714,2024-04-04,L4,aws,L4,g6xlarge,us-west-2,0,C:\Users\FarhadBillimoria\OneDrive - Aurora Energy Research\Documents\Personal\Endog_demand_AI\pyai\data\original\prices\L4\EC2_g6xlarge_us-west-2.csv
2025-01-12,4675.359169383073,4436.798261499456,4818.302547386213,10,4.810683229813664,971.8700953760714,2024-04-04,L4,aws,L4,g6xlarge,us-west-2,0,C:\Users\FarhadBillimoria\OneDrive - Aurora Energy Research\Documents\Personal\Endog_demand_AI\pyai\data\original\prices\L4\EC2_g6xlarge_us-west-2.csv
2025-01-13,4730.773874200169,4524.930580707473,4854.521308704576,10,4.867701863354038,971.8700953760714,2024-04-04,L4,aws,L4,g6xlarge,us-west-2,0,C:\Users\FarhadBillimoria\OneDrive - Aurora Energy Research\Documents\Personal\Endog_demand_AI\pyai\data\original\prices\L4\EC2_g6xlarge_us-west-2.csv
2025-01-14,4723.804506491938,4544.2472534106,4869.008813231921,11,4.860530773574252,971.8700953760714,2024-04-04,L4,aws,L4,g6xlarge,us-west-2,0,C:\Users\FarhadBillimoria\OneDrive - Aurora Energy Research\Documents\Personal\Endog_demand_AI\pyai\data\original\prices\L4\EC2_g6xlarge_us-west-2.csv
2025-01-15,4748.8430117912185,4541.832669322709,4907.642158638174,15,4.886293995859213,971.8700953760714,2024-04-04,L4,aws,L4,g6xlarge,us-west-2,0,C:\Users\FarhadBillimoria\OneDrive - Aurora Energy Research\Documents\Personal\Endog_demand_AI\pyai\data\original\prices\L4\EC2_g6xlarge_us-west-2.csv
2025-01-16,4749.706408525677,4540.625377278763,4887.118193891102,11,4.887182382834557,971.8700953760714,2024-04-04,L4,aws,L4,g6xlarge,us-west-2,0,C:\Users\FarhadBillimoria\OneDrive - Aurora Energy Research\Documents\Personal\Endog_demand_AI\pyai\data\original\prices\L4\EC2_g6xlarge_us-west-2.csv
2025-01-17,4791.184910706823,4532.174332971145,5019.9203187251,13,4.9298614429049215,971.8700953760714,2024-04-04,L4,aws,L4,g6xlarge,us-west-2,0,C:\Users\FarhadBillimoria\OneDrive - Aurora Energy Research\Documents\Personal\Endog_demand_AI\pyai\data\original\prices\L4\EC2_g6xlarge_us-west-2.csv
2025-01-18,4843.856895649724,4538.210793190873,5111.674514064952,12,4.984057971014493,971.8700953760714,2024-04-04,L4,aws,L4,g6xlarge,us-west-2,0,C:\Users\FarhadBillimoria\OneDrive - Aurora Energy Research\Documents\Personal\Endog_demand_AI\pyai\data\original\prices\L4\EC2_g6xlarge_us-west-2.csv
2025-01-19,4938.01019697434,4651.696245321743,5255.342267294459,13,5.080936454849498,971.8700953760714,2024-04-04,L4,aws,L4,g6xlarge,us-west-2,0,C:\Users\FarhadBillimoria\OneDrive - Aurora Energy Research\Documents\Personal\Endog_demand_AI\pyai\data\original\prices\L4\EC2_g6xlarge_us-west-2.csv
2025-01-20,5069.1406866705665,4760.352529276832,5298.804780876494,13,5.215862398471094,971.8700953760714,2024-04-04,L4,aws,L4,g6xlarge,us-west-2,0,C:\Users\FarhadBillimoria\OneDrive - Aurora Energy Research\Documents\Personal\Endog_demand_AI\pyai\data\original\prices\L4\EC2_g6xlarge_us-west-2.csv
2025-01-21,5107.448991911143,4912.471326813956,5372.449595557165,12,5.25527950310559,971.8700953760714,2024-04-04,L4,aws,L4,g6xlarge,us-west-2,0,C:\Users\FarhadBillimoria\OneDrive - Aurora Energy Research\Documents\Personal\Endog_demand_AI\pyai\data\original\prices\L4\EC2_g6xlarge_us-west-2.csv
2025-01-22,5161.777133888687,4939.031751780755,5563.201738500543,10,5.311180124223602,971.8700953760714,2024-04-04,L4,aws,L4,g6xlarge,us-west-2,0,C:\Users\FarhadBillimoria\OneDrive - Aurora Energy Research\Documents\Personal\Endog_demand_AI\pyai\data\original\prices\L4\EC2_g6xlarge_us-west-2.csv
2025-01-23,5292.0640669644645,5009.05469032959,5808.282023421466,12,5.4452380952380945,971.8700953760714,2024-04-04,L4,aws,L4,g6xlarge,us-west-2,0,C:\Users\FarhadBillimoria\OneDrive - Aurora Energy Research\Documents\Personal\Endog_demand_AI\pyai\data\original\prices\L4\EC2_g6xlarge_us-west-2.csv
2025-01-24,5412.390840677693,5077.8703368344795,6037.6675117710965,12,5.569047619047619,971.8700953760714,2024-04-04,L4,aws,L4,g6xlarge,us-west-2,0,C:\Users\FarhadBillimoria\OneDrive - Aurora Energy Research\Documents\Personal\Endog_demand_AI\pyai\data\original\prices\L4\EC2_g6xlarge_us-west-2.csv
2025-01-25,5428.789890941285,5164.795363998551,6038.8748038150425,9,5.5859213250517605,971.8700953760714,2024-04-04,L4,aws,L4,g6xlarge,us-west-2,0,C:\Users\FarhadBillimoria\OneDrive - Aurora Energy Research\Documents\Personal\Endog_demand_AI\pyai\data\original\prices\L4\EC2_g6xlarge_us-west-2.csv
2025-01-26,5632.45640029414,5285.524568393094,6031.63105155137,11,5.795482778091474,971.8700953760714,2024-04-04,L4,aws,L4,g6xlarge,us-west-2,0,C:\Users\FarhadBillimoria\OneDrive - Aurora Energy Research\Documents\Personal\Endog_demand_AI\pyai\data\original\prices\L4\EC2_g6xlarge_us-west-2.csv
2025-01-27,5848.671429982548,5559.579862368707,6066.642520825787,11,6.017955957086391,971.8700953760714,2024-04-04,L4,aws,L4,g6xlarge,us-west-2,0,C:\Users\FarhadBillimoria\OneDrive - Aurora Energy Research\Documents\Personal\Endog_demand_AI\pyai\data\original\prices\L4\EC2_g6xlarge_us-west-2.csv
2025-01-28,6068.592761819853,5941.084148255462,6188.5790172642755,13,6.244242713807931,971.8700953760714,2024-04-04,L4,aws,L4,g6xlarge,us-west-2,0,C:\Users\FarhadBillimoria\OneDrive - Aurora Energy Research\Documents\Personal\Endog_demand_AI\pyai\data\original\prices\L4\EC2_g6xlarge_us-west-2.csv
2025-01-29,6356.721872839221,6210.310274055293,6471.085355547507,11,6.540711462450592,971.8700953760714,2024-04-04,L4,aws,L4,g6xlarge,us-west-2,0,C:\Users\FarhadBillimoria\OneDrive - Aurora Energy Research\Documents\Personal\Endog_demand_AI\pyai\data\original\prices\L4\EC2_g6xlarge_us-west-2.csv
2025-01-30,6521.67089218882,6416.757213569962,6684.776047325848,10,6.710434782608696,971.8700953760714,2024-04-04,L4,aws,L4,g6xlarge,us-west-2,0,C:\Users\FarhadBillimoria\OneDrive - Aurora Energy Research\Documents\Personal\Endog_demand_AI\pyai\data\original\prices\L4\EC2_g6xlarge_us-west-2.csv
2025-01-31,6626.557742095591,6440.9030544488705,6935.892792466498,9,6.818357487922706,971.8700953760714,2024-04-04,L4,aws,L4,g6xlarge,us-west-2,0,C:\Users\FarhadBillimoria\OneDrive - Aurora Energy Research\Documents\Personal\Endog_demand_AI\pyai\data\original\prices\L4\EC2_g6xlarge_us-west-2.csv
2025-02-01,6821.904301983984,6474.707231679343,7260.654352287818,12,7.019358178053832,971.8700953760714,2024-04-04,L4,aws,L4,g6xlarge,us-west-2,0,C:\Users\FarhadBillimoria\OneDrive - Aurora Energy Research\Documents\Personal\Endog_demand_AI\pyai\data\original\prices\L4\EC2_g6xlarge_us-west-2.csv
2025-02-02,6852.150626145554,6465.048895327779,7206.326210310273,11,7.050479954827781,971.8700953760714,2024-04-04,L4,aws,L4,g6xlarge,us-west-2,0,C:\Users\FarhadBillimoria\OneDrive - Aurora Energy Research\Documents\Personal\Endog_demand_AI\pyai\data\original\prices\L4\EC2_g6xlarge_us-west-2.csv
2025-02-03,6654.593746227212,6360.014487504527,7057.829288904986,12,6.8472049689441,971.8700953760714,2024-04-04,L4,aws,L4,g6xlarge,us-west-2,0,C:\Users\FarhadBillimoria\OneDrive - Aurora Energy Research\Documents\Personal\Endog_demand_AI\pyai\data\original\prices\L4\EC2_g6xlarge_us-west-2.csv
2025-02-04,6507.002293854883,6337.0759386695645,6810.334419896173,12,6.695341614906832,971.8700953760714,2024-04-04,L4,aws,L4,g6xlarge,us-west-2,0,C:\Users\FarhadBillimoria\OneDrive - Aurora Energy Research\Documents\Personal\Endog_demand_AI\pyai\data\original\prices\L4\EC2_g6xlarge_us-west-2.csv
2025-02-05,6506.645593932809,6283.955088735965,6780.152118797537,11,6.6949745906267655,971.8700953760714,2024-04-04,L4,aws,L4,g6xlarge,us-west-2,0,C:\Users\FarhadBillimoria\OneDrive - Aurora Energy Research\Documents\Personal\Endog_demand_AI\pyai\data\original\prices\L4\EC2_g6xlarge_us-west-2.csv
2025-02-06,6400.820958589882,6108.897742363877,6739.104189303393,10,6.586086956521739,971.8700953760714,2024-04-04,L4,aws,L4,g6xlarge,us-west-2,0,C:\Users\FarhadBillimoria\OneDrive - Aurora Energy Research\Documents\Personal\Endog_demand_AI\pyai\data\original\prices\L4\EC2_g6xlarge_us-west-2.csv
2025-02-07,6388.285242866915,5955.571652782808,6635.277073524085,12,6.573188405797101,971.8700953760714,2024-04-04,L4,aws,L4,g6xlarge,us-west-2,0,C:\Users\FarhadBillimoria\OneDrive - Aurora Energy Research\Documents\Personal\Endog_demand_AI\pyai\data\original\prices\L4\EC2_g6xlarge_us-west-2.csv
2025-02-08,6233.029315245903,5890.377882409754,6469.878063503562,11,6.4134387351778654,971.8700953760714,2024-04-04,L4,aws,L4,g6xlarge,us-west-2,0,C:\Users\FarhadBillimoria\OneDrive - Aurora Energy Research\Documents\Personal\Endog_demand_AI\pyai\data\original\prices\L4\EC2_g6xlarge_us-west-2.csv
2025-02-09,6026.253114264703,5755.161173487866,6211.517566099238,11,6.200677583286279,971.8700953760714,2024-04-04,L4,aws,L4,g6xlarge,us-west-2,0,C:\Users\FarhadBillimoria\OneDrive - Aurora Energy Research\Documents\Personal\Endog_demand_AI\pyai\data\original\prices\L4\EC2_g6xlarge_us-west-2.csv
2025-02-10,5935.706210968797,5746.710129180248,6131.836291198841,11,6.107509881422925,971.8700953760714,2024-04-04,L4,aws,L4,g6xlarge,us-west-2,0,C:\Users\FarhadBillimoria\OneDrive - Aurora Energy Research\Documents\Personal\Endog_demand_AI\pyai\data\original\prices\L4\EC2_g6xlarge_us-west-2.csv
2025-02-11,5940.983540585134,5590.969455511288,6234.456114934202,12,6.112939958592133,971.8700953760714,2024-04-04,L4,aws,L4,g6xlarge,us-west-2,0,C:\Users\FarhadBillimoria\OneDrive - Aurora Energy Research\Documents\Personal\Endog_demand_AI\pyai\data\original\prices\L4\EC2_g6xlarge_us-west-2.csv
2025-02-12,5821.461628234537,5592.176747555233,6203.066521791621,12,5.989958592132506,971.8700953760714,2024-04-04,L4,aws,L4,g6xlarge,us-west-2,0,C:\Users\FarhadBillimoria\OneDrive - Aurora Energy Research\Documents\Personal\Endog_demand_AI\pyai\data\original\prices\L4\EC2_g6xlarge_us-west-2.csv
2025-02-13,5707.808496653118,5389.351684172401,6054.569600386332,9,5.8730158730158735,971.8700953760714,2024-04-04,L4,aws,L4,g6xlarge,us-west-2,0,C:\Users\FarhadBillimoria\OneDrive - Aurora Energy Research\Documents\Personal\Endog_demand_AI\pyai\data\original\prices\L4\EC2_g6xlarge_us-west-2.csv
2025-02-14,5631.468615894548,5232.403718459495,5886.7560062779185,11,5.794466403162055,971.8700953760714,2024-04-04,L4,aws,L4,g6xlarge,us-west-2,0,C:\Users\FarhadBillimoria\OneDrive - Aurora Energy Research\Documents\Personal\Endog_demand_AI\pyai\data\original\prices\L4\EC2_g6xlarge_us-west-2.csv
2025-02-15,5608.200805593055,5216.708921888204,5869.853917662683,11,5.7705251270468665,971.8700953760714,2024-04-04,L4,aws,L4,g6xlarge,us-west-2,0,C:\Users\FarhadBillimoria\OneDrive - Aurora Energy Research\Documents\Personal\Endog_demand_AI\pyai\data\original\prices\L4\EC2_g6xlarge_us-west-2.csv
2025-02-16,5651.032234697574,5233.61101050344,6011.107086804298,12,5.814596273291926,971.8700953760714,2024-04-04,L4,aws,L4,g6xlarge,us-west-2,0,C:\Users\FarhadBillimoria\OneDrive - Aurora Energy Research\Documents\Personal\Endog_demand_AI\pyai\data\original\prices\L4\EC2_g6xlarge_us-west-2.csv
2025-02-17,5648.164916093203,5336.230834238802,5898.828926717372,8,5.81164596273292,971.8700953760714,2024-04-04,L4,aws,L4,g6xlarge,us-west-2,0,C:\Users\FarhadBillimoria\OneDrive - Aurora Energy Research\Documents\Personal\Endog_demand_AI\pyai\data\original\prices\L4\EC2_g6xlarge_us-west-2.csv
2025-02-18,5722.842894157634,5430.3996136665455,6087.1664855728595,13,5.888485427615862,971.8700953760714,2024-04-04,L4,aws,L4,g6xlarge,us-west-2,0,C:\Users\FarhadBillimoria\OneDrive - Aurora Energy Research\Documents\Personal\Endog_demand_AI\pyai\data\original\prices\L4\EC2_g6xlarge_us-west-2.csv
2025-02-19,5755.161173487866,5417.119401183146,6034.0456356392615,9,5.921739130434783,971.8700953760714,2024-04-04,L4,aws,L4,g6xlarge,us-west-2,0,C:\Users\FarhadBillimoria\OneDrive - Aurora Energy Research\Documents\Personal\Endog_demand_AI\pyai\data\original\prices\L4\EC2_g6xlarge_us-west-2.csv
2025-02-20,5709.015788697064,5383.315223952674,5868.646625618737,9,5.874258109040718,971.8700953760714,2024-04-04,L4,aws,L4,g6xlarge,us-west-2,0,C:\Users\FarhadBillimoria\OneDrive - Aurora Energy Research\Documents\Personal\Endog_demand_AI\pyai\data\original\prices\L4\EC2_g6xlarge_us-west-2.csv
2025-02-21,5660.553378771415,5385.729808040564,5856.573705179282,11,5.824392998306041,971.8700953760714,2024-04-04,L4,aws,L4,g6xlarge,us-west-2,0,C:\Users\FarhadBillimoria\OneDrive - Aurora Energy Research\Documents\Personal\Endog_demand_AI\pyai\data\original\prices\L4\EC2_g6xlarge_us-west-2.csv
2025-02-22,5692.010512727644,5385.729808040564,6005.07062658457,13,5.856760630673675,971.8700953760714,2024-04-04,L4,aws,L4,g6xlarge,us-west-2,0,C:\Users\FarhadBillimoria\OneDrive - Aurora Energy Research\Documents\Personal\Endog_demand_AI\pyai\data\original\prices\L4\EC2_g6xlarge_us-west-2.csv
2025-02-23,5627.671133647229,5442.472534105999,6011.107086804298,10,5.79055900621118,971.8700953760714,2024-04-04,L4,aws,L4,g6xlarge,us-west-2,0,C:\Users\FarhadBillimoria\OneDrive - Aurora Energy Research\Documents\Personal\Endog_demand_AI\pyai\data\original\prices\L4\EC2_g6xlarge_us-west-2.csv
2025-02-24,5534.528552456839,5312.084993359894,5850.537244959555,12,5.69472049689441,971.8700953760714,2024-04-04,L4,aws,L4,g6xlarge,us-west-2,0,C:\Users\FarhadBillimoria\OneDrive - Aurora Energy Research\Documents\Personal\Endog_demand_AI\pyai\data\original\prices\L4\EC2_g6xlarge_us-west-2.csv
2025-02-25,5417.924262545776,5308.463117228057,5581.3111191597245,9,5.574741200828158,971.8700953760714,2024-04-04,L4,aws,L4,g6xlarge,us-west-2,0,C:\Users\FarhadBillimoria\OneDrive - Aurora Energy Research\Documents\Personal\Endog_demand_AI\pyai\data\original\prices\L4\EC2_g6xlarge_us-west-2.csv
2025-02-26,5383.918869974646,5327.7797899311845,5517.324640830617,12,5.539751552795031,971.8700953760714,2024-04-04,L4,aws,L4,g6xlarge,us-west-2,0,C:\Users\FarhadBillimoria\OneDrive - Aurora Energy Research\Documents\Personal\Endog_demand_AI\pyai\data\original\prices\L4\EC2_g6xlarge_us-west-2.csv
2025-02-27,5375.74221022247,5306.048533140166,5477.484003380418,11,5.531338226990401,971.8700953760714,2024-04-04,L4,aws,L4,g6xlarge,us-west-2,0,C:\Users\FarhadBillimoria\OneDrive - Aurora Energy Research\Documents\Personal\Endog_demand_AI\pyai\data\original\prices\L4\EC2_g6xlarge_us-west-2.csv
2025-02-28,5399.339281990495,5331.4016660630205,5453.338162501509,11,5.555618294748729,971.8700953760714,2024-04-04,L4,aws,L4,g6xlarge,us-west-2,0,C:\Users\FarhadBillimoria\OneDrive - Aurora Energy Research\Documents\Personal\Endog_demand_AI\pyai\data\original\prices\L4\EC2_g6xlarge_us-west-2.csv
2025-03-01,5430.94838277743,5293.975612700712,5571.652782808162,11,5.588142292490119,971.8700953760714,2024-04-04,L4,aws,L4,g6xlarge,us-west-2,0,C:\Users\FarhadBillimoria\OneDrive - Aurora Energy Research\Documents\Personal\Endog_demand_AI\pyai\data\original\prices\L4\EC2_g6xlarge_us-west-2.csv
2025-03-02,5392.973560304237,5156.344319690933,5536.641313533743,11,5.549068322981366,971.8700953760714,2024-04-04,L4,aws,L4,g6xlarge,us-west-2,0,C:\Users\FarhadBillimoria\OneDrive - Aurora Energy Research\Documents\Personal\Endog_demand_AI\pyai\data\original\prices\L4\EC2_g6xlarge_us-west-2.csv
2025-03-03,5305.947925469837,5153.929735603042,5467.825667028855,12,5.45952380952381,971.8700953760714,2024-04-04,L4,aws,L4,g6xlarge,us-west-2,0,C:\Users\FarhadBillimoria\OneDrive - Aurora Energy Research\Documents\Personal\Endog_demand_AI\pyai\data\original\prices\L4\EC2_g6xlarge_us-west-2.csv
2025-03-04,5226.216346734274,5133.40577085597,5310.877701315948,8,5.377484472049689,971.8700953760714,2024-04-04,L4,aws,L4,g6xlarge,us-west-2,0,C:\Users\FarhadBillimoria\OneDrive - Aurora Energy Research\Documents\Personal\Endog_demand_AI\pyai\data\original\prices\L4\EC2_g6xlarge_us-west-2.csv
2025-03-05,5235.18049016057,5121.332850416516,5333.816250150911,10,5.3867080745341624,971.8700953760714,2024-04-04,L4,aws,L4,g6xlarge,us-west-2,0,C:\Users\FarhadBillimoria\OneDrive - Aurora Energy Research\Documents\Personal\Endog_demand_AI\pyai\data\original\prices\L4\EC2_g6xlarge_us-west-2.csv
2025-03-06,5202.221417360859,5144.271399251478,5286.731860437039,11,5.3527950310559005,971.8700953760714,2024-04-04,L4,aws,L4,g6xlarge,us-west-2,0,C:\Users\FarhadBillimoria\OneDrive - Aurora Energy Research\Documents\Personal\Endog_demand_AI\pyai\data\original\prices\L4\EC2_g6xlarge_us-west-2.csv
2025-03-07,5184.866594229144,5110.467222021007,5273.45164795364,8,5.334937888198758,971.8700953760714,2024-04-04,L4,aws,L4,g6xlarge,us-west-2,0,C:\Users\FarhadBillimoria\OneDrive - Aurora Energy Research\Documents\Personal\Endog_demand_AI\pyai\data\original\prices\L4\EC2_g6xlarge_us-west-2.csv
2025-03-08,5107.348384240814,4995.774477846191,5221.538090063986,12,5.255175983436853,971.8700953760714,2024-04-04,L4,aws,L4,g6xlarge,us-west-2,0,C:\Users\FarhadBillimoria\OneDrive - Aurora Energy Research\Documents\Personal\Endog_demand_AI\pyai\data\original\prices\L4\EC2_g6xlarge_us-west-2.csv
2025-03-09,5007.485210672462,4931.787999517082,5128.576602680188,10,5.152422360248448,971.8700953760714,2024-04-04,L4,aws,L4,g6xlarge,us-west-2,0,C:\Users\FarhadBillimoria\OneDrive - Aurora Energy Research\Documents\Personal\Endog_demand_AI\pyai\data\original\prices\L4\EC2_g6xlarge_us-west-2.csv
2025-03-10,4981.528431727635,4900.398406374501,5123.747434504407,10,5.1257142857142854,971.8700953760714,2024-04-04,L4,aws,L4,g6xlarge,us-west-2,0,C:\Users\FarhadBillimoria\OneDrive - Aurora Energy Research\Documents\Personal\Endog_demand_AI\pyai\data\original\prices\L4\EC2_g6xlarge_us-west-2.csv
2025-03-11,5005.1309911867675,4844.862972353012,5173.246408306169,12,5.1499999999999995,971.8700953760714,2024-04-04,L4,aws,L4,g6xlarge,us-west-2,0,C:\Users\FarhadBillimoria\OneDrive - Aurora Energy Research\Documents\Personal\Endog_demand_AI\pyai\data\original\prices\L4\EC2_g6xlarge_us-west-2.csv
2025-03-12,4887.118193891101,4716.890015694797,5024.7494869008815,10,5.0285714285714285,971.8700953760714,2024-04-04,L4,aws,L4,g6xlarge,us-west-2,0,C:\Users\FarhadBillimoria\OneDrive - Aurora Energy Research\Documents\Personal\Endog_demand_AI\pyai\data\original\prices\L4\EC2_g6xlarge_us-west-2.csv
2025-03-13,4888.325485935047,4701.195219123506,5012.676566461427,12,5.029813664596273,971.8700953760714,2024-04-04,L4,aws,L4,g6xlarge,us-west-2,0,C:\Users\FarhadBillimoria\OneDrive - Aurora Energy Research\Documents\Personal\Endog_demand_AI\pyai\data\original\prices\L4\EC2_g6xlarge_us-west-2.csv
2025-03-14,4895.871061209707,4693.951466859833,5047.688035735844,12,5.037577639751553,971.8700953760714,2024-04-04,L4,aws,L4,g6xlarge,us-west-2,0,C:\Users\FarhadBillimoria\OneDrive - Aurora Energy Research\Documents\Personal\Endog_demand_AI\pyai\data\original\prices\L4\EC2_g6xlarge_us-west-2.csv
2025-03-15,4816.944343836773,4588.91705903658,5041.651575516117,8,4.956366459627329,971.8700953760714,2024-04-04,L4,aws,L4,g6xlarge,us-west-2,0,C:\Users\FarhadBillimoria\OneDrive - Aurora Energy Research\Documents\Personal\Endog_demand_AI\pyai\data\original\prices\L4\EC2_g6xlarge_us-west-2.csv
2025-03-16,4859.652299891343,4506.821200048292,5041.651575516117,12,5.000310559006211,971.8700953760714,2024-04-04,L4,aws,L4,g6xlarge,us-west-2,0,C:\Users\FarhadBillimoria\OneDrive - Aurora Energy Research\Documents\Personal\Endog_demand_AI\pyai\data\original\prices\L4\EC2_g6xlarge_us-west-2.csv
2025-03-17,4794.587882237284,4459.73681033442,5021.127610769045,14,4.933362910381544,971.8700953760714,2024-04-04,L4,aws,L4,g6xlarge,us-west-2,0,C:\Users\FarhadBillimoria\OneDrive - Aurora Energy Research\Documents\Personal\Endog_demand_AI\pyai\data\original\prices\L4\EC2_g6xlarge_us-west-2.csv
2025-03-18,4720.883366301693,4354.702402511168,4957.141132439937,13,4.857525083612041,971.8700953760714,2024-04-04,L4,aws,L4,g6xlarge,us-west-2,0,C:\Users\FarhadBillimoria\OneDrive - Aurora Energy Research\Documents\Personal\Endog_demand_AI\pyai\data\original\prices\L4\EC2_g6xlarge_us-west-2.csv
2025-03-19,4652.501106684374,4317.276349148859,4879.874441627429,12,4.787163561076605,971.8700953760714,2024-04-04,L4,aws,L4,g6xlarge,us-west-2,0,C:\Users\FarhadBillimoria\OneDrive - Aurora Energy Research\Documents\Personal\Endog_demand_AI\pyai\data\original\prices\L4\EC2_g6xlarge_us-west-2.csv
2025-03-20,4613.1635075858185,4235.180490160569,4835.204636001448,12,4.746687370600415,971.8700953760714,2024-04-04,L4,aws,L4,g6xlarge,us-west-2,0,C:\Users\FarhadBillimoria\OneDrive - Aurora Energy Research\Documents\Personal\Endog_demand_AI\pyai\data\original\prices\L4\EC2_g6xlarge_us-west-2.csv
2025-03-21,4593.866956416757,4201.376312930097,4813.473379210431,10,4.726832298136646,971.8700953760714,2024-04-04,L4,aws,L4,g6xlarge,us-west-2,0,C:\Users\FarhadBillimoria\OneDrive - Aurora Energy Research\Documents\Personal\Endog_demand_AI\pyai\data\original\prices\L4\EC2_g6xlarge_us-west-2.csv
2025-03-22,4514.503967600672,4142.219002776772,4761.559821320777,11,4.645172219085263,971.8700953760714,2024-04-04,L4,aws,L4,g6xlarge,us-west-2,0,C:\Users\FarhadBillimoria\OneDrive - Aurora Energy Research\Documents\Personal\Endog_demand_AI\pyai\data\original\prices\L4\EC2_g6xlarge_us-west-2.csv
2025-03-23,4346.00989979476,4104.792949414464,4527.345164795363,10,4.471801242236024,971.8700953760714,2024-04-04,L4,aws,L4,g6xlarge,us-west-2,0,C:\Users\FarhadBillimoria\OneDrive - Aurora Energy Research\Documents\Personal\Endog_demand_AI\pyai\data\original\prices\L4\EC2_g6xlarge_us-west-2.csv
2025-03-24,4389.713871785585,4113.2439937220815,4547.869129542436,11,4.516770186335404,971.8700953760714,2024-04-04,L4,aws,L4,g6xlarge,us-west-2,0,C:\Users\FarhadBillimoria\OneDrive - Aurora Energy Research\Documents\Personal\Endog_demand_AI\pyai\data\original\prices\L4\EC2_g6xlarge_us-west-2.csv
2025-03-25,4330.07364481468,4035.9773029095736,4579.258722685017,10,4.455403726708074,971.8700953760714,2024-04-04,L4,aws,L4,g6xlarge,us-west-2,0,C:\Users\FarhadBillimoria\OneDrive - Aurora Energy Research\Documents\Personal\Endog_demand_AI\pyai\data\original\prices\L4\EC2_g6xlarge_us-west-2.csv
2025-03-26,4341.1203670167815,3991.3074972835925,4609.441023783653,12,4.466770186335404,971.8700953760714,2024-04-04,L4,aws,L4,g6xlarge,us-west-2,0,C:\Users\FarhadBillimoria\OneDrive - Aurora Energy Research\Documents\Personal\Endog_demand_AI\pyai\data\original\prices\L4\EC2_g6xlarge_us-west-2.csv
2025-03-27,4302.909573825908,3947.8449837015573,4608.233731739708,10,4.427453416149069,971.8700953760714,2024-04-04,L4,aws,L4,g6xlarge,us-west-2,0,C:\Users\FarhadBillimoria\OneDrive - Aurora Energy Research\Documents\Personal\Endog_demand_AI\pyai\data\original\prices\L4\EC2_g6xlarge_us-west-2.csv
2025-03-28,4333.190653364503,3905.589762163467,4632.379572618616,11,4.458610954263128,971.8700953760714,2024-04-04,L4,aws,L4,g6xlarge,us-west-2,0,C:\Users\FarhadBillimoria\OneDrive - Aurora Energy Research\Documents\Personal\Endog_demand_AI\pyai\data\original\prices\L4\EC2_g6xlarge_us-west-2.csv
2025-03-29,4268.139562960279,3842.810575878305,4674.634794156706,10,4.39167701863354,971.8700953760714,2024-04-04,L4,aws,L4,g6xlarge,us-west-2,0,C:\Users\FarhadBillimoria\OneDrive - Aurora Energy Research\Documents\Personal\Endog_demand_AI\pyai\data\original\prices\L4\EC2_g6xlarge_us-west-2.csv
2025-03-30,4409.030544488712,3790.8970179886514,4738.621272485814,12,4.536645962732919,971.8700953760714,2024-04-04,L4,aws,L4,g6xlarge,us-west-2,0,C:\Users\FarhadBillimoria\OneDrive - Aurora Energy Research\Documents\Personal\Endog_demand_AI\pyai\data\original\prices\L4\EC2_g6xlarge_us-west-2.csv
2025-03-31,4373.314821521993,3767.958469153688,4812.266087166486,12,4.499896480331263,971.8700953760714,2024-04-04,L4,aws,L4,g6xlarge,us-west-2,0,C:\Users\FarhadBillimoria\OneDrive - Aurora Energy Research\Documents\Personal\Endog_demand_AI\pyai\data\original\prices\L4\EC2_g6xlarge_us-west-2.csv
2025-04-01,4345.044066159603,3773.9949293734153,4827.9608837377755,10,4.470807453416149,971.8700953760714,2024-04-04,L4,aws,L4,g6xlarge,us-west-2,0,C:\Users\FarhadBillimoria\OneDrive - Aurora Energy Research\Documents\Personal\Endog_demand_AI\pyai\data\original\prices\L4\EC2_g6xlarge_us-west-2.csv
2025-04-02,4493.8428105758785,3796.9334782083783,4876.2525654955925,12,4.623913043478262,971.8700953760714,2024-04-04,L4,aws,L4,g6xlarge,us-west-2,0,C:\Users\FarhadBillimoria\OneDrive - Aurora Energy Research\Documents\Personal\Endog_demand_AI\pyai\data\original\prices\L4\EC2_g6xlarge_us-west-2.csv
2025-04-03,4475.310877701316,3813.8355668236145,4911.264034770011,10,4.604844720496895,971.8700953760714,2024-04-04,L4,aws,L4,g6xlarge,us-west-2,0,C:\Users\FarhadBillimoria\OneDrive - Aurora Energy Research\Documents\Personal\Endog_demand_AI\pyai\data\original\prices\L4\EC2_g6xlarge_us-west-2.csv
2025-04-04,4477.725461789207,3845.225159966196,4899.191114330556,10,4.607329192546584,971.8700953760714,2024-04-04,L4,aws,L4,g6xlarge,us-west-2,0,C:\Users\FarhadBillimoria\OneDrive - Aurora Energy Research\Documents\Personal\Endog_demand_AI\pyai\data\original\prices\L4\EC2_g6xlarge_us-west-2.csv
2025-04-05,4445.029798162721,3864.5418326693225,4923.336955209465,11,4.573687182382835,971.8700953760714,2024-04-04,L4,aws,L4,g6xlarge,us-west-2,0,C:\Users\FarhadBillimoria\OneDrive - Aurora Energy Research\Documents\Personal\Endog_demand_AI\pyai\data\original\prices\L4\EC2_g6xlarge_us-west-2.csv
2025-04-06,4515.381998178086,3927.3210189544848,5030.785947120608,11,4.646075663466968,971.8700953760714,2024-04-04,L4,aws,L4,g6xlarge,us-west-2,0,C:\Users\FarhadBillimoria\OneDrive - Aurora Energy Research\Documents\Personal\Endog_demand_AI\pyai\data\original\prices\L4\EC2_g6xlarge_us-west-2.csv
2025-04-07,4568.9967403114815,3936.979355306048,5034.407823252444,12,4.701242236024846,971.8700953760714,2024-04-04,L4,aws,L4,g6xlarge,us-west-2,0,C:\Users\FarhadBillimoria\OneDrive - Aurora Energy Research\Documents\Personal\Endog_demand_AI\pyai\data\original\prices\L4\EC2_g6xlarge_us-west-2.csv
2025-04-08,4629.964988530725,3964.7470723167935,5005.432814197755,11,4.763975155279503,971.8700953760714,2024-04-04,L4,aws,L4,g6xlarge,us-west-2,0,C:\Users\FarhadBillimoria\OneDrive - Aurora Energy Research\Documents\Personal\Endog_demand_AI\pyai\data\original\prices\L4\EC2_g6xlarge_us-west-2.csv
2025-04-09,4621.916374904423,4048.050223349028,5058.553664131353,12,4.755693581780538,971.8700953760714,2024-04-04,L4,aws,L4,g6xlarge,us-west-2,0,C:\Users\FarhadBillimoria\OneDrive - Aurora Energy Research\Documents\Personal\Endog_demand_AI\pyai\data\original\prices\L4\EC2_g6xlarge_us-west-2.csv
2025-04-10,4589.136566680934,4084.2689846673907,5060.968248219244,11,4.721964991530209,971.8700953760714,2024-04-04,L4,aws,L4,g6xlarge,us-west-2,0,C:\Users\FarhadBillimoria\OneDrive - Aurora Energy Research\Documents\Personal\Endog_demand_AI\pyai\data\original\prices\L4\EC2_g6xlarge_us-west-2.csv
2025-04-11,4704.696366050947,4084.2689846673907,5095.979717493661,10,4.840869565217392,971.8700953760714,2024-04-04,L4,aws,L4,g6xlarge,us-west-2,0,C:\Users\FarhadBillimoria\OneDrive - Aurora Energy Research\Documents\Personal\Endog_demand_AI\pyai\data\original\prices\L4\EC2_g6xlarge_us-west-2.csv
2025-04-12,4689.122298684051,4132.560666425208,5151.515151515151,12,4.824844720496895,971.8700953760714,2024-04-04,L4,aws,L4,g6xlarge,us-west-2,0,C:\Users\FarhadBillimoria\OneDrive - Aurora Energy Research\Documents\Personal\Endog_demand_AI\pyai\data\original\prices\L4\EC2_g6xlarge_us-west-2.csv
2025-04-13,4666.08314217876,4156.706507304117,5145.478691295424,12,4.801138716356109,971.8700953760714,2024-04-04,L4,aws,L4,g6xlarge,us-west-2,0,C:\Users\FarhadBillimoria\OneDrive - Aurora Energy Research\Documents\Personal\Endog_demand_AI\pyai\data\original\prices\L4\EC2_g6xlarge_us-west-2.csv
2025-04-14,4660.797369960716,4121.6950380296985,5135.82035494386,13,4.795699952221692,971.8700953760714,2024-04-04,L4,aws,L4,g6xlarge,us-west-2,0,C:\Users\FarhadBillimoria\OneDrive - Aurora Energy Research\Documents\Personal\Endog_demand_AI\pyai\data\original\prices\L4\EC2_g6xlarge_us-west-2.csv
2025-04-15,4639.220894200974,4178.437764095134,5111.674514064952,9,4.773498964803313,971.8700953760714,2024-04-04,L4,aws,L4,g6xlarge,us-west-2,0,C:\Users\FarhadBillimoria\OneDrive - Aurora Energy Research\Documents\Personal\Endog_demand_AI\pyai\data\original\prices\L4\EC2_g6xlarge_us-west-2.csv
2025-04-16,4618.737172522033,4179.64505613908,5182.904744657732,10,4.752422360248447,971.8700953760714,2024-04-04,L4,aws,L4,g6xlarge,us-west-2,0,C:\Users\FarhadBillimoria\OneDrive - Aurora Energy Research\Documents\Personal\Endog_demand_AI\pyai\data\original\prices\L4\EC2_g6xlarge_us-west-2.csv
2025-04-17,4705.374306967932,4147.048170952554,5213.087045756369,13,4.841567128523651,971.8700953760714,2024-04-04,L4,aws,L4,g6xlarge,us-west-2,0,C:\Users\FarhadBillimoria\OneDrive - Aurora Energy Research\Documents\Personal\Endog_demand_AI\pyai\data\original\prices\L4\EC2_g6xlarge_us-west-2.csv
2025-04-18,4754.2232004383395,4149.462755040444,5319.328745623566,13,4.891829909221213,971.8700953760714,2024-04-04,L4,aws,L4,g6xlarge,us-west-2,0,C:\Users\FarhadBillimoria\OneDrive - Aurora Energy Research\Documents\Personal\Endog_demand_AI\pyai\data\original\prices\L4\EC2_g6xlarge_us-west-2.csv
2025-04-19,4737.962749552753,4213.449233369552,5384.522515996619,11,4.875098814229249,971.8700953760714,2024-04-04,L4,aws,L4,g6xlarge,us-west-2,0,C:\Users\FarhadBillimoria\OneDrive - Aurora Energy Research\Documents\Personal\Endog_demand_AI\pyai\data\original\prices\L4\EC2_g6xlarge_us-west-2.csv
2025-04-20,4859.629082736652,4299.166968489678,5605.456960038633,13,5.000286669851887,971.8700953760714,2024-04-04,L4,aws,L4,g6xlarge,us-west-2,0,C:\Users\FarhadBillimoria\OneDrive - Aurora Energy Research\Documents\Personal\Endog_demand_AI\pyai\data\original\prices\L4\EC2_g6xlarge_us-west-2.csv
2025-04-21,4981.40770252324,4438.005553543402,5705.662199686104,10,5.125590062111801,971.8700953760714,2024-04-04,L4,aws,L4,g6xlarge,us-west-2,0,C:\Users\FarhadBillimoria\OneDrive - Aurora Energy Research\Documents\Personal\Endog_demand_AI\pyai\data\original\prices\L4\EC2_g6xlarge_us-west-2.csv
2025-04-22,5060.503905125419,4448.871181938911,5944.706024387299,13,5.20697563306259,971.8700953760714,2024-04-04,L4,aws,L4,g6xlarge,us-west-2,0,C:\Users\FarhadBillimoria\OneDrive - Aurora Energy Research\Documents\Personal\Endog_demand_AI\pyai\data\original\prices\L4\EC2_g6xlarge_us-west-2.csv
2025-04-23,5149.10056742726,4487.504527345164,6056.984184474224,11,5.298136645962733,971.8700953760714,2024-04-04,L4,aws,L4,g6xlarge,us-west-2,0,C:\Users\FarhadBillimoria\OneDrive - Aurora Energy Research\Documents\Personal\Endog_demand_AI\pyai\data\original\prices\L4\EC2_g6xlarge_us-west-2.csv
2025-04-24,5020.825787758058,4504.406615960401,6111.312326451768,12,5.166149068322981,971.8700953760714,2024-04-04,L4,aws,L4,g6xlarge,us-west-2,0,C:\Users\FarhadBillimoria\OneDrive - Aurora Energy Research\Documents\Personal\Endog_demand_AI\pyai\data\original\prices\L4\EC2_g6xlarge_us-west-2.csv
2025-04-25,5343.803847969005,4501.99203187251,6228.419654714476,11,5.498475437605872,971.8700953760714,2024-04-04,L4,aws,L4,g6xlarge,us-west-2,0,C:\Users\FarhadBillimoria\OneDrive - Aurora Energy Research\Documents\Personal\Endog_demand_AI\pyai\data\original\prices\L4\EC2_g6xlarge_us-west-2.csv
2025-04-26,5259.403158715002,4477.846190993601,6277.918628516238,11,5.411631846414456,971.8700953760714,2024-04-04,L4,aws,L4,g6xlarge,us-west-2,0,C:\Users\FarhadBillimoria\OneDrive - Aurora Energy Research\Documents\Personal\Endog_demand_AI\pyai\data\original\prices\L4\EC2_g6xlarge_us-west-2.csv
2025-04-27,5305.324157913799,4416.2742967523845,6452.975974888325,10,5.45888198757764,971.8700953760714,2024-04-04,L4,aws,L4,g6xlarge,us-west-2,0,C:\Users\FarhadBillimoria\OneDrive - Aurora Energy Research\Documents\Personal\Endog_demand_AI\pyai\data\original\prices\L4\EC2_g6xlarge_us-west-2.csv
2025-04-28,5200.364044985558,4477.846190993601,6462.634311239888,13,5.350883898709985,971.8700953760714,2024-04-04,L4,aws,L4,g6xlarge,us-west-2,0,C:\Users\FarhadBillimoria\OneDrive - Aurora Energy Research\Documents\Personal\Endog_demand_AI\pyai\data\original\prices\L4\EC2_g6xlarge_us-west-2.csv
2025-04-29,5424.061330435832,4510.443076180128,6487.987444162743,12,5.581055900621118,971.8700953760714,2024-04-04,L4,aws,L4,g6xlarge,us-west-2,0,C:\Users\FarhadBillimoria\OneDrive - Aurora Energy Research\Documents\Personal\Endog_demand_AI\pyai\data\original\prices\L4\EC2_g6xlarge_us-west-2.csv
2025-04-30,5586.039679665178,4538.210793190873,6532.657249788724,12,5.747722567287785,971.8700953760714,2024-04-04,L4,aws,L4,g6xlarge,us-west-2,0,C:\Users\FarhadBillimoria\OneDrive - Aurora Energy Research\Documents\Personal\Endog_demand_AI\pyai\data\original\prices\L4\EC2_g6xlarge_us-west-2.csv
2025-05-01,5235.663406978148,4556.320173850054,6626.826029216468,10,5.3872049689441,971.8700953760714,2024-04-04,L4,aws,L4,g6xlarge,us-west-2,0,C:\Users\FarhadBillimoria\OneDrive - Aurora Energy Research\Documents\Personal\Endog_demand_AI\pyai\data\original\prices\L4\EC2_g6xlarge_us-west-2.csv
2025-05-02,5484.828363314419,4565.978510201618,6658.215622359048,12,5.643581780538303,971.8700953760714,2024-04-04,L4,aws,L4,g6xlarge,us-west-2,0,C:\Users\FarhadBillimoria\OneDrive - Aurora Energy Research\Documents\Personal\Endog_demand_AI\pyai\data\original\prices\L4\EC2_g6xlarge_us-west-2.csv
2025-05-03,5183.67302141297,4575.636846553181,6637.691657611976,11,5.333709768492377,971.8700953760714,2024-04-04,L4,aws,L4,g6xlarge,us-west-2,0,C:\Users\FarhadBillimoria\OneDrive - Aurora Energy Research\Documents\Personal\Endog_demand_AI\pyai\data\original\prices\L4\EC2_g6xlarge_us-west-2.csv
2025-05-04,5389.472413376795,4561.149342025836,6564.046842931304,10,5.545465838509316,971.8700953760714,2024-04-04,L4,aws,L4,g6xlarge,us-west-2,0,C:\Users\FarhadBillimoria\OneDrive - Aurora Energy Research\Documents\Personal\Endog_demand_AI\pyai\data\original\prices\L4\EC2_g6xlarge_us-west-2.csv
2025-05-05,5312.524008648601,4555.112881806109,6542.315586140287,11,5.466290231507623,971.8700953760714,2024-04-04,L4,aws,L4,g6xlarge,us-west-2,0,C:\Users\FarhadBillimoria\OneDrive - Aurora Energy Research\Documents\Personal\Endog_demand_AI\pyai\data\original\prices\L4\EC2_g6xlarge_us-west-2.csv
2025-05-06,5280.796007887641,4573.22226246529,6580.948931546541,12,5.4336438923395445,971.8700953760714,2024-04-04,L4,aws,L4,g6xlarge,us-west-2,0,C:\Users\FarhadBillimoria\OneDrive - Aurora Energy Research\Documents\Personal\Endog_demand_AI\pyai\data\original\prices\L4\EC2_g6xlarge_us-west-2.csv
2025-05-07,5321.340899030141,4610.648315827599,6502.474948690087,12,5.475362318840579,971.8700953760714,2024-04-04,L4,aws,L4,g6xlarge,us-west-2,0,C:\Users\FarhadBillimoria\OneDrive - Aurora Energy Research\Documents\Personal\Endog_demand_AI\pyai\data\original\prices\L4\EC2_g6xlarge_us-west-2.csv
2025-05-08,5376.181225511178,4632.379572618616,6503.682240734032,11,5.531789949181253,971.8700953760714,2024-04-04,L4,aws,L4,g6xlarge,us-west-2,0,C:\Users\FarhadBillimoria\OneDrive - Aurora Energy Research\Documents\Personal\Endog_demand_AI\pyai\data\original\prices\L4\EC2_g6xlarge_us-west-2.csv
2025-05-09,5314.741035856574,4691.536882771942,6483.158275986962,10,5.468571428571429,971.8700953760714,2024-04-04,L4,aws,L4,g6xlarge,us-west-2,0,C:\Users\FarhadBillimoria\OneDrive - Aurora Energy Research\Documents\Personal\Endog_demand_AI\pyai\data\original\prices\L4\EC2_g6xlarge_us-west-2.csv
2025-05-10,5153.326089581069,4701.195219123506,6397.440540866835,10,5.302484472049689,971.8700953760714,2024-04-04,L4,aws,L4,g6xlarge,us-west-2,0,C:\Users\FarhadBillimoria\OneDrive - Aurora Energy Research\Documents\Personal\Endog_demand_AI\pyai\data\original\prices\L4\EC2_g6xlarge_us-west-2.csv
2025-05-11,5342.388023662924,4737.413980441869,6416.757213569962,10,5.497018633540373,971.8700953760714,2024-04-04,L4,aws,L4,g6xlarge,us-west-2,0,C:\Users\FarhadBillimoria\OneDrive - Aurora Energy Research\Documents\Personal\Endog_demand_AI\pyai\data\original\prices\L4\EC2_g6xlarge_us-west-2.csv
2025-05-16,5464.203790897018,4706.024387299287,6222.383194494748,2,5.6223602484472055,971.8700953760714,2024-04-04,L4,aws,L4,g6xlarge,us-west-2,0,C:\Users\FarhadBillimoria\OneDrive - Aurora Energy Research\Documents\Personal\Endog_demand_AI\pyai\data\original\prices\L4\EC2_g6xlarge_us-west-2.csv
2025-05-17,5271.037063865749,4623.928528310998,6119.763370759387,14,5.42360248447205,971.8700953760714,2024-04-04,L4,aws,L4,g6xlarge,us-west-2,0,C:\Users\FarhadBillimoria\OneDrive - Aurora Energy Research\Documents\Personal\Endog_demand_AI\pyai\data\original\prices\L4\EC2_g6xlarge_us-west-2.csv
2025-05-18,5200.048291681758,4508.028492092237,5813.111191597247,10,5.350559006211181,971.8700953760714,2024-04-04,L4,aws,L4,g6xlarge,us-west-2,0,C:\Users\FarhadBillimoria\OneDrive - Aurora Energy Research\Documents\Personal\Endog_demand_AI\pyai\data\original\prices\L4\EC2_g6xlarge_us-west-2.csv
2025-05-19,4992.152601714354,4493.540987564891,5581.3111191597245,11,5.136645962732919,971.8700953760714,2024-04-04,L4,aws,L4,g6xlarge,us-west-2,0,C:\Users\FarhadBillimoria\OneDrive - Aurora Energy Research\Documents\Personal\Endog_demand_AI\pyai\data\original\prices\L4\EC2_g6xlarge_us-west-2.csv
2025-05-20,5018.626791535157,4499.577447784619,5452.130870457563,14,5.163886424134871,971.8700953760714,2024-04-04,L4,aws,L4,g6xlarge,us-west-2,0,C:\Users\FarhadBillimoria\OneDrive - Aurora Energy Research\Documents\Personal\Endog_demand_AI\pyai\data\original\prices\L4\EC2_g6xlarge_us-west-2.csv
2025-05-21,4979.058126468484,4498.370155740673,5330.1943740190745,13,5.123172479694219,971.8700953760714,2024-04-04,L4,aws,L4,g6xlarge,us-west-2,0,C:\Users\FarhadBillimoria\OneDrive - Aurora Energy Research\Documents\Personal\Endog_demand_AI\pyai\data\original\prices\L4\EC2_g6xlarge_us-west-2.csv
2025-05-22,4991.186768079198,4523.7232886635275,5350.718338766147,10,5.135652173913044,971.8700953760714,2024-04-04,L4,aws,L4,g6xlarge,us-west-2,0,C:\Users\FarhadBillimoria\OneDrive - Aurora Energy Research\Documents\Personal\Endog_demand_AI\pyai\data\original\prices\L4\EC2_g6xlarge_us-west-2.csv
2025-05-23,5165.063651119428,4558.734757937945,5399.010020523964,9,5.314561766735681,971.8700953760714,2024-04-04,L4,aws,L4,g6xlarge,us-west-2,0,C:\Users\FarhadBillimoria\OneDrive - Aurora Energy Research\Documents\Personal\Endog_demand_AI\pyai\data\original\prices\L4\EC2_g6xlarge_us-west-2.csv
2025-05-24,5048.44259326331,4563.563926113727,5417.119401183146,8,5.194565217391305,971.8700953760714,2024-04-04,L4,aws,L4,g6xlarge,us-west-2,0,C:\Users\FarhadBillimoria\OneDrive - Aurora Energy Research\Documents\Personal\Endog_demand_AI\pyai\data\original\prices\L4\EC2_g6xlarge_us-west-2.csv
2025-05-25,5243.118435349511,4613.06289991549,5412.290233007364,8,5.394875776397516,971.8700953760714,2024-04-04,L4,aws,L4,g6xlarge,us-west-2,0,C:\Users\FarhadBillimoria\OneDrive - Aurora Energy Research\Documents\Personal\Endog_demand_AI\pyai\data\original\prices\L4\EC2_g6xlarge_us-west-2.csv
2025-05-26,5033.200531208499,4489.919111433055,5275.866232041531,10,5.178881987577641,971.8700953760714,2024-04-04,L4,aws,L4,g6xlarge,us-west-2,0,C:\Users\FarhadBillimoria\OneDrive - Aurora Energy Research\Documents\Personal\Endog_demand_AI\pyai\data\original\prices\L4\EC2_g6xlarge_us-west-2.csv
2025-05-27,4967.040927200289,4492.333695520946,5298.804780876494,10,5.1108074534161485,971.8700953760714,2024-04-04,L4,aws,L4,g6xlarge,us-west-2,0,C:\Users\FarhadBillimoria\OneDrive - Aurora Energy Research\Documents\Personal\Endog_demand_AI\pyai\data\original\prices\L4\EC2_g6xlarge_us-west-2.csv
2025-05-28,4969.576240492575,4498.370155740673,5278.2808161294215,10,5.113416149068324,971.8700953760714,2024-04-04,L4,aws,L4,g6xlarge,us-west-2,0,C:\Users\FarhadBillimoria\OneDrive - Aurora Energy Research\Documents\Personal\Endog_demand_AI\pyai\data\original\prices\L4\EC2_g6xlarge_us-west-2.csv
2025-05-29,4969.938428105759,4499.577447784619,5289.14644452493,10,5.1137888198757775,971.8700953760714,2024-04-04,L4,aws,L4,g6xlarge,us-west-2,0,C:\Users\FarhadBillimoria\OneDrive - Aurora Energy Research\Documents\Personal\Endog_demand_AI\pyai\data\original\prices\L4\EC2_g6xlarge_us-west-2.csv
2025-05-30,4969.455511288181,4518.894120487746,5290.353736568875,10,5.113291925465839,971.8700953760714,2024-04-04,L4,aws,L4,g6xlarge,us-west-2,0,C:\Users\FarhadBillimoria\OneDrive - Aurora Energy Research\Documents\Personal\Endog_demand_AI\pyai\data\original\prices\L4\EC2_g6xlarge_us-west-2.csv
2025-05-31,4985.029578655076,4552.698297718218,5280.695400217312,10,5.129316770186335,971.8700953760714,2024-04-04,L4,aws,L4,g6xlarge,us-west-2,0,C:\Users\FarhadBillimoria\OneDrive - Aurora Energy Research\Documents\Personal\Endog_demand_AI\pyai\data\original\prices\L4\EC2_g6xlarge_us-west-2.csv
2025-06-01,5051.748927156388,4561.149342025836,5374.864179645056,11,5.197967250141163,971.8700953760714,2024-04-04,L4,aws,L4,g6xlarge,us-west-2,0,C:\Users\FarhadBillimoria\OneDrive - Aurora Energy Research\Documents\Personal\Endog_demand_AI\pyai\data\original\prices\L4\EC2_g6xlarge_us-west-2.csv
2025-06-02,5181.3956296028,4588.91705903658,5402.631896655801,4,5.331366459627329,971.8700953760714,2024-04-04,L4,aws,L4,g6xlarge,us-west-2,0,C:\Users\FarhadBillimoria\OneDrive - Aurora Energy Research\Documents\Personal\Endog_demand_AI\pyai\data\original\prices\L4\EC2_g6xlarge_us-west-2.csv
2025-06-03,5076.964867801521,4520.1014125316915,5378.4860557768925,12,5.2239130434782615,971.8700953760714,2024-04-04,L4,aws,L4,g6xlarge,us-west-2,0,C:\Users\FarhadBillimoria\OneDrive - Aurora Energy Research\Documents\Personal\Endog_demand_AI\pyai\data\original\prices\L4\EC2_g6xlarge_us-west-2.csv
2025-06-04,4942.049981890619,4534.588917059036,5347.096462634311,10,5.085093167701864,971.8700953760714,2024-04-04,L4,aws,L4,g6xlarge,us-west-2,0,C:\Users\FarhadBillimoria\OneDrive - Aurora Energy Research\Documents\Personal\Endog_demand_AI\pyai\data\original\prices\L4\EC2_g6xlarge_us-west-2.csv
2025-06-05,4967.128730258031,4498.370155740673,5345.889170590366,11,5.11089779785432,971.8700953760714,2024-04-04,L4,aws,L4,g6xlarge,us-west-2,0,C:\Users\FarhadBillimoria\OneDrive - Aurora Energy Research\Documents\Personal\Endog_demand_AI\pyai\data\original\prices\L4\EC2_g6xlarge_us-west-2.csv
2025-06-06,5075.4557527465895,4534.588917059036,5351.925630810093,13,5.222360248447205,971.8700953760714,2024-04-04,L4,aws,L4,g6xlarge,us-west-2,0,C:\Users\FarhadBillimoria\OneDrive - Aurora Energy Research\Documents\Personal\Endog_demand_AI\pyai\data\original\prices\L4\EC2_g6xlarge_us-west-2.csv
2025-06-07,5040.175996351295,4526.137872751418,5407.461064831583,9,5.186059351276743,971.8700953760714,2024-04-04,L4,aws,L4,g6xlarge,us-west-2,0,C:\Users\FarhadBillimoria\OneDrive - Aurora Energy Research\Documents\Personal\Endog_demand_AI\pyai\data\original\prices\L4\EC2_g6xlarge_us-west-2.csv
2025-06-08,5137.306252844101,4506.821200048292,5632.0173850054325,13,5.286000955566173,971.8700953760714,2024-04-04,L4,aws,L4,g6xlarge,us-west-2,0,C:\Users\FarhadBillimoria\OneDrive - Aurora Energy Research\Documents\Personal\Endog_demand_AI\pyai\data\original\prices\L4\EC2_g6xlarge_us-west-2.csv
2025-06-09,5145.881121976739,4543.039961366655,5776.892430278884,9,5.2948240165631475,971.8700953760714,2024-04-04,L4,aws,L4,g6xlarge,us-west-2,0,C:\Users\FarhadBillimoria\OneDrive - Aurora Energy Research\Documents\Personal\Endog_demand_AI\pyai\data\original\prices\L4\EC2_g6xlarge_us-west-2.csv
2025-06-10,5221.135659382671,4558.734757937945,6006.277918628516,12,5.372256728778468,971.8700953760714,2024-04-04,L4,aws,L4,g6xlarge,us-west-2,0,C:\Users\FarhadBillimoria\OneDrive - Aurora Energy Research\Documents\Personal\Endog_demand_AI\pyai\data\original\prices\L4\EC2_g6xlarge_us-west-2.csv
2025-06-11,4389.023990617616,989.9794760352529,6085.9591935289145,14,4.51606033717835,971.8700953760714,2024-04-04,L4,aws,L4,g6xlarge,us-west-2,0,C:\Users\FarhadBillimoria\OneDrive - Aurora Energy Research\Documents\Personal\Endog_demand_AI\pyai\data\original\prices\L4\EC2_g6xlarge_us-west-2.csv
2025-06-12,3801.848881530156,1050.3440782325242,6118.556078715441,14,3.9118899733806565,971.8700953760714,2024-04-04,L4,aws,L4,g6xlarge,us-west-2,0,C:\Users\FarhadBillimoria\OneDrive - Aurora Energy Research\Documents\Personal\Endog_demand_AI\pyai\data\original\prices\L4\EC2_g6xlarge_us-west-2.csv
2025-06-13,4392.2213244922405,1114.3305565616322,6098.032113968368,13,4.5193502150023885,971.8700953760714,2024-04-04,L4,aws,L4,g6xlarge,us-west-2,0,C:\Users\FarhadBillimoria\OneDrive - Aurora Energy Research\Documents\Personal\Endog_demand_AI\pyai\data\original\prices\L4\EC2_g6xlarge_us-west-2.csv
2025-06-14,4235.07988249024,1173.4878667149583,5976.09561752988,12,4.357660455486542,971.8700953760714,2024-04-04,L4,aws,L4,g6xlarge,us-west-2,0,C:\Users\FarhadBillimoria\OneDrive - Aurora Energy Research\Documents\Personal\Endog_demand_AI\pyai\data\original\prices\L4\EC2_g6xlarge_us-west-2.csv
2025-06-15,4035.105369766724,1221.7795484727756,5890.377882409754,18,4.151897860593513,971.8700953760714,2024-04-04,L4,aws,L4,g6xlarge,us-west-2,0,C:\Users\FarhadBillimoria\OneDrive - Aurora Energy Research\Documents\Personal\Endog_demand_AI\pyai\data\original\prices\L4\EC2_g6xlarge_us-west-2.csv
2025-06-16,4006.6573532708985,1320.7774960763008,5676.687190631414,14,4.1226264418811,971.8700953760714,2024-04-04,L4,aws,L4,g6xlarge,us-west-2,0,C:\Users\FarhadBillimoria\OneDrive - Aurora Energy Research\Documents\Personal\Endog_demand_AI\pyai\data\original\prices\L4\EC2_g6xlarge_us-west-2.csv
2025-06-17,4150.368224073403,1398.0441868888083,5645.297597488832,16,4.270496894409939,971.8700953760714,2024-04-04,L4,aws,L4,g6xlarge,us-west-2,0,C:\Users\FarhadBillimoria\OneDrive - Aurora Energy Research\Documents\Personal\Endog_demand_AI\pyai\data\original\prices\L4\EC2_g6xlarge_us-west-2.csv
2025-06-18,4031.91641148903,1478.9327538331522,5641.675721356996,11,4.148616600790514,971.8700953760714,2024-04-04,L4,aws,L4,g6xlarge,us-west-2,0,C:\Users\FarhadBillimoria\OneDrive - Aurora Energy Research\Documents\Personal\Endog_demand_AI\pyai\data\original\prices\L4\EC2_g6xlarge_us-west-2.csv
2025-06-19,4131.798166186927,1534.4681878546419,5609.07883617047,19,4.251389342922525,971.8700953760714,2024-04-04,L4,aws,L4,g6xlarge,us-west-2,0,C:\Users\FarhadBillimoria\OneDrive - Aurora Energy Research\Documents\Personal\Endog_demand_AI\pyai\data\original\prices\L4\EC2_g6xlarge_us-west-2.csv
2025-06-20,4084.4884923117443,1622.6005070626582,5454.545454545454,11,4.202710333145116,971.8700953760714,2024-04-04,L4,aws,L4,g6xlarge,us-west-2,0,C:\Users\FarhadBillimoria\OneDrive - Aurora Energy Research\Documents\Personal\Endog_demand_AI\pyai\data\original\prices\L4\EC2_g6xlarge_us-west-2.csv
2025-06-21,3908.9852710370633,1709.5255342267294,5310.877701315948,16,4.022127329192546,971.8700953760714,2024-04-04,L4,aws,L4,g6xlarge,us-west-2,0,C:\Users\FarhadBillimoria\OneDrive - Aurora Energy Research\Documents\Personal\Endog_demand_AI\pyai\data\original\prices\L4\EC2_g6xlarge_us-west-2.csv
2025-06-22,4190.993601352167,1825.4255704454906,5207.050585536641,15,4.312298136645963,971.8700953760714,2024-04-04,L4,aws,L4,g6xlarge,us-west-2,0,C:\Users\FarhadBillimoria\OneDrive - Aurora Energy Research\Documents\Personal\Endog_demand_AI\pyai\data\original\prices\L4\EC2_g6xlarge_us-west-2.csv
2025-06-23,4020.282506338283,1908.7287214777252,5029.578655076663,17,4.13664596273292,971.8700953760714,2024-04-04,L4,aws,L4,g6xlarge,us-west-2,0,C:\Users\FarhadBillimoria\OneDrive - Aurora Energy Research\Documents\Personal\Endog_demand_AI\pyai\data\original\prices\L4\EC2_g6xlarge_us-west-2.csv
2025-06-24,3955.008249828967,2013.7631293009779,4866.59422914403,15,4.069482401656315,971.8700953760714,2024-04-04,L4,aws,L4,g6xlarge,us-west-2,0,C:\Users\FarhadBillimoria\OneDrive - Aurora Energy Research\Documents\Personal\Endog_demand_AI\pyai\data\original\prices\L4\EC2_g6xlarge_us-west-2.csv
2025-06-25,3596.201054368385,2103.1027405529394,4833.997343957502,15,3.700289855072464,971.8700953760714,2024-04-04,L4,aws,L4,g6xlarge,us-west-2,0,C:\Users\FarhadBillimoria\OneDrive - Aurora Energy Research\Documents\Personal\Endog_demand_AI\pyai\data\original\prices\L4\EC2_g6xlarge_us-west-2.csv
2025-06-26,3999.6165072331,2303.513219847881,4794.156706507304,17,4.115381804895872,971.8700953760714,2024-04-04,L4,aws,L4,g6xlarge,us-west-2,0,C:\Users\FarhadBillimoria\OneDrive - Aurora Energy Research\Documents\Personal\Endog_demand_AI\pyai\data\original\prices\L4\EC2_g6xlarge_us-west-2.csv
2025-06-27,3859.7881202462872,2420.620548110588,4796.571290595194,16,3.9715062111801243,971.8700953760714,2024-04-04,L4,aws,L4,g6xlarge,us-west-2,0,C:\Users\FarhadBillimoria\OneDrive - Aurora Energy Research\Documents\Personal\Endog_demand_AI\pyai\data\original\prices\L4\EC2_g6xlarge_us-west-2.csv
2025-06-28,4085.0501736370024,2579.9830979113844,4841.241096221176,17,4.203288271830472,971.8700953760714,2024-04-04,L4,aws,L4,g6xlarge,us-west-2,0,C:\Users\FarhadBillimoria\OneDrive - Aurora Energy Research\Documents\Personal\Endog_demand_AI\pyai\data\original\prices\L4\EC2_g6xlarge_us-west-2.csv
2025-06-29,3888.515203256239,2552.21538090064,4797.77858263914,14,4.001064773735582,971.8700953760714,2024-04-04,L4,aws,L4,g6xlarge,us-west-2,0,C:\Users\FarhadBillimoria\OneDrive - Aurora Energy Research\Documents\Personal\Endog_demand_AI\pyai\data\original\prices\L4\EC2_g6xlarge_us-west-2.csv
2025-06-30,3937.9279419120057,2534.1060002414583,4803.815042858867,14,4.051907719609583,971.8700953760714,2024-04-04,L4,aws,L4,g6xlarge,us-west-2,0,C:\Users\FarhadBillimoria\OneDrive - Aurora Energy Research\Documents\Personal\Endog_demand_AI\pyai\data\original\prices\L4\EC2_g6xlarge_us-west-2.csv
2025-07-01,3914.2538580082523,2501.5091150549315,4889.532777978993,17,4.027548410668616,971.8700953760714,2024-04-04,L4,aws,L4,g6xlarge,us-west-2,0,C:\Users\FarhadBillimoria\OneDrive - Aurora Energy Research\Documents\Personal\Endog_demand_AI\pyai\data\original\prices\L4\EC2_g6xlarge_us-west-2.csv
2025-07-02,3875.500329683596,2534.1060002414583,4819.509839430158,13,3.9876731963688483,971.8700953760714,2024-04-04,L4,aws,L4,g6xlarge,us-west-2,0,C:\Users\FarhadBillimoria\OneDrive - Aurora Energy Research\Documents\Personal\Endog_demand_AI\pyai\data\original\prices\L4\EC2_g6xlarge_us-west-2.csv
2025-07-03,4035.373656887601,2542.557044549076,4825.546299649885,16,4.1521739130434785,971.8700953760714,2024-04-04,L4,aws,L4,g6xlarge,us-west-2,0,C:\Users\FarhadBillimoria\OneDrive - Aurora Energy Research\Documents\Personal\Endog_demand_AI\pyai\data\original\prices\L4\EC2_g6xlarge_us-west-2.csv
2025-07-04,4114.882461496008,2548.5935047688035,4824.3390076059395,14,4.233984028393967,971.8700953760714,2024-04-04,L4,aws,L4,g6xlarge,us-west-2,0,C:\Users\FarhadBillimoria\OneDrive - Aurora Energy Research\Documents\Personal\Endog_demand_AI\pyai\data\original\prices\L4\EC2_g6xlarge_us-west-2.csv
2025-07-05,4024.0653547426455,2588.4341422190028,4844.862972353012,15,4.140538302277433,971.8700953760714,2024-04-04,L4,aws,L4,g6xlarge,us-west-2,0,C:\Users\FarhadBillimoria\OneDrive - Aurora Energy Research\Documents\Personal\Endog_demand_AI\pyai\data\original\prices\L4\EC2_g6xlarge_us-west-2.csv
2025-07-06,4115.432210551732,2685.017505734637,5016.298442593263,16,4.2345496894409935,971.8700953760714,2024-04-04,L4,aws,L4,g6xlarge,us-west-2,0,C:\Users\FarhadBillimoria\OneDrive - Aurora Energy Research\Documents\Personal\Endog_demand_AI\pyai\data\original\prices\L4\EC2_g6xlarge_us-west-2.csv
2025-07-07,4014.246046118556,2742.9675238440177,5073.041168658699,15,4.130434782608696,971.8700953760714,2024-04-04,L4,aws,L4,g6xlarge,us-west-2,0,C:\Users\FarhadBillimoria\OneDrive - Aurora Energy Research\Documents\Personal\Endog_demand_AI\pyai\data\original\prices\L4\EC2_g6xlarge_us-west-2.csv
2025-07-08,4159.034856246011,2838.343595315707,5054.931787999517,14,4.27941437444543,971.8700953760714,2024-04-04,L4,aws,L4,g6xlarge,us-west-2,0,C:\Users\FarhadBillimoria\OneDrive - Aurora Energy Research\Documents\Personal\Endog_demand_AI\pyai\data\original\prices\L4\EC2_g6xlarge_us-west-2.csv
2025-07-09,4072.1031956091715,2928.890498611614,5034.407823252444,13,4.189966555183947,971.8700953760714,2024-04-04,L4,aws,L4,g6xlarge,us-west-2,0,C:\Users\FarhadBillimoria\OneDrive - Aurora Energy Research\Documents\Personal\Endog_demand_AI\pyai\data\original\prices\L4\EC2_g6xlarge_us-west-2.csv
2025-07-10,4316.82361463238,3149.824942653628,5013.883858505372,16,4.441770186335404,971.8700953760714,2024-04-04,L4,aws,L4,g6xlarge,us-west-2,0,C:\Users\FarhadBillimoria\OneDrive - Aurora Energy Research\Documents\Personal\Endog_demand_AI\pyai\data\original\prices\L4\EC2_g6xlarge_us-west-2.csv
2025-07-11,4094.3297517002698,3289.870819751298,4992.152601714354,12,4.212836438923396,971.8700953760714,2024-04-04,L4,aws,L4,g6xlarge,us-west-2,0,C:\Users\FarhadBillimoria\OneDrive - Aurora Energy Research\Documents\Personal\Endog_demand_AI\pyai\data\original\prices\L4\EC2_g6xlarge_us-west-2.csv
2025-07-12,4210.013094475245,3240.3718459495353,4935.409875648919,13,4.331868131868132,971.8700953760714,2024-04-04,L4,aws,L4,g6xlarge,us-west-2,0,C:\Users\FarhadBillimoria\OneDrive - Aurora Energy Research\Documents\Personal\Endog_demand_AI\pyai\data\original\prices\L4\EC2_g6xlarge_us-west-2.csv
2025-07-13,4251.478932753833,3231.920801641917,5007.847398285645,16,4.374534161490684,971.8700953760714,2024-04-04,L4,aws,L4,g6xlarge,us-west-2,0,C:\Users\FarhadBillimoria\OneDrive - Aurora Energy Research\Documents\Personal\Endog_demand_AI\pyai\data\original\prices\L4\EC2_g6xlarge_us-west-2.csv
2025-07-14,4353.817055012274,3259.688518652662,5011.469274417482,15,4.479834368530021,971.8700953760714,2024-04-04,L4,aws,L4,g6xlarge,us-west-2,0,C:\Users\FarhadBillimoria\OneDrive - Aurora Energy Research\Documents\Personal\Endog_demand_AI\pyai\data\original\prices\L4\EC2_g6xlarge_us-west-2.csv
2025-07-15,4199.890415029857,3304.3583242786426,5115.296390196789,13,4.321452460582895,971.8700953760714,2024-04-04,L4,aws,L4,g6xlarge,us-west-2,0,C:\Users\FarhadBillimoria\OneDrive - Aurora Energy Research\Documents\Personal\Endog_demand_AI\pyai\data\original\prices\L4\EC2_g6xlarge_us-west-2.csv
2025-07-16,4348.987886836492,3370.7593866956413,5162.38077991066,15,4.474865424430642,971.8700953760714,2024-04-04,L4,aws,L4,g6xlarge,us-west-2,0,C:\Users\FarhadBillimoria\OneDrive - Aurora Energy Research\Documents\Personal\Endog_demand_AI\pyai\data\original\prices\L4\EC2_g6xlarge_us-west-2.csv
2025-07-17,4448.526241354926,3550.6459012435103,5162.38077991066,14,4.577284826974268,971.8700953760714,2024-04-04,L4,aws,L4,g6xlarge,us-west-2,0,C:\Users\FarhadBillimoria\OneDrive - Aurora Energy Research\Documents\Personal\Endog_demand_AI\pyai\data\original\prices\L4\EC2_g6xlarge_us-west-2.csv
2025-07-18,4372.482521703818,3625.4980079681272,5180.4901605698415,11,4.499040090344438,971.8700953760714,2024-04-04,L4,aws,L4,g6xlarge,us-west-2,0,C:\Users\FarhadBillimoria\OneDrive - Aurora Energy Research\Documents\Personal\Endog_demand_AI\pyai\data\original\prices\L4\EC2_g6xlarge_us-west-2.csv
2025-07-19,4438.748502493522,3755.8855487142337,5216.708921888204,13,4.567224080267558,971.8700953760714,2024-04-04,L4,aws,L4,g6xlarge,us-west-2,0,C:\Users\FarhadBillimoria\OneDrive - Aurora Energy Research\Documents\Personal\Endog_demand_AI\pyai\data\original\prices\L4\EC2_g6xlarge_us-west-2.csv
2025-07-20,4549.295929230735,3915.2480985150305,5257.756851382349,11,4.680971202710333,971.8700953760714,2024-04-04,L4,aws,L4,g6xlarge,us-west-2,0,C:\Users\FarhadBillimoria\OneDrive - Aurora Energy Research\Documents\Personal\Endog_demand_AI\pyai\data\original\prices\L4\EC2_g6xlarge_us-west-2.csv
2025-07-21,4531.19340818544,4133.767958469153,5275.866232041531,16,4.662344720496894,971.8700953760714,2024-04-04,L4,aws,L4,g6xlarge,us-west-2,0,C:\Users\FarhadBillimoria\OneDrive - Aurora Energy Research\Documents\Personal\Endog_demand_AI\pyai\data\original\prices\L4\EC2_g6xlarge_us-west-2.csv
2025-07-22,4421.7071109501385,4118.073161897863,5216.708921888204,10,4.549689440993789,971.8700953760714,2024-04-04,L4,aws,L4,g6xlarge,us-west-2,0,C:\Users\FarhadBillimoria\OneDrive - Aurora Energy Research\Documents\Personal\Endog_demand_AI\pyai\data\original\prices\L4\EC2_g6xlarge_us-west-2.csv
2025-07-23,4542.761355510359,4081.8544005795,5215.501629844259,13,4.674247491638796,971.8700953760714,2024-04-04,L4,aws,L4,g6xlarge,us-west-2,0,C:\Users\FarhadBillimoria\OneDrive - Aurora Energy Research\Documents\Personal\Endog_demand_AI\pyai\data\original\prices\L4\EC2_g6xlarge_us-west-2.csv
2025-07-24,4624.696805066236,4115.658577809972,5283.109984305203,11,4.7585544889892715,971.8700953760714,2024-04-04,L4,aws,L4,g6xlarge,us-west-2,0,C:\Users\FarhadBillimoria\OneDrive - Aurora Energy Research\Documents\Personal\Endog_demand_AI\pyai\data\original\prices\L4\EC2_g6xlarge_us-west-2.csv
2025-07-25,4751.47538189488,4075.817940359773,5295.182904744657,17,4.8890025575447575,971.8700953760714,2024-04-04,L4,aws,L4,g6xlarge,us-west-2,0,C:\Users\FarhadBillimoria\OneDrive - Aurora Energy Research\Documents\Personal\Endog_demand_AI\pyai\data\original\prices\L4\EC2_g6xlarge_us-west-2.csv
2025-07-26,4768.448487689172,4063.7450199203186,5289.14644452493,17,4.906466934599927,971.8700953760714,2024-04-04,L4,aws,L4,g6xlarge,us-west-2,0,C:\Users\FarhadBillimoria\OneDrive - Aurora Energy Research\Documents\Personal\Endog_demand_AI\pyai\data\original\prices\L4\EC2_g6xlarge_us-west-2.csv
2025-07-27,4745.060163386856,4022.697090426174,5316.914161535676,12,4.8824016563147,971.8700953760714,2024-04-04,L4,aws,L4,g6xlarge,us-west-2,0,C:\Users\FarhadBillimoria\OneDrive - Aurora Energy Research\Documents\Personal\Endog_demand_AI\pyai\data\original\prices\L4\EC2_g6xlarge_us-west-2.csv
2025-07-28,4700.764043393525,4039.59917904141,5265.000603646022,14,4.836823425022183,971.8700953760714,2024-04-04,L4,aws,L4,g6xlarge,us-west-2,0,C:\Users\FarhadBillimoria\OneDrive - Aurora Energy Research\Documents\Personal\Endog_demand_AI\pyai\data\original\prices\L4\EC2_g6xlarge_us-west-2.csv
2025-07-29,4661.757012354622,4062.5377278763735,5254.134975250512,12,4.796687370600415,971.8700953760714,2024-04-04,L4,aws,L4,g6xlarge,us-west-2,0,C:\Users\FarhadBillimoria\OneDrive - Aurora Energy Research\Documents\Personal\Endog_demand_AI\pyai\data\original\prices\L4\EC2_g6xlarge_us-west-2.csv
2025-07-30,4660.791178719465,4028.733550645901,5314.499577447784,15,4.795693581780538,971.8700953760714,2024-04-04,L4,aws,L4,g6xlarge,us-west-2,0,C:\Users\FarhadBillimoria\OneDrive - Aurora Energy Research\Documents\Personal\Endog_demand_AI\pyai\data\original\prices\L4\EC2_g6xlarge_us-west-2.csv
2025-07-31,4703.178627481416,4031.1481347337917,5273.45164795364,14,4.839307897071872,971.8700953760714,2024-04-04,L4,aws,L4,g6xlarge,us-west-2,0,C:\Users\FarhadBillimoria\OneDrive - Aurora Energy Research\Documents\Personal\Endog_demand_AI\pyai\data\original\prices\L4\EC2_g6xlarge_us-west-2.csv
2025-08-01,4733.8631214890875,4017.867922250392,5315.70686949173,17,4.870880526123493,971.8700953760714,2024-04-04,L4,aws,L4,g6xlarge,us-west-2,0,C:\Users\FarhadBillimoria\OneDrive - Aurora Energy Research\Documents\Personal\Endog_demand_AI\pyai\data\original\prices\L4\EC2_g6xlarge_us-west-2.csv
2025-08-02,4754.959958147209,4060.123143788482,5258.964143426294,15,4.892587991718427,971.8700953760714,2024-04-04,L4,aws,L4,g6xlarge,us-west-2,0,C:\Users\FarhadBillimoria\OneDrive - Aurora Energy Research\Documents\Personal\Endog_demand_AI\pyai\data\original\prices\L4\EC2_g6xlarge_us-west-2.csv
2025-08-03,4858.646223188055,4272.6065435228775,5274.658939997586,12,4.99927536231884,971.8700953760714,2024-04-04,L4,aws,L4,g6xlarge,us-west-2,0,C:\Users\FarhadBillimoria\OneDrive - Aurora Energy Research\Documents\Personal\Endog_demand_AI\pyai\data\original\prices\L4\EC2_g6xlarge_us-west-2.csv
2025-08-04,4983.218640589158,4491.126403477001,5373.656887601111,15,5.127453416149068,971.8700953760714,2024-04-04,L4,aws,L4,g6xlarge,us-west-2,0,C:\Users\FarhadBillimoria\OneDrive - Aurora Energy Research\Documents\Personal\Endog_demand_AI\pyai\data\original\prices\L4\EC2_g6xlarge_us-west-2.csv
2025-08-05,5052.020083658236,4599.78268743209,5420.741277314983,17,5.198246255023748,971.8700953760714,2024-04-04,L4,aws,L4,g6xlarge,us-west-2,0,C:\Users\FarhadBillimoria\OneDrive - Aurora Energy Research\Documents\Personal\Endog_demand_AI\pyai\data\original\prices\L4\EC2_g6xlarge_us-west-2.csv
2025-08-06,5024.891521258993,4646.867077145962,5414.704817095255,17,5.170332480818415,971.8700953760714,2024-04-04,L4,aws,L4,g6xlarge,us-west-2,0,C:\Users\FarhadBillimoria\OneDrive - Aurora Energy Research\Documents\Personal\Endog_demand_AI\pyai\data\original\prices\L4\EC2_g6xlarge_us-west-2.csv
2025-08-07,5074.650891383959,4673.4275021127605,5391.766268260292,18,5.221532091097309,971.8700953760714,2024-04-04,L4,aws,L4,g6xlarge,us-west-2,0,C:\Users\FarhadBillimoria\OneDrive - Aurora Energy Research\Documents\Personal\Endog_demand_AI\pyai\data\original\prices\L4\EC2_g6xlarge_us-west-2.csv
2025-08-08,5070.626584570808,4687.915006640105,5395.388144392128,13,5.217391304347826,971.8700953760714,2024-04-04,L4,aws,L4,g6xlarge,us-west-2,0,C:\Users\FarhadBillimoria\OneDrive - Aurora Energy Research\Documents\Personal\Endog_demand_AI\pyai\data\original\prices\L4\EC2_g6xlarge_us-west-2.csv
2025-08-09,5110.294751729015,4718.097307738742,5502.837136303271,14,5.258207630878439,971.8700953760714,2024-04-04,L4,aws,L4,g6xlarge,us-west-2,0,C:\Users\FarhadBillimoria\OneDrive - Aurora Energy Research\Documents\Personal\Endog_demand_AI\pyai\data\original\prices\L4\EC2_g6xlarge_us-west-2.csv
2025-08-10,5168.79451889412,4662.561873717252,5471.44754316069,16,5.318400621118013,971.8700953760714,2024-04-04,L4,aws,L4,g6xlarge,us-west-2,0,C:\Users\FarhadBillimoria\OneDrive - Aurora Energy Research\Documents\Personal\Endog_demand_AI\pyai\data\original\prices\L4\EC2_g6xlarge_us-west-2.csv
2025-08-11,5207.395526120626,4534.588917059036,5641.675721356996,14,5.358118899733807,971.8700953760714,2024-04-04,L4,aws,L4,g6xlarge,us-west-2,0,C:\Users\FarhadBillimoria\OneDrive - Aurora Energy Research\Documents\Personal\Endog_demand_AI\pyai\data\original\prices\L4\EC2_g6xlarge_us-west-2.csv
2025-08-12,5111.11111111111,4540.625377278763,5839.671616564046,15,5.259047619047619,971.8700953760714,2024-04-04,L4,aws,L4,g6xlarge,us-west-2,0,C:\Users\FarhadBillimoria\OneDrive - Aurora Energy Research\Documents\Personal\Endog_demand_AI\pyai\data\original\prices\L4\EC2_g6xlarge_us-west-2.csv
2025-08-13,5176.40394134418,4549.076421586382,6188.5790172642755,13,5.326230291447683,971.8700953760714,2024-04-04,L4,aws,L4,g6xlarge,us-west-2,0,C:\Users\FarhadBillimoria\OneDrive - Aurora Energy Research\Documents\Personal\Endog_demand_AI\pyai\data\original\prices\L4\EC2_g6xlarge_us-west-2.csv
2025-08-14,5328.814611683137,4611.855607871544,6457.805143064107,14,5.483052351375332,971.8700953760714,2024-04-04,L4,aws,L4,g6xlarge,us-west-2,0,C:\Users\FarhadBillimoria\OneDrive - Aurora Energy Research\Documents\Personal\Endog_demand_AI\pyai\data\original\prices\L4\EC2_g6xlarge_us-west-2.csv
2025-08-15,5301.460823373173,4590.124351080526,6582.156223590487,15,5.454906832298136,971.8700953760714,2024-04-04,L4,aws,L4,g6xlarge,us-west-2,0,C:\Users\FarhadBillimoria\OneDrive - Aurora Energy Research\Documents\Personal\Endog_demand_AI\pyai\data\original\prices\L4\EC2_g6xlarge_us-west-2.csv
2025-08-16,5217.513783250834,4592.538935168417,6757.213569962573,15,5.3685300207039335,971.8700953760714,2024-04-04,L4,aws,L4,g6xlarge,us-west-2,0,C:\Users\FarhadBillimoria\OneDrive - Aurora Energy Research\Documents\Personal\Endog_demand_AI\pyai\data\original\prices\L4\EC2_g6xlarge_us-west-2.csv
2025-08-17,5479.122471154343,4600.989979476035,7254.61789206809,14,5.6377107364685,971.8700953760714,2024-04-04,L4,aws,L4,g6xlarge,us-west-2,0,C:\Users\FarhadBillimoria\OneDrive - Aurora Energy Research\Documents\Personal\Endog_demand_AI\pyai\data\original\prices\L4\EC2_g6xlarge_us-west-2.csv
2025-08-18,5551.279729566582,4570.8076783773995,7261.861644331764,16,5.711956521739131,971.8700953760714,2024-04-04,L4,aws,L4,g6xlarge,us-west-2,0,C:\Users\FarhadBillimoria\OneDrive - Aurora Energy Research\Documents\Personal\Endog_demand_AI\pyai\data\original\prices\L4\EC2_g6xlarge_us-west-2.csv
2025-08-19,5249.230351321985,4578.051430641071,7184.594953519256,16,5.401164596273293,971.8700953760714,2024-04-04,L4,aws,L4,g6xlarge,us-west-2,0,C:\Users\FarhadBillimoria\OneDrive - Aurora Energy Research\Documents\Personal\Endog_demand_AI\pyai\data\original\prices\L4\EC2_g6xlarge_us-west-2.csv
2025-08-20,5330.516318564127,4651.696245321743,7202.704334178437,15,5.484803312629399,971.8700953760714,2024-04-04,L4,aws,L4,g6xlarge,us-west-2,0,C:\Users\FarhadBillimoria\OneDrive - Aurora Energy Research\Documents\Personal\Endog_demand_AI\pyai\data\original\prices\L4\EC2_g6xlarge_us-west-2.csv
2025-08-21,5592.629482071713,4626.3431123988885,7225.642883013401,16,5.754503105590063,971.8700953760714,2024-04-04,L4,aws,L4,g6xlarge,us-west-2,0,C:\Users\FarhadBillimoria\OneDrive - Aurora Energy Research\Documents\Personal\Endog_demand_AI\pyai\data\original\prices\L4\EC2_g6xlarge_us-west-2.csv
2025-08-22,5420.051396147013,4539.418085234818,7191.838705782929,14,5.576929902395741,971.8700953760714,2024-04-04,L4,aws,L4,g6xlarge,us-west-2,0,C:\Users\FarhadBillimoria\OneDrive - Aurora Energy Research\Documents\Personal\Endog_demand_AI\pyai\data\original\prices\L4\EC2_g6xlarge_us-west-2.csv
2025-08-23,5495.35192563081,4563.563926113727,7273.934564771218,15,5.654409937888199,971.8700953760714,2024-04-04,L4,aws,L4,g6xlarge,us-west-2,0,C:\Users\FarhadBillimoria\OneDrive - Aurora Energy Research\Documents\Personal\Endog_demand_AI\pyai\data\original\prices\L4\EC2_g6xlarge_us-west-2.csv
2025-08-24,5565.938267133486,4632.379572618616,7526.258601955812,15,5.72703933747412,971.8700953760714,2024-04-04,L4,aws,L4,g6xlarge,us-west-2,0,C:\Users\FarhadBillimoria\OneDrive - Aurora Energy Research\Documents\Personal\Endog_demand_AI\pyai\data\original\prices\L4\EC2_g6xlarge_us-west-2.csv
2025-08-25,5569.4239359578005,4646.867077145962,7515.392973560304,13,5.730625895843287,971.8700953760714,2024-04-04,L4,aws,L4,g6xlarge,us-west-2,0,C:\Users\FarhadBillimoria\OneDrive - Aurora Energy Research\Documents\Personal\Endog_demand_AI\pyai\data\original\prices\L4\EC2_g6xlarge_us-west-2.csv
2025-08-26,5641.434262948207,4640.830616926234,7591.452372328867,15,5.804720496894411,971.8700953760714,2024-04-04,L4,aws,L4,g6xlarge,us-west-2,0,C:\Users\FarhadBillimoria\OneDrive - Aurora Energy Research\Documents\Personal\Endog_demand_AI\pyai\data\original\prices\L4\EC2_g6xlarge_us-west-2.csv
2025-08-27,5685.224470085028,4638.416032838343,7587.830496197029,14,5.849778172138421,971.8700953760714,2024-04-04,L4,aws,L4,g6xlarge,us-west-2,0,C:\Users\FarhadBillimoria\OneDrive - Aurora Energy Research\Documents\Personal\Endog_demand_AI\pyai\data\original\prices\L4\EC2_g6xlarge_us-west-2.csv
2025-08-28,5854.159121091392,4642.03790897018,7609.561752988047,18,6.02360248447205,971.8700953760714,2024-04-04,L4,aws,L4,g6xlarge,us-west-2,0,C:\Users\FarhadBillimoria\OneDrive - Aurora Energy Research\Documents\Personal\Endog_demand_AI\pyai\data\original\prices\L4\EC2_g6xlarge_us-west-2.csv
2025-08-29,5597.218967268182,4649.281661233852,7630.08571773512,17,5.759225429302155,971.8700953760714,2024-04-04,L4,aws,L4,g6xlarge,us-west-2,0,C:\Users\FarhadBillimoria\OneDrive - Aurora Energy Research\Documents\Personal\Endog_demand_AI\pyai\data\original\prices\L4\EC2_g6xlarge_us-west-2.csv
2025-08-30,5588.647740042162,4669.805625980925,7662.682602921647,13,5.750406115623507,971.8700953760714,2024-04-04,L4,aws,L4,g6xlarge,us-west-2,0,C:\Users\FarhadBillimoria\OneDrive - Aurora Energy Research\Documents\Personal\Endog_demand_AI\pyai\data\original\prices\L4\EC2_g6xlarge_us-west-2.csv
2025-08-31,5527.360255945913,4715.682723650851,7636.122177954846,16,5.6873447204968945,971.8700953760714,2024-04-04,L4,aws,L4,g6xlarge,us-west-2,0,C:\Users\FarhadBillimoria\OneDrive - Aurora Energy Research\Documents\Personal\Endog_demand_AI\pyai\data\original\prices\L4\EC2_g6xlarge_us-west-2.csv
2025-09-01,5801.199243430319,4760.352529276832,7758.0586743933345,15,5.969109730848862,971.8700953760714,2024-04-04,L4,aws,L4,g6xlarge,us-west-2,0,C:\Users\FarhadBillimoria\OneDrive - Aurora Energy Research\Documents\Personal\Endog_demand_AI\pyai\data\original\prices\L4\EC2_g6xlarge_us-west-2.csv
2025-09-02,5967.946396233248,4771.218157672341,7735.120125558373,12,6.140683229813664,971.8700953760714,2024-04-04,L4,aws,L4,g6xlarge,us-west-2,0,C:\Users\FarhadBillimoria\OneDrive - Aurora Energy Research\Documents\Personal\Endog_demand_AI\pyai\data\original\prices\L4\EC2_g6xlarge_us-west-2.csv
2025-09-03,5522.508894901676,4726.5483520463595,7745.985753953881,17,5.682352941176471,971.8700953760714,2024-04-04,L4,aws,L4,g6xlarge,us-west-2,0,C:\Users\FarhadBillimoria\OneDrive - Aurora Energy Research\Documents\Personal\Endog_demand_AI\pyai\data\original\prices\L4\EC2_g6xlarge_us-west-2.csv
2025-09-04,5727.910867353098,4581.673306772908,7745.985753953881,14,5.893700088731145,971.8700953760714,2024-04-04,L4,aws,L4,g6xlarge,us-west-2,0,C:\Users\FarhadBillimoria\OneDrive - Aurora Energy Research\Documents\Personal\Endog_demand_AI\pyai\data\original\prices\L4\EC2_g6xlarge_us-west-2.csv
2025-09-05,5738.776495748607,4480.260775081491,7770.131594832789,14,5.9048802129547475,971.8700953760714,2024-04-04,L4,aws,L4,g6xlarge,us-west-2,0,C:\Users\FarhadBillimoria\OneDrive - Aurora Energy Research\Documents\Personal\Endog_demand_AI\pyai\data\original\prices\L4\EC2_g6xlarge_us-west-2.csv
2025-09-06,5312.774874527863,4440.420137631293,7735.120125558373,14,5.466548358473825,971.8700953760714,2024-04-04,L4,aws,L4,g6xlarge,us-west-2,0,C:\Users\FarhadBillimoria\OneDrive - Aurora Energy Research\Documents\Personal\Endog_demand_AI\pyai\data\original\prices\L4\EC2_g6xlarge_us-west-2.csv
2025-09-07,5496.45573549956,4418.688880840275,7736.327417602318,14,5.655545696539486,971.8700953760714,2024-04-04,L4,aws,L4,g6xlarge,us-west-2,0,C:\Users\FarhadBillimoria\OneDrive - Aurora Energy Research\Documents\Personal\Endog_demand_AI\pyai\data\original\prices\L4\EC2_g6xlarge_us-west-2.csv
2025-09-08,5341.220974687109,4406.615960400821,7492.454424725341,15,5.495817805383022,971.8700953760714,2024-04-04,L4,aws,L4,g6xlarge,us-west-2,0,C:\Users\FarhadBillimoria\OneDrive - Aurora Energy Research\Documents\Personal\Endog_demand_AI\pyai\data\original\prices\L4\EC2_g6xlarge_us-west-2.csv
2025-09-09,5508.18371535503,4312.447180973078,7475.552336110104,14,5.667613132209405,971.8700953760714,2024-04-04,L4,aws,L4,g6xlarge,us-west-2,0,C:\Users\FarhadBillimoria\OneDrive - Aurora Energy Research\Documents\Personal\Endog_demand_AI\pyai\data\original\prices\L4\EC2_g6xlarge_us-west-2.csv
2025-09-10,5462.008714453481,4261.740915127369,7333.091874924545,11,5.620101637492942,971.8700953760714,2024-04-04,L4,aws,L4,g6xlarge,us-west-2,0,C:\Users\FarhadBillimoria\OneDrive - Aurora Energy Research\Documents\Personal\Endog_demand_AI\pyai\data\original\prices\L4\EC2_g6xlarge_us-west-2.csv
2025-09-11,5239.722926475914,4294.337800313896,7266.690812507545,16,5.39138198757764,971.8700953760714,2024-04-04,L4,aws,L4,g6xlarge,us-west-2,0,C:\Users\FarhadBillimoria\OneDrive - Aurora Energy Research\Documents\Personal\Endog_demand_AI\pyai\data\original\prices\L4\EC2_g6xlarge_us-west-2.csv
2025-09-12,5471.9446634140795,4310.032596885186,7288.422069298563,17,5.63032517354768,971.8700953760714,2024-04-04,L4,aws,L4,g6xlarge,us-west-2,0,C:\Users\FarhadBillimoria\OneDrive - Aurora Energy Research\Documents\Personal\Endog_demand_AI\pyai\data\original\prices\L4\EC2_g6xlarge_us-west-2.csv
2025-09-13,5356.115644374374,4386.091995653748,7313.775202221417,17,5.511143587869931,971.8700953760714,2024-04-04,L4,aws,L4,g6xlarge,us-west-2,0,C:\Users\FarhadBillimoria\OneDrive - Aurora Energy Research\Documents\Personal\Endog_demand_AI\pyai\data\original\prices\L4\EC2_g6xlarge_us-west-2.csv
2025-09-14,5564.248058271962,4428.347217191838,7208.740794398164,15,5.725300207039337,971.8700953760714,2024-04-04,L4,aws,L4,g6xlarge,us-west-2,0,C:\Users\FarhadBillimoria\OneDrive - Aurora Energy Research\Documents\Personal\Endog_demand_AI\pyai\data\original\prices\L4\EC2_g6xlarge_us-west-2.csv
2025-09-15,5429.935270572721,4521.3087045756365,7240.130387540746,13,5.587099856665074,971.8700953760714,2024-04-04,L4,aws,L4,g6xlarge,us-west-2,0,C:\Users\FarhadBillimoria\OneDrive - Aurora Energy Research\Documents\Personal\Endog_demand_AI\pyai\data\original\prices\L4\EC2_g6xlarge_us-west-2.csv
2025-09-16,5523.813835566823,4509.235784136183,7237.715803452856,16,5.683695652173913,971.8700953760714,2024-04-04,L4,aws,L4,g6xlarge,us-west-2,0,C:\Users\FarhadBillimoria\OneDrive - Aurora Energy Research\Documents\Personal\Endog_demand_AI\pyai\data\original\prices\L4\EC2_g6xlarge_us-west-2.csv
2025-09-17,5391.162622238319,4520.1014125316915,7224.435590969456,16,5.5472049689441,971.8700953760714,2024-04-04,L4,aws,L4,g6xlarge,us-west-2,0,C:\Users\FarhadBillimoria\OneDrive - Aurora Energy Research\Documents\Personal\Endog_demand_AI\pyai\data\original\prices\L4\EC2_g6xlarge_us-west-2.csv
2025-09-18,5329.822899544015,4534.588917059036,7275.141856815163,13,5.484089823220258,971.8700953760714,2024-04-04,L4,aws,L4,g6xlarge,us-west-2,0,C:\Users\FarhadBillimoria\OneDrive - Aurora Energy Research\Documents\Personal\Endog_demand_AI\pyai\data\original\prices\L4\EC2_g6xlarge_us-west-2.csv
2025-09-19,5480.157292906297,4530.9670409272,7247.374139804418,14,5.638775510204082,971.8700953760714,2024-04-04,L4,aws,L4,g6xlarge,us-west-2,0,C:\Users\FarhadBillimoria\OneDrive - Aurora Energy Research\Documents\Personal\Endog_demand_AI\pyai\data\original\prices\L4\EC2_g6xlarge_us-west-2.csv
2025-09-20,5197.6763179013,4470.6024387299285,7267.89810455149,17,5.348118377785896,971.8700953760714,2024-04-04,L4,aws,L4,g6xlarge,us-west-2,0,C:\Users\FarhadBillimoria\OneDrive - Aurora Energy Research\Documents\Personal\Endog_demand_AI\pyai\data\original\prices\L4\EC2_g6xlarge_us-west-2.csv
2025-09-21,5560.929188770763,4486.297235301219,7552.8190269226125,17,5.72188527584947,971.8700953760714,2024-04-04,L4,aws,L4,g6xlarge,us-west-2,0,C:\Users\FarhadBillimoria\OneDrive - Aurora Energy Research\Documents\Personal\Endog_demand_AI\pyai\data\original\prices\L4\EC2_g6xlarge_us-west-2.csv
2025-09-22,5566.545008776085,4474.2243148617645,7528.673186043704,13,5.72766364070712,971.8700953760714,2024-04-04,L4,aws,L4,g6xlarge,us-west-2,0,C:\Users\FarhadBillimoria\OneDrive - Aurora Energy Research\Documents\Personal\Endog_demand_AI\pyai\data\original\prices\L4\EC2_g6xlarge_us-west-2.csv
2025-09-23,5309.239233542022,4518.894120487746,7512.978389472412,14,5.462910381543922,971.8700953760714,2024-04-04,L4,aws,L4,g6xlarge,us-west-2,0,C:\Users\FarhadBillimoria\OneDrive - Aurora Energy Research\Documents\Personal\Endog_demand_AI\pyai\data\original\prices\L4\EC2_g6xlarge_us-west-2.csv
2025-09-24,5277.556440903054,4529.759748883254,7498.490884945068,15,5.4303105590062115,971.8700953760714,2024-04-04,L4,aws,L4,g6xlarge,us-west-2,0,C:\Users\FarhadBillimoria\OneDrive - Aurora Energy Research\Documents\Personal\Endog_demand_AI\pyai\data\original\prices\L4\EC2_g6xlarge_us-west-2.csv
2025-09-25,5571.049136786188,4546.66183749849,7527.465893999759,16,5.732298136645962,971.8700953760714,2024-04-04,L4,aws,L4,g6xlarge,us-west-2,0,C:\Users\FarhadBillimoria\OneDrive - Aurora Energy Research\Documents\Personal\Endog_demand_AI\pyai\data\original\prices\L4\EC2_g6xlarge_us-west-2.csv
2025-09-26,5256.808264776392,4522.5159966195815,7440.540866835687,14,5.408961845607808,971.8700953760714,2024-04-04,L4,aws,L4,g6xlarge,us-west-2,0,C:\Users\FarhadBillimoria\OneDrive - Aurora Energy Research\Documents\Personal\Endog_demand_AI\pyai\data\original\prices\L4\EC2_g6xlarge_us-west-2.csv
2025-09-27,5297.668506011604,4511.650368224073,7435.711698659906,17,5.4510047497259775,971.8700953760714,2024-04-04,L4,aws,L4,g6xlarge,us-west-2,0,C:\Users\FarhadBillimoria\OneDrive - Aurora Energy Research\Documents\Personal\Endog_demand_AI\pyai\data\original\prices\L4\EC2_g6xlarge_us-west-2.csv
2025-09-28,4923.578413618254,4526.137872751418,7337.921043100326,10,5.0660869565217395,971.8700953760714,2024-04-04,L4,aws,L4,g6xlarge,us-west-2,0,C:\Users\FarhadBillimoria\OneDrive - Aurora Energy Research\Documents\Personal\Endog_demand_AI\pyai\data\original\prices\L4\EC2_g6xlarge_us-west-2.csv
2025-09-29,5512.817417199887,4487.504527345164,7299.287697694072,15,5.672380952380952,971.8700953760714,2024-04-04,L4,aws,L4,g6xlarge,us-west-2,0,C:\Users\FarhadBillimoria\OneDrive - Aurora Energy Research\Documents\Personal\Endog_demand_AI\pyai\data\original\prices\L4\EC2_g6xlarge_us-west-2.csv
2025-09-30,5320.938468348827,4509.235784136183,7226.850175057346,15,5.474948240165632,971.8700953760714,2024-04-04,L4,aws,L4,g6xlarge,us-west-2,0,C:\Users\FarhadBillimoria\OneDrive - Aurora Energy Research\Documents\Personal\Endog_demand_AI\pyai\data\original\prices\L4\EC2_g6xlarge_us-west-2.csv
2025-10-01,5371.61377798828,4534.588917059036,7005.915731015332,13,5.527090301003345,971.8700953760714,2024-04-04,L4,aws,L4,g6xlarge,us-west-2,0,C:\Users\FarhadBillimoria\OneDrive - Aurora Energy Research\Documents\Personal\Endog_demand_AI\pyai\data\original\prices\L4\EC2_g6xlarge_us-west-2.csv
2025-10-02,5159.037509635119,4495.955571652783,6789.810455149101,13,5.308361204013378,971.8700953760714,2024-04-04,L4,aws,L4,g6xlarge,us-west-2,0,C:\Users\FarhadBillimoria\OneDrive - Aurora Energy Research\Documents\Personal\Endog_demand_AI\pyai\data\original\prices\L4\EC2_g6xlarge_us-west-2.csv
2025-10-03,5109.538535833357,4372.8117831703485,6704.092720028975,13,5.257429526994745,971.8700953760714,2024-04-04,L4,aws,L4,g6xlarge,us-west-2,0,C:\Users\FarhadBillimoria\OneDrive - Aurora Energy Research\Documents\Personal\Endog_demand_AI\pyai\data\original\prices\L4\EC2_g6xlarge_us-west-2.csv
2025-10-04,5203.256239112813,4392.128455873476,6603.887480381504,14,5.353859804791482,971.8700953760714,2024-04-04,L4,aws,L4,g6xlarge,us-west-2,0,C:\Users\FarhadBillimoria\OneDrive - Aurora Energy Research\Documents\Personal\Endog_demand_AI\pyai\data\original\prices\L4\EC2_g6xlarge_us-west-2.csv
2025-10-05,5077.007985374519,4469.395146685983,6497.645780514306,14,5.223957409050577,971.8700953760714,2024-04-04,L4,aws,L4,g6xlarge,us-west-2,0,C:\Users\FarhadBillimoria\OneDrive - Aurora Energy Research\Documents\Personal\Endog_demand_AI\pyai\data\original\prices\L4\EC2_g6xlarge_us-west-2.csv
2025-10-06,5212.332488228903,4585.295182904745,6522.99891343716,16,5.363198757763976,971.8700953760714,2024-04-04,L4,aws,L4,g6xlarge,us-west-2,0,C:\Users\FarhadBillimoria\OneDrive - Aurora Energy Research\Documents\Personal\Endog_demand_AI\pyai\data\original\prices\L4\EC2_g6xlarge_us-west-2.csv
2025-10-07,5363.2439937220815,4580.466014728963,6403.477001086562,16,5.518478260869566,971.8700953760714,2024-04-04,L4,aws,L4,g6xlarge,us-west-2,0,C:\Users\FarhadBillimoria\OneDrive - Aurora Energy Research\Documents\Personal\Endog_demand_AI\pyai\data\original\prices\L4\EC2_g6xlarge_us-west-2.csv
2025-10-08,5333.557544712923,4683.085838464324,6454.18326693227,14,5.48793256433008,971.8700953760714,2024-04-04,L4,aws,L4,g6xlarge,us-west-2,0,C:\Users\FarhadBillimoria\OneDrive - Aurora Energy Research\Documents\Personal\Endog_demand_AI\pyai\data\original\prices\L4\EC2_g6xlarge_us-west-2.csv
2025-10-09,5383.754239241382,4792.949414463359,6617.167692864904,11,5.539582156973462,971.8700953760714,2024-04-04,L4,aws,L4,g6xlarge,us-west-2,0,C:\Users\FarhadBillimoria\OneDrive - Aurora Energy Research\Documents\Personal\Endog_demand_AI\pyai\data\original\prices\L4\EC2_g6xlarge_us-west-2.csv
2025-10-10,5395.733084976113,4907.642158638174,6722.202100688156,14,5.551907719609583,971.8700953760714,2024-04-04,L4,aws,L4,g6xlarge,us-west-2,0,C:\Users\FarhadBillimoria\OneDrive - Aurora Energy Research\Documents\Personal\Endog_demand_AI\pyai\data\original\prices\L4\EC2_g6xlarge_us-west-2.csv
2025-10-11,5627.188216829651,4893.154654110829,6968.489677653024,14,5.790062111801242,971.8700953760714,2024-04-04,L4,aws,L4,g6xlarge,us-west-2,0,C:\Users\FarhadBillimoria\OneDrive - Aurora Energy Research\Documents\Personal\Endog_demand_AI\pyai\data\original\prices\L4\EC2_g6xlarge_us-west-2.csv
2025-10-12,5458.074462058526,5040.444283472171,6845.3458891705895,13,5.616053511705686,971.8700953760714,2024-04-04,L4,aws,L4,g6xlarge,us-west-2,0,C:\Users\FarhadBillimoria\OneDrive - Aurora Energy Research\Documents\Personal\Endog_demand_AI\pyai\data\original\prices\L4\EC2_g6xlarge_us-west-2.csv
2025-10-13,5796.678605443545,5239.647470723167,6845.3458891705895,18,5.9644582470669425,971.8700953760714,2024-04-04,L4,aws,L4,g6xlarge,us-west-2,0,C:\Users\FarhadBillimoria\OneDrive - Aurora Energy Research\Documents\Personal\Endog_demand_AI\pyai\data\original\prices\L4\EC2_g6xlarge_us-west-2.csv
2025-10-14,5741.639502595677,5246.89122298684,6946.7584208620065,15,5.907826086956521,971.8700953760714,2024-04-04,L4,aws,L4,g6xlarge,us-west-2,0,C:\Users\FarhadBillimoria\OneDrive - Aurora Energy Research\Documents\Personal\Endog_demand_AI\pyai\data\original\prices\L4\EC2_g6xlarge_us-west-2.csv
2025-10-15,5807.539074471345,5279.488108173367,6934.685500422552,13,5.975633062589584,971.8700953760714,2024-04-04,L4,aws,L4,g6xlarge,us-west-2,0,C:\Users\FarhadBillimoria\OneDrive - Aurora Energy Research\Documents\Personal\Endog_demand_AI\pyai\data\original\prices\L4\EC2_g6xlarge_us-west-2.csv
2025-10-16,5670.133319535709,5315.70686949173,6869.491730049498,14,5.834250221827861,971.8700953760714,2024-04-04,L4,aws,L4,g6xlarge,us-west-2,0,C:\Users\FarhadBillimoria\OneDrive - Aurora Energy Research\Documents\Personal\Endog_demand_AI\pyai\data\original\prices\L4\EC2_g6xlarge_us-west-2.csv
2025-10-17,5766.736973673931,5229.9891343716035,6888.808402752626,17,5.933649981731823,971.8700953760714,2024-04-04,L4,aws,L4,g6xlarge,us-west-2,0,C:\Users\FarhadBillimoria\OneDrive - Aurora Energy Research\Documents\Personal\Endog_demand_AI\pyai\data\original\prices\L4\EC2_g6xlarge_us-west-2.csv
2025-10-18,5777.496076300857,5251.720391162622,6764.457322226246,16,5.94472049689441,971.8700953760714,2024-04-04,L4,aws,L4,g6xlarge,us-west-2,0,C:\Users\FarhadBillimoria\OneDrive - Aurora Energy Research\Documents\Personal\Endog_demand_AI\pyai\data\original\prices\L4\EC2_g6xlarge_us-west-2.csv
2025-10-19,5712.627346093481,5211.879753712423,6897.2594470602435,13,5.8779741997133295,971.8700953760714,2024-04-04,L4,aws,L4,g6xlarge,us-west-2,0,C:\Users\FarhadBillimoria\OneDrive - Aurora Energy Research\Documents\Personal\Endog_demand_AI\pyai\data\original\prices\L4\EC2_g6xlarge_us-west-2.csv
2025-10-20,5850.376272687029,5245.683930942895,6855.004225522153,15,6.0197101449275365,971.8700953760714,2024-04-04,L4,aws,L4,g6xlarge,us-west-2,0,C:\Users\FarhadBillimoria\OneDrive - Aurora Energy Research\Documents\Personal\Endog_demand_AI\pyai\data\original\prices\L4\EC2_g6xlarge_us-west-2.csv
2025-10-21,5827.397480783934,5275.866232041531,6842.931305082699,12,5.996066252587991,971.8700953760714,2024-04-04,L4,aws,L4,g6xlarge,us-west-2,0,C:\Users\FarhadBillimoria\OneDrive - Aurora Energy Research\Documents\Personal\Endog_demand_AI\pyai\data\original\prices\L4\EC2_g6xlarge_us-west-2.csv
2025-10-22,5839.7521027003095,5274.658939997586,6811.541711940118,15,6.008778467908903,971.8700953760714,2024-04-04,L4,aws,L4,g6xlarge,us-west-2,0,C:\Users\FarhadBillimoria\OneDrive - Aurora Energy Research\Documents\Personal\Endog_demand_AI\pyai\data\original\prices\L4\EC2_g6xlarge_us-west-2.csv
2025-10-23,5834.7619622520015,5303.633949052276,6612.338524689121,15,6.003643892339545,971.8700953760714,2024-04-04,L4,aws,L4,g6xlarge,us-west-2,0,C:\Users\FarhadBillimoria\OneDrive - Aurora Energy Research\Documents\Personal\Endog_demand_AI\pyai\data\original\prices\L4\EC2_g6xlarge_us-west-2.csv
2025-10-24,5722.56428830134,5196.184957141132,6492.816612338524,14,5.888198757763975,971.8700953760714,2024-04-04,L4,aws,L4,g6xlarge,us-west-2,0,C:\Users\FarhadBillimoria\OneDrive - Aurora Energy Research\Documents\Personal\Endog_demand_AI\pyai\data\original\prices\L4\EC2_g6xlarge_us-west-2.csv
2025-10-25,5621.841637777892,5077.8703368344795,6388.9894965592175,14,5.784560780834073,971.8700953760714,2024-04-04,L4,aws,L4,g6xlarge,us-west-2,0,C:\Users\FarhadBillimoria\OneDrive - Aurora Energy Research\Documents\Personal\Endog_demand_AI\pyai\data\original\prices\L4\EC2_g6xlarge_us-west-2.csv
2025-10-26,5650.816646832583,5069.419292526862,6303.271761439092,14,5.814374445430346,971.8700953760714,2024-04-04,L4,aws,L4,g6xlarge,us-west-2,0,C:\Users\FarhadBillimoria\OneDrive - Aurora Energy Research\Documents\Personal\Endog_demand_AI\pyai\data\original\prices\L4\EC2_g6xlarge_us-west-2.csv
2025-10-27,5498.4103988088045,4948.690088132319,6184.95714113244,15,5.657556935817805,971.8700953760714,2024-04-04,L4,aws,L4,g6xlarge,us-west-2,0,C:\Users\FarhadBillimoria\OneDrive - Aurora Energy Research\Documents\Personal\Endog_demand_AI\pyai\data\original\prices\L4\EC2_g6xlarge_us-west-2.csv
2025-10-28,5445.630067144011,4931.787999517082,6000.241458408788,13,5.603248924988056,971.8700953760714,2024-04-04,L4,aws,L4,g6xlarge,us-west-2,0,C:\Users\FarhadBillimoria\OneDrive - Aurora Energy Research\Documents\Personal\Endog_demand_AI\pyai\data\original\prices\L4\EC2_g6xlarge_us-west-2.csv
2025-10-29,5388.3053644009815,4829.168175781721,5994.204998189061,15,5.544265010351967,971.8700953760714,2024-04-04,L4,aws,L4,g6xlarge,us-west-2,0,C:\Users\FarhadBillimoria\OneDrive - Aurora Energy Research\Documents\Personal\Endog_demand_AI\pyai\data\original\prices\L4\EC2_g6xlarge_us-west-2.csv
2025-10-30,5440.460380699425,4762.767113364723,5943.498732343353,15,5.597929606625259,971.8700953760714,2024-04-04,L4,aws,L4,g6xlarge,us-west-2,0,C:\Users\FarhadBillimoria\OneDrive - Aurora Energy Research\Documents\Personal\Endog_demand_AI\pyai\data\original\prices\L4\EC2_g6xlarge_us-west-2.csv
2025-10-31,5474.918507787033,4802.607750814922,5914.523723288663,16,5.633385093167702,971.8700953760714,2024-04-04,L4,aws,L4,g6xlarge,us-west-2,0,C:\Users\FarhadBillimoria\OneDrive - Aurora Energy Research\Documents\Personal\Endog_demand_AI\pyai\data\original\prices\L4\EC2_g6xlarge_us-west-2.csv
2025-11-01,5490.522757455028,4994.567185802245,5775.685138234939,15,5.64944099378882,971.8700953760714,2024-04-04,L4,aws,L4,g6xlarge,us-west-2,0,C:\Users\FarhadBillimoria\OneDrive - Aurora Energy Research\Documents\Personal\Endog_demand_AI\pyai\data\original\prices\L4\EC2_g6xlarge_us-west-2.csv
2025-11-02,5325.365205843293,5004.225522153808,5607.871544126524,13,5.479503105590061,971.8700953760714,2024-04-04,L4,aws,L4,g6xlarge,us-west-2,0,C:\Users\FarhadBillimoria\OneDrive - Aurora Energy Research\Documents\Personal\Endog_demand_AI\pyai\data\original\prices\L4\EC2_g6xlarge_us-west-2.csv
2025-11-03,5281.2990462392845,5104.43076180128,5452.130870457563,16,5.43416149068323,971.8700953760714,2024-04-04,L4,aws,L4,g6xlarge,us-west-2,0,C:\Users\FarhadBillimoria\OneDrive - Aurora Energy Research\Documents\Personal\Endog_demand_AI\pyai\data\original\prices\L4\EC2_g6xlarge_us-west-2.csv
2025-11-04,5276.237706516591,5201.014125316914,5400.217312567909,13,5.428953655040612,971.8700953760714,2024-04-04,L4,aws,L4,g6xlarge,us-west-2,0,C:\Users\FarhadBillimoria\OneDrive - Aurora Energy Research\Documents\Personal\Endog_demand_AI\pyai\data\original\prices\L4\EC2_g6xlarge_us-west-2.csv
2025-11-05,5271.295769303737,5179.282868525896,5391.766268260292,14,5.423868677905945,971.8700953760714,2024-04-04,L4,aws,L4,g6xlarge,us-west-2,0,C:\Users\FarhadBillimoria\OneDrive - Aurora Energy Research\Documents\Personal\Endog_demand_AI\pyai\data\original\prices\L4\EC2_g6xlarge_us-west-2.csv
2025-11-06,5259.481554302271,5175.6609923940605,5330.1943740190745,14,5.411712511091394,971.8700953760714,2024-04-04,L4,aws,L4,g6xlarge,us-west-2,0,C:\Users\FarhadBillimoria\OneDrive - Aurora Energy Research\Documents\Personal\Endog_demand_AI\pyai\data\original\prices\L4\EC2_g6xlarge_us-west-2.csv
2025-11-07,5268.158136684032,5191.35578896535,5379.6933478208375,13,5.420640229335881,971.8700953760714,2024-04-04,L4,aws,L4,g6xlarge,us-west-2,0,C:\Users\FarhadBillimoria\OneDrive - Aurora Energy Research\Documents\Personal\Endog_demand_AI\pyai\data\original\prices\L4\EC2_g6xlarge_us-west-2.csv
2025-11-08,5280.881137454842,5214.294337800314,5395.388144392128,13,5.433731485905399,971.8700953760714,2024-04-04,L4,aws,L4,g6xlarge,us-west-2,0,C:\Users\FarhadBillimoria\OneDrive - Aurora Energy Research\Documents\Personal\Endog_demand_AI\pyai\data\original\prices\L4\EC2_g6xlarge_us-west-2.csv
2025-11-09,5301.329118786561,5190.148496921405,5409.875648919473,11,5.454771315640881,971.8700953760714,2024-04-04,L4,aws,L4,g6xlarge,us-west-2,0,C:\Users\FarhadBillimoria\OneDrive - Aurora Energy Research\Documents\Personal\Endog_demand_AI\pyai\data\original\prices\L4\EC2_g6xlarge_us-west-2.csv
2025-11-10,5256.398647832911,5170.831824218279,5378.4860557768925,16,5.4085403726708075,971.8700953760714,2024-04-04,L4,aws,L4,g6xlarge,us-west-2,0,C:\Users\FarhadBillimoria\OneDrive - Aurora Energy Research\Documents\Personal\Endog_demand_AI\pyai\data\original\prices\L4\EC2_g6xlarge_us-west-2.csv
2025-11-11,5243.973600547305,5175.6609923940605,5316.914161535676,12,5.395755693581781,971.8700953760714,2024-04-04,L4,aws,L4,g6xlarge,us-west-2,0,C:\Users\FarhadBillimoria\OneDrive - Aurora Energy Research\Documents\Personal\Endog_demand_AI\pyai\data\original\prices\L4\EC2_g6xlarge_us-west-2.csv
2025-11-12,5231.800072437522,5134.613062899915,5304.841241096221,16,5.383229813664596,971.8700953760714,2024-04-04,L4,aws,L4,g6xlarge,us-west-2,0,C:\Users\FarhadBillimoria\OneDrive - Aurora Energy Research\Documents\Personal\Endog_demand_AI\pyai\data\original\prices\L4\EC2_g6xlarge_us-west-2.csv
2025-11-13,5181.790321232552,5095.979717493661,5260.17143547024,13,5.331772575250836,971.8700953760714,2024-04-04,L4,aws,L4,g6xlarge,us-west-2,0,C:\Users\FarhadBillimoria\OneDrive - Aurora Energy Research\Documents\Personal\Endog_demand_AI\pyai\data\original\prices\L4\EC2_g6xlarge_us-west-2.csv
2025-11-14,5164.4734194534985,5079.0776288784255,5220.330798020041,15,5.313954451345755,971.8700953760714,2024-04-04,L4,aws,L4,g6xlarge,us-west-2,0,C:\Users\FarhadBillimoria\OneDrive - Aurora Energy Research\Documents\Personal\Endog_demand_AI\pyai\data\original\prices\L4\EC2_g6xlarge_us-west-2.csv
2025-11-15,5118.837780192362,5060.968248219244,5202.221417360859,15,5.266997929606625,971.8700953760714,2024-04-04,L4,aws,L4,g6xlarge,us-west-2,0,C:\Users\FarhadBillimoria\OneDrive - Aurora Energy Research\Documents\Personal\Endog_demand_AI\pyai\data\original\prices\L4\EC2_g6xlarge_us-west-2.csv
2025-11-16,5078.574590526781,4948.690088132319,5209.465169624532,12,5.225569358178054,971.8700953760714,2024-04-04,L4,aws,L4,g6xlarge,us-west-2,0,C:\Users\FarhadBillimoria\OneDrive - Aurora Energy Research\Documents\Personal\Endog_demand_AI\pyai\data\original\prices\L4\EC2_g6xlarge_us-west-2.csv
2025-11-17,5107.750814922129,4922.12966316552,5309.670409272003,12,5.255590062111802,971.8700953760714,2024-04-04,L4,aws,L4,g6xlarge,us-west-2,0,C:\Users\FarhadBillimoria\OneDrive - Aurora Energy Research\Documents\Personal\Endog_demand_AI\pyai\data\original\prices\L4\EC2_g6xlarge_us-west-2.csv
2025-11-18,5054.838919380752,4908.84945068212,5255.342267294459,13,5.2011466794075485,971.8700953760714,2024-04-04,L4,aws,L4,g6xlarge,us-west-2,0,C:\Users\FarhadBillimoria\OneDrive - Aurora Energy Research\Documents\Personal\Endog_demand_AI\pyai\data\original\prices\L4\EC2_g6xlarge_us-west-2.csv
2025-11-19,5058.714636403879,4904.020282506338,5233.61101050344,15,5.2051345755693585,971.8700953760714,2024-04-04,L4,aws,L4,g6xlarge,us-west-2,0,C:\Users\FarhadBillimoria\OneDrive - Aurora Energy Research\Documents\Personal\Endog_demand_AI\pyai\data\original\prices\L4\EC2_g6xlarge_us-west-2.csv
2025-11-20,5057.909775041248,4928.1661233852465,5244.476638898949,15,5.204306418219462,971.8700953760714,2024-04-04,L4,aws,L4,g6xlarge,us-west-2,0,C:\Users\FarhadBillimoria\OneDrive - Aurora Energy Research\Documents\Personal\Endog_demand_AI\pyai\data\original\prices\L4\EC2_g6xlarge_us-west-2.csv
2025-11-21,5047.889251076502,4894.361946154774,5228.7818423276585,6,5.193995859213251,971.8700953760714,2024-04-04,L4,aws,L4,g6xlarge,us-west-2,0,C:\Users\FarhadBillimoria\OneDrive - Aurora Energy Research\Documents\Personal\Endog_demand_AI\pyai\data\original\prices\L4\EC2_g6xlarge_us-west-2.csv
2025-11-22,5098.50405540373,4897.983822286611,5321.743329711458,11,5.246075663466969,971.8700953760714,2024-04-04,L4,aws,L4,g6xlarge,us-west-2,0,C:\Users\FarhadBillimoria\OneDrive - Aurora Energy Research\Documents\Personal\Endog_demand_AI\pyai\data\original\prices\L4\EC2_g6xlarge_us-west-2.csv
2025-11-23,5101.563443196909,4878.667149583484,5320.536037667512,16,5.249223602484473,971.8700953760714,2024-04-04,L4,aws,L4,g6xlarge,us-west-2,0,C:\Users\FarhadBillimoria\OneDrive - Aurora Energy Research\Documents\Personal\Endog_demand_AI\pyai\data\original\prices\L4\EC2_g6xlarge_us-west-2.csv
2025-11-24,5025.028092757177,4756.730653144996,5349.511046722202,13,5.170473005255615,971.8700953760714,2024-04-04,L4,aws,L4,g6xlarge,us-west-2,0,C:\Users\FarhadBillimoria\OneDrive - Aurora Energy Research\Documents\Personal\Endog_demand_AI\pyai\data\original\prices\L4\EC2_g6xlarge_us-west-2.csv
2025-11-25,5029.900599621715,4751.901484969214,5368.827719425329,15,5.175486542443064,971.8700953760714,2024-04-04,L4,aws,L4,g6xlarge,us-west-2,0,C:\Users\FarhadBillimoria\OneDrive - Aurora Energy Research\Documents\Personal\Endog_demand_AI\pyai\data\original\prices\L4\EC2_g6xlarge_us-west-2.csv
2025-11-26,5082.978110866557,4755.52336110105,5377.278763732947,13,5.23010033444816,971.8700953760714,2024-04-04,L4,aws,L4,g6xlarge,us-west-2,0,C:\Users\FarhadBillimoria\OneDrive - Aurora Energy Research\Documents\Personal\Endog_demand_AI\pyai\data\original\prices\L4\EC2_g6xlarge_us-west-2.csv
2025-11-27,5160.52959877661,4792.949414463359,5402.631896655801,15,5.309896480331263,971.8700953760714,2024-04-04,L4,aws,L4,g6xlarge,us-west-2,0,C:\Users\FarhadBillimoria\OneDrive - Aurora Energy Research\Documents\Personal\Endog_demand_AI\pyai\data\original\prices\L4\EC2_g6xlarge_us-west-2.csv
2025-11-28,5150.77736193274,4875.0452734516475,5384.522515996619,18,5.299861973775017,971.8700953760714,2024-04-04,L4,aws,L4,g6xlarge,us-west-2,0,C:\Users\FarhadBillimoria\OneDrive - Aurora Energy Research\Documents\Personal\Endog_demand_AI\pyai\data\original\prices\L4\EC2_g6xlarge_us-west-2.csv
2025-11-29,5073.751340449255,4784.49837015574,5333.816250150911,17,5.220606503470954,971.8700953760714,2024-04-04,L4,aws,L4,g6xlarge,us-west-2,0,C:\Users\FarhadBillimoria\OneDrive - Aurora Energy Research\Documents\Personal\Endog_demand_AI\pyai\data\original\prices\L4\EC2_g6xlarge_us-west-2.csv
2025-11-30,4979.476035252927,4691.536882771942,5312.084993359894,14,5.12360248447205,971.8700953760714,2024-04-04,L4,aws,L4,g6xlarge,us-west-2,0,C:\Users\FarhadBillimoria\OneDrive - Aurora Energy Research\Documents\Personal\Endog_demand_AI\pyai\data\original\prices\L4\EC2_g6xlarge_us-west-2.csv
2025-12-01,4954.877459857539,4657.73270554147,5278.2808161294215,16,5.098291925465839,971.8700953760714,2024-04-04,L4,aws,L4,g6xlarge,us-west-2,0,C:\Users\FarhadBillimoria\OneDrive - Aurora Energy Research\Documents\Personal\Endog_demand_AI\pyai\data\original\prices\L4\EC2_g6xlarge_us-west-2.csv
2025-12-02,4925.837774443352,4755.52336110105,5191.35578896535,14,5.068411712511091,971.8700953760714,2024-04-04,L4,aws,L4,g6xlarge,us-west-2,0,C:\Users\FarhadBillimoria\OneDrive - Aurora Energy Research\Documents\Personal\Endog_demand_AI\pyai\data\original\prices\L4\EC2_g6xlarge_us-west-2.csv
2025-12-03,4990.514133940428,4805.022334902813,5209.465169624532,14,5.134960070984915,971.8700953760714,2024-04-04,L4,aws,L4,g6xlarge,us-west-2,0,C:\Users\FarhadBillimoria\OneDrive - Aurora Energy Research\Documents\Personal\Endog_demand_AI\pyai\data\original\prices\L4\EC2_g6xlarge_us-west-2.csv
2025-12-04,4981.101236081316,4870.216105275866,5194.977665097187,13,5.125274725274726,971.8700953760714,2024-04-04,L4,aws,L4,g6xlarge,us-west-2,0,C:\Users\FarhadBillimoria\OneDrive - Aurora Energy Research\Documents\Personal\Endog_demand_AI\pyai\data\original\prices\L4\EC2_g6xlarge_us-west-2.csv
2025-12-05,5034.709646263431,4917.300494989738,5199.806833272969,12,5.180434782608696,971.8700953760714,2024-04-04,L4,aws,L4,g6xlarge,us-west-2,0,C:\Users\FarhadBillimoria\OneDrive - Aurora Energy Research\Documents\Personal\Endog_demand_AI\pyai\data\original\prices\L4\EC2_g6xlarge_us-west-2.csv
2025-12-06,5140.132112243666,5028.371363032717,5322.950621755403,14,5.288908606921029,971.8700953760714,2024-04-04,L4,aws,L4,g6xlarge,us-west-2,0,C:\Users\FarhadBillimoria\OneDrive - Aurora Energy Research\Documents\Personal\Endog_demand_AI\pyai\data\original\prices\L4\EC2_g6xlarge_us-west-2.csv
2025-12-07,5264.276228419654,5120.12555837257,5440.057950018109,15,5.416645962732919,971.8700953760714,2024-04-04,L4,aws,L4,g6xlarge,us-west-2,0,C:\Users\FarhadBillimoria\OneDrive - Aurora Energy Research\Documents\Personal\Endog_demand_AI\pyai\data\original\prices\L4\EC2_g6xlarge_us-west-2.csv
2025-12-08,5434.0214897983815,5301.219364964384,5541.470481709525,20,5.591304347826087,971.8700953760714,2024-04-04,L4,aws,L4,g6xlarge,us-west-2,0,C:\Users\FarhadBillimoria\OneDrive - Aurora Energy Research\Documents\Personal\Endog_demand_AI\pyai\data\original\prices\L4\EC2_g6xlarge_us-west-2.csv
2025-12-09,5482.406040174964,5401.424604611855,5555.95798623687,13,5.641089345437171,971.8700953760714,2024-04-04,L4,aws,L4,g6xlarge,us-west-2,0,C:\Users\FarhadBillimoria\OneDrive - Aurora Energy Research\Documents\Personal\Endog_demand_AI\pyai\data\original\prices\L4\EC2_g6xlarge_us-west-2.csv
2025-12-11,5452.734516479536,5401.424604611855,5487.142339731981,4,5.61055900621118,971.8700953760714,2024-04-04,L4,aws,L4,g6xlarge,us-west-2,0,C:\Users\FarhadBillimoria\OneDrive - Aurora Energy Research\Documents\Personal\Endog_demand_AI\pyai\data\original\prices\L4\EC2_g6xlarge_us-west-2.csv
2025-12-12,5466.4674634794155,5394.180852348182,5552.336110105034,16,5.624689440993789,971.8700953760714,2024-04-04,L4,aws,L4,g6xlarge,us-west-2,0,C:\Users\FarhadBillimoria\OneDrive - Aurora Energy Research\Documents\Personal\Endog_demand_AI\pyai\data\original\prices\L4\EC2_g6xlarge_us-west-2.csv
2025-12-13,5501.888549697314,5436.436073886272,5615.115296390197,14,5.6611357586512865,971.8700953760714,2024-04-04,L4,aws,L4,g6xlarge,us-west-2,0,C:\Users\FarhadBillimoria\OneDrive - Aurora Energy Research\Documents\Personal\Endog_demand_AI\pyai\data\original\prices\L4\EC2_g6xlarge_us-west-2.csv
2025-12-14,5562.7188216829645,5456.960038633345,5770.855970059157,15,5.723726708074534,971.8700953760714,2024-04-04,L4,aws,L4,g6xlarge,us-west-2,0,C:\Users\FarhadBillimoria\OneDrive - Aurora Energy Research\Documents\Personal\Endog_demand_AI\pyai\data\original\prices\L4\EC2_g6xlarge_us-west-2.csv
2025-12-15,5638.312550663148,5493.178799951708,5932.633103947845,14,5.80150842945874,971.8700953760714,2024-04-04,L4,aws,L4,g6xlarge,us-west-2,0,C:\Users\FarhadBillimoria\OneDrive - Aurora Energy Research\Documents\Personal\Endog_demand_AI\pyai\data\original\prices\L4\EC2_g6xlarge_us-west-2.csv
2025-12-16,5650.126765664614,5475.069419292527,5960.40082095859,11,5.813664596273292,971.8700953760714,2024-04-04,L4,aws,L4,g6xlarge,us-west-2,0,C:\Users\FarhadBillimoria\OneDrive - Aurora Energy Research\Documents\Personal\Endog_demand_AI\pyai\data\original\prices\L4\EC2_g6xlarge_us-west-2.csv
2025-12-17,5684.766760463972,5458.167330677291,6017.143547024025,13,5.849307214524607,971.8700953760714,2024-04-04,L4,aws,L4,g6xlarge,us-west-2,0,C:\Users\FarhadBillimoria\OneDrive - Aurora Energy Research\Documents\Personal\Endog_demand_AI\pyai\data\original\prices\L4\EC2_g6xlarge_us-west-2.csv
2025-12-18,5697.613586059801,5446.094410237836,6120.970662803332,15,5.862525879917184,971.8700953760714,2024-04-04,L4,aws,L4,g6xlarge,us-west-2,0,C:\Users\FarhadBillimoria\OneDrive - Aurora Energy Research\Documents\Personal\Endog_demand_AI\pyai\data\original\prices\L4\EC2_g6xlarge_us-west-2.csv
2025-12-19,5743.390076059399,5466.618374984908,6247.736327417601,16,5.909627329192547,971.8700953760714,2024-04-04,L4,aws,L4,g6xlarge,us-west-2,0,C:\Users\FarhadBillimoria\OneDrive - Aurora Energy Research\Documents\Personal\Endog_demand_AI\pyai\data\original\prices\L4\EC2_g6xlarge_us-west-2.csv
2025-12-20,5705.569331067339,5473.862127248582,6157.189424121695,13,5.870711896798854,971.8700953760714,2024-04-04,L4,aws,L4,g6xlarge,us-west-2,0,C:\Users\FarhadBillimoria\OneDrive - Aurora Energy Research\Documents\Personal\Endog_demand_AI\pyai\data\original\prices\L4\EC2_g6xlarge_us-west-2.csv
2025-12-21,5661.063411239178,5401.424604611855,6055.776892430279,17,5.824917793204238,971.8700953760714,2024-04-04,L4,aws,L4,g6xlarge,us-west-2,0,C:\Users\FarhadBillimoria\OneDrive - Aurora Energy Research\Documents\Personal\Endog_demand_AI\pyai\data\original\prices\L4\EC2_g6xlarge_us-west-2.csv
2025-12-22,5626.433659302184,5366.413135337438,5945.913316431244,16,5.789285714285714,971.8700953760714,2024-04-04,L4,aws,L4,g6xlarge,us-west-2,0,C:\Users\FarhadBillimoria\OneDrive - Aurora Energy Research\Documents\Personal\Endog_demand_AI\pyai\data\original\prices\L4\EC2_g6xlarge_us-west-2.csv
2025-12-23,5594.219857168064,5353.132922854038,5897.621634673427,13,5.756139512661251,971.8700953760714,2024-04-04,L4,aws,L4,g6xlarge,us-west-2,0,C:\Users\FarhadBillimoria\OneDrive - Aurora Energy Research\Documents\Personal\Endog_demand_AI\pyai\data\original\prices\L4\EC2_g6xlarge_us-west-2.csv
2025-12-24,5643.285444082257,5370.035011469274,5909.694555112881,15,5.806625258799172,971.8700953760714,2024-04-04,L4,aws,L4,g6xlarge,us-west-2,0,C:\Users\FarhadBillimoria\OneDrive - Aurora Energy Research\Documents\Personal\Endog_demand_AI\pyai\data\original\prices\L4\EC2_g6xlarge_us-west-2.csv
2025-12-25,5673.065314499578,5380.9006398647825,5989.3758300132795,13,5.837267080745343,971.8700953760714,2024-04-04,L4,aws,L4,g6xlarge,us-west-2,0,C:\Users\FarhadBillimoria\OneDrive - Aurora Energy Research\Documents\Personal\Endog_demand_AI\pyai\data\original\prices\L4\EC2_g6xlarge_us-west-2.csv
2025-12-26,5635.546392518503,5316.914161535676,5953.157068694917,13,5.798662207357859,971.8700953760714,2024-04-04,L4,aws,L4,g6xlarge,us-west-2,0,C:\Users\FarhadBillimoria\OneDrive - Aurora Energy Research\Documents\Personal\Endog_demand_AI\pyai\data\original\prices\L4\EC2_g6xlarge_us-west-2.csv
2025-12-27,5594.027928689283,5297.597488832548,5968.851865266208,15,5.755942028985507,971.8700953760714,2024-04-04,L4,aws,L4,g6xlarge,us-west-2,0,C:\Users\FarhadBillimoria\OneDrive - Aurora Energy Research\Documents\Personal\Endog_demand_AI\pyai\data\original\prices\L4\EC2_g6xlarge_us-west-2.csv
2025-12-28,5574.919573044719,5222.745382107932,5916.938307376554,17,5.7362805991962,971.8700953760714,2024-04-04,L4,aws,L4,g6xlarge,us-west-2,0,C:\Users\FarhadBillimoria\OneDrive - Aurora Energy Research\Documents\Personal\Endog_demand_AI\pyai\data\original\prices\L4\EC2_g6xlarge_us-west-2.csv
2025-12-29,5498.784084441454,5108.052637933116,5877.097669926355,14,5.657941437444543,971.8700953760714,2024-04-04,L4,aws,L4,g6xlarge,us-west-2,0,C:\Users\FarhadBillimoria\OneDrive - Aurora Energy Research\Documents\Personal\Endog_demand_AI\pyai\data\original\prices\L4\EC2_g6xlarge_us-west-2.csv
2025-12-30,5364.688432417516,5038.029699384281,5682.7236508511405,14,5.519964507542148,971.8700953760714,2024-04-04,L4,aws,L4,g6xlarge,us-west-2,0,C:\Users\FarhadBillimoria\OneDrive - Aurora Energy Research\Documents\Personal\Endog_demand_AI\pyai\data\original\prices\L4\EC2_g6xlarge_us-west-2.csv
2025-12-31,5290.8180796627,4916.093202945793,5609.07883617047,13,5.443956043956043,971.8700953760714,2024-04-04,L4,aws,L4,g6xlarge,us-west-2,0,C:\Users\FarhadBillimoria\OneDrive - Aurora Energy Research\Documents\Personal\Endog_demand_AI\pyai\data\original\prices\L4\EC2_g6xlarge_us-west-2.csv
2026-01-01,5242.967523844018,4835.204636001448,5560.787154412652,16,5.3947204968944105,971.8700953760714,2024-04-04,L4,aws,L4,g6xlarge,us-west-2,0,C:\Users\FarhadBillimoria\OneDrive - Aurora Energy Research\Documents\Personal\Endog_demand_AI\pyai\data\original\prices\L4\EC2_g6xlarge_us-west-2.csv
2026-01-02,5156.947965712906,4757.937945188941,5479.8985874683085,16,5.306211180124224,971.8700953760714,2024-04-04,L4,aws,L4,g6xlarge,us-west-2,0,C:\Users\FarhadBillimoria\OneDrive - Aurora Energy Research\Documents\Personal\Endog_demand_AI\pyai\data\original\prices\L4\EC2_g6xlarge_us-west-2.csv
2026-01-03,5109.93903175178,4725.341060002414,5484.7277556440895,16,5.257841614906832,971.8700953760714,2024-04-04,L4,aws,L4,g6xlarge,us-west-2,0,C:\Users\FarhadBillimoria\OneDrive - Aurora Energy Research\Documents\Personal\Endog_demand_AI\pyai\data\original\prices\L4\EC2_g6xlarge_us-west-2.csv
2026-01-04,5041.651575516117,4707.231679343233,5438.850657974163,13,5.187577639751553,971.8700953760714,2024-04-04,L4,aws,L4,g6xlarge,us-west-2,0,C:\Users\FarhadBillimoria\OneDrive - Aurora Energy Research\Documents\Personal\Endog_demand_AI\pyai\data\original\prices\L4\EC2_g6xlarge_us-west-2.csv
2026-01-05,5081.39934434755,4644.45249305807,5522.153809006398,13,5.2284758719541315,971.8700953760714,2024-04-04,L4,aws,L4,g6xlarge,us-west-2,0,C:\Users\FarhadBillimoria\OneDrive - Aurora Energy Research\Documents\Personal\Endog_demand_AI\pyai\data\original\prices\L4\EC2_g6xlarge_us-west-2.csv
2026-01-06,4922.356030423759,4563.563926113727,5525.775685138235,16,5.064829192546584,971.8700953760714,2024-04-04,L4,aws,L4,g6xlarge,us-west-2,0,C:\Users\FarhadBillimoria\OneDrive - Aurora Energy Research\Documents\Personal\Endog_demand_AI\pyai\data\original\prices\L4\EC2_g6xlarge_us-west-2.csv
2026-01-07,5023.783653265725,4522.5159966195815,5525.775685138235,10,5.169192546583851,971.8700953760714,2024-04-04,L4,aws,L4,g6xlarge,us-west-2,0,C:\Users\FarhadBillimoria\OneDrive - Aurora Energy Research\Documents\Personal\Endog_demand_AI\pyai\data\original\prices\L4\EC2_g6xlarge_us-west-2.csv
2026-01-08,4874.096686845691,4506.821200048292,5507.666304479053,14,5.015173025732032,971.8700953760714,2024-04-04,L4,aws,L4,g6xlarge,us-west-2,0,C:\Users\FarhadBillimoria\OneDrive - Aurora Energy Research\Documents\Personal\Endog_demand_AI\pyai\data\original\prices\L4\EC2_g6xlarge_us-west-2.csv
2026-01-09,5093.082216588193,4585.295182904745,5537.848605577688,5,5.240496894409938,971.8700953760714,2024-04-04,L4,aws,L4,g6xlarge,us-west-2,0,C:\Users\FarhadBillimoria\OneDrive - Aurora Energy Research\Documents\Personal\Endog_demand_AI\pyai\data\original\prices\L4\EC2_g6xlarge_us-west-2.csv
2026-01-10,4979.734740690916,4550.283713630327,5484.7277556440895,14,5.1238686779059455,971.8700953760714,2024-04-04,L4,aws,L4,g6xlarge,us-west-2,0,C:\Users\FarhadBillimoria\OneDrive - Aurora Energy Research\Documents\Personal\Endog_demand_AI\pyai\data\original\prices\L4\EC2_g6xlarge_us-west-2.csv
2026-01-11,4923.9406012314375,4469.395146685983,5394.180852348182,16,5.066459627329192,971.8700953760714,2024-04-04,L4,aws,L4,g6xlarge,us-west-2,0,C:\Users\FarhadBillimoria\OneDrive - Aurora Energy Research\Documents\Personal\Endog_demand_AI\pyai\data\original\prices\L4\EC2_g6xlarge_us-west-2.csv
2026-01-12,4882.1165554233285,4421.103464928166,5228.7818423276585,14,5.023425022182787,971.8700953760714,2024-04-04,L4,aws,L4,g6xlarge,us-west-2,0,C:\Users\FarhadBillimoria\OneDrive - Aurora Energy Research\Documents\Personal\Endog_demand_AI\pyai\data\original\prices\L4\EC2_g6xlarge_us-west-2.csv
2026-01-13,4789.971427421626,4425.932633103947,5140.649523119642,15,4.928612836438923,971.8700953760714,2024-04-04,L4,aws,L4,g6xlarge,us-west-2,0,C:\Users\FarhadBillimoria\OneDrive - Aurora Energy Research\Documents\Personal\Endog_demand_AI\pyai\data\original\prices\L4\EC2_g6xlarge_us-west-2.csv
2026-01-14,4810.077870336834,4460.944102378365,5134.613062899915,16,4.949301242236025,971.8700953760714,2024-04-04,L4,aws,L4,g6xlarge,us-west-2,0,C:\Users\FarhadBillimoria\OneDrive - Aurora Energy Research\Documents\Personal\Endog_demand_AI\pyai\data\original\prices\L4\EC2_g6xlarge_us-west-2.csv
2026-01-15,4834.4285196874835,4468.187854642038,5124.954726548352,14,4.97435669920142,971.8700953760714,2024-04-04,L4,aws,L4,g6xlarge,us-west-2,0,C:\Users\FarhadBillimoria\OneDrive - Aurora Energy Research\Documents\Personal\Endog_demand_AI\pyai\data\original\prices\L4\EC2_g6xlarge_us-west-2.csv
2026-01-16,4778.763732946999,4459.73681033442,5108.052637933116,12,4.9170807453416145,971.8700953760714,2024-04-04,L4,aws,L4,g6xlarge,us-west-2,0,C:\Users\FarhadBillimoria\OneDrive - Aurora Energy Research\Documents\Personal\Endog_demand_AI\pyai\data\original\prices\L4\EC2_g6xlarge_us-west-2.csv
2026-01-17,4839.197986608345,4485.089943257273,5240.854762767113,13,4.979264214046823,971.8700953760714,2024-04-04,L4,aws,L4,g6xlarge,us-west-2,0,C:\Users\FarhadBillimoria\OneDrive - Aurora Energy Research\Documents\Personal\Endog_demand_AI\pyai\data\original\prices\L4\EC2_g6xlarge_us-west-2.csv
2026-01-18,5009.3996309135755,4585.295182904745,5482.313171556199,14,5.154392191659273,971.8700953760714,2024-04-04,L4,aws,L4,g6xlarge,us-west-2,0,C:\Users\FarhadBillimoria\OneDrive - Aurora Energy Research\Documents\Personal\Endog_demand_AI\pyai\data\original\prices\L4\EC2_g6xlarge_us-west-2.csv
2026-01-19,5166.606302064469,4726.5483520463595,5505.251720391162,16,5.316149068322981,971.8700953760714,2024-04-04,L4,aws,L4,g6xlarge,us-west-2,0,C:\Users\FarhadBillimoria\OneDrive - Aurora Energy Research\Documents\Personal\Endog_demand_AI\pyai\data\original\prices\L4\EC2_g6xlarge_us-west-2.csv
2026-01-20,5184.1925228379405,4803.815042858867,5502.837136303271,15,5.334244306418219,971.8700953760714,2024-04-04,L4,aws,L4,g6xlarge,us-west-2,0,C:\Users\FarhadBillimoria\OneDrive - Aurora Energy Research\Documents\Personal\Endog_demand_AI\pyai\data\original\prices\L4\EC2_g6xlarge_us-west-2.csv
2026-01-21,5156.530056928463,4748.279608837377,5485.935047688035,13,5.305781175346392,971.8700953760714,2024-04-04,L4,aws,L4,g6xlarge,us-west-2,0,C:\Users\FarhadBillimoria\OneDrive - Aurora Energy Research\Documents\Personal\Endog_demand_AI\pyai\data\original\prices\L4\EC2_g6xlarge_us-west-2.csv
2026-01-22,5088.9774236387775,4721.7191838705785,5450.923578413618,15,5.236273291925466,971.8700953760714,2024-04-04,L4,aws,L4,g6xlarge,us-west-2,0,C:\Users\FarhadBillimoria\OneDrive - Aurora Energy Research\Documents\Personal\Endog_demand_AI\pyai\data\original\prices\L4\EC2_g6xlarge_us-west-2.csv
2026-01-23,5206.145116503682,4727.755644090305,5430.3996136665455,12,5.356832298136647,971.8700953760714,2024-04-04,L4,aws,L4,g6xlarge,us-west-2,0,C:\Users\FarhadBillimoria\OneDrive - Aurora Energy Research\Documents\Personal\Endog_demand_AI\pyai\data\original\prices\L4\EC2_g6xlarge_us-west-2.csv
2026-01-24,5159.402792868928,4708.438971387179,5482.313171556199,15,5.308737060041408,971.8700953760714,2024-04-04,L4,aws,L4,g6xlarge,us-west-2,0,C:\Users\FarhadBillimoria\OneDrive - Aurora Energy Research\Documents\Personal\Endog_demand_AI\pyai\data\original\prices\L4\EC2_g6xlarge_us-west-2.csv
2026-01-25,5287.474809387159,4710.853555475069,5660.992394060123,13,5.4405160057333966,971.8700953760714,2024-04-04,L4,aws,L4,g6xlarge,us-west-2,0,C:\Users\FarhadBillimoria\OneDrive - Aurora Energy Research\Documents\Personal\Endog_demand_AI\pyai\data\original\prices\L4\EC2_g6xlarge_us-west-2.csv
2026-01-26,5551.028210390759,4875.0452734516475,5799.830979113847,12,5.711697722567288,971.8700953760714,2024-04-04,L4,aws,L4,g6xlarge,us-west-2,0,C:\Users\FarhadBillimoria\OneDrive - Aurora Energy Research\Documents\Personal\Endog_demand_AI\pyai\data\original\prices\L4\EC2_g6xlarge_us-west-2.csv
2026-01-27,5393.404736034217,4835.204636001448,5790.172642762284,14,5.549511978704525,971.8700953760714,2024-04-04,L4,aws,L4,g6xlarge,us-west-2,0,C:\Users\FarhadBillimoria\OneDrive - Aurora Energy Research\Documents\Personal\Endog_demand_AI\pyai\data\original\prices\L4\EC2_g6xlarge_us-west-2.csv
2026-01-28,5474.120832686569,4860.557768924303,5779.307014366776,14,5.632564330079858,971.8700953760714,2024-04-04,L4,aws,L4,g6xlarge,us-west-2,0,C:\Users\FarhadBillimoria\OneDrive - Aurora Energy Research\Documents\Personal\Endog_demand_AI\pyai\data\original\prices\L4\EC2_g6xlarge_us-west-2.csv
2026-01-29,5501.831059599983,4878.667149583484,5770.855970059157,18,5.661076604554864,971.8700953760714,2024-04-04,L4,aws,L4,g6xlarge,us-west-2,0,C:\Users\FarhadBillimoria\OneDrive - Aurora Energy Research\Documents\Personal\Endog_demand_AI\pyai\data\original\prices\L4\EC2_g6xlarge_us-west-2.csv
2026-01-30,5554.951909533583,4918.507787033683,5780.514306410721,12,5.715734989648033,971.8700953760714,2024-04-04,L4,aws,L4,g6xlarge,us-west-2,0,C:\Users\FarhadBillimoria\OneDrive - Aurora Energy Research\Documents\Personal\Endog_demand_AI\pyai\data\original\prices\L4\EC2_g6xlarge_us-west-2.csv
2026-01-31,5531.585778099722,4936.617167692864,5840.878908607992,16,5.691692546583851,971.8700953760714,2024-04-04,L4,aws,L4,g6xlarge,us-west-2,0,C:\Users\FarhadBillimoria\OneDrive - Aurora Energy Research\Documents\Personal\Endog_demand_AI\pyai\data\original\prices\L4\EC2_g6xlarge_us-west-2.csv
2026-02-01,5540.263189665579,4959.555716527828,5849.32995291561,14,5.700621118012422,971.8700953760714,2024-04-04,L4,aws,L4,g6xlarge,us-west-2,0,C:\Users\FarhadBillimoria\OneDrive - Aurora Energy Research\Documents\Personal\Endog_demand_AI\pyai\data\original\prices\L4\EC2_g6xlarge_us-west-2.csv
2026-02-02,5608.374582478168,4966.799468791501,6120.970662803332,12,5.770703933747413,971.8700953760714,2024-04-04,L4,aws,L4,g6xlarge,us-west-2,0,C:\Users\FarhadBillimoria\OneDrive - Aurora Energy Research\Documents\Personal\Endog_demand_AI\pyai\data\original\prices\L4\EC2_g6xlarge_us-west-2.csv
2026-02-03,5565.33771673214,5007.847398285645,6212.724858143184,13,5.7264214046822755,971.8700953760714,2024-04-04,L4,aws,L4,g6xlarge,us-west-2,0,C:\Users\FarhadBillimoria\OneDrive - Aurora Energy Research\Documents\Personal\Endog_demand_AI\pyai\data\original\prices\L4\EC2_g6xlarge_us-west-2.csv
2026-02-04,5651.937703730532,5038.029699384281,6283.955088735965,14,5.8155279503105595,971.8700953760714,2024-04-04,L4,aws,L4,g6xlarge,us-west-2,0,C:\Users\FarhadBillimoria\OneDrive - Aurora Energy Research\Documents\Personal\Endog_demand_AI\pyai\data\original\prices\L4\EC2_g6xlarge_us-west-2.csv
2026-02-05,5557.536752755876,5035.61511529639,6341.9051068453455,13,5.718394648829431,971.8700953760714,2024-04-04,L4,aws,L4,g6xlarge,us-west-2,0,C:\Users\FarhadBillimoria\OneDrive - Aurora Energy Research\Documents\Personal\Endog_demand_AI\pyai\data\original\prices\L4\EC2_g6xlarge_us-west-2.csv
2026-02-06,5619.1899070385125,5034.407823252444,6353.978027284799,16,5.781832298136647,971.8700953760714,2024-04-04,L4,aws,L4,g6xlarge,us-west-2,0,C:\Users\FarhadBillimoria\OneDrive - Aurora Energy Research\Documents\Personal\Endog_demand_AI\pyai\data\original\prices\L4\EC2_g6xlarge_us-west-2.csv
2026-02-07,5679.705420741277,5028.371363032717,6407.098877218398,12,5.844099378881987,971.8700953760714,2024-04-04,L4,aws,L4,g6xlarge,us-west-2,0,C:\Users\FarhadBillimoria\OneDrive - Aurora Energy Research\Documents\Personal\Endog_demand_AI\pyai\data\original\prices\L4\EC2_g6xlarge_us-west-2.csv
2026-02-08,5847.398285645297,5086.321381142098,6689.60521550163,15,6.016645962732919,971.8700953760714,2024-04-04,L4,aws,L4,g6xlarge,us-west-2,0,C:\Users\FarhadBillimoria\OneDrive - Aurora Energy Research\Documents\Personal\Endog_demand_AI\pyai\data\original\prices\L4\EC2_g6xlarge_us-west-2.csv
2026-02-09,5897.702120809689,5236.025594591331,6794.6396233248815,15,6.068405797101448,971.8700953760714,2024-04-04,L4,aws,L4,g6xlarge,us-west-2,0,C:\Users\FarhadBillimoria\OneDrive - Aurora Energy Research\Documents\Personal\Endog_demand_AI\pyai\data\original\prices\L4\EC2_g6xlarge_us-west-2.csv
2026-02-10,6263.709729845188,5335.023542194856,7153.205360376675,13,6.445007166746298,971.8700953760714,2024-04-04,L4,aws,L4,g6xlarge,us-west-2,0,C:\Users\FarhadBillimoria\OneDrive - Aurora Energy Research\Documents\Personal\Endog_demand_AI\pyai\data\original\prices\L4\EC2_g6xlarge_us-west-2.csv
2026-02-11,6166.989794831369,5310.877701315948,7509.356513340576,17,6.34548776032152,971.8700953760714,2024-04-04,L4,aws,L4,g6xlarge,us-west-2,0,C:\Users\FarhadBillimoria\OneDrive - Aurora Energy Research\Documents\Personal\Endog_demand_AI\pyai\data\original\prices\L4\EC2_g6xlarge_us-west-2.csv
2026-02-12,6312.744360553125,5318.121453579621,7545.57527465894,13,6.495461060678452,971.8700953760714,2024-04-04,L4,aws,L4,g6xlarge,us-west-2,0,C:\Users\FarhadBillimoria\OneDrive - Aurora Energy Research\Documents\Personal\Endog_demand_AI\pyai\data\original\prices\L4\EC2_g6xlarge_us-west-2.csv
2026-02-13,6107.604215173937,5319.328745623566,7545.57527465894,14,6.28438331854481,971.8700953760714,2024-04-04,L4,aws,L4,g6xlarge,us-west-2,0,C:\Users\FarhadBillimoria\OneDrive - Aurora Energy Research\Documents\Personal\Endog_demand_AI\pyai\data\original\prices\L4\EC2_g6xlarge_us-west-2.csv
2026-02-14,6249.769661386353,5279.488108173367,7599.903416636484,19,6.430663615560642,971.8700953760714,2024-04-04,L4,aws,L4,g6xlarge,us-west-2,0,C:\Users\FarhadBillimoria\OneDrive - Aurora Energy Research\Documents\Personal\Endog_demand_AI\pyai\data\original\prices\L4\EC2_g6xlarge_us-west-2.csv
2026-02-15,6070.523102395612,5191.35578896535,7308.946034045636,14,6.24622892635315,971.8700953760714,2024-04-04,L4,aws,L4,g6xlarge,us-west-2,0,C:\Users\FarhadBillimoria\OneDrive - Aurora Energy Research\Documents\Personal\Endog_demand_AI\pyai\data\original\prices\L4\EC2_g6xlarge_us-west-2.csv
2026-02-16,5856.010302225442,5067.004708438972,7050.5855366413125,15,6.0255072463768125,971.8700953760714,2024-04-04,L4,aws,L4,g6xlarge,us-west-2,0,C:\Users\FarhadBillimoria\OneDrive - Aurora Energy Research\Documents\Personal\Endog_demand_AI\pyai\data\original\prices\L4\EC2_g6xlarge_us-west-2.csv
2026-02-17,5852.468912229869,5015.091150549318,6925.027164070988,15,6.021863354037268,971.8700953760714,2024-04-04,L4,aws,L4,g6xlarge,us-west-2,0,C:\Users\FarhadBillimoria\OneDrive - Aurora Energy Research\Documents\Personal\Endog_demand_AI\pyai\data\original\prices\L4\EC2_g6xlarge_us-west-2.csv
2026-02-18,5650.874136929914,4923.336955209465,6752.384401786792,21,5.814433599526768,971.8700953760714,2024-04-04,L4,aws,L4,g6xlarge,us-west-2,0,C:\Users\FarhadBillimoria\OneDrive - Aurora Energy Research\Documents\Personal\Endog_demand_AI\pyai\data\original\prices\L4\EC2_g6xlarge_us-west-2.csv
2026-02-19,5634.914885910901,4814.680671254376,6558.010382711578,15,5.798012422360248,971.8700953760714,2024-04-04,L4,aws,L4,g6xlarge,us-west-2,0,C:\Users\FarhadBillimoria\OneDrive - Aurora Energy Research\Documents\Personal\Endog_demand_AI\pyai\data\original\prices\L4\EC2_g6xlarge_us-west-2.csv
2026-02-20,5516.024480167906,4829.168175781721,6378.123868163709,13,5.675680840898233,971.8700953760714,2024-04-04,L4,aws,L4,g6xlarge,us-west-2,0,C:\Users\FarhadBillimoria\OneDrive - Aurora Energy Research\Documents\Personal\Endog_demand_AI\pyai\data\original\prices\L4\EC2_g6xlarge_us-west-2.csv
2026-02-21,5455.845615208164,4837.619220089339,6261.016539901001,13,5.613760152890587,971.8700953760714,2024-04-04,L4,aws,L4,g6xlarge,us-west-2,0,C:\Users\FarhadBillimoria\OneDrive - Aurora Energy Research\Documents\Personal\Endog_demand_AI\pyai\data\original\prices\L4\EC2_g6xlarge_us-west-2.csv
2026-02-22,5489.959354501187,4969.214052879392,6171.67692864904,15,5.6488612836438925,971.8700953760714,2024-04-04,L4,aws,L4,g6xlarge,us-west-2,0,C:\Users\FarhadBillimoria\OneDrive - Aurora Energy Research\Documents\Personal\Endog_demand_AI\pyai\data\original\prices\L4\EC2_g6xlarge_us-west-2.csv
