date,spot_vocl_share_mean,spot_vocl_share_min,spot_vocl_share_max,spot_vocl_mean,ondemand_vocl_mean,obs_count,series,provider,gpu_family,instance_token,region,region_priority,price_file
2024-01-25,0.17743438870064732,0.14925583852515759,0.2337413925019128,1069.3986971160882,6027.009222661395,3,A100,aws,A100,p4d24xlarge,us-west-2,0,C:\Users\FarhadBillimoria\OneDrive - Aurora Energy Research\Documents\Personal\Endog_demand_AI\pyai\data\original\prices\A100\EC2_p4d24xlarge_us-west-2.csv
2024-01-26,0.1912071446788356,0.14925583852515759,0.23372772980653628,1152.4072244180938,6027.009222661395,8,A100,aws,A100,p4d24xlarge,us-west-2,0,C:\Users\FarhadBillimoria\OneDrive - Aurora Energy Research\Documents\Personal\Endog_demand_AI\pyai\data\original\prices\A100\EC2_p4d24xlarge_us-west-2.csv
2024-01-27,0.18045801909133968,0.14925583852515759,0.2309815280358509,1087.6221453667104,6027.009222661395,8,A100,aws,A100,p4d24xlarge,us-west-2,0,C:\Users\FarhadBillimoria\OneDrive - Aurora Energy Research\Documents\Personal\Endog_demand_AI\pyai\data\original\prices\A100\EC2_p4d24xlarge_us-west-2.csv
2024-01-28,0.19028870793407904,0.14925583852515759,0.23046234561154225,1146.871797687015,6027.009222661395,6,A100,aws,A100,p4d24xlarge,us-west-2,0,C:\Users\FarhadBillimoria\OneDrive - Aurora Energy Research\Documents\Personal\Endog_demand_AI\pyai\data\original\prices\A100\EC2_p4d24xlarge_us-west-2.csv
2024-01-30,0.18935964464847407,0.14925583852515759,0.22621324734943712,1141.2723246962375,6027.009222661395,6,A100,aws,A100,p4d24xlarge,us-west-2,0,C:\Users\FarhadBillimoria\OneDrive - Aurora Energy Research\Documents\Personal\Endog_demand_AI\pyai\data\original\prices\A100\EC2_p4d24xlarge_us-west-2.csv
2024-01-31,0.20064047679770713,0.14925583852515759,0.22542991948118196,1209.2620040989607,6027.009222661395,6,A100,aws,A100,p4d24xlarge,us-west-2,0,C:\Users\FarhadBillimoria\OneDrive - Aurora Energy Research\Documents\Personal\Endog_demand_AI\pyai\data\original\prices\A100\EC2_p4d24xlarge_us-west-2.csv
2024-02-01,0.18490231678831529,0.14925583852515759,0.22453273581812222,1114.407968574635,6027.009222661395,9,A100,aws,A100,p4d24xlarge,us-west-2,0,C:\Users\FarhadBillimoria\OneDrive - Aurora Energy Research\Documents\Personal\Endog_demand_AI\pyai\data\original\prices\A100\EC2_p4d24xlarge_us-west-2.csv
2024-02-02,0.18746128902976647,0.14925583852515759,0.22364921485043907,1129.830917874396,6027.009222661395,4,A100,aws,A100,p4d24xlarge,us-west-2,0,C:\Users\FarhadBillimoria\OneDrive - Aurora Energy Research\Documents\Personal\Endog_demand_AI\pyai\data\original\prices\A100\EC2_p4d24xlarge_us-west-2.csv
2024-02-06,0.18318577622326668,0.15457062702663318,0.22466025430830328,1104.0623627580148,6027.009222661395,5,A100,aws,A100,p4d24xlarge,us-west-2,0,C:\Users\FarhadBillimoria\OneDrive - Aurora Energy Research\Documents\Personal\Endog_demand_AI\pyai\data\original\prices\A100\EC2_p4d24xlarge_us-west-2.csv
2024-02-07,0.16932861514919667,0.15457973549021753,0.22496083360658728,1020.5451251646903,6027.009222661395,10,A100,aws,A100,p4d24xlarge,us-west-2,0,C:\Users\FarhadBillimoria\OneDrive - Aurora Energy Research\Documents\Personal\Endog_demand_AI\pyai\data\original\prices\A100\EC2_p4d24xlarge_us-west-2.csv
2024-02-08,0.18050490697774554,0.1541243123109994,0.22458738659962837,1087.9047390905098,6027.009222661395,11,A100,aws,A100,p4d24xlarge,us-west-2,0,C:\Users\FarhadBillimoria\OneDrive - Aurora Energy Research\Documents\Personal\Endog_demand_AI\pyai\data\original\prices\A100\EC2_p4d24xlarge_us-west-2.csv
2024-02-09,0.17779872724402182,0.15300852552191496,0.2240272160891901,1071.5945688771774,6027.009222661395,12,A100,aws,A100,p4d24xlarge,us-west-2,0,C:\Users\FarhadBillimoria\OneDrive - Aurora Energy Research\Documents\Personal\Endog_demand_AI\pyai\data\original\prices\A100\EC2_p4d24xlarge_us-west-2.csv
2024-02-10,0.17913077103972286,0.15242558385251578,0.2229342004590666,1079.6228091188564,6027.009222661395,11,A100,aws,A100,p4d24xlarge,us-west-2,0,C:\Users\FarhadBillimoria\OneDrive - Aurora Energy Research\Documents\Personal\Endog_demand_AI\pyai\data\original\prices\A100\EC2_p4d24xlarge_us-west-2.csv
2024-02-11,0.1736979865327226,0.1527125004554232,0.22182752213356655,1046.8793667904338,6027.009222661395,11,A100,aws,A100,p4d24xlarge,us-west-2,0,C:\Users\FarhadBillimoria\OneDrive - Aurora Energy Research\Documents\Personal\Endog_demand_AI\pyai\data\original\prices\A100\EC2_p4d24xlarge_us-west-2.csv
2024-02-12,0.18160090355958758,0.1530540678398368,0.22134932779538746,1094.5103205972769,6027.009222661395,10,A100,aws,A100,p4d24xlarge,us-west-2,0,C:\Users\FarhadBillimoria\OneDrive - Aurora Energy Research\Documents\Personal\Endog_demand_AI\pyai\data\original\prices\A100\EC2_p4d24xlarge_us-west-2.csv
2024-02-13,0.17352947995641188,0.15335464713812075,0.21970069588661784,1045.8637761009302,6027.009222661395,11,A100,aws,A100,p4d24xlarge,us-west-2,0,C:\Users\FarhadBillimoria\OneDrive - Aurora Energy Research\Documents\Personal\Endog_demand_AI\pyai\data\original\prices\A100\EC2_p4d24xlarge_us-west-2.csv
2024-02-14,0.17580175499073739,0.1539057091849747,0.21910864575363428,1059.5587986892333,6027.009222661394,13,A100,aws,A100,p4d24xlarge,us-west-2,0,C:\Users\FarhadBillimoria\OneDrive - Aurora Energy Research\Documents\Personal\Endog_demand_AI\pyai\data\original\prices\A100\EC2_p4d24xlarge_us-west-2.csv
2024-02-15,0.17711964068123212,0.15452963894050353,0.21782890662003135,1067.5017079002585,6027.009222661395,9,A100,aws,A100,p4d24xlarge,us-west-2,0,C:\Users\FarhadBillimoria\OneDrive - Aurora Energy Research\Documents\Personal\Endog_demand_AI\pyai\data\original\prices\A100\EC2_p4d24xlarge_us-west-2.csv
2024-02-16,0.17632479099579332,0.15496684519255294,0.21731427842751488,1062.711141515489,6027.009222661394,13,A100,aws,A100,p4d24xlarge,us-west-2,0,C:\Users\FarhadBillimoria\OneDrive - Aurora Energy Research\Documents\Personal\Endog_demand_AI\pyai\data\original\prices\A100\EC2_p4d24xlarge_us-west-2.csv
2024-02-17,0.18011324304361798,0.1566746821146209,0.21619393740663825,1085.5441769473389,6027.009222661395,11,A100,aws,A100,p4d24xlarge,us-west-2,0,C:\Users\FarhadBillimoria\OneDrive - Aurora Energy Research\Documents\Personal\Endog_demand_AI\pyai\data\original\prices\A100\EC2_p4d24xlarge_us-west-2.csv
2024-02-18,0.17613325847832353,0.1590201114875943,0.2154470433927205,1061.5567732662594,6027.009222661395,11,A100,aws,A100,p4d24xlarge,us-west-2,0,C:\Users\FarhadBillimoria\OneDrive - Aurora Energy Research\Documents\Personal\Endog_demand_AI\pyai\data\original\prices\A100\EC2_p4d24xlarge_us-west-2.csv
2024-02-19,0.17842759075065887,0.15976700550151204,0.2135570371989653,1075.384735031474,6027.009222661395,12,A100,aws,A100,p4d24xlarge,us-west-2,0,C:\Users\FarhadBillimoria\OneDrive - Aurora Energy Research\Documents\Personal\Endog_demand_AI\pyai\data\original\prices\A100\EC2_p4d24xlarge_us-west-2.csv
2024-02-20,0.1783004517797938,0.1608190330455059,0.21032353262651657,1074.6184672815107,6027.009222661395,12,A100,aws,A100,p4d24xlarge,us-west-2,0,C:\Users\FarhadBillimoria\OneDrive - Aurora Energy Research\Documents\Personal\Endog_demand_AI\pyai\data\original\prices\A100\EC2_p4d24xlarge_us-west-2.csv
2024-02-21,0.17392646246892612,0.16155226436404707,0.20894360039348567,1048.2563933650888,6027.009222661394,13,A100,aws,A100,p4d24xlarge,us-west-2,0,C:\Users\FarhadBillimoria\OneDrive - Aurora Energy Research\Documents\Personal\Endog_demand_AI\pyai\data\original\prices\A100\EC2_p4d24xlarge_us-west-2.csv
2024-02-22,0.1722884103909353,0.16200768754326522,0.20714467883557403,1038.383838383838,6027.009222661395,10,A100,aws,A100,p4d24xlarge,us-west-2,0,C:\Users\FarhadBillimoria\OneDrive - Aurora Energy Research\Documents\Personal\Endog_demand_AI\pyai\data\original\prices\A100\EC2_p4d24xlarge_us-west-2.csv
2024-02-23,0.1768781651910956,0.16291853390170147,0.20572831274820563,1066.046332894159,6027.009222661395,10,A100,aws,A100,p4d24xlarge,us-west-2,0,C:\Users\FarhadBillimoria\OneDrive - Aurora Energy Research\Documents\Personal\Endog_demand_AI\pyai\data\original\prices\A100\EC2_p4d24xlarge_us-west-2.csv
2024-02-24,0.17897013086378044,0.16366998214741138,0.20290013480526106,1078.6546292969217,6027.009222661395,11,A100,aws,A100,p4d24xlarge,us-west-2,0,C:\Users\FarhadBillimoria\OneDrive - Aurora Energy Research\Documents\Personal\Endog_demand_AI\pyai\data\original\prices\A100\EC2_p4d24xlarge_us-west-2.csv
2024-02-25,0.17894677317496754,0.16435767114803077,0.2041070062301891,1078.513852291026,6027.009222661395,12,A100,aws,A100,p4d24xlarge,us-west-2,0,C:\Users\FarhadBillimoria\OneDrive - Aurora Energy Research\Documents\Personal\Endog_demand_AI\pyai\data\original\prices\A100\EC2_p4d24xlarge_us-west-2.csv
2024-02-26,0.17948189541054882,0.16532772251976538,0.20441213976026526,1081.7390389401257,6027.009222661395,12,A100,aws,A100,p4d24xlarge,us-west-2,0,C:\Users\FarhadBillimoria\OneDrive - Aurora Energy Research\Documents\Personal\Endog_demand_AI\pyai\data\original\prices\A100\EC2_p4d24xlarge_us-west-2.csv
2024-02-27,0.17840519911101396,0.16662112434874488,0.20529110649615623,1075.2497804128236,6027.009222661395,12,A100,aws,A100,p4d24xlarge,us-west-2,0,C:\Users\FarhadBillimoria\OneDrive - Aurora Energy Research\Documents\Personal\Endog_demand_AI\pyai\data\original\prices\A100\EC2_p4d24xlarge_us-west-2.csv
2024-02-28,0.1815488841120058,0.167226837177105,0.20458520056836818,1094.1967989069437,6027.009222661395,9,A100,aws,A100,p4d24xlarge,us-west-2,0,C:\Users\FarhadBillimoria\OneDrive - Aurora Energy Research\Documents\Personal\Endog_demand_AI\pyai\data\original\prices\A100\EC2_p4d24xlarge_us-west-2.csv
2024-02-29,0.18095434277530684,0.16760483841585602,0.20372445075964588,1090.6134927874057,6027.009222661394,13,A100,aws,A100,p4d24xlarge,us-west-2,0,C:\Users\FarhadBillimoria\OneDrive - Aurora Energy Research\Documents\Personal\Endog_demand_AI\pyai\data\original\prices\A100\EC2_p4d24xlarge_us-west-2.csv
2024-03-01,0.1829450091691867,0.16841093744307212,0.20498597296608012,1102.6112575025618,6027.009222661395,9,A100,aws,A100,p4d24xlarge,us-west-2,0,C:\Users\FarhadBillimoria\OneDrive - Aurora Energy Research\Documents\Personal\Endog_demand_AI\pyai\data\original\prices\A100\EC2_p4d24xlarge_us-west-2.csv
2024-03-02,0.18749089153641565,0.16896655372171823,0.2086566837905782,1130.0093324549846,6027.009222661395,12,A100,aws,A100,p4d24xlarge,us-west-2,0,C:\Users\FarhadBillimoria\OneDrive - Aurora Energy Research\Documents\Personal\Endog_demand_AI\pyai\data\original\prices\A100\EC2_p4d24xlarge_us-west-2.csv
2024-03-03,0.18475425365249393,0.1696815681130907,0.21050570189820383,1113.5155906895036,6027.009222661395,10,A100,aws,A100,p4d24xlarge,us-west-2,0,C:\Users\FarhadBillimoria\OneDrive - Aurora Energy Research\Documents\Personal\Endog_demand_AI\pyai\data\original\prices\A100\EC2_p4d24xlarge_us-west-2.csv
2024-03-09,0.19554448118191425,0.17843935584945533,0.21772871352060336,1178.548391523935,6027.009222661395,8,A100,aws,A100,p4d24xlarge,us-west-2,0,C:\Users\FarhadBillimoria\OneDrive - Aurora Energy Research\Documents\Personal\Endog_demand_AI\pyai\data\original\prices\A100\EC2_p4d24xlarge_us-west-2.csv
2024-03-10,0.19353916436930974,0.17862152512114257,0.21854392101140385,1166.4623286000096,6027.009222661395,9,A100,aws,A100,p4d24xlarge,us-west-2,0,C:\Users\FarhadBillimoria\OneDrive - Aurora Energy Research\Documents\Personal\Endog_demand_AI\pyai\data\original\prices\A100\EC2_p4d24xlarge_us-west-2.csv
2024-03-11,0.19935528638665592,0.1805388567056509,0.21953218931030719,1201.516149638679,6027.009222661395,11,A100,aws,A100,p4d24xlarge,us-west-2,0,C:\Users\FarhadBillimoria\OneDrive - Aurora Energy Research\Documents\Personal\Endog_demand_AI\pyai\data\original\prices\A100\EC2_p4d24xlarge_us-west-2.csv
2024-03-12,0.2021395780959668,0.18269300834335267,0.22108062811964882,1218.2971014492753,6027.009222661394,13,A100,aws,A100,p4d24xlarge,us-west-2,0,C:\Users\FarhadBillimoria\OneDrive - Aurora Energy Research\Documents\Personal\Endog_demand_AI\pyai\data\original\prices\A100\EC2_p4d24xlarge_us-west-2.csv
2024-03-13,0.20180746950066003,0.1844190621925894,0.2226381753925748,1216.2954798824362,6027.009222661394,13,A100,aws,A100,p4d24xlarge,us-west-2,0,C:\Users\FarhadBillimoria\OneDrive - Aurora Energy Research\Documents\Personal\Endog_demand_AI\pyai\data\original\prices\A100\EC2_p4d24xlarge_us-west-2.csv
2024-03-14,0.20525831602725253,0.18613145334644954,0.2235171421284658,1237.0937637241982,6027.009222661395,10,A100,aws,A100,p4d24xlarge,us-west-2,0,C:\Users\FarhadBillimoria\OneDrive - Aurora Energy Research\Documents\Personal\Endog_demand_AI\pyai\data\original\prices\A100\EC2_p4d24xlarge_us-west-2.csv
2024-03-15,0.2006503442999235,0.1881717491893468,0.2240181076256057,1209.3214756258233,6027.009222661395,9,A100,aws,A100,p4d24xlarge,us-west-2,0,C:\Users\FarhadBillimoria\OneDrive - Aurora Energy Research\Documents\Personal\Endog_demand_AI\pyai\data\original\prices\A100\EC2_p4d24xlarge_us-west-2.csv
2024-03-16,0.20586835537581524,0.19031223813167197,0.22581247495172518,1240.770476504172,6027.009222661395,12,A100,aws,A100,p4d24xlarge,us-west-2,0,C:\Users\FarhadBillimoria\OneDrive - Aurora Energy Research\Documents\Personal\Endog_demand_AI\pyai\data\original\prices\A100\EC2_p4d24xlarge_us-west-2.csv
2024-03-17,0.20575199475352499,0.1917422669144169,0.22655026050205854,1240.0691699604743,6027.009222661395,10,A100,aws,A100,p4d24xlarge,us-west-2,0,C:\Users\FarhadBillimoria\OneDrive - Aurora Energy Research\Documents\Personal\Endog_demand_AI\pyai\data\original\prices\A100\EC2_p4d24xlarge_us-west-2.csv
2024-03-18,0.20827754399387913,0.19355485116770504,0.22731992567493714,1255.290678524374,6027.009222661395,12,A100,aws,A100,p4d24xlarge,us-west-2,0,C:\Users\FarhadBillimoria\OneDrive - Aurora Energy Research\Documents\Personal\Endog_demand_AI\pyai\data\original\prices\A100\EC2_p4d24xlarge_us-west-2.csv
2024-03-19,0.20625341567384417,0.1955587131562648,0.22767060152293517,1243.0912384716733,6027.009222661395,10,A100,aws,A100,p4d24xlarge,us-west-2,0,C:\Users\FarhadBillimoria\OneDrive - Aurora Energy Research\Documents\Personal\Endog_demand_AI\pyai\data\original\prices\A100\EC2_p4d24xlarge_us-west-2.csv
2024-03-20,0.20936790298879052,0.19637847487885748,0.22851768863628083,1261.862282242717,6027.009222661395,12,A100,aws,A100,p4d24xlarge,us-west-2,0,C:\Users\FarhadBillimoria\OneDrive - Aurora Energy Research\Documents\Personal\Endog_demand_AI\pyai\data\original\prices\A100\EC2_p4d24xlarge_us-west-2.csv
2024-03-21,0.21440412431231104,0.19790869676103037,0.2300888986045834,1292.2156346069387,6027.009222661395,11,A100,aws,A100,p4d24xlarge,us-west-2,0,C:\Users\FarhadBillimoria\OneDrive - Aurora Energy Research\Documents\Personal\Endog_demand_AI\pyai\data\original\prices\A100\EC2_p4d24xlarge_us-west-2.csv
2024-03-22,0.2097785428887189,0.1994799067293329,0.23085400954566984,1264.3372127067778,6027.009222661395,12,A100,aws,A100,p4d24xlarge,us-west-2,0,C:\Users\FarhadBillimoria\OneDrive - Aurora Energy Research\Documents\Personal\Endog_demand_AI\pyai\data\original\prices\A100\EC2_p4d24xlarge_us-west-2.csv
2024-03-23,0.21273818632273112,0.201265165591868,0.23186504900353408,1282.1750109793586,6027.009222661395,10,A100,aws,A100,p4d24xlarge,us-west-2,0,C:\Users\FarhadBillimoria\OneDrive - Aurora Energy Research\Documents\Personal\Endog_demand_AI\pyai\data\original\prices\A100\EC2_p4d24xlarge_us-west-2.csv
2024-03-24,0.2117708674900718,0.20392028272670967,0.23254818377236133,1276.3449714536669,6027.009222661395,10,A100,aws,A100,p4d24xlarge,us-west-2,0,C:\Users\FarhadBillimoria\OneDrive - Aurora Energy Research\Documents\Personal\Endog_demand_AI\pyai\data\original\prices\A100\EC2_p4d24xlarge_us-west-2.csv
2024-03-25,0.2132983568331694,0.20576474660254307,0.23538091594709806,1285.551163812033,6027.009222661395,10,A100,aws,A100,p4d24xlarge,us-west-2,0,C:\Users\FarhadBillimoria\OneDrive - Aurora Energy Research\Documents\Personal\Endog_demand_AI\pyai\data\original\prices\A100\EC2_p4d24xlarge_us-west-2.csv
2024-03-26,0.21788881228437468,0.2069124130141728,0.23821364812183482,1313.2178811526635,6027.009222661394,13,A100,aws,A100,p4d24xlarge,us-west-2,0,C:\Users\FarhadBillimoria\OneDrive - Aurora Energy Research\Documents\Personal\Endog_demand_AI\pyai\data\original\prices\A100\EC2_p4d24xlarge_us-west-2.csv
2024-03-27,0.22038345113612903,0.20826046562465841,0.24080500601158597,1328.2530925193967,6027.009222661395,12,A100,aws,A100,p4d24xlarge,us-west-2,0,C:\Users\FarhadBillimoria\OneDrive - Aurora Energy Research\Documents\Personal\Endog_demand_AI\pyai\data\original\prices\A100\EC2_p4d24xlarge_us-west-2.csv
2024-03-28,0.22512105976145766,0.20957208438080668,0.243719714358582,1356.8067033976122,6027.009222661395,11,A100,aws,A100,p4d24xlarge,us-west-2,0,C:\Users\FarhadBillimoria\OneDrive - Aurora Energy Research\Documents\Personal\Endog_demand_AI\pyai\data\original\prices\A100\EC2_p4d24xlarge_us-west-2.csv
2024-03-29,0.22283891191695324,0.21051481036178818,0.24660254308303275,1343.0521772913075,6027.009222661394,13,A100,aws,A100,p4d24xlarge,us-west-2,0,C:\Users\FarhadBillimoria\OneDrive - Aurora Energy Research\Documents\Personal\Endog_demand_AI\pyai\data\original\prices\A100\EC2_p4d24xlarge_us-west-2.csv
2024-03-30,0.2238637191678508,0.2117808868000146,0.2489798520785514,1349.2287000439171,6027.009222661395,10,A100,aws,A100,p4d24xlarge,us-west-2,0,C:\Users\FarhadBillimoria\OneDrive - Aurora Energy Research\Documents\Personal\Endog_demand_AI\pyai\data\original\prices\A100\EC2_p4d24xlarge_us-west-2.csv
2024-03-31,0.22238060828343922,0.21270995008561958,0.25036433854337453,1340.2899770653391,6027.009222661395,9,A100,aws,A100,p4d24xlarge,us-west-2,0,C:\Users\FarhadBillimoria\OneDrive - Aurora Energy Research\Documents\Personal\Endog_demand_AI\pyai\data\original\prices\A100\EC2_p4d24xlarge_us-west-2.csv
2024-04-01,0.22698291252231576,0.21354792873538095,0.2551599446205414,1368.0281071585416,6027.009222661394,13,A100,aws,A100,p4d24xlarge,us-west-2,0,C:\Users\FarhadBillimoria\OneDrive - Aurora Energy Research\Documents\Personal\Endog_demand_AI\pyai\data\original\prices\A100\EC2_p4d24xlarge_us-west-2.csv
2024-04-02,0.23138851074964314,0.2146864866834263,0.25704539658250447,1394.5806883059847,6027.009222661395,11,A100,aws,A100,p4d24xlarge,us-west-2,0,C:\Users\FarhadBillimoria\OneDrive - Aurora Energy Research\Documents\Personal\Endog_demand_AI\pyai\data\original\prices\A100\EC2_p4d24xlarge_us-west-2.csv
2024-04-03,0.23085069737709374,0.21564287535978435,0.2592815243924655,1391.3392821495586,6027.009222661395,11,A100,aws,A100,p4d24xlarge,us-west-2,0,C:\Users\FarhadBillimoria\OneDrive - Aurora Energy Research\Documents\Personal\Endog_demand_AI\pyai\data\original\prices\A100\EC2_p4d24xlarge_us-west-2.csv
2024-04-04,0.23316545734296312,0.2161666120158852,0.2619002076729698,1405.2903618121009,6027.009222661394,13,A100,aws,A100,p4d24xlarge,us-west-2,0,C:\Users\FarhadBillimoria\OneDrive - Aurora Energy Research\Documents\Personal\Endog_demand_AI\pyai\data\original\prices\A100\EC2_p4d24xlarge_us-west-2.csv
2024-04-05,0.23895279994170587,0.21697271104310126,0.26404525084708713,1440.1707290294244,6027.009222661395,10,A100,aws,A100,p4d24xlarge,us-west-2,0,C:\Users\FarhadBillimoria\OneDrive - Aurora Energy Research\Documents\Personal\Endog_demand_AI\pyai\data\original\prices\A100\EC2_p4d24xlarge_us-west-2.csv
2024-04-06,0.23724663290462833,0.21834353481254784,0.2657576420009473,1429.8876445615576,6027.009222661395,12,A100,aws,A100,p4d24xlarge,us-west-2,0,C:\Users\FarhadBillimoria\OneDrive - Aurora Energy Research\Documents\Personal\Endog_demand_AI\pyai\data\original\prices\A100\EC2_p4d24xlarge_us-west-2.csv
2024-04-07,0.2382245782781361,0.21998305825773312,0.2679983240427005,1435.7817303469476,6027.009222661395,10,A100,aws,A100,p4d24xlarge,us-west-2,0,C:\Users\FarhadBillimoria\OneDrive - Aurora Energy Research\Documents\Personal\Endog_demand_AI\pyai\data\original\prices\A100\EC2_p4d24xlarge_us-west-2.csv
2024-04-08,0.23958322982806532,0.22138120741793274,0.2715551790723941,1443.9703357687545,6027.009222661395,11,A100,aws,A100,p4d24xlarge,us-west-2,0,C:\Users\FarhadBillimoria\OneDrive - Aurora Energy Research\Documents\Personal\Endog_demand_AI\pyai\data\original\prices\A100\EC2_p4d24xlarge_us-west-2.csv
2024-04-09,0.242347979742777,0.22266094655153573,0.27589536197034287,1460.6335090030739,6027.009222661395,10,A100,aws,A100,p4d24xlarge,us-west-2,0,C:\Users\FarhadBillimoria\OneDrive - Aurora Energy Research\Documents\Personal\Endog_demand_AI\pyai\data\original\prices\A100\EC2_p4d24xlarge_us-west-2.csv
2024-04-10,0.2493139670836687,0.22374029948628268,0.27942033737749117,1502.6175789515707,6027.009222661395,11,A100,aws,A100,p4d24xlarge,us-west-2,0,C:\Users\FarhadBillimoria\OneDrive - Aurora Energy Research\Documents\Personal\Endog_demand_AI\pyai\data\original\prices\A100\EC2_p4d24xlarge_us-west-2.csv
2024-04-11,0.2451960444978808,0.22474223048056258,0.28205268335337197,1477.7988215488213,6027.009222661395,12,A100,aws,A100,p4d24xlarge,us-west-2,0,C:\Users\FarhadBillimoria\OneDrive - Aurora Energy Research\Documents\Personal\Endog_demand_AI\pyai\data\original\prices\A100\EC2_p4d24xlarge_us-west-2.csv
2024-04-12,0.25454827625829923,0.22652293511130547,0.28485353590556345,1534.1648086213302,6027.009222661394,13,A100,aws,A100,p4d24xlarge,us-west-2,0,C:\Users\FarhadBillimoria\OneDrive - Aurora Energy Research\Documents\Personal\Endog_demand_AI\pyai\data\original\prices\A100\EC2_p4d24xlarge_us-west-2.csv
2024-04-13,0.25227045971116363,0.2277024811454804,0.2883420774583743,1520.436387284213,6027.009222661394,13,A100,aws,A100,p4d24xlarge,us-west-2,0,C:\Users\FarhadBillimoria\OneDrive - Aurora Energy Research\Documents\Personal\Endog_demand_AI\pyai\data\original\prices\A100\EC2_p4d24xlarge_us-west-2.csv
2024-04-14,0.25681882355084346,0.22870441213976025,0.2919718001967428,1547.849418093983,6027.009222661395,12,A100,aws,A100,p4d24xlarge,us-west-2,0,C:\Users\FarhadBillimoria\OneDrive - Aurora Energy Research\Documents\Personal\Endog_demand_AI\pyai\data\original\prices\A100\EC2_p4d24xlarge_us-west-2.csv
2024-04-15,0.254369785404598,0.2309906364994353,0.29299650234998365,1533.0890425999119,6027.009222661395,10,A100,aws,A100,p4d24xlarge,us-west-2,0,C:\Users\FarhadBillimoria\OneDrive - Aurora Energy Research\Documents\Personal\Endog_demand_AI\pyai\data\original\prices\A100\EC2_p4d24xlarge_us-west-2.csv
2024-04-16,0.25958748596468567,0.2321565198382337,0.29504590665646524,1564.536171996646,6027.009222661395,11,A100,aws,A100,p4d24xlarge,us-west-2,0,C:\Users\FarhadBillimoria\OneDrive - Aurora Energy Research\Documents\Personal\Endog_demand_AI\pyai\data\original\prices\A100\EC2_p4d24xlarge_us-west-2.csv
2024-04-17,0.26134838658748377,0.235253397456917,0.29647138120741795,1575.1491362904405,6027.009222661395,12,A100,aws,A100,p4d24xlarge,us-west-2,0,C:\Users\FarhadBillimoria\OneDrive - Aurora Energy Research\Documents\Personal\Endog_demand_AI\pyai\data\original\prices\A100\EC2_p4d24xlarge_us-west-2.csv
2024-04-18,0.26497279605542806,0.23784930957846032,0.2979105184537473,1596.993485580442,6027.009222661395,12,A100,aws,A100,p4d24xlarge,us-west-2,0,C:\Users\FarhadBillimoria\OneDrive - Aurora Energy Research\Documents\Personal\Endog_demand_AI\pyai\data\original\prices\A100\EC2_p4d24xlarge_us-west-2.csv
2024-04-19,0.258564991923829,0.2392611214340365,0.2994088607133749,1558.3735909822865,6027.009222661395,9,A100,aws,A100,p4d24xlarge,us-west-2,0,C:\Users\FarhadBillimoria\OneDrive - Aurora Energy Research\Documents\Personal\Endog_demand_AI\pyai\data\original\prices\A100\EC2_p4d24xlarge_us-west-2.csv
2024-04-20,0.26755200932706674,0.24192079280067044,0.3007295879331075,1612.5384277558187,6027.009222661394,13,A100,aws,A100,p4d24xlarge,us-west-2,0,C:\Users\FarhadBillimoria\OneDrive - Aurora Energy Research\Documents\Personal\Endog_demand_AI\pyai\data\original\prices\A100\EC2_p4d24xlarge_us-west-2.csv
2024-04-21,0.2686847709801038,0.24560061208875292,0.30243287062338325,1619.3655926857502,6027.009222661395,11,A100,aws,A100,p4d24xlarge,us-west-2,0,C:\Users\FarhadBillimoria\OneDrive - Aurora Energy Research\Documents\Personal\Endog_demand_AI\pyai\data\original\prices\A100\EC2_p4d24xlarge_us-west-2.csv
2024-04-22,0.27248242066528217,0.2483969104091522,0.30302036652457465,1642.2540623627578,6027.009222661395,10,A100,aws,A100,p4d24xlarge,us-west-2,0,C:\Users\FarhadBillimoria\OneDrive - Aurora Energy Research\Documents\Personal\Endog_demand_AI\pyai\data\original\prices\A100\EC2_p4d24xlarge_us-west-2.csv
2024-04-23,0.2733886368880631,0.2496675410791708,0.30531114511604185,1647.7158358951835,6027.009222661395,12,A100,aws,A100,p4d24xlarge,us-west-2,0,C:\Users\FarhadBillimoria\OneDrive - Aurora Energy Research\Documents\Personal\Endog_demand_AI\pyai\data\original\prices\A100\EC2_p4d24xlarge_us-west-2.csv
2024-04-24,0.27716675167899346,0.25335191459904544,0.30725580209130327,1670.4865685843945,6027.009222661395,12,A100,aws,A100,p4d24xlarge,us-west-2,0,C:\Users\FarhadBillimoria\OneDrive - Aurora Energy Research\Documents\Personal\Endog_demand_AI\pyai\data\original\prices\A100\EC2_p4d24xlarge_us-west-2.csv
2024-04-25,0.2802274123115199,0.2553831019783583,0.30916402521222724,1688.9331984440676,6027.009222661395,14,A100,aws,A100,p4d24xlarge,us-west-2,0,C:\Users\FarhadBillimoria\OneDrive - Aurora Energy Research\Documents\Personal\Endog_demand_AI\pyai\data\original\prices\A100\EC2_p4d24xlarge_us-west-2.csv
2024-04-26,0.27703240184112415,0.25669016650271437,0.30986537690822313,1669.676840872493,6027.009222661395,12,A100,aws,A100,p4d24xlarge,us-west-2,0,C:\Users\FarhadBillimoria\OneDrive - Aurora Energy Research\Documents\Personal\Endog_demand_AI\pyai\data\original\prices\A100\EC2_p4d24xlarge_us-west-2.csv
2024-04-27,0.28445913943236056,0.25948646482311366,0.31136827339964296,1714.4378568291609,6027.009222661395,10,A100,aws,A100,p4d24xlarge,us-west-2,0,C:\Users\FarhadBillimoria\OneDrive - Aurora Energy Research\Documents\Personal\Endog_demand_AI\pyai\data\original\prices\A100\EC2_p4d24xlarge_us-west-2.csv
2024-04-28,0.2838372916113653,0.26099391554632567,0.31395052282580976,1710.6899742769306,6027.009222661395,14,A100,aws,A100,p4d24xlarge,us-west-2,0,C:\Users\FarhadBillimoria\OneDrive - Aurora Energy Research\Documents\Personal\Endog_demand_AI\pyai\data\original\prices\A100\EC2_p4d24xlarge_us-west-2.csv
2024-04-29,0.28826738805698254,0.26360349036324554,0.3173024374248552,1737.3902064119454,6027.009222661395,10,A100,aws,A100,p4d24xlarge,us-west-2,0,C:\Users\FarhadBillimoria\OneDrive - Aurora Energy Research\Documents\Personal\Endog_demand_AI\pyai\data\original\prices\A100\EC2_p4d24xlarge_us-west-2.csv
2024-04-30,0.28245269671245193,0.2649333260465625,0.31952945677123185,1702.3450080515295,6027.009222661395,12,A100,aws,A100,p4d24xlarge,us-west-2,0,C:\Users\FarhadBillimoria\OneDrive - Aurora Energy Research\Documents\Personal\Endog_demand_AI\pyai\data\original\prices\A100\EC2_p4d24xlarge_us-west-2.csv
2024-05-01,0.29124557538865115,0.2661994024847889,0.32321383029110656,1755.3397689267254,6027.009222661394,13,A100,aws,A100,p4d24xlarge,us-west-2,0,C:\Users\FarhadBillimoria\OneDrive - Aurora Energy Research\Documents\Personal\Endog_demand_AI\pyai\data\original\prices\A100\EC2_p4d24xlarge_us-west-2.csv
2024-05-02,0.28647484242358,0.26726053849236714,0.3257915254854811,1726.5865173473867,6027.009222661395,8,A100,aws,A100,p4d24xlarge,us-west-2,0,C:\Users\FarhadBillimoria\OneDrive - Aurora Energy Research\Documents\Personal\Endog_demand_AI\pyai\data\original\prices\A100\EC2_p4d24xlarge_us-west-2.csv
2024-05-03,0.2936369929483931,0.2684901810762561,0.33002696105220974,1769.7528646145247,6027.009222661395,11,A100,aws,A100,p4d24xlarge,us-west-2,0,C:\Users\FarhadBillimoria\OneDrive - Aurora Energy Research\Documents\Personal\Endog_demand_AI\pyai\data\original\prices\A100\EC2_p4d24xlarge_us-west-2.csv
2024-05-04,0.2894487557838744,0.26918697854045986,0.33299632018071196,1744.510320597277,6027.009222661395,12,A100,aws,A100,p4d24xlarge,us-west-2,0,C:\Users\FarhadBillimoria\OneDrive - Aurora Energy Research\Documents\Personal\Endog_demand_AI\pyai\data\original\prices\A100\EC2_p4d24xlarge_us-west-2.csv
2024-05-05,0.2927964956704437,0.27022534338907717,0.3372272015156484,1764.687179768701,6027.009222661395,12,A100,aws,A100,p4d24xlarge,us-west-2,0,C:\Users\FarhadBillimoria\OneDrive - Aurora Energy Research\Documents\Personal\Endog_demand_AI\pyai\data\original\prices\A100\EC2_p4d24xlarge_us-west-2.csv
2024-05-06,0.3070347148388465,0.2719377345429373,0.34242813422231944,1850.501058010939,6027.009222661395,11,A100,aws,A100,p4d24xlarge,us-west-2,0,C:\Users\FarhadBillimoria\OneDrive - Aurora Energy Research\Documents\Personal\Endog_demand_AI\pyai\data\original\prices\A100\EC2_p4d24xlarge_us-west-2.csv
2024-05-07,0.29582278269634815,0.27306718402739827,0.34452308084672284,1782.926639584248,6027.009222661395,12,A100,aws,A100,p4d24xlarge,us-west-2,0,C:\Users\FarhadBillimoria\OneDrive - Aurora Energy Research\Documents\Personal\Endog_demand_AI\pyai\data\original\prices\A100\EC2_p4d24xlarge_us-west-2.csv
2024-05-08,0.30259135788975117,0.2747112617043757,0.34654060553065913,1823.7209046991654,6027.009222661395,10,A100,aws,A100,p4d24xlarge,us-west-2,0,C:\Users\FarhadBillimoria\OneDrive - Aurora Energy Research\Documents\Personal\Endog_demand_AI\pyai\data\original\prices\A100\EC2_p4d24xlarge_us-west-2.csv
2024-05-09,0.30503018404701654,0.2753898422414107,0.34960104929500496,1838.4197324414713,6027.009222661394,13,A100,aws,A100,p4d24xlarge,us-west-2,0,C:\Users\FarhadBillimoria\OneDrive - Aurora Energy Research\Documents\Personal\Endog_demand_AI\pyai\data\original\prices\A100\EC2_p4d24xlarge_us-west-2.csv
2024-05-15,0.30840195042566887,0.2845848362298248,0.3727365467992859,1858.741399502269,6027.009222661395,6,A100,aws,A100,p4d24xlarge,us-west-2,0,C:\Users\FarhadBillimoria\OneDrive - Aurora Energy Research\Documents\Personal\Endog_demand_AI\pyai\data\original\prices\A100\EC2_p4d24xlarge_us-west-2.csv
2024-05-16,0.33028882938026016,0.286374649324152,0.37774164753889317,1990.653820816864,6027.009222661395,10,A100,aws,A100,p4d24xlarge,us-west-2,0,C:\Users\FarhadBillimoria\OneDrive - Aurora Energy Research\Documents\Personal\Endog_demand_AI\pyai\data\original\prices\A100\EC2_p4d24xlarge_us-west-2.csv
2024-05-17,0.3237726345320072,0.2872991583779648,0.38142602105876783,1951.3806543697847,6027.009222661395,10,A100,aws,A100,p4d24xlarge,us-west-2,0,C:\Users\FarhadBillimoria\OneDrive - Aurora Energy Research\Documents\Personal\Endog_demand_AI\pyai\data\original\prices\A100\EC2_p4d24xlarge_us-west-2.csv
2024-05-18,0.3343216016322367,0.2884695959485554,0.3859438189966116,2014.9593763724197,6027.009222661394,13,A100,aws,A100,p4d24xlarge,us-west-2,0,C:\Users\FarhadBillimoria\OneDrive - Aurora Energy Research\Documents\Personal\Endog_demand_AI\pyai\data\original\prices\A100\EC2_p4d24xlarge_us-west-2.csv
2024-05-19,0.3366827638059467,0.2896719131416913,0.3888995154297374,2029.190122569569,6027.009222661395,11,A100,aws,A100,p4d24xlarge,us-west-2,0,C:\Users\FarhadBillimoria\OneDrive - Aurora Energy Research\Documents\Personal\Endog_demand_AI\pyai\data\original\prices\A100\EC2_p4d24xlarge_us-west-2.csv
2024-05-20,0.3273274401573943,0.2911247130833971,0.3906210150471819,1972.8055006587613,6027.009222661395,12,A100,aws,A100,p4d24xlarge,us-west-2,0,C:\Users\FarhadBillimoria\OneDrive - Aurora Energy Research\Documents\Personal\Endog_demand_AI\pyai\data\original\prices\A100\EC2_p4d24xlarge_us-west-2.csv
2024-05-21,0.3396016123636629,0.2947407731263891,0.3938590738514227,2046.782049746476,6027.009222661395,11,A100,aws,A100,p4d24xlarge,us-west-2,0,C:\Users\FarhadBillimoria\OneDrive - Aurora Energy Research\Documents\Personal\Endog_demand_AI\pyai\data\original\prices\A100\EC2_p4d24xlarge_us-west-2.csv
2024-05-22,0.33705550697708314,0.2976053849236711,0.39607698473421504,2031.4366490996922,6027.009222661395,10,A100,aws,A100,p4d24xlarge,us-west-2,0,C:\Users\FarhadBillimoria\OneDrive - Aurora Energy Research\Documents\Personal\Endog_demand_AI\pyai\data\original\prices\A100\EC2_p4d24xlarge_us-west-2.csv
2024-05-23,0.3410315031393838,0.3008024556417824,0.3984907275840711,2055.400014639145,6027.009222661395,12,A100,aws,A100,p4d24xlarge,us-west-2,0,C:\Users\FarhadBillimoria\OneDrive - Aurora Energy Research\Documents\Personal\Endog_demand_AI\pyai\data\original\prices\A100\EC2_p4d24xlarge_us-west-2.csv
2024-05-24,0.3413744505940375,0.30335737967719606,0.39954275512806503,2057.4669621112303,6027.009222661395,11,A100,aws,A100,p4d24xlarge,us-west-2,0,C:\Users\FarhadBillimoria\OneDrive - Aurora Energy Research\Documents\Personal\Endog_demand_AI\pyai\data\original\prices\A100\EC2_p4d24xlarge_us-west-2.csv
2024-05-25,0.3437283673989872,0.3064405946005028,0.4007906146391227,2071.65404040404,6027.009222661395,12,A100,aws,A100,p4d24xlarge,us-west-2,0,C:\Users\FarhadBillimoria\OneDrive - Aurora Energy Research\Documents\Personal\Endog_demand_AI\pyai\data\original\prices\A100\EC2_p4d24xlarge_us-west-2.csv
2024-05-26,0.3556486550939497,0.30964221955040633,0.40278536816409816,2143.4977242783566,6027.009222661395,11,A100,aws,A100,p4d24xlarge,us-west-2,0,C:\Users\FarhadBillimoria\OneDrive - Aurora Energy Research\Documents\Personal\Endog_demand_AI\pyai\data\original\prices\A100\EC2_p4d24xlarge_us-west-2.csv
2024-05-27,0.3522826637784557,0.3121880351222356,0.4052719787226291,2123.210863576476,6027.009222661395,11,A100,aws,A100,p4d24xlarge,us-west-2,0,C:\Users\FarhadBillimoria\OneDrive - Aurora Energy Research\Documents\Personal\Endog_demand_AI\pyai\data\original\prices\A100\EC2_p4d24xlarge_us-west-2.csv
2024-05-28,0.3525112034102088,0.3168880023317667,0.40726673224760457,2124.5882740447955,6027.009222661395,11,A100,aws,A100,p4d24xlarge,us-west-2,0,C:\Users\FarhadBillimoria\OneDrive - Aurora Energy Research\Documents\Personal\Endog_demand_AI\pyai\data\original\prices\A100\EC2_p4d24xlarge_us-west-2.csv
2024-05-29,0.3595213046963239,0.3206497977921085,0.40980799358764164,2166.8382191480014,6027.009222661395,12,A100,aws,A100,p4d24xlarge,us-west-2,0,C:\Users\FarhadBillimoria\OneDrive - Aurora Energy Research\Documents\Personal\Endog_demand_AI\pyai\data\original\prices\A100\EC2_p4d24xlarge_us-west-2.csv
2024-05-30,0.36530693866195013,0.32412923088133494,0.41160691514555325,2201.7082884177744,6027.009222661395,11,A100,aws,A100,p4d24xlarge,us-west-2,0,C:\Users\FarhadBillimoria\OneDrive - Aurora Energy Research\Documents\Personal\Endog_demand_AI\pyai\data\original\prices\A100\EC2_p4d24xlarge_us-west-2.csv
2024-05-31,0.3590879281391906,0.325887164353117,0.41297773891499984,2164.2262546412744,6027.009222661395,11,A100,aws,A100,p4d24xlarge,us-west-2,0,C:\Users\FarhadBillimoria\OneDrive - Aurora Energy Research\Documents\Personal\Endog_demand_AI\pyai\data\original\prices\A100\EC2_p4d24xlarge_us-west-2.csv
2024-06-01,0.36775156058342745,0.3288792946405801,0.414740226618574,2216.442047284438,6027.009222661395,12,A100,aws,A100,p4d24xlarge,us-west-2,0,C:\Users\FarhadBillimoria\OneDrive - Aurora Energy Research\Documents\Personal\Endog_demand_AI\pyai\data\original\prices\A100\EC2_p4d24xlarge_us-west-2.csv
2024-06-02,0.36842161918673016,0.32942124822384966,0.41664844973949794,2220.4804966662673,6027.009222661395,11,A100,aws,A100,p4d24xlarge,us-west-2,0,C:\Users\FarhadBillimoria\OneDrive - Aurora Energy Research\Documents\Personal\Endog_demand_AI\pyai\data\original\prices\A100\EC2_p4d24xlarge_us-west-2.csv
2024-06-03,0.3658578351003753,0.33132036288118927,0.4178416584690494,2205.0285463328937,6027.009222661395,10,A100,aws,A100,p4d24xlarge,us-west-2,0,C:\Users\FarhadBillimoria\OneDrive - Aurora Energy Research\Documents\Personal\Endog_demand_AI\pyai\data\original\prices\A100\EC2_p4d24xlarge_us-west-2.csv
2024-06-04,0.3754473656922012,0.3354419426531133,0.4195403869275331,2262.8247356508223,6027.009222661394,13,A100,aws,A100,p4d24xlarge,us-west-2,0,C:\Users\FarhadBillimoria\OneDrive - Aurora Energy Research\Documents\Personal\Endog_demand_AI\pyai\data\original\prices\A100\EC2_p4d24xlarge_us-west-2.csv
2024-06-05,0.3707499908915365,0.33875286916602915,0.42103872918716073,2234.5136144049184,6027.009222661395,10,A100,aws,A100,p4d24xlarge,us-west-2,0,C:\Users\FarhadBillimoria\OneDrive - Aurora Energy Research\Documents\Personal\Endog_demand_AI\pyai\data\original\prices\A100\EC2_p4d24xlarge_us-west-2.csv
2024-06-06,0.3717975470079526,0.3417996502349984,0.42160345392939125,2240.8272447798136,6027.009222661395,11,A100,aws,A100,p4d24xlarge,us-west-2,0,C:\Users\FarhadBillimoria\OneDrive - Aurora Energy Research\Documents\Personal\Endog_demand_AI\pyai\data\original\prices\A100\EC2_p4d24xlarge_us-west-2.csv
2024-06-07,0.379393591616239,0.3446323824097352,0.42367107516304153,2286.608675689703,6027.009222661395,11,A100,aws,A100,p4d24xlarge,us-west-2,0,C:\Users\FarhadBillimoria\OneDrive - Aurora Energy Research\Documents\Personal\Endog_demand_AI\pyai\data\original\prices\A100\EC2_p4d24xlarge_us-west-2.csv
2024-06-08,0.37643541105668116,0.3480526104856633,0.42522406820417535,2268.7796941749507,6027.009222661395,11,A100,aws,A100,p4d24xlarge,us-west-2,0,C:\Users\FarhadBillimoria\OneDrive - Aurora Energy Research\Documents\Personal\Endog_demand_AI\pyai\data\original\prices\A100\EC2_p4d24xlarge_us-west-2.csv
2024-06-09,0.3866062845596128,0.3522789375888075,0.42747385870951293,2330.0796425796425,6027.009222661394,13,A100,aws,A100,p4d24xlarge,us-west-2,0,C:\Users\FarhadBillimoria\OneDrive - Aurora Energy Research\Documents\Personal\Endog_demand_AI\pyai\data\original\prices\A100\EC2_p4d24xlarge_us-west-2.csv
2024-06-22,0.42623055343024746,0.41160691514555325,0.4469659707800488,2568.8954765041717,6027.009222661395,3,A100,aws,A100,p4d24xlarge,us-west-2,0,C:\Users\FarhadBillimoria\OneDrive - Aurora Energy Research\Documents\Personal\Endog_demand_AI\pyai\data\original\prices\A100\EC2_p4d24xlarge_us-west-2.csv
2024-06-23,0.4315104261546496,0.41160691514555325,0.44432907057237586,2600.717318108622,6027.009222661395,9,A100,aws,A100,p4d24xlarge,us-west-2,0,C:\Users\FarhadBillimoria\OneDrive - Aurora Energy Research\Documents\Personal\Endog_demand_AI\pyai\data\original\prices\A100\EC2_p4d24xlarge_us-west-2.csv
2024-06-24,0.4344266525789097,0.40927514846795654,0.4455131708383431,2618.2934416630064,6027.009222661395,6,A100,aws,A100,p4d24xlarge,us-west-2,0,C:\Users\FarhadBillimoria\OneDrive - Aurora Energy Research\Documents\Personal\Endog_demand_AI\pyai\data\original\prices\A100\EC2_p4d24xlarge_us-west-2.csv
2024-06-25,0.4333149862852563,0.4069433817903596,0.45151109410864576,2611.5934186586355,6027.009222661395,7,A100,aws,A100,p4d24xlarge,us-west-2,0,C:\Users\FarhadBillimoria\OneDrive - Aurora Energy Research\Documents\Personal\Endog_demand_AI\pyai\data\original\prices\A100\EC2_p4d24xlarge_us-west-2.csv
2024-06-26,0.4348318412013898,0.4113564323969834,0.4584608518235145,2620.7355172276116,6027.009222661395,11,A100,aws,A100,p4d24xlarge,us-west-2,0,C:\Users\FarhadBillimoria\OneDrive - Aurora Energy Research\Documents\Personal\Endog_demand_AI\pyai\data\original\prices\A100\EC2_p4d24xlarge_us-west-2.csv
2024-06-27,0.432960695967582,0.41628411119612346,0.4576684154916749,2609.458107646513,6027.009222661395,9,A100,aws,A100,p4d24xlarge,us-west-2,0,C:\Users\FarhadBillimoria\OneDrive - Aurora Energy Research\Documents\Personal\Endog_demand_AI\pyai\data\original\prices\A100\EC2_p4d24xlarge_us-west-2.csv
2024-06-28,0.43813895872044306,0.4186204321055125,0.4596039640033519,2640.6675450153707,6027.009222661395,10,A100,aws,A100,p4d24xlarge,us-west-2,0,C:\Users\FarhadBillimoria\OneDrive - Aurora Energy Research\Documents\Personal\Endog_demand_AI\pyai\data\original\prices\A100\EC2_p4d24xlarge_us-west-2.csv
2024-06-29,0.4362973575045933,0.4162932196597079,0.4527179655335738,2629.5681975029797,6027.009222661395,7,A100,aws,A100,p4d24xlarge,us-west-2,0,C:\Users\FarhadBillimoria\OneDrive - Aurora Energy Research\Documents\Personal\Endog_demand_AI\pyai\data\original\prices\A100\EC2_p4d24xlarge_us-west-2.csv
2024-06-30,0.43972929646227277,0.4186204321055125,0.45086439319415605,2650.252525252525,6027.009222661395,5,A100,aws,A100,p4d24xlarge,us-west-2,0,C:\Users\FarhadBillimoria\OneDrive - Aurora Energy Research\Documents\Personal\Endog_demand_AI\pyai\data\original\prices\A100\EC2_p4d24xlarge_us-west-2.csv
2024-07-01,0.4321287896268769,0.4151318905527016,0.44932050861660655,2604.444200458693,6027.009222661395,9,A100,aws,A100,p4d24xlarge,us-west-2,0,C:\Users\FarhadBillimoria\OneDrive - Aurora Energy Research\Documents\Personal\Endog_demand_AI\pyai\data\original\prices\A100\EC2_p4d24xlarge_us-west-2.csv
2024-07-02,0.4174509053812804,0.3976163150799724,0.43638649032681176,2515.9804567413257,6027.009222661395,10,A100,aws,A100,p4d24xlarge,us-west-2,0,C:\Users\FarhadBillimoria\OneDrive - Aurora Energy Research\Documents\Personal\Endog_demand_AI\pyai\data\original\prices\A100\EC2_p4d24xlarge_us-west-2.csv
2024-07-03,0.40898777644186984,0.3900244106824061,0.42569770831056225,2464.9731005709264,6027.009222661395,10,A100,aws,A100,p4d24xlarge,us-west-2,0,C:\Users\FarhadBillimoria\OneDrive - Aurora Energy Research\Documents\Personal\Endog_demand_AI\pyai\data\original\prices\A100\EC2_p4d24xlarge_us-west-2.csv
2024-07-04,0.4012474391204307,0.371607097314825,0.4236346413087041,2418.3220161481026,6027.009222661394,13,A100,aws,A100,p4d24xlarge,us-west-2,0,C:\Users\FarhadBillimoria\OneDrive - Aurora Energy Research\Documents\Personal\Endog_demand_AI\pyai\data\original\prices\A100\EC2_p4d24xlarge_us-west-2.csv
2024-07-05,0.4013202717965534,0.36588242795205306,0.4219541297773892,2418.760979358805,6027.009222661395,10,A100,aws,A100,p4d24xlarge,us-west-2,0,C:\Users\FarhadBillimoria\OneDrive - Aurora Energy Research\Documents\Personal\Endog_demand_AI\pyai\data\original\prices\A100\EC2_p4d24xlarge_us-west-2.csv
2024-07-06,0.4084900689720889,0.3614420519546763,0.43235599519073126,2461.9734130603692,6027.009222661394,13,A100,aws,A100,p4d24xlarge,us-west-2,0,C:\Users\FarhadBillimoria\OneDrive - Aurora Energy Research\Documents\Personal\Endog_demand_AI\pyai\data\original\prices\A100\EC2_p4d24xlarge_us-west-2.csv
2024-07-07,0.4022521435250969,0.345556891463548,0.4411319998542646,2424.3773788610742,6027.009222661395,12,A100,aws,A100,p4d24xlarge,us-west-2,0,C:\Users\FarhadBillimoria\OneDrive - Aurora Energy Research\Documents\Personal\Endog_demand_AI\pyai\data\original\prices\A100\EC2_p4d24xlarge_us-west-2.csv
2024-07-08,0.39703185533330904,0.3346130724669363,0.43622709221408534,2392.914653784219,6027.009222661395,3,A100,aws,A100,p4d24xlarge,us-west-2,0,C:\Users\FarhadBillimoria\OneDrive - Aurora Energy Research\Documents\Personal\Endog_demand_AI\pyai\data\original\prices\A100\EC2_p4d24xlarge_us-west-2.csv
2024-07-09,0.4032946830861904,0.3363209093890043,0.43892775166684894,2430.660774410774,6027.009222661395,12,A100,aws,A100,p4d24xlarge,us-west-2,0,C:\Users\FarhadBillimoria\OneDrive - Aurora Energy Research\Documents\Personal\Endog_demand_AI\pyai\data\original\prices\A100\EC2_p4d24xlarge_us-west-2.csv
2024-07-10,0.4092651291580137,0.3481801289758444,0.44186978540459804,2466.6447079490554,6027.009222661395,10,A100,aws,A100,p4d24xlarge,us-west-2,0,C:\Users\FarhadBillimoria\OneDrive - Aurora Energy Research\Documents\Personal\Endog_demand_AI\pyai\data\original\prices\A100\EC2_p4d24xlarge_us-west-2.csv
2024-07-11,0.40811121694278324,0.3551435493860896,0.4408815171056946,2459.69006838572,6027.009222661395,14,A100,aws,A100,p4d24xlarge,us-west-2,0,C:\Users\FarhadBillimoria\OneDrive - Aurora Energy Research\Documents\Personal\Endog_demand_AI\pyai\data\original\prices\A100\EC2_p4d24xlarge_us-west-2.csv
2024-07-12,0.4119836743210883,0.37670328269027586,0.44169672459649517,2483.029404719128,6027.009222661395,11,A100,aws,A100,p4d24xlarge,us-west-2,0,C:\Users\FarhadBillimoria\OneDrive - Aurora Energy Research\Documents\Personal\Endog_demand_AI\pyai\data\original\prices\A100\EC2_p4d24xlarge_us-west-2.csv
2024-07-13,0.41801347721393634,0.3949156556272088,0.44920665282180205,2519.371082365153,6027.009222661395,11,A100,aws,A100,p4d24xlarge,us-west-2,0,C:\Users\FarhadBillimoria\OneDrive - Aurora Energy Research\Documents\Personal\Endog_demand_AI\pyai\data\original\prices\A100\EC2_p4d24xlarge_us-west-2.csv
2024-07-14,0.4139719627477853,0.38296990563631733,0.45808740481655563,2495.0128374041415,6027.009222661394,13,A100,aws,A100,p4d24xlarge,us-west-2,0,C:\Users\FarhadBillimoria\OneDrive - Aurora Energy Research\Documents\Personal\Endog_demand_AI\pyai\data\original\prices\A100\EC2_p4d24xlarge_us-west-2.csv
2024-07-15,0.424221226363537,0.3759336175173972,0.47249243997522505,2556.785243741765,6027.009222661395,10,A100,aws,A100,p4d24xlarge,us-west-2,0,C:\Users\FarhadBillimoria\OneDrive - Aurora Energy Research\Documents\Personal\Endog_demand_AI\pyai\data\original\prices\A100\EC2_p4d24xlarge_us-west-2.csv
2024-07-16,0.4390812292782454,0.37491346959594857,0.4901127627791744,2646.346618357488,6027.009222661395,10,A100,aws,A100,p4d24xlarge,us-west-2,0,C:\Users\FarhadBillimoria\OneDrive - Aurora Energy Research\Documents\Personal\Endog_demand_AI\pyai\data\original\prices\A100\EC2_p4d24xlarge_us-west-2.csv
2024-07-17,0.4561272634532008,0.3751685065763108,0.5155618100338835,2749.083223539745,6027.009222661395,10,A100,aws,A100,p4d24xlarge,us-west-2,0,C:\Users\FarhadBillimoria\OneDrive - Aurora Energy Research\Documents\Personal\Endog_demand_AI\pyai\data\original\prices\A100\EC2_p4d24xlarge_us-west-2.csv
2024-07-18,0.4592499759867779,0.3726636790906111,0.5318477429227239,2767.9038407793346,6027.009222661395,11,A100,aws,A100,p4d24xlarge,us-west-2,0,C:\Users\FarhadBillimoria\OneDrive - Aurora Energy Research\Documents\Personal\Endog_demand_AI\pyai\data\original\prices\A100\EC2_p4d24xlarge_us-west-2.csv
2024-07-19,0.47154971399424345,0.36908405290195656,0.5382464385907385,2842.0344751866487,6027.009222661395,9,A100,aws,A100,p4d24xlarge,us-west-2,0,C:\Users\FarhadBillimoria\OneDrive - Aurora Energy Research\Documents\Personal\Endog_demand_AI\pyai\data\original\prices\A100\EC2_p4d24xlarge_us-west-2.csv
2024-07-20,0.44991346959594863,0.37024082777717054,0.5492449083688564,2711.6326306543697,6027.009222661395,10,A100,aws,A100,p4d24xlarge,us-west-2,0,C:\Users\FarhadBillimoria\OneDrive - Aurora Energy Research\Documents\Personal\Endog_demand_AI\pyai\data\original\prices\A100\EC2_p4d24xlarge_us-west-2.csv
2024-07-21,0.4610299445800594,0.3693026560279812,0.5505474186614202,2778.63172790709,6027.009222661395,9,A100,aws,A100,p4d24xlarge,us-west-2,0,C:\Users\FarhadBillimoria\OneDrive - Aurora Energy Research\Documents\Personal\Endog_demand_AI\pyai\data\original\prices\A100\EC2_p4d24xlarge_us-west-2.csv
2024-07-22,0.45852096768317124,0.3701224177505739,0.566819688854884,2763.5101010101007,6027.009222661395,10,A100,aws,A100,p4d24xlarge,us-west-2,0,C:\Users\FarhadBillimoria\OneDrive - Aurora Energy Research\Documents\Personal\Endog_demand_AI\pyai\data\original\prices\A100\EC2_p4d24xlarge_us-west-2.csv
2024-07-23,0.5050899233067366,0.3654862097861333,0.5738696396691806,3044.1816260430387,6027.009222661395,8,A100,aws,A100,p4d24xlarge,us-west-2,0,C:\Users\FarhadBillimoria\OneDrive - Aurora Energy Research\Documents\Personal\Endog_demand_AI\pyai\data\original\prices\A100\EC2_p4d24xlarge_us-west-2.csv
2024-07-24,0.47321959898471,0.3654862097861333,0.5806463365759463,2852.0988874249742,6027.009222661395,9,A100,aws,A100,p4d24xlarge,us-west-2,0,C:\Users\FarhadBillimoria\OneDrive - Aurora Energy Research\Documents\Personal\Endog_demand_AI\pyai\data\original\prices\A100\EC2_p4d24xlarge_us-west-2.csv
2024-07-25,0.46164053365660107,0.3647985207855139,0.5709685940175612,2782.3117539026625,6027.009222661395,11,A100,aws,A100,p4d24xlarge,us-west-2,0,C:\Users\FarhadBillimoria\OneDrive - Aurora Energy Research\Documents\Personal\Endog_demand_AI\pyai\data\original\prices\A100\EC2_p4d24xlarge_us-west-2.csv
2024-07-26,0.4717509282352435,0.3656137282763144,0.601859948263927,2843.2471952728865,6027.009222661395,11,A100,aws,A100,p4d24xlarge,us-west-2,0,C:\Users\FarhadBillimoria\OneDrive - Aurora Energy Research\Documents\Personal\Endog_demand_AI\pyai\data\original\prices\A100\EC2_p4d24xlarge_us-west-2.csv
2024-07-27,0.4932005319342734,0.37670328269027586,0.6294358217655847,2972.5241545893714,6027.009222661395,10,A100,aws,A100,p4d24xlarge,us-west-2,0,C:\Users\FarhadBillimoria\OneDrive - Aurora Energy Research\Documents\Personal\Endog_demand_AI\pyai\data\original\prices\A100\EC2_p4d24xlarge_us-west-2.csv
2024-07-28,0.4745545310702705,0.3824325062848399,0.6424518162276388,2860.1445354162743,6027.009222661395,14,A100,aws,A100,p4d24xlarge,us-west-2,0,C:\Users\FarhadBillimoria\OneDrive - Aurora Energy Research\Documents\Personal\Endog_demand_AI\pyai\data\original\prices\A100\EC2_p4d24xlarge_us-west-2.csv
2024-07-29,0.49154909742132397,0.3870277261631509,0.6320727219732577,2962.5709435492045,6027.009222661394,13,A100,aws,A100,p4d24xlarge,us-west-2,0,C:\Users\FarhadBillimoria\OneDrive - Aurora Energy Research\Documents\Personal\Endog_demand_AI\pyai\data\original\prices\A100\EC2_p4d24xlarge_us-west-2.csv
2024-07-30,0.4732297701023792,0.39204648959813465,0.6251776150398951,2852.160188844971,6027.009222661395,10,A100,aws,A100,p4d24xlarge,us-west-2,0,C:\Users\FarhadBillimoria\OneDrive - Aurora Energy Research\Documents\Personal\Endog_demand_AI\pyai\data\original\prices\A100\EC2_p4d24xlarge_us-west-2.csv
2024-07-31,0.48883530076146764,0.4051171348416949,0.6140516267715962,2946.214866051822,6027.009222661395,12,A100,aws,A100,p4d24xlarge,us-west-2,0,C:\Users\FarhadBillimoria\OneDrive - Aurora Energy Research\Documents\Personal\Endog_demand_AI\pyai\data\original\prices\A100\EC2_p4d24xlarge_us-west-2.csv
2024-08-01,0.5021040550879877,0.40850092906328567,0.6057902503005794,3026.1857707509876,6027.009222661395,11,A100,aws,A100,p4d24xlarge,us-west-2,0,C:\Users\FarhadBillimoria\OneDrive - Aurora Energy Research\Documents\Personal\Endog_demand_AI\pyai\data\original\prices\A100\EC2_p4d24xlarge_us-west-2.csv
2024-08-02,0.48711797585649924,0.42089299376981093,0.596285568550297,2935.8645330112718,6027.009222661395,12,A100,aws,A100,p4d24xlarge,us-west-2,0,C:\Users\FarhadBillimoria\OneDrive - Aurora Energy Research\Documents\Personal\Endog_demand_AI\pyai\data\original\prices\A100\EC2_p4d24xlarge_us-west-2.csv
2024-08-03,0.5051769194844941,0.42868073013444097,0.5874412504098808,3044.7059528087193,6027.009222661395,11,A100,aws,A100,p4d24xlarge,us-west-2,0,C:\Users\FarhadBillimoria\OneDrive - Aurora Energy Research\Documents\Personal\Endog_demand_AI\pyai\data\original\prices\A100\EC2_p4d24xlarge_us-west-2.csv
2024-08-04,0.49562641940224195,0.43788938681823153,0.5951379021386674,2987.1450007319568,6027.009222661395,12,A100,aws,A100,p4d24xlarge,us-west-2,0,C:\Users\FarhadBillimoria\OneDrive - Aurora Energy Research\Documents\Personal\Endog_demand_AI\pyai\data\original\prices\A100\EC2_p4d24xlarge_us-west-2.csv
2024-08-05,0.5048438809341641,0.4435366342405364,0.596135278901155,3042.6987263943784,6027.009222661395,10,A100,aws,A100,p4d24xlarge,us-west-2,0,C:\Users\FarhadBillimoria\OneDrive - Aurora Energy Research\Documents\Personal\Endog_demand_AI\pyai\data\original\prices\A100\EC2_p4d24xlarge_us-west-2.csv
2024-08-06,0.5134129716666059,0.4449256749371517,0.5913214558968194,3094.3447152686276,6027.009222661395,12,A100,aws,A100,p4d24xlarge,us-west-2,0,C:\Users\FarhadBillimoria\OneDrive - Aurora Energy Research\Documents\Personal\Endog_demand_AI\pyai\data\original\prices\A100\EC2_p4d24xlarge_us-west-2.csv
2024-08-07,0.5219167850766933,0.4507778627901046,0.5953929391190295,3145.597277119016,6027.009222661395,15,A100,aws,A100,p4d24xlarge,us-west-2,0,C:\Users\FarhadBillimoria\OneDrive - Aurora Energy Research\Documents\Personal\Endog_demand_AI\pyai\data\original\prices\A100\EC2_p4d24xlarge_us-west-2.csv
2024-08-08,0.5240877459699189,0.457445258133858,0.5909389004262762,3158.681678444524,6027.009222661395,11,A100,aws,A100,p4d24xlarge,us-west-2,0,C:\Users\FarhadBillimoria\OneDrive - Aurora Energy Research\Documents\Personal\Endog_demand_AI\pyai\data\original\prices\A100\EC2_p4d24xlarge_us-west-2.csv
2024-08-09,0.529912649834226,0.4586566837905782,0.5936213429518709,3193.7884277558187,6027.009222661395,10,A100,aws,A100,p4d24xlarge,us-west-2,0,C:\Users\FarhadBillimoria\OneDrive - Aurora Energy Research\Documents\Personal\Endog_demand_AI\pyai\data\original\prices\A100\EC2_p4d24xlarge_us-west-2.csv
2024-08-10,0.517054770019575,0.45983167559296106,0.5919089517980107,3116.293867529045,6027.009222661395,11,A100,aws,A100,p4d24xlarge,us-west-2,0,C:\Users\FarhadBillimoria\OneDrive - Aurora Energy Research\Documents\Personal\Endog_demand_AI\pyai\data\original\prices\A100\EC2_p4d24xlarge_us-west-2.csv
2024-08-11,0.5199737220825592,0.46478212555106213,0.5880560717018254,3133.886418533157,6027.009222661395,12,A100,aws,A100,p4d24xlarge,us-west-2,0,C:\Users\FarhadBillimoria\OneDrive - Aurora Energy Research\Documents\Personal\Endog_demand_AI\pyai\data\original\prices\A100\EC2_p4d24xlarge_us-west-2.csv
2024-08-12,0.5286788256375097,0.4751156774875214,0.5703674354209932,3186.3521579430667,6027.009222661395,11,A100,aws,A100,p4d24xlarge,us-west-2,0,C:\Users\FarhadBillimoria\OneDrive - Aurora Energy Research\Documents\Personal\Endog_demand_AI\pyai\data\original\prices\A100\EC2_p4d24xlarge_us-west-2.csv
2024-08-13,0.5199221074555811,0.47199147447808504,0.5758325135716108,3133.5753367003363,6027.009222661395,12,A100,aws,A100,p4d24xlarge,us-west-2,0,C:\Users\FarhadBillimoria\OneDrive - Aurora Energy Research\Documents\Personal\Endog_demand_AI\pyai\data\original\prices\A100\EC2_p4d24xlarge_us-west-2.csv
2024-08-14,0.5274164753889314,0.4801071155317521,0.5937351987466755,3178.7439613526567,6027.009222661394,13,A100,aws,A100,p4d24xlarge,us-west-2,0,C:\Users\FarhadBillimoria\OneDrive - Aurora Energy Research\Documents\Personal\Endog_demand_AI\pyai\data\original\prices\A100\EC2_p4d24xlarge_us-west-2.csv
2024-08-15,0.5214231063504209,0.48386891099209384,0.5905426822603564,3142.62187088274,6027.009222661395,12,A100,aws,A100,p4d24xlarge,us-west-2,0,C:\Users\FarhadBillimoria\OneDrive - Aurora Energy Research\Documents\Personal\Endog_demand_AI\pyai\data\original\prices\A100\EC2_p4d24xlarge_us-west-2.csv
2024-08-16,0.5331157169575304,0.47664589936969437,0.5887528691660291,3213.093342848777,6027.009222661395,12,A100,aws,A100,p4d24xlarge,us-west-2,0,C:\Users\FarhadBillimoria\OneDrive - Aurora Energy Research\Documents\Personal\Endog_demand_AI\pyai\data\original\prices\A100\EC2_p4d24xlarge_us-west-2.csv
2024-08-17,0.5375329422766302,0.4817921812948593,0.5915172878638832,3239.7160005855653,6027.009222661395,15,A100,aws,A100,p4d24xlarge,us-west-2,0,C:\Users\FarhadBillimoria\OneDrive - Aurora Energy Research\Documents\Personal\Endog_demand_AI\pyai\data\original\prices\A100\EC2_p4d24xlarge_us-west-2.csv
2024-08-18,0.5224483777826356,0.48965733959995633,0.5884522898677451,3148.8011912604297,6027.009222661395,8,A100,aws,A100,p4d24xlarge,us-west-2,0,C:\Users\FarhadBillimoria\OneDrive - Aurora Energy Research\Documents\Personal\Endog_demand_AI\pyai\data\original\prices\A100\EC2_p4d24xlarge_us-west-2.csv
2024-08-19,0.5383398003424783,0.4936878347360367,0.592819798156447,3244.5789415898107,6027.009222661395,10,A100,aws,A100,p4d24xlarge,us-west-2,0,C:\Users\FarhadBillimoria\OneDrive - Aurora Energy Research\Documents\Personal\Endog_demand_AI\pyai\data\original\prices\A100\EC2_p4d24xlarge_us-west-2.csv
2024-08-20,0.5351313440448865,0.4924172040660182,0.5953747221918607,3225.2415458937194,6027.009222661395,12,A100,aws,A100,p4d24xlarge,us-west-2,0,C:\Users\FarhadBillimoria\OneDrive - Aurora Energy Research\Documents\Personal\Endog_demand_AI\pyai\data\original\prices\A100\EC2_p4d24xlarge_us-west-2.csv
2024-08-21,0.5379993715160127,0.49171585237002235,0.5978613327503917,3242.5271739130426,6027.009222661395,12,A100,aws,A100,p4d24xlarge,us-west-2,0,C:\Users\FarhadBillimoria\OneDrive - Aurora Energy Research\Documents\Personal\Endog_demand_AI\pyai\data\original\prices\A100\EC2_p4d24xlarge_us-west-2.csv
2024-08-22,0.5400817940029876,0.49541388858527347,0.5916766859766095,3255.077953447518,6027.009222661395,12,A100,aws,A100,p4d24xlarge,us-west-2,0,C:\Users\FarhadBillimoria\OneDrive - Aurora Energy Research\Documents\Personal\Endog_demand_AI\pyai\data\original\prices\A100\EC2_p4d24xlarge_us-west-2.csv
2024-08-23,0.545740996283747,0.4995354683571976,0.592769701606733,3289.186017786561,6027.009222661395,8,A100,aws,A100,p4d24xlarge,us-west-2,0,C:\Users\FarhadBillimoria\OneDrive - Aurora Energy Research\Documents\Personal\Endog_demand_AI\pyai\data\original\prices\A100\EC2_p4d24xlarge_us-west-2.csv
2024-08-24,0.5434139735976002,0.5056518016540971,0.5832468029292819,3275.161030595813,6027.009222661395,12,A100,aws,A100,p4d24xlarge,us-west-2,0,C:\Users\FarhadBillimoria\OneDrive - Aurora Energy Research\Documents\Personal\Endog_demand_AI\pyai\data\original\prices\A100\EC2_p4d24xlarge_us-west-2.csv
2024-08-25,0.5408808086696381,0.5105020585127701,0.5844855539767553,3259.8936222124626,6027.009222661395,9,A100,aws,A100,p4d24xlarge,us-west-2,0,C:\Users\FarhadBillimoria\OneDrive - Aurora Energy Research\Documents\Personal\Endog_demand_AI\pyai\data\original\prices\A100\EC2_p4d24xlarge_us-west-2.csv
2024-08-26,0.5465579116114695,0.503638831201953,0.5967273290341386,3294.109574000878,6027.009222661395,12,A100,aws,A100,p4d24xlarge,us-west-2,0,C:\Users\FarhadBillimoria\OneDrive - Aurora Energy Research\Documents\Personal\Endog_demand_AI\pyai\data\original\prices\A100\EC2_p4d24xlarge_us-west-2.csv
2024-08-27,0.543482287074483,0.503165191095566,0.593771632601013,3275.572756551017,6027.009222661395,9,A100,aws,A100,p4d24xlarge,us-west-2,0,C:\Users\FarhadBillimoria\OneDrive - Aurora Energy Research\Documents\Personal\Endog_demand_AI\pyai\data\original\prices\A100\EC2_p4d24xlarge_us-west-2.csv
2024-08-28,0.5354934054723649,0.5088352096768317,0.5832695740882429,3227.4236934563014,6027.009222661395,14,A100,aws,A100,p4d24xlarge,us-west-2,0,C:\Users\FarhadBillimoria\OneDrive - Aurora Energy Research\Documents\Personal\Endog_demand_AI\pyai\data\original\prices\A100\EC2_p4d24xlarge_us-west-2.csv
2024-08-29,0.5428868212676553,0.5106341312347434,0.5874731300324262,3271.983878641487,6027.009222661395,12,A100,aws,A100,p4d24xlarge,us-west-2,0,C:\Users\FarhadBillimoria\OneDrive - Aurora Energy Research\Documents\Personal\Endog_demand_AI\pyai\data\original\prices\A100\EC2_p4d24xlarge_us-west-2.csv
2024-08-30,0.5383910354501403,0.5060161401974717,0.5931431486136919,3244.887736056214,6027.009222661395,12,A100,aws,A100,p4d24xlarge,us-west-2,0,C:\Users\FarhadBillimoria\OneDrive - Aurora Energy Research\Documents\Personal\Endog_demand_AI\pyai\data\original\prices\A100\EC2_p4d24xlarge_us-west-2.csv
2024-08-31,0.538861960533728,0.5073596385761651,0.5904925857106423,3247.726005878179,6027.009222661394,13,A100,aws,A100,p4d24xlarge,us-west-2,0,C:\Users\FarhadBillimoria\OneDrive - Aurora Energy Research\Documents\Personal\Endog_demand_AI\pyai\data\original\prices\A100\EC2_p4d24xlarge_us-west-2.csv
2024-09-01,0.5309942039810059,0.5039029766458994,0.5792527416475389,3200.3069645732685,6027.009222661395,12,A100,aws,A100,p4d24xlarge,us-west-2,0,C:\Users\FarhadBillimoria\OneDrive - Aurora Energy Research\Documents\Personal\Endog_demand_AI\pyai\data\original\prices\A100\EC2_p4d24xlarge_us-west-2.csv
2024-09-02,0.5224473024779069,0.49754982329580655,0.5808330600794258,3148.794710388913,6027.009222661395,9,A100,aws,A100,p4d24xlarge,us-west-2,0,C:\Users\FarhadBillimoria\OneDrive - Aurora Energy Research\Documents\Personal\Endog_demand_AI\pyai\data\original\prices\A100\EC2_p4d24xlarge_us-west-2.csv
2024-09-03,0.5300211456485366,0.5021905854920392,0.5847178197981565,3194.4423330292893,6027.009222661394,13,A100,aws,A100,p4d24xlarge,us-west-2,0,C:\Users\FarhadBillimoria\OneDrive - Aurora Energy Research\Documents\Personal\Endog_demand_AI\pyai\data\original\prices\A100\EC2_p4d24xlarge_us-west-2.csv
2024-09-04,0.5338516049112836,0.5058476336211609,0.5880697343972019,3217.5285463328937,6027.009222661395,10,A100,aws,A100,p4d24xlarge,us-west-2,0,C:\Users\FarhadBillimoria\OneDrive - Aurora Energy Research\Documents\Personal\Endog_demand_AI\pyai\data\original\prices\A100\EC2_p4d24xlarge_us-west-2.csv
2024-09-05,0.5398313112544176,0.50432196597078,0.5903149706707473,3253.56829161177,6027.009222661394,13,A100,aws,A100,p4d24xlarge,us-west-2,0,C:\Users\FarhadBillimoria\OneDrive - Aurora Energy Research\Documents\Personal\Endog_demand_AI\pyai\data\original\prices\A100\EC2_p4d24xlarge_us-west-2.csv
2024-09-06,0.5368205086166066,0.5103517688636281,0.5901009217765149,3235.4221563460687,6027.009222661395,10,A100,aws,A100,p4d24xlarge,us-west-2,0,C:\Users\FarhadBillimoria\OneDrive - Aurora Energy Research\Documents\Personal\Endog_demand_AI\pyai\data\original\prices\A100\EC2_p4d24xlarge_us-west-2.csv
2024-09-07,0.5434686243791065,0.5126379932233031,0.5948555397675521,3275.4904113599764,6027.009222661395,12,A100,aws,A100,p4d24xlarge,us-west-2,0,C:\Users\FarhadBillimoria\OneDrive - Aurora Energy Research\Documents\Personal\Endog_demand_AI\pyai\data\original\prices\A100\EC2_p4d24xlarge_us-west-2.csv
2024-09-08,0.5490354137064161,0.5092997413196342,0.5945412977738915,3309.041501976284,6027.009222661395,9,A100,aws,A100,p4d24xlarge,us-west-2,0,C:\Users\FarhadBillimoria\OneDrive - Aurora Energy Research\Documents\Personal\Endog_demand_AI\pyai\data\original\prices\A100\EC2_p4d24xlarge_us-west-2.csv
2024-09-09,0.5393857555774159,0.5080200021860313,0.5916402521222721,3250.882923437271,6027.009222661395,12,A100,aws,A100,p4d24xlarge,us-west-2,0,C:\Users\FarhadBillimoria\OneDrive - Aurora Energy Research\Documents\Personal\Endog_demand_AI\pyai\data\original\prices\A100\EC2_p4d24xlarge_us-west-2.csv
2024-09-10,0.5361101243608896,0.5008015447954239,0.5953109629467702,3231.140663885229,6027.009222661395,12,A100,aws,A100,p4d24xlarge,us-west-2,0,C:\Users\FarhadBillimoria\OneDrive - Aurora Energy Research\Documents\Personal\Endog_demand_AI\pyai\data\original\prices\A100\EC2_p4d24xlarge_us-west-2.csv
2024-09-11,0.5291461726236019,0.4993532990855103,0.582140124603782,3189.1688625384277,6027.009222661395,10,A100,aws,A100,p4d24xlarge,us-west-2,0,C:\Users\FarhadBillimoria\OneDrive - Aurora Energy Research\Documents\Personal\Endog_demand_AI\pyai\data\original\prices\A100\EC2_p4d24xlarge_us-west-2.csv
2024-09-12,0.5360159159891371,0.4969486646992386,0.5733868910992095,3230.572869159825,6027.009222661394,13,A100,aws,A100,p4d24xlarge,us-west-2,0,C:\Users\FarhadBillimoria\OneDrive - Aurora Energy Research\Documents\Personal\Endog_demand_AI\pyai\data\original\prices\A100\EC2_p4d24xlarge_us-west-2.csv
2024-09-13,0.5230945094181514,0.4938517870805553,0.5785286187925821,3152.6954325867364,6027.009222661395,11,A100,aws,A100,p4d24xlarge,us-west-2,0,C:\Users\FarhadBillimoria\OneDrive - Aurora Energy Research\Documents\Personal\Endog_demand_AI\pyai\data\original\prices\A100\EC2_p4d24xlarge_us-west-2.csv
2024-09-14,0.528765929301507,0.4919162385688783,0.5766249499034504,3186.877132529306,6027.009222661394,13,A100,aws,A100,p4d24xlarge,us-west-2,0,C:\Users\FarhadBillimoria\OneDrive - Aurora Energy Research\Documents\Personal\Endog_demand_AI\pyai\data\original\prices\A100\EC2_p4d24xlarge_us-west-2.csv
2024-09-15,0.5232547355730218,0.48781287572412285,0.581466098298539,3153.6611170998517,6027.009222661395,11,A100,aws,A100,p4d24xlarge,us-west-2,0,C:\Users\FarhadBillimoria\OneDrive - Aurora Energy Research\Documents\Personal\Endog_demand_AI\pyai\data\original\prices\A100\EC2_p4d24xlarge_us-west-2.csv
2024-09-16,0.5005628271456505,0.4691541880715562,0.5723303093234234,3016.896775728297,6027.009222661395,12,A100,aws,A100,p4d24xlarge,us-west-2,0,C:\Users\FarhadBillimoria\OneDrive - Aurora Energy Research\Documents\Personal\Endog_demand_AI\pyai\data\original\prices\A100\EC2_p4d24xlarge_us-west-2.csv
2024-09-17,0.48859235001163087,0.44149178416584695,0.5671475935439211,2944.7505996419036,6027.009222661394,13,A100,aws,A100,p4d24xlarge,us-west-2,0,C:\Users\FarhadBillimoria\OneDrive - Aurora Energy Research\Documents\Personal\Endog_demand_AI\pyai\data\original\prices\A100\EC2_p4d24xlarge_us-west-2.csv
2024-09-18,0.4863541552810872,0.435211498524429,0.5576611287208074,2931.260979358805,6027.009222661395,10,A100,aws,A100,p4d24xlarge,us-west-2,0,C:\Users\FarhadBillimoria\OneDrive - Aurora Energy Research\Documents\Personal\Endog_demand_AI\pyai\data\original\prices\A100\EC2_p4d24xlarge_us-west-2.csv
2024-09-19,0.4814902357270376,0.43845411156046205,0.5423589098990783,2901.946091348265,6027.009222661395,10,A100,aws,A100,p4d24xlarge,us-west-2,0,C:\Users\FarhadBillimoria\OneDrive - Aurora Energy Research\Documents\Personal\Endog_demand_AI\pyai\data\original\prices\A100\EC2_p4d24xlarge_us-west-2.csv
2024-09-20,0.46807847852224294,0.4378165191095566,0.5330500601158598,2821.1133069828716,6027.009222661395,10,A100,aws,A100,p4d24xlarge,us-west-2,0,C:\Users\FarhadBillimoria\OneDrive - Aurora Energy Research\Documents\Personal\Endog_demand_AI\pyai\data\original\prices\A100\EC2_p4d24xlarge_us-west-2.csv
2024-09-21,0.4658043435778708,0.43190057201151316,0.5210724305024228,2807.4070746995644,6027.009222661395,11,A100,aws,A100,p4d24xlarge,us-west-2,0,C:\Users\FarhadBillimoria\OneDrive - Aurora Energy Research\Documents\Personal\Endog_demand_AI\pyai\data\original\prices\A100\EC2_p4d24xlarge_us-west-2.csv
2024-09-22,0.46462142622925223,0.43416857944401943,0.5099555506977084,2800.2776209297945,6027.009222661395,7,A100,aws,A100,p4d24xlarge,us-west-2,0,C:\Users\FarhadBillimoria\OneDrive - Aurora Energy Research\Documents\Personal\Endog_demand_AI\pyai\data\original\prices\A100\EC2_p4d24xlarge_us-west-2.csv
2024-09-23,0.4640739425073779,0.43303457572776627,0.48670619739862286,2796.9779314888006,6027.009222661395,8,A100,aws,A100,p4d24xlarge,us-west-2,0,C:\Users\FarhadBillimoria\OneDrive - Aurora Energy Research\Documents\Personal\Endog_demand_AI\pyai\data\original\prices\A100\EC2_p4d24xlarge_us-west-2.csv
2024-09-24,0.44585278640913145,0.43416857944401943,0.46825245017670425,2687.158855637116,6027.009222661395,7,A100,aws,A100,p4d24xlarge,us-west-2,0,C:\Users\FarhadBillimoria\OneDrive - Aurora Energy Research\Documents\Personal\Endog_demand_AI\pyai\data\original\prices\A100\EC2_p4d24xlarge_us-west-2.csv
2024-09-25,0.44719652876452803,0.4388138958720444,0.46254144350930887,2695.2576032059724,6027.009222661395,8,A100,aws,A100,p4d24xlarge,us-west-2,0,C:\Users\FarhadBillimoria\OneDrive - Aurora Energy Research\Documents\Personal\Endog_demand_AI\pyai\data\original\prices\A100\EC2_p4d24xlarge_us-west-2.csv
2024-09-26,0.4502686168715243,0.44078132400626663,0.45984533828833757,2713.7731065596677,6027.009222661395,11,A100,aws,A100,p4d24xlarge,us-west-2,0,C:\Users\FarhadBillimoria\OneDrive - Aurora Energy Research\Documents\Personal\Endog_demand_AI\pyai\data\original\prices\A100\EC2_p4d24xlarge_us-west-2.csv
2024-09-27,0.4562770976791635,0.4471208146609831,0.4652557656574489,2749.986275801493,6027.009222661395,12,A100,aws,A100,p4d24xlarge,us-west-2,0,C:\Users\FarhadBillimoria\OneDrive - Aurora Energy Research\Documents\Personal\Endog_demand_AI\pyai\data\original\prices\A100\EC2_p4d24xlarge_us-west-2.csv
2024-09-28,0.4559601990502909,0.4504681750282363,0.464704703610595,2748.0763248426288,6027.009222661395,12,A100,aws,A100,p4d24xlarge,us-west-2,0,C:\Users\FarhadBillimoria\OneDrive - Aurora Energy Research\Documents\Personal\Endog_demand_AI\pyai\data\original\prices\A100\EC2_p4d24xlarge_us-west-2.csv
2024-09-29,0.45274392465478924,0.44094983058257736,0.4647411374649324,2728.6918093983304,6027.009222661395,10,A100,aws,A100,p4d24xlarge,us-west-2,0,C:\Users\FarhadBillimoria\OneDrive - Aurora Energy Research\Documents\Personal\Endog_demand_AI\pyai\data\original\prices\A100\EC2_p4d24xlarge_us-west-2.csv
2024-09-30,0.4463021914963385,0.439934236892921,0.460282544540387,2689.867424242424,6027.009222661395,4,A100,aws,A100,p4d24xlarge,us-west-2,0,C:\Users\FarhadBillimoria\OneDrive - Aurora Energy Research\Documents\Personal\Endog_demand_AI\pyai\data\original\prices\A100\EC2_p4d24xlarge_us-west-2.csv
2024-10-01,0.45216234925492776,0.439934236892921,0.46029620723576353,2725.186649099692,6027.009222661395,6,A100,aws,A100,p4d24xlarge,us-west-2,0,C:\Users\FarhadBillimoria\OneDrive - Aurora Energy Research\Documents\Personal\Endog_demand_AI\pyai\data\original\prices\A100\EC2_p4d24xlarge_us-west-2.csv
2024-10-02,0.4491920792800671,0.44105457791379754,0.4529593398185594,2707.2848045674127,6027.009222661395,5,A100,aws,A100,p4d24xlarge,us-west-2,0,C:\Users\FarhadBillimoria\OneDrive - Aurora Energy Research\Documents\Personal\Endog_demand_AI\pyai\data\original\prices\A100\EC2_p4d24xlarge_us-west-2.csv
2024-10-03,0.4498390404363735,0.44105457791379754,0.4590164681021606,2711.1840454231756,6027.009222661395,7,A100,aws,A100,p4d24xlarge,us-west-2,0,C:\Users\FarhadBillimoria\OneDrive - Aurora Energy Research\Documents\Personal\Endog_demand_AI\pyai\data\original\prices\A100\EC2_p4d24xlarge_us-west-2.csv
2024-10-04,0.4453091412540533,0.4426804386636063,0.4477629613436806,2683.882301273605,6027.009222661395,5,A100,aws,A100,p4d24xlarge,us-west-2,0,C:\Users\FarhadBillimoria\OneDrive - Aurora Energy Research\Documents\Personal\Endog_demand_AI\pyai\data\original\prices\A100\EC2_p4d24xlarge_us-west-2.csv
2024-10-05,0.442781282367576,0.43629540569096814,0.4471208146609831,2668.64687245122,6027.009222661395,7,A100,aws,A100,p4d24xlarge,us-west-2,0,C:\Users\FarhadBillimoria\OneDrive - Aurora Energy Research\Documents\Personal\Endog_demand_AI\pyai\data\original\prices\A100\EC2_p4d24xlarge_us-west-2.csv
2024-10-06,0.4406344500309688,0.4362908514591759,0.4455313877655117,2655.7078941589807,6027.009222661395,4,A100,aws,A100,p4d24xlarge,us-west-2,0,C:\Users\FarhadBillimoria\OneDrive - Aurora Energy Research\Documents\Personal\Endog_demand_AI\pyai\data\original\prices\A100\EC2_p4d24xlarge_us-west-2.csv
2024-10-07,0.44135401865413343,0.43661875614821294,0.4455313877655117,2660.0447408871314,6027.009222661395,4,A100,aws,A100,p4d24xlarge,us-west-2,0,C:\Users\FarhadBillimoria\OneDrive - Aurora Energy Research\Documents\Personal\Endog_demand_AI\pyai\data\original\prices\A100\EC2_p4d24xlarge_us-west-2.csv
2024-10-08,0.4428307283127482,0.4359948263926841,0.44553594199730395,2668.944883618796,6027.009222661395,6,A100,aws,A100,p4d24xlarge,us-west-2,0,C:\Users\FarhadBillimoria\OneDrive - Aurora Energy Research\Documents\Personal\Endog_demand_AI\pyai\data\original\prices\A100\EC2_p4d24xlarge_us-west-2.csv
2024-10-09,0.44368388773515016,0.441091011768135,0.44553594199730395,2674.0868833260133,6027.009222661395,3,A100,aws,A100,p4d24xlarge,us-west-2,0,C:\Users\FarhadBillimoria\OneDrive - Aurora Energy Research\Documents\Personal\Endog_demand_AI\pyai\data\original\prices\A100\EC2_p4d24xlarge_us-west-2.csv
2024-10-10,0.4441469013006887,0.441091011768135,0.44553594199730395,2676.877470355731,6027.009222661395,4,A100,aws,A100,p4d24xlarge,us-west-2,0,C:\Users\FarhadBillimoria\OneDrive - Aurora Energy Research\Documents\Personal\Endog_demand_AI\pyai\data\original\prices\A100\EC2_p4d24xlarge_us-west-2.csv
2024-10-11,0.44368388773515016,0.441091011768135,0.44553594199730395,2674.0868833260133,6027.009222661395,3,A100,aws,A100,p4d24xlarge,us-west-2,0,C:\Users\FarhadBillimoria\OneDrive - Aurora Energy Research\Documents\Personal\Endog_demand_AI\pyai\data\original\prices\A100\EC2_p4d24xlarge_us-west-2.csv
2024-10-12,0.43963878110540316,0.42889477902867346,0.4463875833424419,2649.706988361879,6027.009222661395,8,A100,aws,A100,p4d24xlarge,us-west-2,0,C:\Users\FarhadBillimoria\OneDrive - Aurora Energy Research\Documents\Personal\Endog_demand_AI\pyai\data\original\prices\A100\EC2_p4d24xlarge_us-west-2.csv
2024-10-13,0.426078962572022,0.4141527307173826,0.441091011768135,2567.9818370035755,6027.009222661395,7,A100,aws,A100,p4d24xlarge,us-west-2,0,C:\Users\FarhadBillimoria\OneDrive - Aurora Energy Research\Documents\Personal\Endog_demand_AI\pyai\data\original\prices\A100\EC2_p4d24xlarge_us-west-2.csv
2024-10-14,0.4218293438262834,0.39184610339927867,0.441091011768135,2542.3693456302144,6027.009222661395,10,A100,aws,A100,p4d24xlarge,us-west-2,0,C:\Users\FarhadBillimoria\OneDrive - Aurora Energy Research\Documents\Personal\Endog_demand_AI\pyai\data\original\prices\A100\EC2_p4d24xlarge_us-west-2.csv
2024-10-15,0.41109760022346103,0.3791807847852225,0.4422022443254272,2477.689027960767,6027.009222661395,6,A100,aws,A100,p4d24xlarge,us-west-2,0,C:\Users\FarhadBillimoria\OneDrive - Aurora Energy Research\Documents\Personal\Endog_demand_AI\pyai\data\original\prices\A100\EC2_p4d24xlarge_us-west-2.csv
2024-10-16,0.4315876312269361,0.3793174117389879,0.44407403359201375,2601.1826337913294,6027.009222661395,7,A100,aws,A100,p4d24xlarge,us-west-2,0,C:\Users\FarhadBillimoria\OneDrive - Aurora Energy Research\Documents\Personal\Endog_demand_AI\pyai\data\original\prices\A100\EC2_p4d24xlarge_us-west-2.csv
2024-10-17,0.42103781834080234,0.3793174117389879,0.44677469304477724,2537.598814229249,6027.009222661395,10,A100,aws,A100,p4d24xlarge,us-west-2,0,C:\Users\FarhadBillimoria\OneDrive - Aurora Energy Research\Documents\Personal\Endog_demand_AI\pyai\data\original\prices\A100\EC2_p4d24xlarge_us-west-2.csv
2024-10-18,0.4398928692874753,0.3982994498487995,0.46238659962837475,2651.238380178597,6027.009222661395,12,A100,aws,A100,p4d24xlarge,us-west-2,0,C:\Users\FarhadBillimoria\OneDrive - Aurora Energy Research\Documents\Personal\Endog_demand_AI\pyai\data\original\prices\A100\EC2_p4d24xlarge_us-west-2.csv
2024-10-19,0.44477576480732567,0.4069251648631909,0.4701151309797064,2680.6676365100275,6027.009222661395,12,A100,aws,A100,p4d24xlarge,us-west-2,0,C:\Users\FarhadBillimoria\OneDrive - Aurora Energy Research\Documents\Personal\Endog_demand_AI\pyai\data\original\prices\A100\EC2_p4d24xlarge_us-west-2.csv
2024-10-20,0.44228831930629947,0.41473567238678183,0.470534120304587,2665.6757795344747,6027.009222661395,10,A100,aws,A100,p4d24xlarge,us-west-2,0,C:\Users\FarhadBillimoria\OneDrive - Aurora Energy Research\Documents\Personal\Endog_demand_AI\pyai\data\original\prices\A100\EC2_p4d24xlarge_us-west-2.csv
2024-10-21,0.446016413451379,0.4227237949502678,0.4699329617080191,2688.1450373298194,6027.009222661395,10,A100,aws,A100,p4d24xlarge,us-west-2,0,C:\Users\FarhadBillimoria\OneDrive - Aurora Energy Research\Documents\Personal\Endog_demand_AI\pyai\data\original\prices\A100\EC2_p4d24xlarge_us-west-2.csv
2024-10-22,0.44423550181010013,0.42342059241447155,0.4722601741538238,2677.4114664430867,6027.009222661395,11,A100,aws,A100,p4d24xlarge,us-west-2,0,C:\Users\FarhadBillimoria\OneDrive - Aurora Energy Research\Documents\Personal\Endog_demand_AI\pyai\data\original\prices\A100\EC2_p4d24xlarge_us-west-2.csv
2024-10-23,0.45532662950413527,0.427601377199694,0.4712582431595439,2744.2577953447517,6027.009222661395,10,A100,aws,A100,p4d24xlarge,us-west-2,0,C:\Users\FarhadBillimoria\OneDrive - Aurora Energy Research\Documents\Personal\Endog_demand_AI\pyai\data\original\prices\A100\EC2_p4d24xlarge_us-west-2.csv
2024-10-24,0.45046486285966014,0.4234433635734325,0.4736355521550626,2714.955882940072,6027.009222661395,11,A100,aws,A100,p4d24xlarge,us-west-2,0,C:\Users\FarhadBillimoria\OneDrive - Aurora Energy Research\Documents\Personal\Endog_demand_AI\pyai\data\original\prices\A100\EC2_p4d24xlarge_us-west-2.csv
2024-10-25,0.44886371916785084,0.4235298939774839,0.4736036725325173,2705.3057751427314,6027.009222661395,10,A100,aws,A100,p4d24xlarge,us-west-2,0,C:\Users\FarhadBillimoria\OneDrive - Aurora Energy Research\Documents\Personal\Endog_demand_AI\pyai\data\original\prices\A100\EC2_p4d24xlarge_us-west-2.csv
2024-10-26,0.44725174882500823,0.4150453601486502,0.4697917805224615,2695.5904150197625,6027.009222661395,12,A100,aws,A100,p4d24xlarge,us-west-2,0,C:\Users\FarhadBillimoria\OneDrive - Aurora Energy Research\Documents\Personal\Endog_demand_AI\pyai\data\original\prices\A100\EC2_p4d24xlarge_us-west-2.csv
2024-10-27,0.4393808977301709,0.4112607935293475,0.4611979451306154,2648.152722880983,6027.009222661395,12,A100,aws,A100,p4d24xlarge,us-west-2,0,C:\Users\FarhadBillimoria\OneDrive - Aurora Energy Research\Documents\Personal\Endog_demand_AI\pyai\data\original\prices\A100\EC2_p4d24xlarge_us-west-2.csv
2024-10-28,0.42857703377978823,0.3809979232703028,0.45955842168543015,2583.037735211648,6027.009222661394,13,A100,aws,A100,p4d24xlarge,us-west-2,0,C:\Users\FarhadBillimoria\OneDrive - Aurora Energy Research\Documents\Personal\Endog_demand_AI\pyai\data\original\prices\A100\EC2_p4d24xlarge_us-west-2.csv
2024-10-29,0.43970500722604783,0.3773044412868438,0.4588843953801873,2650.1061338017857,6027.009222661395,9,A100,aws,A100,p4d24xlarge,us-west-2,0,C:\Users\FarhadBillimoria\OneDrive - Aurora Energy Research\Documents\Personal\Endog_demand_AI\pyai\data\original\prices\A100\EC2_p4d24xlarge_us-west-2.csv
2024-10-30,0.4412268796832684,0.3773044412868438,0.46015958028199805,2659.2784731371685,6027.009222661395,6,A100,aws,A100,p4d24xlarge,us-west-2,0,C:\Users\FarhadBillimoria\OneDrive - Aurora Energy Research\Documents\Personal\Endog_demand_AI\pyai\data\original\prices\A100\EC2_p4d24xlarge_us-west-2.csv
2024-10-31,0.4077317699161617,0.3744580464167305,0.4517069260757096,2457.4031376567605,6027.009222661395,9,A100,aws,A100,p4d24xlarge,us-west-2,0,C:\Users\FarhadBillimoria\OneDrive - Aurora Energy Research\Documents\Personal\Endog_demand_AI\pyai\data\original\prices\A100\EC2_p4d24xlarge_us-west-2.csv
2024-11-02,0.40737831092651294,0.37446715488031485,0.44028946697271104,2455.272837066315,6027.009222661395,2,A100,aws,A100,p4d24xlarge,us-west-2,0,C:\Users\FarhadBillimoria\OneDrive - Aurora Energy Research\Documents\Personal\Endog_demand_AI\pyai\data\original\prices\A100\EC2_p4d24xlarge_us-west-2.csv
2024-11-03,0.39784706282410953,0.37446715488031485,0.4419699785040259,2397.8279168496556,6027.009222661395,6,A100,aws,A100,p4d24xlarge,us-west-2,0,C:\Users\FarhadBillimoria\OneDrive - Aurora Energy Research\Documents\Personal\Endog_demand_AI\pyai\data\original\prices\A100\EC2_p4d24xlarge_us-west-2.csv
2024-11-04,0.41777283896641204,0.3712700841622036,0.44368692388967834,2517.9207534279994,6027.009222661395,9,A100,aws,A100,p4d24xlarge,us-west-2,0,C:\Users\FarhadBillimoria\OneDrive - Aurora Energy Research\Documents\Personal\Endog_demand_AI\pyai\data\original\prices\A100\EC2_p4d24xlarge_us-west-2.csv
2024-11-05,0.4112935839982512,0.36754472255619924,0.44268954712719066,2478.870223978919,6027.009222661395,10,A100,aws,A100,p4d24xlarge,us-west-2,0,C:\Users\FarhadBillimoria\OneDrive - Aurora Energy Research\Documents\Personal\Endog_demand_AI\pyai\data\original\prices\A100\EC2_p4d24xlarge_us-west-2.csv
2024-11-06,0.4146214025709053,0.3663241884358947,0.4482092760593144,2498.9270172076494,6027.009222661395,11,A100,aws,A100,p4d24xlarge,us-west-2,0,C:\Users\FarhadBillimoria\OneDrive - Aurora Energy Research\Documents\Personal\Endog_demand_AI\pyai\data\original\prices\A100\EC2_p4d24xlarge_us-west-2.csv
2024-11-07,0.4045307774984516,0.3583724997267461,0.44901082085473826,2438.1107268335527,6027.009222661395,8,A100,aws,A100,p4d24xlarge,us-west-2,0,C:\Users\FarhadBillimoria\OneDrive - Aurora Energy Research\Documents\Personal\Endog_demand_AI\pyai\data\original\prices\A100\EC2_p4d24xlarge_us-west-2.csv
2024-11-08,0.4091043647757497,0.352565854191715,0.4452171457718513,2465.6757795344747,6027.009222661395,8,A100,aws,A100,p4d24xlarge,us-west-2,0,C:\Users\FarhadBillimoria\OneDrive - Aurora Energy Research\Documents\Personal\Endog_demand_AI\pyai\data\original\prices\A100\EC2_p4d24xlarge_us-west-2.csv
2024-11-09,0.38862105668587255,0.3507441614748425,0.4390279447662769,2342.222692766171,6027.009222661395,7,A100,aws,A100,p4d24xlarge,us-west-2,0,C:\Users\FarhadBillimoria\OneDrive - Aurora Energy Research\Documents\Personal\Endog_demand_AI\pyai\data\original\prices\A100\EC2_p4d24xlarge_us-west-2.csv
2024-11-10,0.4066581730243743,0.3508762341968157,0.44263945057747667,2450.932559288537,6027.009222661395,8,A100,aws,A100,p4d24xlarge,us-west-2,0,C:\Users\FarhadBillimoria\OneDrive - Aurora Energy Research\Documents\Personal\Endog_demand_AI\pyai\data\original\prices\A100\EC2_p4d24xlarge_us-west-2.csv
2024-11-11,0.39872470124239445,0.3531032535431924,0.4486738077021169,2403.117451690821,6027.009222661395,8,A100,aws,A100,p4d24xlarge,us-west-2,0,C:\Users\FarhadBillimoria\OneDrive - Aurora Energy Research\Documents\Personal\Endog_demand_AI\pyai\data\original\prices\A100\EC2_p4d24xlarge_us-west-2.csv
2024-11-12,0.4166120158851605,0.3531032535431924,0.4482411556818596,2510.924462011418,6027.009222661395,10,A100,aws,A100,p4d24xlarge,us-west-2,0,C:\Users\FarhadBillimoria\OneDrive - Aurora Energy Research\Documents\Personal\Endog_demand_AI\pyai\data\original\prices\A100\EC2_p4d24xlarge_us-west-2.csv
2024-11-13,0.4029330553950731,0.3588233686741721,0.4399706707472584,2428.4812409812407,6027.009222661395,7,A100,aws,A100,p4d24xlarge,us-west-2,0,C:\Users\FarhadBillimoria\OneDrive - Aurora Energy Research\Documents\Personal\Endog_demand_AI\pyai\data\original\prices\A100\EC2_p4d24xlarge_us-west-2.csv
2024-11-14,0.4093223468701664,0.3588142602105877,0.43996611651546624,2466.9895596278993,6027.009222661395,11,A100,aws,A100,p4d24xlarge,us-west-2,0,C:\Users\FarhadBillimoria\OneDrive - Aurora Energy Research\Documents\Personal\Endog_demand_AI\pyai\data\original\prices\A100\EC2_p4d24xlarge_us-west-2.csv
2024-11-15,0.4032583576659432,0.360931977993952,0.4377482056326739,2430.4418407679273,6027.009222661395,7,A100,aws,A100,p4d24xlarge,us-west-2,0,C:\Users\FarhadBillimoria\OneDrive - Aurora Energy Research\Documents\Personal\Endog_demand_AI\pyai\data\original\prices\A100\EC2_p4d24xlarge_us-west-2.csv
2024-11-16,0.4068093572547612,0.36099573723904255,0.4422022443254272,2451.8437480393995,6027.009222661395,7,A100,aws,A100,p4d24xlarge,us-west-2,0,C:\Users\FarhadBillimoria\OneDrive - Aurora Energy Research\Documents\Personal\Endog_demand_AI\pyai\data\original\prices\A100\EC2_p4d24xlarge_us-west-2.csv
2024-11-17,0.413383065544504,0.37196232739461516,0.4444247094400117,2491.4635485287654,6027.009222661395,8,A100,aws,A100,p4d24xlarge,us-west-2,0,C:\Users\FarhadBillimoria\OneDrive - Aurora Energy Research\Documents\Personal\Endog_demand_AI\pyai\data\original\prices\A100\EC2_p4d24xlarge_us-west-2.csv
2024-11-18,0.4234433635734325,0.3950932706671039,0.44247549823295806,2552.0970575318397,6027.009222661395,7,A100,aws,A100,p4d24xlarge,us-west-2,0,C:\Users\FarhadBillimoria\OneDrive - Aurora Energy Research\Documents\Personal\Endog_demand_AI\pyai\data\original\prices\A100\EC2_p4d24xlarge_us-west-2.csv
2024-11-19,0.42684651328013995,0.4084553867453638,0.442197690093635,2572.607872200263,6027.009222661395,8,A100,aws,A100,p4d24xlarge,us-west-2,0,C:\Users\FarhadBillimoria\OneDrive - Aurora Energy Research\Documents\Personal\Endog_demand_AI\pyai\data\original\prices\A100\EC2_p4d24xlarge_us-west-2.csv
2024-11-20,0.43982298351628335,0.4366506357707582,0.4422067985572194,2650.817177991091,6027.009222661395,7,A100,aws,A100,p4d24xlarge,us-west-2,0,C:\Users\FarhadBillimoria\OneDrive - Aurora Energy Research\Documents\Personal\Endog_demand_AI\pyai\data\original\prices\A100\EC2_p4d24xlarge_us-west-2.csv
2024-11-21,0.4408733194884687,0.4377618683280504,0.4422067985572194,2657.147562582345,6027.009222661395,5,A100,aws,A100,p4d24xlarge,us-west-2,0,C:\Users\FarhadBillimoria\OneDrive - Aurora Energy Research\Documents\Personal\Endog_demand_AI\pyai\data\original\prices\A100\EC2_p4d24xlarge_us-west-2.csv
2024-11-22,0.4397468627848998,0.4366506357707582,0.4422067985572194,2650.358397641006,6027.009222661395,7,A100,aws,A100,p4d24xlarge,us-west-2,0,C:\Users\FarhadBillimoria\OneDrive - Aurora Energy Research\Documents\Personal\Endog_demand_AI\pyai\data\original\prices\A100\EC2_p4d24xlarge_us-west-2.csv
2024-11-23,0.4410970840771912,0.43998888767442706,0.4422067985572194,2658.4961938222805,6027.009222661395,3,A100,aws,A100,p4d24xlarge,us-west-2,0,C:\Users\FarhadBillimoria\OneDrive - Aurora Energy Research\Documents\Personal\Endog_demand_AI\pyai\data\original\prices\A100\EC2_p4d24xlarge_us-west-2.csv
2024-11-24,0.4410967045578752,0.43998888767442706,0.4422067985572194,2658.4939064558625,6027.009222661395,4,A100,aws,A100,p4d24xlarge,us-west-2,0,C:\Users\FarhadBillimoria\OneDrive - Aurora Energy Research\Documents\Personal\Endog_demand_AI\pyai\data\original\prices\A100\EC2_p4d24xlarge_us-west-2.csv
2024-11-25,0.44109556599992716,0.44109556599992716,0.44109556599992716,2658.487044356609,6027.009222661395,1,A100,aws,A100,p4d24xlarge,us-west-2,0,C:\Users\FarhadBillimoria\OneDrive - Aurora Energy Research\Documents\Personal\Endog_demand_AI\pyai\data\original\prices\A100\EC2_p4d24xlarge_us-west-2.csv
2024-11-26,0.44165345939446937,0.4388776551171349,0.44442926367180385,2661.849472990777,6027.009222661395,4,A100,aws,A100,p4d24xlarge,us-west-2,0,C:\Users\FarhadBillimoria\OneDrive - Aurora Energy Research\Documents\Personal\Endog_demand_AI\pyai\data\original\prices\A100\EC2_p4d24xlarge_us-west-2.csv
2024-11-27,0.4418470142456371,0.43776642255984266,0.4455404962290961,2663.0160298638557,6027.009222661395,8,A100,aws,A100,p4d24xlarge,us-west-2,0,C:\Users\FarhadBillimoria\OneDrive - Aurora Energy Research\Documents\Personal\Endog_demand_AI\pyai\data\original\prices\A100\EC2_p4d24xlarge_us-west-2.csv
2024-11-28,0.44021022333952714,0.43776642255984266,0.4455404962290961,2653.1510759771622,6027.009222661395,5,A100,aws,A100,p4d24xlarge,us-west-2,0,C:\Users\FarhadBillimoria\OneDrive - Aurora Energy Research\Documents\Personal\Endog_demand_AI\pyai\data\original\prices\A100\EC2_p4d24xlarge_us-west-2.csv
2024-11-29,0.4425975516449886,0.4388776551171349,0.4466517287863883,2667.539525691699,6027.009222661395,5,A100,aws,A100,p4d24xlarge,us-west-2,0,C:\Users\FarhadBillimoria\OneDrive - Aurora Energy Research\Documents\Personal\Endog_demand_AI\pyai\data\original\prices\A100\EC2_p4d24xlarge_us-west-2.csv
2024-11-30,0.4415455241009947,0.43998888767442706,0.44442926367180385,2661.198945981554,6027.009222661395,5,A100,aws,A100,p4d24xlarge,us-west-2,0,C:\Users\FarhadBillimoria\OneDrive - Aurora Energy Research\Documents\Personal\Endog_demand_AI\pyai\data\original\prices\A100\EC2_p4d24xlarge_us-west-2.csv
2024-12-01,0.4419836411994025,0.4411046744635116,0.44332258534630375,2663.8394817742637,6027.009222661395,4,A100,aws,A100,p4d24xlarge,us-west-2,0,C:\Users\FarhadBillimoria\OneDrive - Aurora Energy Research\Documents\Personal\Endog_demand_AI\pyai\data\original\prices\A100\EC2_p4d24xlarge_us-west-2.csv
2024-12-02,0.44091795096003206,0.4377709767916348,0.44332258534630375,2657.416556873078,6027.009222661395,6,A100,aws,A100,p4d24xlarge,us-west-2,0,C:\Users\FarhadBillimoria\OneDrive - Aurora Energy Research\Documents\Personal\Endog_demand_AI\pyai\data\original\prices\A100\EC2_p4d24xlarge_us-west-2.csv
2024-12-03,0.430356036829422,0.4176139468794404,0.4411046744635116,2593.7598029989335,6027.009222661395,7,A100,aws,A100,p4d24xlarge,us-west-2,0,C:\Users\FarhadBillimoria\OneDrive - Aurora Energy Research\Documents\Personal\Endog_demand_AI\pyai\data\original\prices\A100\EC2_p4d24xlarge_us-west-2.csv
2024-12-04,0.42601832622873176,0.4078041315990819,0.44332258534630375,2567.6163812033374,6027.009222661395,5,A100,aws,A100,p4d24xlarge,us-west-2,0,C:\Users\FarhadBillimoria\OneDrive - Aurora Energy Research\Documents\Personal\Endog_demand_AI\pyai\data\original\prices\A100\EC2_p4d24xlarge_us-west-2.csv
2024-12-05,0.42624649324152003,0.40804095165227533,0.4433499107370569,2568.9915458937194,6027.009222661395,4,A100,aws,A100,p4d24xlarge,us-west-2,0,C:\Users\FarhadBillimoria\OneDrive - Aurora Energy Research\Documents\Personal\Endog_demand_AI\pyai\data\original\prices\A100\EC2_p4d24xlarge_us-west-2.csv
2024-12-06,0.4155822534743729,0.4069388275585675,0.4433499107370569,2504.718074464451,6027.009222661395,9,A100,aws,A100,p4d24xlarge,us-west-2,0,C:\Users\FarhadBillimoria\OneDrive - Aurora Energy Research\Documents\Personal\Endog_demand_AI\pyai\data\original\prices\A100\EC2_p4d24xlarge_us-west-2.csv
2024-12-07,0.4263732526930691,0.40804095165227533,0.4460961125077422,2569.755526277265,6027.009222661395,9,A100,aws,A100,p4d24xlarge,us-west-2,0,C:\Users\FarhadBillimoria\OneDrive - Aurora Energy Research\Documents\Personal\Endog_demand_AI\pyai\data\original\prices\A100\EC2_p4d24xlarge_us-west-2.csv
2024-12-08,0.44007257168360847,0.40804095165227533,0.47380405873137327,2652.321448177426,6027.009222661395,8,A100,aws,A100,p4d24xlarge,us-west-2,0,C:\Users\FarhadBillimoria\OneDrive - Aurora Energy Research\Documents\Personal\Endog_demand_AI\pyai\data\original\prices\A100\EC2_p4d24xlarge_us-west-2.csv
2024-12-09,0.46232170182533616,0.4047300251393596,0.49975407148322226,2786.4171607378125,6027.009222661395,8,A100,aws,A100,p4d24xlarge,us-west-2,0,C:\Users\FarhadBillimoria\OneDrive - Aurora Energy Research\Documents\Personal\Endog_demand_AI\pyai\data\original\prices\A100\EC2_p4d24xlarge_us-west-2.csv
2024-12-10,0.4745433623589707,0.4135242467300616,0.5278126935548512,2860.0772214902645,6027.009222661395,9,A100,aws,A100,p4d24xlarge,us-west-2,0,C:\Users\FarhadBillimoria\OneDrive - Aurora Energy Research\Documents\Personal\Endog_demand_AI\pyai\data\original\prices\A100\EC2_p4d24xlarge_us-west-2.csv
2024-12-11,0.47214085328086863,0.41473567238678183,0.5423953437534158,2845.597277119016,6027.009222661395,5,A100,aws,A100,p4d24xlarge,us-west-2,0,C:\Users\FarhadBillimoria\OneDrive - Aurora Energy Research\Documents\Personal\Endog_demand_AI\pyai\data\original\prices\A100\EC2_p4d24xlarge_us-west-2.csv
2024-12-12,0.47393442361642446,0.4070344664262033,0.5408651218712428,2856.4071420729024,6027.009222661395,8,A100,aws,A100,p4d24xlarge,us-west-2,0,C:\Users\FarhadBillimoria\OneDrive - Aurora Energy Research\Documents\Personal\Endog_demand_AI\pyai\data\original\prices\A100\EC2_p4d24xlarge_us-west-2.csv
2024-12-13,0.4552921574727237,0.40579571537872994,0.5438117098407841,2744.05003209351,6027.009222661394,13,A100,aws,A100,p4d24xlarge,us-west-2,0,C:\Users\FarhadBillimoria\OneDrive - Aurora Energy Research\Documents\Personal\Endog_demand_AI\pyai\data\original\prices\A100\EC2_p4d24xlarge_us-west-2.csv
2024-12-14,0.5128713976026524,0.4157102779903087,0.5806372281123621,3091.0806433904254,6027.009222661395,8,A100,aws,A100,p4d24xlarge,us-west-2,0,C:\Users\FarhadBillimoria\OneDrive - Aurora Energy Research\Documents\Personal\Endog_demand_AI\pyai\data\original\prices\A100\EC2_p4d24xlarge_us-west-2.csv
2024-12-15,0.5352411516336536,0.4157102779903087,0.6207600102014793,3225.9033572439366,6027.009222661395,9,A100,aws,A100,p4d24xlarge,us-west-2,0,C:\Users\FarhadBillimoria\OneDrive - Aurora Energy Research\Documents\Personal\Endog_demand_AI\pyai\data\original\prices\A100\EC2_p4d24xlarge_us-west-2.csv
2024-12-16,0.5374438817438052,0.4157102779903087,0.6506904215396947,3239.1792319328542,6027.009222661395,9,A100,aws,A100,p4d24xlarge,us-west-2,0,C:\Users\FarhadBillimoria\OneDrive - Aurora Energy Research\Documents\Personal\Endog_demand_AI\pyai\data\original\prices\A100\EC2_p4d24xlarge_us-west-2.csv
2024-12-17,0.49544079995495455,0.4192215907020804,0.6238933216745,2986.0262706112508,6027.009222661395,11,A100,aws,A100,p4d24xlarge,us-west-2,0,C:\Users\FarhadBillimoria\OneDrive - Aurora Energy Research\Documents\Personal\Endog_demand_AI\pyai\data\original\prices\A100\EC2_p4d24xlarge_us-west-2.csv
2024-12-18,0.4914228634580586,0.4237393886399242,0.5758051881808577,2961.810130288391,6027.009222661395,12,A100,aws,A100,p4d24xlarge,us-west-2,0,C:\Users\FarhadBillimoria\OneDrive - Aurora Energy Research\Documents\Personal\Endog_demand_AI\pyai\data\original\prices\A100\EC2_p4d24xlarge_us-west-2.csv
2024-12-19,0.48491555626215155,0.4269546762852043,0.5623018909170402,2922.5905298039684,6027.009222661395,11,A100,aws,A100,p4d24xlarge,us-west-2,0,C:\Users\FarhadBillimoria\OneDrive - Aurora Energy Research\Documents\Personal\Endog_demand_AI\pyai\data\original\prices\A100\EC2_p4d24xlarge_us-west-2.csv
2024-12-20,0.48719577731628233,0.42921812948591836,0.557925274164754,2936.333443126921,6027.009222661395,12,A100,aws,A100,p4d24xlarge,us-west-2,0,C:\Users\FarhadBillimoria\OneDrive - Aurora Energy Research\Documents\Personal\Endog_demand_AI\pyai\data\original\prices\A100\EC2_p4d24xlarge_us-west-2.csv
2024-12-21,0.5012391305667894,0.4367781542609393,0.5525968229679018,3020.9728626848187,6027.009222661395,12,A100,aws,A100,p4d24xlarge,us-west-2,0,C:\Users\FarhadBillimoria\OneDrive - Aurora Energy Research\Documents\Personal\Endog_demand_AI\pyai\data\original\prices\A100\EC2_p4d24xlarge_us-west-2.csv
2024-12-22,0.5067364678592682,0.46758297810325355,0.5536397420483113,3054.105365246669,6027.009222661395,12,A100,aws,A100,p4d24xlarge,us-west-2,0,C:\Users\FarhadBillimoria\OneDrive - Aurora Energy Research\Documents\Personal\Endog_demand_AI\pyai\data\original\prices\A100\EC2_p4d24xlarge_us-west-2.csv
2024-12-23,0.5164743124766079,0.4807856960687872,0.5496456807665683,3112.795444564219,6027.009222661395,11,A100,aws,A100,p4d24xlarge,us-west-2,0,C:\Users\FarhadBillimoria\OneDrive - Aurora Energy Research\Documents\Personal\Endog_demand_AI\pyai\data\original\prices\A100\EC2_p4d24xlarge_us-west-2.csv
2024-12-24,0.5218557583706781,0.5026277917440887,0.5513261922978833,3145.229468599033,6027.009222661395,11,A100,aws,A100,p4d24xlarge,us-west-2,0,C:\Users\FarhadBillimoria\OneDrive - Aurora Energy Research\Documents\Personal\Endog_demand_AI\pyai\data\original\prices\A100\EC2_p4d24xlarge_us-west-2.csv
2024-12-25,0.5358869961968662,0.4978276314351296,0.5600521004117026,3229.7958683828247,6027.009222661394,13,A100,aws,A100,p4d24xlarge,us-west-2,0,C:\Users\FarhadBillimoria\OneDrive - Aurora Energy Research\Documents\Personal\Endog_demand_AI\pyai\data\original\prices\A100\EC2_p4d24xlarge_us-west-2.csv
2024-12-26,0.5398738174178114,0.5048183772361279,0.5641736801836267,3253.824476650563,6027.009222661395,12,A100,aws,A100,p4d24xlarge,us-west-2,0,C:\Users\FarhadBillimoria\OneDrive - Aurora Energy Research\Documents\Personal\Endog_demand_AI\pyai\data\original\prices\A100\EC2_p4d24xlarge_us-west-2.csv
2024-12-27,0.5425460129218738,0.5057110066673954,0.5674800524647503,3269.929823598301,6027.009222661395,12,A100,aws,A100,p4d24xlarge,us-west-2,0,C:\Users\FarhadBillimoria\OneDrive - Aurora Energy Research\Documents\Personal\Endog_demand_AI\pyai\data\original\prices\A100\EC2_p4d24xlarge_us-west-2.csv
2024-12-28,0.5469677924727658,0.511303603308194,0.5697753852880096,3296.5799297321037,6027.009222661395,10,A100,aws,A100,p4d24xlarge,us-west-2,0,C:\Users\FarhadBillimoria\OneDrive - Aurora Energy Research\Documents\Personal\Endog_demand_AI\pyai\data\original\prices\A100\EC2_p4d24xlarge_us-west-2.csv
2024-12-29,0.5471877969008804,0.5162358363391264,0.5663096148941597,3297.905898449376,6027.009222661394,13,A100,aws,A100,p4d24xlarge,us-west-2,0,C:\Users\FarhadBillimoria\OneDrive - Aurora Energy Research\Documents\Personal\Endog_demand_AI\pyai\data\original\prices\A100\EC2_p4d24xlarge_us-west-2.csv
2024-12-30,0.5438112544176048,0.5179892155791161,0.5699256749371516,3277.555445761967,6027.009222661395,10,A100,aws,A100,p4d24xlarge,us-west-2,0,C:\Users\FarhadBillimoria\OneDrive - Aurora Energy Research\Documents\Personal\Endog_demand_AI\pyai\data\original\prices\A100\EC2_p4d24xlarge_us-west-2.csv
2024-12-31,0.551017746599231,0.5304359310671476,0.5711553175210405,3320.9890406036648,6027.009222661395,11,A100,aws,A100,p4d24xlarge,us-west-2,0,C:\Users\FarhadBillimoria\OneDrive - Aurora Energy Research\Documents\Personal\Endog_demand_AI\pyai\data\original\prices\A100\EC2_p4d24xlarge_us-west-2.csv
2025-01-01,0.5507059887320026,0.5226117608481802,0.5707135570371991,3319.1100730626417,6027.009222661395,11,A100,aws,A100,p4d24xlarge,us-west-2,0,C:\Users\FarhadBillimoria\OneDrive - Aurora Energy Research\Documents\Personal\Endog_demand_AI\pyai\data\original\prices\A100\EC2_p4d24xlarge_us-west-2.csv
2025-01-02,0.550694975771487,0.521928626079353,0.575108390716654,3319.043697848045,6027.009222661395,10,A100,aws,A100,p4d24xlarge,us-west-2,0,C:\Users\FarhadBillimoria\OneDrive - Aurora Energy Research\Documents\Personal\Endog_demand_AI\pyai\data\original\prices\A100\EC2_p4d24xlarge_us-west-2.csv
2025-01-03,0.5574956582990249,0.5207217546544249,0.5799358764163661,3360.0314741619086,6027.009222661395,9,A100,aws,A100,p4d24xlarge,us-west-2,0,C:\Users\FarhadBillimoria\OneDrive - Aurora Energy Research\Documents\Personal\Endog_demand_AI\pyai\data\original\prices\A100\EC2_p4d24xlarge_us-west-2.csv
2025-01-04,0.5584616225396639,0.5239825846176268,0.5822403177032098,3365.8533495490015,6027.009222661394,13,A100,aws,A100,p4d24xlarge,us-west-2,0,C:\Users\FarhadBillimoria\OneDrive - Aurora Energy Research\Documents\Personal\Endog_demand_AI\pyai\data\original\prices\A100\EC2_p4d24xlarge_us-west-2.csv
2025-01-05,0.5565283670677703,0.5288191787809232,0.5778819178780924,3354.2016009901376,6027.009222661395,11,A100,aws,A100,p4d24xlarge,us-west-2,0,C:\Users\FarhadBillimoria\OneDrive - Aurora Energy Research\Documents\Personal\Endog_demand_AI\pyai\data\original\prices\A100\EC2_p4d24xlarge_us-west-2.csv
2025-01-06,0.5585645226999474,0.5230671840273983,0.581388676358072,3366.473529764043,6027.009222661395,11,A100,aws,A100,p4d24xlarge,us-west-2,0,C:\Users\FarhadBillimoria\OneDrive - Aurora Energy Research\Documents\Personal\Endog_demand_AI\pyai\data\original\prices\A100\EC2_p4d24xlarge_us-west-2.csv
2025-01-07,0.5573742121179001,0.5302218821729151,0.5815571829343827,3359.299516908212,6027.009222661395,10,A100,aws,A100,p4d24xlarge,us-west-2,0,C:\Users\FarhadBillimoria\OneDrive - Aurora Energy Research\Documents\Personal\Endog_demand_AI\pyai\data\original\prices\A100\EC2_p4d24xlarge_us-west-2.csv
2025-01-08,0.562498550926248,0.5359374430721027,0.5842578423871462,3390.183954166167,6027.009222661395,11,A100,aws,A100,p4d24xlarge,us-west-2,0,C:\Users\FarhadBillimoria\OneDrive - Aurora Energy Research\Documents\Personal\Endog_demand_AI\pyai\data\original\prices\A100\EC2_p4d24xlarge_us-west-2.csv
2025-01-09,0.569155630244957,0.5419854628921195,0.5933389805807556,3430.3062326160148,6027.009222661395,12,A100,aws,A100,p4d24xlarge,us-west-2,0,C:\Users\FarhadBillimoria\OneDrive - Aurora Energy Research\Documents\Personal\Endog_demand_AI\pyai\data\original\prices\A100\EC2_p4d24xlarge_us-west-2.csv
2025-01-10,0.5681780919921701,0.5411839180966955,0.5902785368164098,3424.4146005509638,6027.009222661395,11,A100,aws,A100,p4d24xlarge,us-west-2,0,C:\Users\FarhadBillimoria\OneDrive - Aurora Energy Research\Documents\Personal\Endog_demand_AI\pyai\data\original\prices\A100\EC2_p4d24xlarge_us-west-2.csv
2025-01-11,0.5575548633123232,0.541976354428535,0.5762606113600758,3360.3883033230854,6027.009222661395,12,A100,aws,A100,p4d24xlarge,us-west-2,0,C:\Users\FarhadBillimoria\OneDrive - Aurora Energy Research\Documents\Personal\Endog_demand_AI\pyai\data\original\prices\A100\EC2_p4d24xlarge_us-west-2.csv
2025-01-12,0.561091293302464,0.5393212372936933,0.5764017925456335,3381.7023994889605,6027.009222661395,11,A100,aws,A100,p4d24xlarge,us-west-2,0,C:\Users\FarhadBillimoria\OneDrive - Aurora Energy Research\Documents\Personal\Endog_demand_AI\pyai\data\original\prices\A100\EC2_p4d24xlarge_us-west-2.csv
2025-01-13,0.571842437242686,0.5402366378839217,0.5833788756512552,3446.499643170838,6027.009222661395,8,A100,aws,A100,p4d24xlarge,us-west-2,0,C:\Users\FarhadBillimoria\OneDrive - Aurora Energy Research\Documents\Personal\Endog_demand_AI\pyai\data\original\prices\A100\EC2_p4d24xlarge_us-west-2.csv
2025-01-14,0.5655023773089956,0.5378137865704814,0.585405508798776,3408.2880434782605,6027.009222661395,12,A100,aws,A100,p4d24xlarge,us-west-2,0,C:\Users\FarhadBillimoria\OneDrive - Aurora Energy Research\Documents\Personal\Endog_demand_AI\pyai\data\original\prices\A100\EC2_p4d24xlarge_us-west-2.csv
2025-01-15,0.5595825085113533,0.5254900353408387,0.5776496520566912,3372.608939637925,6027.009222661395,9,A100,aws,A100,p4d24xlarge,us-west-2,0,C:\Users\FarhadBillimoria\OneDrive - Aurora Energy Research\Documents\Personal\Endog_demand_AI\pyai\data\original\prices\A100\EC2_p4d24xlarge_us-west-2.csv
2025-01-16,0.5592008385858808,0.5272889568987503,0.5822539803985864,3370.308611477089,6027.009222661395,12,A100,aws,A100,p4d24xlarge,us-west-2,0,C:\Users\FarhadBillimoria\OneDrive - Aurora Energy Research\Documents\Personal\Endog_demand_AI\pyai\data\original\prices\A100\EC2_p4d24xlarge_us-west-2.csv
2025-01-17,0.5616656647356725,0.5312784639487012,0.5809195904834773,3385.1641414141404,6027.009222661395,10,A100,aws,A100,p4d24xlarge,us-west-2,0,C:\Users\FarhadBillimoria\OneDrive - Aurora Energy Research\Documents\Personal\Endog_demand_AI\pyai\data\original\prices\A100\EC2_p4d24xlarge_us-west-2.csv
2025-01-18,0.5538618484295608,0.5261094108645754,0.5750036433854339,3338.130468565251,6027.009222661394,13,A100,aws,A100,p4d24xlarge,us-west-2,0,C:\Users\FarhadBillimoria\OneDrive - Aurora Energy Research\Documents\Personal\Endog_demand_AI\pyai\data\original\prices\A100\EC2_p4d24xlarge_us-west-2.csv
2025-01-19,0.5460898767134422,0.5162995955842169,0.5608308740481656,3291.28872335394,6027.009222661394,13,A100,aws,A100,p4d24xlarge,us-west-2,0,C:\Users\FarhadBillimoria\OneDrive - Aurora Energy Research\Documents\Personal\Endog_demand_AI\pyai\data\original\prices\A100\EC2_p4d24xlarge_us-west-2.csv
2025-01-20,0.546809760629577,0.51768408204904,0.5599200276897293,3295.6274703557306,6027.009222661395,10,A100,aws,A100,p4d24xlarge,us-west-2,0,C:\Users\FarhadBillimoria\OneDrive - Aurora Energy Research\Documents\Personal\Endog_demand_AI\pyai\data\original\prices\A100\EC2_p4d24xlarge_us-west-2.csv
2025-01-21,0.5403830739523166,0.5165181987102415,0.5626890006193755,3256.8937704807267,6027.009222661394,13,A100,aws,A100,p4d24xlarge,us-west-2,0,C:\Users\FarhadBillimoria\OneDrive - Aurora Energy Research\Documents\Personal\Endog_demand_AI\pyai\data\original\prices\A100\EC2_p4d24xlarge_us-west-2.csv
2025-01-22,0.5510827939098789,0.5240144642401721,0.5700258680365797,3321.381081344849,6027.009222661395,9,A100,aws,A100,p4d24xlarge,us-west-2,0,C:\Users\FarhadBillimoria\OneDrive - Aurora Energy Research\Documents\Personal\Endog_demand_AI\pyai\data\original\prices\A100\EC2_p4d24xlarge_us-west-2.csv
2025-01-23,0.5466110443157115,0.5237776441869786,0.5707363281961599,3294.42980529937,6027.009222661395,9,A100,aws,A100,p4d24xlarge,us-west-2,0,C:\Users\FarhadBillimoria\OneDrive - Aurora Energy Research\Documents\Personal\Endog_demand_AI\pyai\data\original\prices\A100\EC2_p4d24xlarge_us-west-2.csv
2025-01-24,0.5381098116369731,0.5190503515866944,0.5716244033956354,3243.1927975406234,6027.009222661395,12,A100,aws,A100,p4d24xlarge,us-west-2,0,C:\Users\FarhadBillimoria\OneDrive - Aurora Energy Research\Documents\Personal\Endog_demand_AI\pyai\data\original\prices\A100\EC2_p4d24xlarge_us-west-2.csv
2025-01-25,0.5434544096556339,0.5137856596349328,0.5755046088825737,3275.4047390905093,6027.009222661395,11,A100,aws,A100,p4d24xlarge,us-west-2,0,C:\Users\FarhadBillimoria\OneDrive - Aurora Energy Research\Documents\Personal\Endog_demand_AI\pyai\data\original\prices\A100\EC2_p4d24xlarge_us-west-2.csv
2025-01-26,0.5360544868291617,0.5015120049550043,0.5739333989142712,3230.805335968379,6027.009222661395,10,A100,aws,A100,p4d24xlarge,us-west-2,0,C:\Users\FarhadBillimoria\OneDrive - Aurora Energy Research\Documents\Personal\Endog_demand_AI\pyai\data\original\prices\A100\EC2_p4d24xlarge_us-west-2.csv
2025-01-27,0.528201429768541,0.49310944729842976,0.5631307611032171,3183.4748886379316,6027.009222661395,14,A100,aws,A100,p4d24xlarge,us-west-2,0,C:\Users\FarhadBillimoria\OneDrive - Aurora Energy Research\Documents\Personal\Endog_demand_AI\pyai\data\original\prices\A100\EC2_p4d24xlarge_us-west-2.csv
2025-01-28,0.5179204880811614,0.4731345866579225,0.5556663751958321,3121.511558270451,6027.009222661395,11,A100,aws,A100,p4d24xlarge,us-west-2,0,C:\Users\FarhadBillimoria\OneDrive - Aurora Energy Research\Documents\Personal\Endog_demand_AI\pyai\data\original\prices\A100\EC2_p4d24xlarge_us-west-2.csv
2025-01-29,0.5120262080858868,0.47176376288847605,0.5494953911174264,3085.986678377982,6027.009222661395,9,A100,aws,A100,p4d24xlarge,us-west-2,0,C:\Users\FarhadBillimoria\OneDrive - Aurora Energy Research\Documents\Personal\Endog_demand_AI\pyai\data\original\prices\A100\EC2_p4d24xlarge_us-west-2.csv
2025-01-30,0.5031263049625713,0.46207235763471427,0.5437069625095639,3032.346880172967,6027.009222661394,13,A100,aws,A100,p4d24xlarge,us-west-2,0,C:\Users\FarhadBillimoria\OneDrive - Aurora Energy Research\Documents\Personal\Endog_demand_AI\pyai\data\original\prices\A100\EC2_p4d24xlarge_us-west-2.csv
2025-01-31,0.49979961380114407,0.46303785477465664,0.5310644150544687,3012.2968818620984,6027.009222661395,11,A100,aws,A100,p4d24xlarge,us-west-2,0,C:\Users\FarhadBillimoria\OneDrive - Aurora Energy Research\Documents\Personal\Endog_demand_AI\pyai\data\original\prices\A100\EC2_p4d24xlarge_us-west-2.csv
2025-02-01,0.5009584587817182,0.46577950231354975,0.5315016213065181,3019.281251247654,6027.009222661395,11,A100,aws,A100,p4d24xlarge,us-west-2,0,C:\Users\FarhadBillimoria\OneDrive - Aurora Energy Research\Documents\Personal\Endog_demand_AI\pyai\data\original\prices\A100\EC2_p4d24xlarge_us-west-2.csv
2025-02-02,0.49565266045209216,0.4625778773636463,0.5295888439538019,2987.3031557814165,6027.009222661395,7,A100,aws,A100,p4d24xlarge,us-west-2,0,C:\Users\FarhadBillimoria\OneDrive - Aurora Energy Research\Documents\Personal\Endog_demand_AI\pyai\data\original\prices\A100\EC2_p4d24xlarge_us-west-2.csv
2025-02-03,0.49164161839180975,0.4558239516158415,0.524816009035596,2963.1285682916114,6027.009222661395,10,A100,aws,A100,p4d24xlarge,us-west-2,0,C:\Users\FarhadBillimoria\OneDrive - Aurora Energy Research\Documents\Personal\Endog_demand_AI\pyai\data\original\prices\A100\EC2_p4d24xlarge_us-west-2.csv
2025-02-04,0.47933920198648583,0.45141090100921777,0.5087486792727802,2888.981791155704,6027.009222661394,13,A100,aws,A100,p4d24xlarge,us-west-2,0,C:\Users\FarhadBillimoria\OneDrive - Aurora Energy Research\Documents\Personal\Endog_demand_AI\pyai\data\original\prices\A100\EC2_p4d24xlarge_us-west-2.csv
2025-02-05,0.4758879992956122,0.4532098225671294,0.5020266331475207,2868.1813607085337,6027.009222661395,12,A100,aws,A100,p4d24xlarge,us-west-2,0,C:\Users\FarhadBillimoria\OneDrive - Aurora Energy Research\Documents\Personal\Endog_demand_AI\pyai\data\original\prices\A100\EC2_p4d24xlarge_us-west-2.csv
2025-02-06,0.4673606487875807,0.4403896600721391,0.49197088935038447,2816.7869405517627,6027.009222661395,11,A100,aws,A100,p4d24xlarge,us-west-2,0,C:\Users\FarhadBillimoria\OneDrive - Aurora Energy Research\Documents\Personal\Endog_demand_AI\pyai\data\original\prices\A100\EC2_p4d24xlarge_us-west-2.csv
2025-02-07,0.4654579034839173,0.43923743942871724,0.4895617007323205,2805.3190770582073,6027.009222661394,13,A100,aws,A100,p4d24xlarge,us-west-2,0,C:\Users\FarhadBillimoria\OneDrive - Aurora Energy Research\Documents\Personal\Endog_demand_AI\pyai\data\original\prices\A100\EC2_p4d24xlarge_us-west-2.csv
2025-02-08,0.4687761868328051,0.44392829817466395,0.494248005246475,2825.3184014053577,6027.009222661395,11,A100,aws,A100,p4d24xlarge,us-west-2,0,C:\Users\FarhadBillimoria\OneDrive - Aurora Energy Research\Documents\Personal\Endog_demand_AI\pyai\data\original\prices\A100\EC2_p4d24xlarge_us-west-2.csv
2025-02-09,0.46990066806440184,0.4338907713046964,0.4946260064852261,2832.0956601589005,6027.009222661395,11,A100,aws,A100,p4d24xlarge,us-west-2,0,C:\Users\FarhadBillimoria\OneDrive - Aurora Energy Research\Documents\Personal\Endog_demand_AI\pyai\data\original\prices\A100\EC2_p4d24xlarge_us-west-2.csv
2025-02-10,0.46818579278410954,0.4322512478595111,0.49492658578351006,2821.760091028865,6027.009222661395,11,A100,aws,A100,p4d24xlarge,us-west-2,0,C:\Users\FarhadBillimoria\OneDrive - Aurora Energy Research\Documents\Personal\Endog_demand_AI\pyai\data\original\prices\A100\EC2_p4d24xlarge_us-west-2.csv
2025-02-11,0.46056555751604394,0.4271823878748133,0.4838188144423799,2775.832862789384,6027.009222661395,14,A100,aws,A100,p4d24xlarge,us-west-2,0,C:\Users\FarhadBillimoria\OneDrive - Aurora Energy Research\Documents\Personal\Endog_demand_AI\pyai\data\original\prices\A100\EC2_p4d24xlarge_us-west-2.csv
2025-02-12,0.4588339193111573,0.4248324042700478,0.48412850220424825,2765.3962633582196,6027.009222661395,12,A100,aws,A100,p4d24xlarge,us-west-2,0,C:\Users\FarhadBillimoria\OneDrive - Aurora Energy Research\Documents\Personal\Endog_demand_AI\pyai\data\original\prices\A100\EC2_p4d24xlarge_us-west-2.csv
2025-02-13,0.457639268408205,0.418857252158706,0.47679163478704417,2758.196091348265,6027.009222661395,10,A100,aws,A100,p4d24xlarge,us-west-2,0,C:\Users\FarhadBillimoria\OneDrive - Aurora Energy Research\Documents\Personal\Endog_demand_AI\pyai\data\original\prices\A100\EC2_p4d24xlarge_us-west-2.csv
2025-02-14,0.4605272309939487,0.4255018763434984,0.4812684446387584,2775.601868487244,6027.009222661395,11,A100,aws,A100,p4d24xlarge,us-west-2,0,C:\Users\FarhadBillimoria\OneDrive - Aurora Energy Research\Documents\Personal\Endog_demand_AI\pyai\data\original\prices\A100\EC2_p4d24xlarge_us-west-2.csv
2025-02-15,0.45930828926238265,0.4386226181367727,0.4800980070681678,2768.255295429208,6027.009222661394,13,A100,aws,A100,p4d24xlarge,us-west-2,0,C:\Users\FarhadBillimoria\OneDrive - Aurora Energy Research\Documents\Personal\Endog_demand_AI\pyai\data\original\prices\A100\EC2_p4d24xlarge_us-west-2.csv
2025-02-16,0.46016620461915037,0.44166484497394987,0.4794831857762233,2773.4259591967098,6027.009222661395,11,A100,aws,A100,p4d24xlarge,us-west-2,0,C:\Users\FarhadBillimoria\OneDrive - Aurora Energy Research\Documents\Personal\Endog_demand_AI\pyai\data\original\prices\A100\EC2_p4d24xlarge_us-west-2.csv
2025-02-17,0.455081611833716,0.44912467664954286,0.4629604328341896,2742.781071585419,6027.009222661395,10,A100,aws,A100,p4d24xlarge,us-west-2,0,C:\Users\FarhadBillimoria\OneDrive - Aurora Energy Research\Documents\Personal\Endog_demand_AI\pyai\data\original\prices\A100\EC2_p4d24xlarge_us-west-2.csv
2025-02-18,0.45566455350311513,0.45105567092942767,0.461439319415601,2746.2944664031616,6027.009222661395,12,A100,aws,A100,p4d24xlarge,us-west-2,0,C:\Users\FarhadBillimoria\OneDrive - Aurora Energy Research\Documents\Personal\Endog_demand_AI\pyai\data\original\prices\A100\EC2_p4d24xlarge_us-west-2.csv
2025-02-19,0.45310962946770145,0.43996611651546624,0.4620313695485846,2730.8959156785245,6027.009222661394,13,A100,aws,A100,p4d24xlarge,us-west-2,0,C:\Users\FarhadBillimoria\OneDrive - Aurora Energy Research\Documents\Personal\Endog_demand_AI\pyai\data\original\prices\A100\EC2_p4d24xlarge_us-west-2.csv
2025-02-20,0.45547509746056036,0.44187433963639017,0.46406255692789744,2745.1526130873954,6027.009222661395,10,A100,aws,A100,p4d24xlarge,us-west-2,0,C:\Users\FarhadBillimoria\OneDrive - Aurora Energy Research\Documents\Personal\Endog_demand_AI\pyai\data\original\prices\A100\EC2_p4d24xlarge_us-west-2.csv
2025-02-21,0.4563505864194464,0.4413369402849128,0.4653377418297083,2750.4291931169396,6027.009222661395,11,A100,aws,A100,p4d24xlarge,us-west-2,0,C:\Users\FarhadBillimoria\OneDrive - Aurora Energy Research\Documents\Personal\Endog_demand_AI\pyai\data\original\prices\A100\EC2_p4d24xlarge_us-west-2.csv
2025-02-22,0.4543793492913616,0.44343188690931623,0.46567020075053744,2738.54852876592,6027.009222661395,10,A100,aws,A100,p4d24xlarge,us-west-2,0,C:\Users\FarhadBillimoria\OneDrive - Aurora Energy Research\Documents\Personal\Endog_demand_AI\pyai\data\original\prices\A100\EC2_p4d24xlarge_us-west-2.csv
2025-02-23,0.4548060808102889,0.4431722956971618,0.46381207417932746,2741.1204435660957,6027.009222661395,10,A100,aws,A100,p4d24xlarge,us-west-2,0,C:\Users\FarhadBillimoria\OneDrive - Aurora Energy Research\Documents\Personal\Endog_demand_AI\pyai\data\original\prices\A100\EC2_p4d24xlarge_us-west-2.csv
2025-02-24,0.4498615513535177,0.4430311145116042,0.4596722774802346,2711.319718928414,6027.009222661395,10,A100,aws,A100,p4d24xlarge,us-west-2,0,C:\Users\FarhadBillimoria\OneDrive - Aurora Energy Research\Documents\Personal\Endog_demand_AI\pyai\data\original\prices\A100\EC2_p4d24xlarge_us-west-2.csv
2025-02-25,0.44385133165737606,0.43687834736036735,0.4522853135133167,2675.0960693895477,6027.009222661395,10,A100,aws,A100,p4d24xlarge,us-west-2,0,C:\Users\FarhadBillimoria\OneDrive - Aurora Energy Research\Documents\Personal\Endog_demand_AI\pyai\data\original\prices\A100\EC2_p4d24xlarge_us-west-2.csv
2025-02-26,0.44528637009509237,0.4407722155426823,0.45239006084453676,2683.745059288537,6027.009222661395,10,A100,aws,A100,p4d24xlarge,us-west-2,0,C:\Users\FarhadBillimoria\OneDrive - Aurora Energy Research\Documents\Personal\Endog_demand_AI\pyai\data\original\prices\A100\EC2_p4d24xlarge_us-west-2.csv
2025-02-27,0.4465636803050728,0.4412230844901083,0.4503042226837178,2691.4434197042888,6027.009222661395,12,A100,aws,A100,p4d24xlarge,us-west-2,0,C:\Users\FarhadBillimoria\OneDrive - Aurora Energy Research\Documents\Personal\Endog_demand_AI\pyai\data\original\prices\A100\EC2_p4d24xlarge_us-west-2.csv
2025-02-28,0.4482146583332506,0.44215214777571327,0.45179801071155323,2701.3938795065274,6027.009222661395,11,A100,aws,A100,p4d24xlarge,us-west-2,0,C:\Users\FarhadBillimoria\OneDrive - Aurora Energy Research\Documents\Personal\Endog_demand_AI\pyai\data\original\prices\A100\EC2_p4d24xlarge_us-west-2.csv
2025-03-01,0.4457869940248479,0.4405718293438263,0.44980781141836995,2686.7623243302587,6027.009222661395,8,A100,aws,A100,p4d24xlarge,us-west-2,0,C:\Users\FarhadBillimoria\OneDrive - Aurora Energy Research\Documents\Personal\Endog_demand_AI\pyai\data\original\prices\A100\EC2_p4d24xlarge_us-west-2.csv
2025-03-02,0.44640222194463103,0.43684646773782204,0.452822712864794,2690.47030867683,6027.009222661395,14,A100,aws,A100,p4d24xlarge,us-west-2,0,C:\Users\FarhadBillimoria\OneDrive - Aurora Energy Research\Documents\Personal\Endog_demand_AI\pyai\data\original\prices\A100\EC2_p4d24xlarge_us-west-2.csv
2025-03-03,0.45265838100095945,0.4412367471854848,0.46182187488614423,2728.176237007758,6027.009222661395,12,A100,aws,A100,p4d24xlarge,us-west-2,0,C:\Users\FarhadBillimoria\OneDrive - Aurora Energy Research\Documents\Personal\Endog_demand_AI\pyai\data\original\prices\A100\EC2_p4d24xlarge_us-west-2.csv
2025-03-04,0.45083996595090703,0.4354574270412067,0.4613026924618356,2717.2166327304662,6027.009222661395,11,A100,aws,A100,p4d24xlarge,us-west-2,0,C:\Users\FarhadBillimoria\OneDrive - Aurora Energy Research\Documents\Personal\Endog_demand_AI\pyai\data\original\prices\A100\EC2_p4d24xlarge_us-west-2.csv
2025-03-05,0.45114115035691166,0.4365914307574599,0.4637756403249901,2719.031873923178,6027.009222661394,13,A100,aws,A100,p4d24xlarge,us-west-2,0,C:\Users\FarhadBillimoria\OneDrive - Aurora Energy Research\Documents\Personal\Endog_demand_AI\pyai\data\original\prices\A100\EC2_p4d24xlarge_us-west-2.csv
2025-03-06,0.4527999417058331,0.4472346704557876,0.4594081320362882,2729.0294246815984,6027.009222661395,12,A100,aws,A100,p4d24xlarge,us-west-2,0,C:\Users\FarhadBillimoria\OneDrive - Aurora Energy Research\Documents\Personal\Endog_demand_AI\pyai\data\original\prices\A100\EC2_p4d24xlarge_us-west-2.csv
2025-03-07,0.45061011525242595,0.4432588261012133,0.4577868255182716,2715.8313204508854,6027.009222661395,12,A100,aws,A100,p4d24xlarge,us-west-2,0,C:\Users\FarhadBillimoria\OneDrive - Aurora Energy Research\Documents\Personal\Endog_demand_AI\pyai\data\original\prices\A100\EC2_p4d24xlarge_us-west-2.csv
2025-03-08,0.4526554483516994,0.44390097278391083,0.46085637774620186,2728.158561903621,6027.009222661395,11,A100,aws,A100,p4d24xlarge,us-west-2,0,C:\Users\FarhadBillimoria\OneDrive - Aurora Energy Research\Documents\Personal\Endog_demand_AI\pyai\data\original\prices\A100\EC2_p4d24xlarge_us-west-2.csv
2025-03-09,0.4517984247326252,0.4447161802747113,0.4664717455459613,2722.993272647422,6027.009222661395,11,A100,aws,A100,p4d24xlarge,us-west-2,0,C:\Users\FarhadBillimoria\OneDrive - Aurora Energy Research\Documents\Personal\Endog_demand_AI\pyai\data\original\prices\A100\EC2_p4d24xlarge_us-west-2.csv
2025-03-10,0.4539878371649604,0.4431130906838635,0.4688262833825191,2736.188881569316,6027.009222661395,12,A100,aws,A100,p4d24xlarge,us-west-2,0,C:\Users\FarhadBillimoria\OneDrive - Aurora Energy Research\Documents\Personal\Endog_demand_AI\pyai\data\original\prices\A100\EC2_p4d24xlarge_us-west-2.csv
2025-03-11,0.4553797070055678,0.4460369074944439,0.4659616715852371,2744.577693935401,6027.009222661395,11,A100,aws,A100,p4d24xlarge,us-west-2,0,C:\Users\FarhadBillimoria\OneDrive - Aurora Energy Research\Documents\Personal\Endog_demand_AI\pyai\data\original\prices\A100\EC2_p4d24xlarge_us-west-2.csv
2025-03-12,0.4572714966747102,0.4488696396691806,0.4666675775130251,2755.9795277186577,6027.009222661394,13,A100,aws,A100,p4d24xlarge,us-west-2,0,C:\Users\FarhadBillimoria\OneDrive - Aurora Energy Research\Documents\Personal\Endog_demand_AI\pyai\data\original\prices\A100\EC2_p4d24xlarge_us-west-2.csv
2025-03-13,0.4556716378636807,0.44294913833934496,0.4675875323350457,2746.337163909627,6027.009222661395,9,A100,aws,A100,p4d24xlarge,us-west-2,0,C:\Users\FarhadBillimoria\OneDrive - Aurora Energy Research\Documents\Personal\Endog_demand_AI\pyai\data\original\prices\A100\EC2_p4d24xlarge_us-west-2.csv
2025-03-14,0.4576763853973112,0.4454812912157978,0.47584890880606256,2758.419795783926,6027.009222661395,12,A100,aws,A100,p4d24xlarge,us-west-2,0,C:\Users\FarhadBillimoria\OneDrive - Aurora Energy Research\Documents\Personal\Endog_demand_AI\pyai\data\original\prices\A100\EC2_p4d24xlarge_us-west-2.csv
2025-03-15,0.46369411957591,0.44920665282180205,0.49743596750100194,2794.688735177865,6027.009222661395,10,A100,aws,A100,p4d24xlarge,us-west-2,0,C:\Users\FarhadBillimoria\OneDrive - Aurora Energy Research\Documents\Personal\Endog_demand_AI\pyai\data\original\prices\A100\EC2_p4d24xlarge_us-west-2.csv
2025-03-16,0.476586694356396,0.45316883448099976,0.5175565635588589,2872.392402283706,6027.009222661395,14,A100,aws,A100,p4d24xlarge,us-west-2,0,C:\Users\FarhadBillimoria\OneDrive - Aurora Energy Research\Documents\Personal\Endog_demand_AI\pyai\data\original\prices\A100\EC2_p4d24xlarge_us-west-2.csv
2025-03-17,0.4903450286005757,0.45737239042518313,0.5342159434546582,2955.3140096618354,6027.009222661394,13,A100,aws,A100,p4d24xlarge,us-west-2,0,C:\Users\FarhadBillimoria\OneDrive - Aurora Energy Research\Documents\Personal\Endog_demand_AI\pyai\data\original\prices\A100\EC2_p4d24xlarge_us-west-2.csv
2025-03-18,0.49648641017233214,0.46682697562575154,0.5338470506794915,2992.328173034694,6027.009222661395,12,A100,aws,A100,p4d24xlarge,us-west-2,0,C:\Users\FarhadBillimoria\OneDrive - Aurora Energy Research\Documents\Personal\Endog_demand_AI\pyai\data\original\prices\A100\EC2_p4d24xlarge_us-west-2.csv
2025-03-19,0.4958917034041365,0.47221463183590195,0.5372217364374977,2988.7438698579995,6027.009222661395,12,A100,aws,A100,p4d24xlarge,us-west-2,0,C:\Users\FarhadBillimoria\OneDrive - Aurora Energy Research\Documents\Personal\Endog_demand_AI\pyai\data\original\prices\A100\EC2_p4d24xlarge_us-west-2.csv
2025-03-20,0.49664011549531834,0.47271104310124973,0.5408742303348272,2993.254556433904,6027.009222661395,12,A100,aws,A100,p4d24xlarge,us-west-2,0,C:\Users\FarhadBillimoria\OneDrive - Aurora Energy Research\Documents\Personal\Endog_demand_AI\pyai\data\original\prices\A100\EC2_p4d24xlarge_us-west-2.csv
2025-03-21,0.4980371260975699,0.477465661092287,0.5375314241993661,3001.67435221783,6027.009222661395,9,A100,aws,A100,p4d24xlarge,us-west-2,0,C:\Users\FarhadBillimoria\OneDrive - Aurora Energy Research\Documents\Personal\Endog_demand_AI\pyai\data\original\prices\A100\EC2_p4d24xlarge_us-west-2.csv
2025-03-22,0.4950207065738818,0.478144241629322,0.5213046963238241,2983.4943639291464,6027.009222661395,9,A100,aws,A100,p4d24xlarge,us-west-2,0,C:\Users\FarhadBillimoria\OneDrive - Aurora Energy Research\Documents\Personal\Endog_demand_AI\pyai\data\original\prices\A100\EC2_p4d24xlarge_us-west-2.csv
2025-03-23,0.4860404515148203,0.4695549604692681,0.5212500455423179,2929.3702838663307,6027.009222661395,11,A100,aws,A100,p4d24xlarge,us-west-2,0,C:\Users\FarhadBillimoria\OneDrive - Aurora Energy Research\Documents\Personal\Endog_demand_AI\pyai\data\original\prices\A100\EC2_p4d24xlarge_us-west-2.csv
2025-03-24,0.4864370422997049,0.46914052537617956,0.5203164280249207,2931.760540184453,6027.009222661395,10,A100,aws,A100,p4d24xlarge,us-west-2,0,C:\Users\FarhadBillimoria\OneDrive - Aurora Energy Research\Documents\Personal\Endog_demand_AI\pyai\data\original\prices\A100\EC2_p4d24xlarge_us-west-2.csv
2025-03-25,0.4809090106526985,0.4552501184100266,0.5217692279666266,2898.443042464781,6027.009222661394,13,A100,aws,A100,p4d24xlarge,us-west-2,0,C:\Users\FarhadBillimoria\OneDrive - Aurora Energy Research\Documents\Personal\Endog_demand_AI\pyai\data\original\prices\A100\EC2_p4d24xlarge_us-west-2.csv
2025-03-26,0.4821465833325053,0.4576274274055453,0.5209221408532809,2905.9019044196907,6027.009222661395,11,A100,aws,A100,p4d24xlarge,us-west-2,0,C:\Users\FarhadBillimoria\OneDrive - Aurora Energy Research\Documents\Personal\Endog_demand_AI\pyai\data\original\prices\A100\EC2_p4d24xlarge_us-west-2.csv
2025-03-27,0.4816377169332411,0.4487603381061683,0.5196105220971327,2902.8349619382225,6027.009222661395,12,A100,aws,A100,p4d24xlarge,us-west-2,0,C:\Users\FarhadBillimoria\OneDrive - Aurora Energy Research\Documents\Personal\Endog_demand_AI\pyai\data\original\prices\A100\EC2_p4d24xlarge_us-west-2.csv
2025-03-28,0.4736993114001531,0.44940703902065804,0.5085756184646775,2854.9901185770746,6027.009222661395,10,A100,aws,A100,p4d24xlarge,us-west-2,0,C:\Users\FarhadBillimoria\OneDrive - Aurora Energy Research\Documents\Personal\Endog_demand_AI\pyai\data\original\prices\A100\EC2_p4d24xlarge_us-west-2.csv
2025-03-29,0.47601468284329806,0.4557283127482057,0.5026778882938027,2868.944883618796,6027.009222661395,10,A100,aws,A100,p4d24xlarge,us-west-2,0,C:\Users\FarhadBillimoria\OneDrive - Aurora Energy Research\Documents\Personal\Endog_demand_AI\pyai\data\original\prices\A100\EC2_p4d24xlarge_us-west-2.csv
2025-03-30,0.47241209031432013,0.4544349109192262,0.49915746711844655,2847.2320252211553,6027.009222661395,14,A100,aws,A100,p4d24xlarge,us-west-2,0,C:\Users\FarhadBillimoria\OneDrive - Aurora Energy Research\Documents\Personal\Endog_demand_AI\pyai\data\original\prices\A100\EC2_p4d24xlarge_us-west-2.csv
2025-03-31,0.47033259554778306,0.44501675957299525,0.5026323459758809,2834.69889108476,6027.009222661395,12,A100,aws,A100,p4d24xlarge,us-west-2,0,C:\Users\FarhadBillimoria\OneDrive - Aurora Energy Research\Documents\Personal\Endog_demand_AI\pyai\data\original\prices\A100\EC2_p4d24xlarge_us-west-2.csv
2025-04-01,0.4704248187415747,0.4434910919226145,0.5198746675410792,2835.254721124286,6027.009222661395,11,A100,aws,A100,p4d24xlarge,us-west-2,0,C:\Users\FarhadBillimoria\OneDrive - Aurora Energy Research\Documents\Personal\Endog_demand_AI\pyai\data\original\prices\A100\EC2_p4d24xlarge_us-west-2.csv
2025-04-02,0.47811070592248867,0.4446023244799068,0.5288191787809232,2881.5776340479892,6027.009222661395,11,A100,aws,A100,p4d24xlarge,us-west-2,0,C:\Users\FarhadBillimoria\OneDrive - Aurora Energy Research\Documents\Personal\Endog_demand_AI\pyai\data\original\prices\A100\EC2_p4d24xlarge_us-west-2.csv
2025-04-03,0.5042358150860446,0.4567074725835247,0.5447271104310126,3039.033907919777,6027.009222661395,12,A100,aws,A100,p4d24xlarge,us-west-2,0,C:\Users\FarhadBillimoria\OneDrive - Aurora Energy Research\Documents\Personal\Endog_demand_AI\pyai\data\original\prices\A100\EC2_p4d24xlarge_us-west-2.csv
2025-04-04,0.509860822676431,0.46444055816664853,0.5537490436113237,3072.935880544576,6027.009222661395,10,A100,aws,A100,p4d24xlarge,us-west-2,0,C:\Users\FarhadBillimoria\OneDrive - Aurora Energy Research\Documents\Personal\Endog_demand_AI\pyai\data\original\prices\A100\EC2_p4d24xlarge_us-west-2.csv
2025-04-05,0.5093904464361619,0.467592086566838,0.5506612744562248,3070.100918606353,6027.009222661395,12,A100,aws,A100,p4d24xlarge,us-west-2,0,C:\Users\FarhadBillimoria\OneDrive - Aurora Energy Research\Documents\Personal\Endog_demand_AI\pyai\data\original\prices\A100\EC2_p4d24xlarge_us-west-2.csv
2025-04-06,0.5042809778846505,0.46836630597150875,0.5473731191022699,3039.3061045234954,6027.009222661395,9,A100,aws,A100,p4d24xlarge,us-west-2,0,C:\Users\FarhadBillimoria\OneDrive - Aurora Energy Research\Documents\Personal\Endog_demand_AI\pyai\data\original\prices\A100\EC2_p4d24xlarge_us-west-2.csv
2025-04-07,0.5283312253746182,0.4782216635697891,0.569306299413415,3184.2571679528196,6027.009222661395,14,A100,aws,A100,p4d24xlarge,us-west-2,0,C:\Users\FarhadBillimoria\OneDrive - Aurora Energy Research\Documents\Personal\Endog_demand_AI\pyai\data\original\prices\A100\EC2_p4d24xlarge_us-west-2.csv
2025-04-08,0.543109902721609,0.4835364520712647,0.5939355849455314,3273.3283926218705,6027.009222661395,10,A100,aws,A100,p4d24xlarge,us-west-2,0,C:\Users\FarhadBillimoria\OneDrive - Aurora Energy Research\Documents\Personal\Endog_demand_AI\pyai\data\original\prices\A100\EC2_p4d24xlarge_us-west-2.csv
2025-04-09,0.5695534699934088,0.48637373847779364,0.6063731919699786,3432.7040164490754,6027.009222661395,11,A100,aws,A100,p4d24xlarge,us-west-2,0,C:\Users\FarhadBillimoria\OneDrive - Aurora Energy Research\Documents\Personal\Endog_demand_AI\pyai\data\original\prices\A100\EC2_p4d24xlarge_us-west-2.csv
2025-04-10,0.5437438103849734,0.479173498014355,0.6029347469668817,3277.1489599552838,6027.009222661395,11,A100,aws,A100,p4d24xlarge,us-west-2,0,C:\Users\FarhadBillimoria\OneDrive - Aurora Energy Research\Documents\Personal\Endog_demand_AI\pyai\data\original\prices\A100\EC2_p4d24xlarge_us-west-2.csv
2025-04-11,0.549545993692895,0.46859401756111785,0.5978841039093526,3312.118772263699,6027.009222661395,9,A100,aws,A100,p4d24xlarge,us-west-2,0,C:\Users\FarhadBillimoria\OneDrive - Aurora Energy Research\Documents\Personal\Endog_demand_AI\pyai\data\original\prices\A100\EC2_p4d24xlarge_us-west-2.csv
2025-04-12,0.5375309687761869,0.46842095675301487,0.5902102233395271,3239.7041062801927,6027.009222661395,10,A100,aws,A100,p4d24xlarge,us-west-2,0,C:\Users\FarhadBillimoria\OneDrive - Aurora Energy Research\Documents\Personal\Endog_demand_AI\pyai\data\original\prices\A100\EC2_p4d24xlarge_us-west-2.csv
2025-04-13,0.5424964476992021,0.46427660582212993,0.5856651000109302,3269.6310935441365,6027.009222661395,10,A100,aws,A100,p4d24xlarge,us-west-2,0,C:\Users\FarhadBillimoria\OneDrive - Aurora Energy Research\Documents\Personal\Endog_demand_AI\pyai\data\original\prices\A100\EC2_p4d24xlarge_us-west-2.csv
2025-04-14,0.5393163035425851,0.46730972419572264,0.5734142164899625,3250.464335382813,6027.009222661395,12,A100,aws,A100,p4d24xlarge,us-west-2,0,C:\Users\FarhadBillimoria\OneDrive - Aurora Energy Research\Documents\Personal\Endog_demand_AI\pyai\data\original\prices\A100\EC2_p4d24xlarge_us-west-2.csv
2025-04-15,0.5199247640907932,0.4634887237220826,0.5607170182533611,3133.591348265261,6027.009222661395,12,A100,aws,A100,p4d24xlarge,us-west-2,0,C:\Users\FarhadBillimoria\OneDrive - Aurora Energy Research\Documents\Personal\Endog_demand_AI\pyai\data\original\prices\A100\EC2_p4d24xlarge_us-west-2.csv
2025-04-16,0.5336866015901977,0.46578405654534194,0.5619056727511205,3216.5340697949387,6027.009222661394,13,A100,aws,A100,p4d24xlarge,us-west-2,0,C:\Users\FarhadBillimoria\OneDrive - Aurora Energy Research\Documents\Personal\Endog_demand_AI\pyai\data\original\prices\A100\EC2_p4d24xlarge_us-west-2.csv
2025-04-17,0.5226326344105611,0.4687215360512989,0.5526833533719533,3149.9117076562725,6027.009222661395,12,A100,aws,A100,p4d24xlarge,us-west-2,0,C:\Users\FarhadBillimoria\OneDrive - Aurora Energy Research\Documents\Personal\Endog_demand_AI\pyai\data\original\prices\A100\EC2_p4d24xlarge_us-west-2.csv
2025-04-18,0.5181467160952624,0.46214067111159696,0.5481109046526033,3122.8750365978626,6027.009222661395,12,A100,aws,A100,p4d24xlarge,us-west-2,0,C:\Users\FarhadBillimoria\OneDrive - Aurora Energy Research\Documents\Personal\Endog_demand_AI\pyai\data\original\prices\A100\EC2_p4d24xlarge_us-west-2.csv
2025-04-19,0.5080092376381589,0.4610294385543047,0.5483477247057966,3061.7763604423676,6027.009222661395,11,A100,aws,A100,p4d24xlarge,us-west-2,0,C:\Users\FarhadBillimoria\OneDrive - Aurora Energy Research\Documents\Personal\Endog_demand_AI\pyai\data\original\prices\A100\EC2_p4d24xlarge_us-west-2.csv
2025-04-20,0.524129230881335,0.4700468175028236,0.5507432506284841,3158.9317083882297,6027.009222661395,10,A100,aws,A100,p4d24xlarge,us-west-2,0,C:\Users\FarhadBillimoria\OneDrive - Aurora Energy Research\Documents\Personal\Endog_demand_AI\pyai\data\original\prices\A100\EC2_p4d24xlarge_us-west-2.csv
2025-04-21,0.5226919153277226,0.46727329034138526,0.5514172769337269,3150.268994290733,6027.009222661395,10,A100,aws,A100,p4d24xlarge,us-west-2,0,C:\Users\FarhadBillimoria\OneDrive - Aurora Energy Research\Documents\Personal\Endog_demand_AI\pyai\data\original\prices\A100\EC2_p4d24xlarge_us-west-2.csv
2025-04-22,0.5189843152257078,0.4687898495281816,0.5601295223521696,3127.9232542819495,6027.009222661395,12,A100,aws,A100,p4d24xlarge,us-west-2,0,C:\Users\FarhadBillimoria\OneDrive - Aurora Energy Research\Documents\Personal\Endog_demand_AI\pyai\data\original\prices\A100\EC2_p4d24xlarge_us-west-2.csv
2025-04-23,0.5252461309270796,0.47380405873137327,0.5606168251539331,3165.6632752647242,6027.009222661395,9,A100,aws,A100,p4d24xlarge,us-west-2,0,C:\Users\FarhadBillimoria\OneDrive - Aurora Energy Research\Documents\Personal\Endog_demand_AI\pyai\data\original\prices\A100\EC2_p4d24xlarge_us-west-2.csv
2025-04-24,0.517205887710861,0.4694319962108792,0.5576611287208074,3117.2046552481333,6027.009222661395,11,A100,aws,A100,p4d24xlarge,us-west-2,0,C:\Users\FarhadBillimoria\OneDrive - Aurora Energy Research\Documents\Personal\Endog_demand_AI\pyai\data\original\prices\A100\EC2_p4d24xlarge_us-west-2.csv
2025-04-25,0.5195991365176522,0.4666675775130251,0.5523691113782928,3131.628787878787,6027.009222661395,10,A100,aws,A100,p4d24xlarge,us-west-2,0,C:\Users\FarhadBillimoria\OneDrive - Aurora Energy Research\Documents\Personal\Endog_demand_AI\pyai\data\original\prices\A100\EC2_p4d24xlarge_us-west-2.csv
2025-04-26,0.5191765688677921,0.46861223448828654,0.5533755966043649,3129.081968755881,6027.009222661395,14,A100,aws,A100,p4d24xlarge,us-west-2,0,C:\Users\FarhadBillimoria\OneDrive - Aurora Energy Research\Documents\Personal\Endog_demand_AI\pyai\data\original\prices\A100\EC2_p4d24xlarge_us-west-2.csv
2025-04-27,0.5150122660642936,0.4665537217182207,0.5499553685284366,3103.9836773532425,6027.009222661395,9,A100,aws,A100,p4d24xlarge,us-west-2,0,C:\Users\FarhadBillimoria\OneDrive - Aurora Energy Research\Documents\Personal\Endog_demand_AI\pyai\data\original\prices\A100\EC2_p4d24xlarge_us-west-2.csv
2025-04-28,0.5189287535978432,0.46479123401464645,0.5508616606550807,3127.5883838383834,6027.009222661395,10,A100,aws,A100,p4d24xlarge,us-west-2,0,C:\Users\FarhadBillimoria\OneDrive - Aurora Energy Research\Documents\Personal\Endog_demand_AI\pyai\data\original\prices\A100\EC2_p4d24xlarge_us-west-2.csv
2025-04-29,0.5107833699073179,0.46804295551426395,0.5559305206397785,3078.496081213472,6027.009222661394,13,A100,aws,A100,p4d24xlarge,us-west-2,0,C:\Users\FarhadBillimoria\OneDrive - Aurora Energy Research\Documents\Personal\Endog_demand_AI\pyai\data\original\prices\A100\EC2_p4d24xlarge_us-west-2.csv
2025-04-30,0.5186386490326813,0.4683253178853791,0.5565772215542683,3125.839920948616,6027.009222661395,10,A100,aws,A100,p4d24xlarge,us-west-2,0,C:\Users\FarhadBillimoria\OneDrive - Aurora Energy Research\Documents\Personal\Endog_demand_AI\pyai\data\original\prices\A100\EC2_p4d24xlarge_us-west-2.csv
2025-05-01,0.5145880324725008,0.47176376288847605,0.5498460669654243,3101.4268175829434,6027.009222661395,11,A100,aws,A100,p4d24xlarge,us-west-2,0,C:\Users\FarhadBillimoria\OneDrive - Aurora Energy Research\Documents\Personal\Endog_demand_AI\pyai\data\original\prices\A100\EC2_p4d24xlarge_us-west-2.csv
2025-05-02,0.5061220260866398,0.47601286115058117,0.541898932488068,3050.4021190162493,6027.009222661395,12,A100,aws,A100,p4d24xlarge,us-west-2,0,C:\Users\FarhadBillimoria\OneDrive - Aurora Energy Research\Documents\Personal\Endog_demand_AI\pyai\data\original\prices\A100\EC2_p4d24xlarge_us-west-2.csv
2025-05-03,0.506681758690175,0.47501093015630125,0.5407649287718149,3053.77563257998,6027.009222661394,13,A100,aws,A100,p4d24xlarge,us-west-2,0,C:\Users\FarhadBillimoria\OneDrive - Aurora Energy Research\Documents\Personal\Endog_demand_AI\pyai\data\original\prices\A100\EC2_p4d24xlarge_us-west-2.csv
2025-05-04,0.5010327985653158,0.4807856960687872,0.5393348999890698,3019.7292978090077,6027.009222661395,9,A100,aws,A100,p4d24xlarge,us-west-2,0,C:\Users\FarhadBillimoria\OneDrive - Aurora Energy Research\Documents\Personal\Endog_demand_AI\pyai\data\original\prices\A100\EC2_p4d24xlarge_us-west-2.csv
2025-05-05,0.5086982323975439,0.47640907931650095,0.5433289612708129,3065.928938211546,6027.009222661394,13,A100,aws,A100,p4d24xlarge,us-west-2,0,C:\Users\FarhadBillimoria\OneDrive - Aurora Energy Research\Documents\Personal\Endog_demand_AI\pyai\data\original\prices\A100\EC2_p4d24xlarge_us-west-2.csv
2025-05-06,0.5075987357452546,0.48365486209786135,0.5343206907858783,3059.3022617479132,6027.009222661395,12,A100,aws,A100,p4d24xlarge,us-west-2,0,C:\Users\FarhadBillimoria\OneDrive - Aurora Energy Research\Documents\Personal\Endog_demand_AI\pyai\data\original\prices\A100\EC2_p4d24xlarge_us-west-2.csv
2025-05-07,0.5099828760884614,0.4871479578824644,0.5299395198017999,3073.6714975845407,6027.009222661395,12,A100,aws,A100,p4d24xlarge,us-west-2,0,C:\Users\FarhadBillimoria\OneDrive - Aurora Energy Research\Documents\Personal\Endog_demand_AI\pyai\data\original\prices\A100\EC2_p4d24xlarge_us-west-2.csv
2025-05-08,0.515395580573469,0.487840201114876,0.5378957627427406,3106.2939174352214,6027.009222661395,12,A100,aws,A100,p4d24xlarge,us-west-2,0,C:\Users\FarhadBillimoria\OneDrive - Aurora Energy Research\Documents\Personal\Endog_demand_AI\pyai\data\original\prices\A100\EC2_p4d24xlarge_us-west-2.csv
2025-05-09,0.5138790213866725,0.4932825081065327,0.5322576237840202,3097.153601229688,6027.009222661395,10,A100,aws,A100,p4d24xlarge,us-west-2,0,C:\Users\FarhadBillimoria\OneDrive - Aurora Energy Research\Documents\Personal\Endog_demand_AI\pyai\data\original\prices\A100\EC2_p4d24xlarge_us-west-2.csv
2025-05-10,0.5114675556527126,0.48927933836120524,0.5340610995737239,3082.619675010979,6027.009222661394,13,A100,aws,A100,p4d24xlarge,us-west-2,0,C:\Users\FarhadBillimoria\OneDrive - Aurora Energy Research\Documents\Personal\Endog_demand_AI\pyai\data\original\prices\A100\EC2_p4d24xlarge_us-west-2.csv
2025-05-11,0.5056572667322476,0.4862371115240282,0.5313923197435058,3047.6010101010097,6027.009222661395,10,A100,aws,A100,p4d24xlarge,us-west-2,0,C:\Users\FarhadBillimoria\OneDrive - Aurora Energy Research\Documents\Personal\Endog_demand_AI\pyai\data\original\prices\A100\EC2_p4d24xlarge_us-west-2.csv
2025-05-16,0.4646227274383357,0.44188344809997454,0.47738368492002775,2800.285463328941,6027.009222661395,3,A100,aws,A100,p4d24xlarge,us-west-2,0,C:\Users\FarhadBillimoria\OneDrive - Aurora Energy Research\Documents\Personal\Endog_demand_AI\pyai\data\original\prices\A100\EC2_p4d24xlarge_us-west-2.csv
2025-05-17,0.4548766714030678,0.4311445695340111,0.4790186541334208,2741.545893719807,6027.009222661395,12,A100,aws,A100,p4d24xlarge,us-west-2,0,C:\Users\FarhadBillimoria\OneDrive - Aurora Energy Research\Documents\Personal\Endog_demand_AI\pyai\data\original\prices\A100\EC2_p4d24xlarge_us-west-2.csv
2025-05-18,0.4406037089663716,0.4166621124348745,0.45843352643276136,2655.5226174791387,6027.009222661395,11,A100,aws,A100,p4d24xlarge,us-west-2,0,C:\Users\FarhadBillimoria\OneDrive - Aurora Energy Research\Documents\Personal\Endog_demand_AI\pyai\data\original\prices\A100\EC2_p4d24xlarge_us-west-2.csv
2025-05-19,0.43333458574707623,0.4169535832695741,0.47142674973585463,2611.7115447957835,6027.009222661395,8,A100,aws,A100,p4d24xlarge,us-west-2,0,C:\Users\FarhadBillimoria\OneDrive - Aurora Energy Research\Documents\Personal\Endog_demand_AI\pyai\data\original\prices\A100\EC2_p4d24xlarge_us-west-2.csv
2025-05-20,0.446290805916858,0.4146309250555617,0.5035750719568624,2689.7988032498897,6027.009222661395,12,A100,aws,A100,p4d24xlarge,us-west-2,0,C:\Users\FarhadBillimoria\OneDrive - Aurora Energy Research\Documents\Personal\Endog_demand_AI\pyai\data\original\prices\A100\EC2_p4d24xlarge_us-west-2.csv
2025-05-21,0.4563567967355267,0.41301872700112946,0.5114675556527126,2750.466622749231,6027.009222661395,10,A100,aws,A100,p4d24xlarge,us-west-2,0,C:\Users\FarhadBillimoria\OneDrive - Aurora Energy Research\Documents\Personal\Endog_demand_AI\pyai\data\original\prices\A100\EC2_p4d24xlarge_us-west-2.csv
2025-05-22,0.43946865427355103,0.41511367362553286,0.5044358217655847,2648.681632377284,6027.009222661394,13,A100,aws,A100,p4d24xlarge,us-west-2,0,C:\Users\FarhadBillimoria\OneDrive - Aurora Energy Research\Documents\Personal\Endog_demand_AI\pyai\data\original\prices\A100\EC2_p4d24xlarge_us-west-2.csv
2025-05-23,0.44804987794658807,0.42305625387109713,0.5069315407877,2700.400746596398,6027.009222661395,11,A100,aws,A100,p4d24xlarge,us-west-2,0,C:\Users\FarhadBillimoria\OneDrive - Aurora Energy Research\Documents\Personal\Endog_demand_AI\pyai\data\original\prices\A100\EC2_p4d24xlarge_us-west-2.csv
2025-05-24,0.44608162177022165,0.4243041133821548,0.5004918570335556,2688.538048468878,6027.009222661395,11,A100,aws,A100,p4d24xlarge,us-west-2,0,C:\Users\FarhadBillimoria\OneDrive - Aurora Energy Research\Documents\Personal\Endog_demand_AI\pyai\data\original\prices\A100\EC2_p4d24xlarge_us-west-2.csv
2025-05-25,0.45541088279229064,0.41633876197762965,0.5115859656793093,2744.7655906895034,6027.009222661395,10,A100,aws,A100,p4d24xlarge,us-west-2,0,C:\Users\FarhadBillimoria\OneDrive - Aurora Energy Research\Documents\Personal\Endog_demand_AI\pyai\data\original\prices\A100\EC2_p4d24xlarge_us-west-2.csv
2025-05-26,0.4484248430308109,0.41641618391809665,0.5254854811090466,2702.660664617186,6027.009222661395,12,A100,aws,A100,p4d24xlarge,us-west-2,0,C:\Users\FarhadBillimoria\OneDrive - Aurora Energy Research\Documents\Personal\Endog_demand_AI\pyai\data\original\prices\A100\EC2_p4d24xlarge_us-west-2.csv
2025-05-27,0.46510699408557105,0.4232703027653296,0.5368118555762015,2803.204142878056,6027.009222661395,12,A100,aws,A100,p4d24xlarge,us-west-2,0,C:\Users\FarhadBillimoria\OneDrive - Aurora Energy Research\Documents\Personal\Endog_demand_AI\pyai\data\original\prices\A100\EC2_p4d24xlarge_us-west-2.csv
2025-05-28,0.4627265109285003,0.4260483841585602,0.5396946843006521,2788.8569489359998,6027.009222661395,11,A100,aws,A100,p4d24xlarge,us-west-2,0,C:\Users\FarhadBillimoria\OneDrive - Aurora Energy Research\Documents\Personal\Endog_demand_AI\pyai\data\original\prices\A100\EC2_p4d24xlarge_us-west-2.csv
2025-05-29,0.473471185789472,0.43481072612671695,0.5381052574051809,2853.6152034175743,6027.009222661395,11,A100,aws,A100,p4d24xlarge,us-west-2,0,C:\Users\FarhadBillimoria\OneDrive - Aurora Energy Research\Documents\Personal\Endog_demand_AI\pyai\data\original\prices\A100\EC2_p4d24xlarge_us-west-2.csv
2025-05-30,0.4638874720167758,0.4374840601887274,0.5407467118446461,2795.8540721221875,6027.009222661395,9,A100,aws,A100,p4d24xlarge,us-west-2,0,C:\Users\FarhadBillimoria\OneDrive - Aurora Energy Research\Documents\Personal\Endog_demand_AI\pyai\data\original\prices\A100\EC2_p4d24xlarge_us-west-2.csv
2025-05-31,0.47132407250999453,0.4397930557073634,0.5363108900790615,2840.674531880065,6027.009222661395,11,A100,aws,A100,p4d24xlarge,us-west-2,0,C:\Users\FarhadBillimoria\OneDrive - Aurora Energy Research\Documents\Personal\Endog_demand_AI\pyai\data\original\prices\A100\EC2_p4d24xlarge_us-west-2.csv
2025-06-01,0.47645727826963485,0.4468521149852443,0.5314287535978431,2871.612410335236,6027.009222661395,12,A100,aws,A100,p4d24xlarge,us-west-2,0,C:\Users\FarhadBillimoria\OneDrive - Aurora Energy Research\Documents\Personal\Endog_demand_AI\pyai\data\original\prices\A100\EC2_p4d24xlarge_us-west-2.csv
2025-06-02,0.4958538273763982,0.4448254818377237,0.5435020220789157,2988.5155906895034,6027.009222661395,5,A100,aws,A100,p4d24xlarge,us-west-2,0,C:\Users\FarhadBillimoria\OneDrive - Aurora Energy Research\Documents\Personal\Endog_demand_AI\pyai\data\original\prices\A100\EC2_p4d24xlarge_us-west-2.csv
2025-06-03,0.4868382701205961,0.4446342041024521,0.551622217364375,2934.178743961352,6027.009222661394,13,A100,aws,A100,p4d24xlarge,us-west-2,0,C:\Users\FarhadBillimoria\OneDrive - Aurora Energy Research\Documents\Personal\Endog_demand_AI\pyai\data\original\prices\A100\EC2_p4d24xlarge_us-west-2.csv
2025-06-04,0.5160863747321284,0.4384450030968777,0.5662595183444457,3110.457340200423,6027.009222661395,11,A100,aws,A100,p4d24xlarge,us-west-2,0,C:\Users\FarhadBillimoria\OneDrive - Aurora Energy Research\Documents\Personal\Endog_demand_AI\pyai\data\original\prices\A100\EC2_p4d24xlarge_us-west-2.csv
2025-06-05,0.5067616679418516,0.43243797136299056,0.5666511822785733,3054.257246376811,6027.009222661395,10,A100,aws,A100,p4d24xlarge,us-west-2,0,C:\Users\FarhadBillimoria\OneDrive - Aurora Energy Research\Documents\Personal\Endog_demand_AI\pyai\data\original\prices\A100\EC2_p4d24xlarge_us-west-2.csv
2025-06-06,0.49849337731893206,0.4229651692352534,0.5529156191933546,3004.4241825368304,6027.009222661395,11,A100,aws,A100,p4d24xlarge,us-west-2,0,C:\Users\FarhadBillimoria\OneDrive - Aurora Energy Research\Documents\Personal\Endog_demand_AI\pyai\data\original\prices\A100\EC2_p4d24xlarge_us-west-2.csv
2025-06-07,0.481862771887638,0.4027443800779685,0.532708492731446,2904.1913702239785,6027.009222661395,10,A100,aws,A100,p4d24xlarge,us-west-2,0,C:\Users\FarhadBillimoria\OneDrive - Aurora Energy Research\Documents\Personal\Endog_demand_AI\pyai\data\original\prices\A100\EC2_p4d24xlarge_us-west-2.csv
2025-06-08,0.452480234634022,0.379294640580027,0.5233905344846432,2727.1025472112424,6027.009222661395,10,A100,aws,A100,p4d24xlarge,us-west-2,0,C:\Users\FarhadBillimoria\OneDrive - Aurora Energy Research\Documents\Personal\Endog_demand_AI\pyai\data\original\prices\A100\EC2_p4d24xlarge_us-west-2.csv
2025-06-09,0.43720807374212123,0.3699630196378475,0.4798748497103509,2635.057092665788,6027.009222661395,10,A100,aws,A100,p4d24xlarge,us-west-2,0,C:\Users\FarhadBillimoria\OneDrive - Aurora Energy Research\Documents\Personal\Endog_demand_AI\pyai\data\original\prices\A100\EC2_p4d24xlarge_us-west-2.csv
2025-06-10,0.42135504128618134,0.3549431631872336,0.46124804168032946,2539.5107198466876,6027.009222661395,11,A100,aws,A100,p4d24xlarge,us-west-2,0,C:\Users\FarhadBillimoria\OneDrive - Aurora Energy Research\Documents\Personal\Endog_demand_AI\pyai\data\original\prices\A100\EC2_p4d24xlarge_us-west-2.csv
2025-06-11,0.40243742485517553,0.3410755273800416,0.44308576529311045,2425.494071146245,6027.009222661395,10,A100,aws,A100,p4d24xlarge,us-west-2,0,C:\Users\FarhadBillimoria\OneDrive - Aurora Energy Research\Documents\Personal\Endog_demand_AI\pyai\data\original\prices\A100\EC2_p4d24xlarge_us-west-2.csv
2025-06-12,0.36394779028673446,0.31845465806827705,0.4167668597660947,2193.5166886253837,6027.009222661395,10,A100,aws,A100,p4d24xlarge,us-west-2,0,C:\Users\FarhadBillimoria\OneDrive - Aurora Energy Research\Documents\Personal\Endog_demand_AI\pyai\data\original\prices\A100\EC2_p4d24xlarge_us-west-2.csv
2025-06-13,0.370652985754363,0.3000965497139943,0.4056590884249645,2233.9289635485284,6027.009222661395,12,A100,aws,A100,p4d24xlarge,us-west-2,0,C:\Users\FarhadBillimoria\OneDrive - Aurora Energy Research\Documents\Personal\Endog_demand_AI\pyai\data\original\prices\A100\EC2_p4d24xlarge_us-west-2.csv
2025-06-14,0.35490797139611224,0.2904415783145699,0.4031679236346414,2139.0336168004146,6027.009222661395,11,A100,aws,A100,p4d24xlarge,us-west-2,0,C:\Users\FarhadBillimoria\OneDrive - Aurora Energy Research\Documents\Personal\Endog_demand_AI\pyai\data\original\prices\A100\EC2_p4d24xlarge_us-west-2.csv
2025-06-15,0.3546782587046551,0.28363755601705104,0.4079817466389769,2137.6491362904403,6027.009222661395,12,A100,aws,A100,p4d24xlarge,us-west-2,0,C:\Users\FarhadBillimoria\OneDrive - Aurora Energy Research\Documents\Personal\Endog_demand_AI\pyai\data\original\prices\A100\EC2_p4d24xlarge_us-west-2.csv
2025-06-16,0.34498396910409157,0.2817338871279193,0.4078633366123803,2079.2215634606937,6027.009222661395,10,A100,aws,A100,p4d24xlarge,us-west-2,0,C:\Users\FarhadBillimoria\OneDrive - Aurora Energy Research\Documents\Personal\Endog_demand_AI\pyai\data\original\prices\A100\EC2_p4d24xlarge_us-west-2.csv
2025-06-17,0.3408406049234282,0.27863245527744385,0.41504991438044236,2054.249469330991,6027.009222661395,12,A100,aws,A100,p4d24xlarge,us-west-2,0,C:\Users\FarhadBillimoria\OneDrive - Aurora Energy Research\Documents\Personal\Endog_demand_AI\pyai\data\original\prices\A100\EC2_p4d24xlarge_us-west-2.csv
2025-06-18,0.34580116389603766,0.2791015411520385,0.4116296863045142,2084.1468040084637,6027.009222661395,11,A100,aws,A100,p4d24xlarge,us-west-2,0,C:\Users\FarhadBillimoria\OneDrive - Aurora Energy Research\Documents\Personal\Endog_demand_AI\pyai\data\original\prices\A100\EC2_p4d24xlarge_us-west-2.csv
2025-06-19,0.3424572112406849,0.2817566582868802,0.411524938973294,2063.992770514509,6027.009222661394,13,A100,aws,A100,p4d24xlarge,us-west-2,0,C:\Users\FarhadBillimoria\OneDrive - Aurora Energy Research\Documents\Personal\Endog_demand_AI\pyai\data\original\prices\A100\EC2_p4d24xlarge_us-west-2.csv
2025-06-20,0.3511503161464906,0.28039949721281016,0.40940266695813754,2116.386193955364,6027.009222661395,11,A100,aws,A100,p4d24xlarge,us-west-2,0,C:\Users\FarhadBillimoria\OneDrive - Aurora Energy Research\Documents\Personal\Endog_demand_AI\pyai\data\original\prices\A100\EC2_p4d24xlarge_us-west-2.csv
2025-06-21,0.34320025167385537,0.27999417058330606,0.41408897147229207,2068.4710820580385,6027.009222661394,13,A100,aws,A100,p4d24xlarge,us-west-2,0,C:\Users\FarhadBillimoria\OneDrive - Aurora Energy Research\Documents\Personal\Endog_demand_AI\pyai\data\original\prices\A100\EC2_p4d24xlarge_us-west-2.csv
2025-06-22,0.36980159742210245,0.2898222027908333,0.4245409334353481,2228.7976382179277,6027.009222661395,9,A100,aws,A100,p4d24xlarge,us-west-2,0,C:\Users\FarhadBillimoria\OneDrive - Aurora Energy Research\Documents\Personal\Endog_demand_AI\pyai\data\original\prices\A100\EC2_p4d24xlarge_us-west-2.csv
2025-06-23,0.36318131307611035,0.29015466171166254,0.4287763690020767,2188.8971234079927,6027.009222661395,10,A100,aws,A100,p4d24xlarge,us-west-2,0,C:\Users\FarhadBillimoria\OneDrive - Aurora Energy Research\Documents\Personal\Endog_demand_AI\pyai\data\original\prices\A100\EC2_p4d24xlarge_us-west-2.csv
2025-06-24,0.3673948883302365,0.29148905162677163,0.4381125441760484,2214.2923803249887,6027.009222661395,10,A100,aws,A100,p4d24xlarge,us-west-2,0,C:\Users\FarhadBillimoria\OneDrive - Aurora Energy Research\Documents\Personal\Endog_demand_AI\pyai\data\original\prices\A100\EC2_p4d24xlarge_us-west-2.csv
2025-06-25,0.3556275400192768,0.2879868473785842,0.4475124785951106,2143.370463528566,6027.009222661395,11,A100,aws,A100,p4d24xlarge,us-west-2,0,C:\Users\FarhadBillimoria\OneDrive - Aurora Energy Research\Documents\Personal\Endog_demand_AI\pyai\data\original\prices\A100\EC2_p4d24xlarge_us-west-2.csv
2025-06-26,0.3725713523915513,0.28345538674536386,0.4499672095310963,2245.4909769633086,6027.009222661395,11,A100,aws,A100,p4d24xlarge,us-west-2,0,C:\Users\FarhadBillimoria\OneDrive - Aurora Energy Research\Documents\Personal\Endog_demand_AI\pyai\data\original\prices\A100\EC2_p4d24xlarge_us-west-2.csv
2025-06-27,0.35234822697250284,0.2748251174991803,0.44881498888767446,2123.6060135516655,6027.009222661395,14,A100,aws,A100,p4d24xlarge,us-west-2,0,C:\Users\FarhadBillimoria\OneDrive - Aurora Energy Research\Documents\Personal\Endog_demand_AI\pyai\data\original\prices\A100\EC2_p4d24xlarge_us-west-2.csv
2025-06-28,0.3642943673261195,0.27360913761066785,0.445763653586913,2195.6055116381203,6027.009222661395,10,A100,aws,A100,p4d24xlarge,us-west-2,0,C:\Users\FarhadBillimoria\OneDrive - Aurora Energy Research\Documents\Personal\Endog_demand_AI\pyai\data\original\prices\A100\EC2_p4d24xlarge_us-west-2.csv
2025-06-29,0.3556392600003924,0.26937370204393923,0.4505000546507816,2143.441099962839,6027.009222661394,13,A100,aws,A100,p4d24xlarge,us-west-2,0,C:\Users\FarhadBillimoria\OneDrive - Aurora Energy Research\Documents\Personal\Endog_demand_AI\pyai\data\original\prices\A100\EC2_p4d24xlarge_us-west-2.csv
2025-06-30,0.3782088358169078,0.26616752286224366,0.4486373738477794,2279.4681415605323,6027.009222661395,12,A100,aws,A100,p4d24xlarge,us-west-2,0,C:\Users\FarhadBillimoria\OneDrive - Aurora Energy Research\Documents\Personal\Endog_demand_AI\pyai\data\original\prices\A100\EC2_p4d24xlarge_us-west-2.csv
2025-07-01,0.36085070247273776,0.2653705322986119,0.4344190621925894,2174.8505118070334,6027.009222661394,13,A100,aws,A100,p4d24xlarge,us-west-2,0,C:\Users\FarhadBillimoria\OneDrive - Aurora Energy Research\Documents\Personal\Endog_demand_AI\pyai\data\original\prices\A100\EC2_p4d24xlarge_us-west-2.csv
2025-07-02,0.3576182488768564,0.26871789266586515,0.43016085546689986,2155.3684841728314,6027.009222661394,13,A100,aws,A100,p4d24xlarge,us-west-2,0,C:\Users\FarhadBillimoria\OneDrive - Aurora Energy Research\Documents\Personal\Endog_demand_AI\pyai\data\original\prices\A100\EC2_p4d24xlarge_us-west-2.csv
2025-07-03,0.37150731823646893,0.2696059678653405,0.42638084307938934,2239.0780332974005,6027.009222661395,11,A100,aws,A100,p4d24xlarge,us-west-2,0,C:\Users\FarhadBillimoria\OneDrive - Aurora Energy Research\Documents\Personal\Endog_demand_AI\pyai\data\original\prices\A100\EC2_p4d24xlarge_us-west-2.csv
2025-07-04,0.37011786351878173,0.27957518125842534,0.4303111451160419,2230.7037768994287,6027.009222661395,11,A100,aws,A100,p4d24xlarge,us-west-2,0,C:\Users\FarhadBillimoria\OneDrive - Aurora Energy Research\Documents\Personal\Endog_demand_AI\pyai\data\original\prices\A100\EC2_p4d24xlarge_us-west-2.csv
2025-07-05,0.35553893950986537,0.27989397748387806,0.43543010165045365,2142.8364674412105,6027.009222661395,11,A100,aws,A100,p4d24xlarge,us-west-2,0,C:\Users\FarhadBillimoria\OneDrive - Aurora Energy Research\Documents\Personal\Endog_demand_AI\pyai\data\original\prices\A100\EC2_p4d24xlarge_us-west-2.csv
2025-07-06,0.3562543679223098,0.2815835974787773,0.4409726017415383,2147.148361081167,6027.009222661395,11,A100,aws,A100,p4d24xlarge,us-west-2,0,C:\Users\FarhadBillimoria\OneDrive - Aurora Energy Research\Documents\Personal\Endog_demand_AI\pyai\data\original\prices\A100\EC2_p4d24xlarge_us-west-2.csv
2025-07-07,0.36873831080506675,0.29217218639559883,0.4375569278974023,2222.3891999707216,6027.009222661395,12,A100,aws,A100,p4d24xlarge,us-west-2,0,C:\Users\FarhadBillimoria\OneDrive - Aurora Energy Research\Documents\Personal\Endog_demand_AI\pyai\data\original\prices\A100\EC2_p4d24xlarge_us-west-2.csv
2025-07-08,0.36672344275634255,0.2957609210478377,0.4415646518745219,2210.245571658615,6027.009222661395,12,A100,aws,A100,p4d24xlarge,us-west-2,0,C:\Users\FarhadBillimoria\OneDrive - Aurora Energy Research\Documents\Personal\Endog_demand_AI\pyai\data\original\prices\A100\EC2_p4d24xlarge_us-west-2.csv
2025-07-09,0.3684845503896766,0.3032526323459759,0.4375933617517397,2220.859783606819,6027.009222661395,11,A100,aws,A100,p4d24xlarge,us-west-2,0,C:\Users\FarhadBillimoria\OneDrive - Aurora Energy Research\Documents\Personal\Endog_demand_AI\pyai\data\original\prices\A100\EC2_p4d24xlarge_us-west-2.csv
2025-07-10,0.3777663162944342,0.308881662841112,0.4397019710715197,2276.801072317376,6027.009222661395,12,A100,aws,A100,p4d24xlarge,us-west-2,0,C:\Users\FarhadBillimoria\OneDrive - Aurora Energy Research\Documents\Personal\Endog_demand_AI\pyai\data\original\prices\A100\EC2_p4d24xlarge_us-west-2.csv
2025-07-11,0.3801154532791871,0.3255729223594564,0.4364274784129414,2290.959342589777,6027.009222661394,13,A100,aws,A100,p4d24xlarge,us-west-2,0,C:\Users\FarhadBillimoria\OneDrive - Aurora Energy Research\Documents\Personal\Endog_demand_AI\pyai\data\original\prices\A100\EC2_p4d24xlarge_us-west-2.csv
2025-07-12,0.3727680469025152,0.32788647210988453,0.42414926950122056,2246.6764565949347,6027.009222661395,12,A100,aws,A100,p4d24xlarge,us-west-2,0,C:\Users\FarhadBillimoria\OneDrive - Aurora Energy Research\Documents\Personal\Endog_demand_AI\pyai\data\original\prices\A100\EC2_p4d24xlarge_us-west-2.csv
2025-07-13,0.38251220534120306,0.32673880569825486,0.4171357525412614,2305.4045893719804,6027.009222661395,10,A100,aws,A100,p4d24xlarge,us-west-2,0,C:\Users\FarhadBillimoria\OneDrive - Aurora Energy Research\Documents\Personal\Endog_demand_AI\pyai\data\original\prices\A100\EC2_p4d24xlarge_us-west-2.csv
2025-07-14,0.3792847730778106,0.3314524356031625,0.4178234415418808,2285.952825354999,6027.009222661395,12,A100,aws,A100,p4d24xlarge,us-west-2,0,C:\Users\FarhadBillimoria\OneDrive - Aurora Energy Research\Documents\Personal\Endog_demand_AI\pyai\data\original\prices\A100\EC2_p4d24xlarge_us-west-2.csv
2025-07-15,0.3883994607789559,0.3445367435420994,0.4232885196924983,2340.88713219148,6027.009222661395,10,A100,aws,A100,p4d24xlarge,us-west-2,0,C:\Users\FarhadBillimoria\OneDrive - Aurora Energy Research\Documents\Personal\Endog_demand_AI\pyai\data\original\prices\A100\EC2_p4d24xlarge_us-west-2.csv
2025-07-16,0.39795648116229604,0.3597342150326084,0.430716471745546,2398.487382183034,6027.009222661394,13,A100,aws,A100,p4d24xlarge,us-west-2,0,C:\Users\FarhadBillimoria\OneDrive - Aurora Energy Research\Documents\Personal\Endog_demand_AI\pyai\data\original\prices\A100\EC2_p4d24xlarge_us-west-2.csv
2025-07-17,0.4001043269405932,0.3717710496593435,0.4379212664407768,2411.4324684976855,6027.009222661394,13,A100,aws,A100,p4d24xlarge,us-west-2,0,C:\Users\FarhadBillimoria\OneDrive - Aurora Energy Research\Documents\Personal\Endog_demand_AI\pyai\data\original\prices\A100\EC2_p4d24xlarge_us-west-2.csv
2025-07-18,0.4061517735006641,0.3811983094691588,0.4460961125077422,2447.8804846887847,6027.009222661395,11,A100,aws,A100,p4d24xlarge,us-west-2,0,C:\Users\FarhadBillimoria\OneDrive - Aurora Energy Research\Documents\Personal\Endog_demand_AI\pyai\data\original\prices\A100\EC2_p4d24xlarge_us-west-2.csv
2025-07-19,0.41076084008371694,0.3762615222064342,0.43650945458520063,2475.6593714927044,6027.009222661395,9,A100,aws,A100,p4d24xlarge,us-west-2,0,C:\Users\FarhadBillimoria\OneDrive - Aurora Energy Research\Documents\Personal\Endog_demand_AI\pyai\data\original\prices\A100\EC2_p4d24xlarge_us-west-2.csv
2025-07-20,0.41361905755555334,0.3872645462163442,0.4442971909498306,2492.8858745558346,6027.009222661395,11,A100,aws,A100,p4d24xlarge,us-west-2,0,C:\Users\FarhadBillimoria\OneDrive - Aurora Energy Research\Documents\Personal\Endog_demand_AI\pyai\data\original\prices\A100\EC2_p4d24xlarge_us-west-2.csv
2025-07-21,0.41370836781537407,0.40215688417677703,0.44467974642037383,2493.4241483154524,6027.009222661395,7,A100,aws,A100,p4d24xlarge,us-west-2,0,C:\Users\FarhadBillimoria\OneDrive - Aurora Energy Research\Documents\Personal\Endog_demand_AI\pyai\data\original\prices\A100\EC2_p4d24xlarge_us-west-2.csv
2025-07-22,0.4184746966881627,0.3981901482857872,0.44461598717528333,2522.1508563899865,6027.009222661395,12,A100,aws,A100,p4d24xlarge,us-west-2,0,C:\Users\FarhadBillimoria\OneDrive - Aurora Energy Research\Documents\Personal\Endog_demand_AI\pyai\data\original\prices\A100\EC2_p4d24xlarge_us-west-2.csv
2025-07-23,0.42539409285775015,0.3786479396655373,0.4643039312128831,2563.854120919338,6027.009222661395,12,A100,aws,A100,p4d24xlarge,us-west-2,0,C:\Users\FarhadBillimoria\OneDrive - Aurora Energy Research\Documents\Personal\Endog_demand_AI\pyai\data\original\prices\A100\EC2_p4d24xlarge_us-west-2.csv
2025-07-24,0.4180714720117934,0.37679436732611943,0.46898568149524544,2519.720617546704,6027.009222661394,13,A100,aws,A100,p4d24xlarge,us-west-2,0,C:\Users\FarhadBillimoria\OneDrive - Aurora Energy Research\Documents\Personal\Endog_demand_AI\pyai\data\original\prices\A100\EC2_p4d24xlarge_us-west-2.csv
2025-07-25,0.42606569023937046,0.38122108062811966,0.46896291033628457,2567.901844532279,6027.009222661395,10,A100,aws,A100,p4d24xlarge,us-west-2,0,C:\Users\FarhadBillimoria\OneDrive - Aurora Energy Research\Documents\Personal\Endog_demand_AI\pyai\data\original\prices\A100\EC2_p4d24xlarge_us-west-2.csv
2025-07-26,0.4161315444310854,0.3769492112070536,0.46935912850220424,2508.028656126482,6027.009222661395,12,A100,aws,A100,p4d24xlarge,us-west-2,0,C:\Users\FarhadBillimoria\OneDrive - Aurora Energy Research\Documents\Personal\Endog_demand_AI\pyai\data\original\prices\A100\EC2_p4d24xlarge_us-west-2.csv
2025-07-27,0.41516749636489503,0.37612034102087666,0.46839818559405405,2502.2183295404634,6027.009222661395,11,A100,aws,A100,p4d24xlarge,us-west-2,0,C:\Users\FarhadBillimoria\OneDrive - Aurora Energy Research\Documents\Personal\Endog_demand_AI\pyai\data\original\prices\A100\EC2_p4d24xlarge_us-west-2.csv
2025-07-28,0.40842616375803065,0.36786351878165197,0.4656929719094983,2461.588255745864,6027.009222661395,12,A100,aws,A100,p4d24xlarge,us-west-2,0,C:\Users\FarhadBillimoria\OneDrive - Aurora Energy Research\Documents\Personal\Endog_demand_AI\pyai\data\original\prices\A100\EC2_p4d24xlarge_us-west-2.csv
2025-07-29,0.40698022966576913,0.3588051517470034,0.46670856559915475,2452.8735976364433,6027.009222661395,11,A100,aws,A100,p4d24xlarge,us-west-2,0,C:\Users\FarhadBillimoria\OneDrive - Aurora Energy Research\Documents\Personal\Endog_demand_AI\pyai\data\original\prices\A100\EC2_p4d24xlarge_us-west-2.csv
2025-07-30,0.40569198009901913,0.35979797427769883,0.4671321091558276,2445.1093056165514,6027.009222661395,9,A100,aws,A100,p4d24xlarge,us-west-2,0,C:\Users\FarhadBillimoria\OneDrive - Aurora Energy Research\Documents\Personal\Endog_demand_AI\pyai\data\original\prices\A100\EC2_p4d24xlarge_us-west-2.csv
2025-07-31,0.403494076696066,0.36139650963675446,0.4637437607024448,2431.862521536434,6027.009222661394,13,A100,aws,A100,p4d24xlarge,us-west-2,0,C:\Users\FarhadBillimoria\OneDrive - Aurora Energy Research\Documents\Personal\Endog_demand_AI\pyai\data\original\prices\A100\EC2_p4d24xlarge_us-west-2.csv
2025-08-01,0.41173709027094646,0.36609192261449347,0.4610522097132656,2481.543240374762,6027.009222661395,12,A100,aws,A100,p4d24xlarge,us-west-2,0,C:\Users\FarhadBillimoria\OneDrive - Aurora Energy Research\Documents\Personal\Endog_demand_AI\pyai\data\original\prices\A100\EC2_p4d24xlarge_us-west-2.csv
2025-08-02,0.40200621500831907,0.36947571683608416,0.45345119685211505,2422.895165422339,6027.009222661395,12,A100,aws,A100,p4d24xlarge,us-west-2,0,C:\Users\FarhadBillimoria\OneDrive - Aurora Energy Research\Documents\Personal\Endog_demand_AI\pyai\data\original\prices\A100\EC2_p4d24xlarge_us-west-2.csv
2025-08-03,0.4135959758807885,0.3650717746930448,0.4786406528946698,2492.746761089152,6027.009222661395,12,A100,aws,A100,p4d24xlarge,us-west-2,0,C:\Users\FarhadBillimoria\OneDrive - Aurora Energy Research\Documents\Personal\Endog_demand_AI\pyai\data\original\prices\A100\EC2_p4d24xlarge_us-west-2.csv
2025-08-04,0.4293489601446756,0.3612507742194047,0.49847888658141143,2587.6901425320393,6027.009222661395,11,A100,aws,A100,p4d24xlarge,us-west-2,0,C:\Users\FarhadBillimoria\OneDrive - Aurora Energy Research\Documents\Personal\Endog_demand_AI\pyai\data\original\prices\A100\EC2_p4d24xlarge_us-west-2.csv
2025-08-05,0.45054766707406346,0.36015775858928123,0.5168506576310709,2715.4549447039562,6027.009222661395,11,A100,aws,A100,p4d24xlarge,us-west-2,0,C:\Users\FarhadBillimoria\OneDrive - Aurora Energy Research\Documents\Personal\Endog_demand_AI\pyai\data\original\prices\A100\EC2_p4d24xlarge_us-west-2.csv
2025-08-06,0.4431165063577076,0.360153204357489,0.5142092031916057,2670.667270531401,6027.009222661395,12,A100,aws,A100,p4d24xlarge,us-west-2,0,C:\Users\FarhadBillimoria\OneDrive - Aurora Energy Research\Documents\Personal\Endog_demand_AI\pyai\data\original\prices\A100\EC2_p4d24xlarge_us-west-2.csv
2025-08-07,0.4387148413305644,0.35733413487812876,0.5173334062010422,2644.138394817742,6027.009222661395,12,A100,aws,A100,p4d24xlarge,us-west-2,0,C:\Users\FarhadBillimoria\OneDrive - Aurora Energy Research\Documents\Personal\Endog_demand_AI\pyai\data\original\prices\A100\EC2_p4d24xlarge_us-west-2.csv
2025-08-08,0.46911899628043474,0.36021696360257954,0.5160172332131017,2827.384517107837,6027.009222661395,11,A100,aws,A100,p4d24xlarge,us-west-2,0,C:\Users\FarhadBillimoria\OneDrive - Aurora Energy Research\Documents\Personal\Endog_demand_AI\pyai\data\original\prices\A100\EC2_p4d24xlarge_us-west-2.csv
2025-08-09,0.4733150998453218,0.3627809961015776,0.5220197107151966,2852.6744719926533,6027.009222661395,11,A100,aws,A100,p4d24xlarge,us-west-2,0,C:\Users\FarhadBillimoria\OneDrive - Aurora Energy Research\Documents\Personal\Endog_demand_AI\pyai\data\original\prices\A100\EC2_p4d24xlarge_us-west-2.csv
2025-08-10,0.4663562632398025,0.3626580318431887,0.5361788173570883,2810.733499592195,6027.009222661395,14,A100,aws,A100,p4d24xlarge,us-west-2,0,C:\Users\FarhadBillimoria\OneDrive - Aurora Energy Research\Documents\Personal\Endog_demand_AI\pyai\data\original\prices\A100\EC2_p4d24xlarge_us-west-2.csv
2025-08-11,0.4723234779757351,0.36264892337960436,0.5254809268772545,2846.6979578392616,6027.009222661395,10,A100,aws,A100,p4d24xlarge,us-west-2,0,C:\Users\FarhadBillimoria\OneDrive - Aurora Energy Research\Documents\Personal\Endog_demand_AI\pyai\data\original\prices\A100\EC2_p4d24xlarge_us-west-2.csv
2025-08-12,0.46343034675092826,0.36408350639414144,0.527780813932306,2793.098973929013,6027.009222661395,11,A100,aws,A100,p4d24xlarge,us-west-2,0,C:\Users\FarhadBillimoria\OneDrive - Aurora Energy Research\Documents\Personal\Endog_demand_AI\pyai\data\original\prices\A100\EC2_p4d24xlarge_us-west-2.csv
2025-08-13,0.45936176167622234,0.3671758297810326,0.5307365103654317,2768.5775741605776,6027.009222661395,11,A100,aws,A100,p4d24xlarge,us-west-2,0,C:\Users\FarhadBillimoria\OneDrive - Aurora Energy Research\Documents\Personal\Endog_demand_AI\pyai\data\original\prices\A100\EC2_p4d24xlarge_us-west-2.csv
2025-08-14,0.46580517162001484,0.37387965897912345,0.5333734105731046,2807.4120653172035,6027.009222661395,11,A100,aws,A100,p4d24xlarge,us-west-2,0,C:\Users\FarhadBillimoria\OneDrive - Aurora Energy Research\Documents\Personal\Endog_demand_AI\pyai\data\original\prices\A100\EC2_p4d24xlarge_us-west-2.csv
2025-08-15,0.46911775421721874,0.37775986446606197,0.5236592341603818,2827.3770311813787,6027.009222661394,13,A100,aws,A100,p4d24xlarge,us-west-2,0,C:\Users\FarhadBillimoria\OneDrive - Aurora Energy Research\Documents\Personal\Endog_demand_AI\pyai\data\original\prices\A100\EC2_p4d24xlarge_us-west-2.csv
2025-08-16,0.45130235848483746,0.37336047655481475,0.5312830181804934,2720.0034767969546,6027.009222661395,12,A100,aws,A100,p4d24xlarge,us-west-2,0,C:\Users\FarhadBillimoria\OneDrive - Aurora Energy Research\Documents\Personal\Endog_demand_AI\pyai\data\original\prices\A100\EC2_p4d24xlarge_us-west-2.csv
2025-08-17,0.45792759268275723,0.3708510948373229,0.5338789303020367,2759.9338244101086,6027.009222661395,11,A100,aws,A100,p4d24xlarge,us-west-2,0,C:\Users\FarhadBillimoria\OneDrive - Aurora Energy Research\Documents\Personal\Endog_demand_AI\pyai\data\original\prices\A100\EC2_p4d24xlarge_us-west-2.csv
2025-08-18,0.46349365747319077,0.36528126935548516,0.5288510584034685,2793.4805482359825,6027.009222661395,12,A100,aws,A100,p4d24xlarge,us-west-2,0,C:\Users\FarhadBillimoria\OneDrive - Aurora Energy Research\Documents\Personal\Endog_demand_AI\pyai\data\original\prices\A100\EC2_p4d24xlarge_us-west-2.csv
2025-08-19,0.44323398483689225,0.36003479433089236,0.5197835829052355,2671.375314408911,6027.009222661395,11,A100,aws,A100,p4d24xlarge,us-west-2,0,C:\Users\FarhadBillimoria\OneDrive - Aurora Energy Research\Documents\Personal\Endog_demand_AI\pyai\data\original\prices\A100\EC2_p4d24xlarge_us-west-2.csv
2025-08-20,0.4376692656149428,0.363468685102197,0.5107434327977557,2637.8367003367,6027.009222661395,12,A100,aws,A100,p4d24xlarge,us-west-2,0,C:\Users\FarhadBillimoria\OneDrive - Aurora Energy Research\Documents\Personal\Endog_demand_AI\pyai\data\original\prices\A100\EC2_p4d24xlarge_us-west-2.csv
2025-08-21,0.4490874147530613,0.371306518016541,0.502008416220352,2706.6539904978636,6027.009222661395,11,A100,aws,A100,p4d24xlarge,us-west-2,0,C:\Users\FarhadBillimoria\OneDrive - Aurora Energy Research\Documents\Personal\Endog_demand_AI\pyai\data\original\prices\A100\EC2_p4d24xlarge_us-west-2.csv
2025-08-22,0.4418470142456371,0.37247695558713156,0.48848234779757355,2663.0160298638557,6027.009222661394,13,A100,aws,A100,p4d24xlarge,us-west-2,0,C:\Users\FarhadBillimoria\OneDrive - Aurora Energy Research\Documents\Personal\Endog_demand_AI\pyai\data\original\prices\A100\EC2_p4d24xlarge_us-west-2.csv
2025-08-23,0.4382065269593962,0.37797391336029446,0.48921102488432255,2641.0747794147,6027.009222661395,11,A100,aws,A100,p4d24xlarge,us-west-2,0,C:\Users\FarhadBillimoria\OneDrive - Aurora Energy Research\Documents\Personal\Endog_demand_AI\pyai\data\original\prices\A100\EC2_p4d24xlarge_us-west-2.csv
2025-08-24,0.4285841804204467,0.3708192152147776,0.49082322293875474,2583.080808080808,6027.009222661395,10,A100,aws,A100,p4d24xlarge,us-west-2,0,C:\Users\FarhadBillimoria\OneDrive - Aurora Energy Research\Documents\Personal\Endog_demand_AI\pyai\data\original\prices\A100\EC2_p4d24xlarge_us-west-2.csv
2025-08-25,0.4421261886544978,0.3659143075745983,0.49102816336940297,2664.69861660079,6027.009222661395,10,A100,aws,A100,p4d24xlarge,us-west-2,0,C:\Users\FarhadBillimoria\OneDrive - Aurora Energy Research\Documents\Personal\Endog_demand_AI\pyai\data\original\prices\A100\EC2_p4d24xlarge_us-west-2.csv
2025-08-26,0.43184964741965515,0.3625168506576311,0.5076784348016177,2602.7618078013334,6027.009222661395,11,A100,aws,A100,p4d24xlarge,us-west-2,0,C:\Users\FarhadBillimoria\OneDrive - Aurora Energy Research\Documents\Personal\Endog_demand_AI\pyai\data\original\prices\A100\EC2_p4d24xlarge_us-west-2.csv
2025-08-27,0.42979196269173325,0.3606678325500055,0.5092541990017124,2590.3601229688184,6027.009222661395,10,A100,aws,A100,p4d24xlarge,us-west-2,0,C:\Users\FarhadBillimoria\OneDrive - Aurora Energy Research\Documents\Personal\Endog_demand_AI\pyai\data\original\prices\A100\EC2_p4d24xlarge_us-west-2.csv
2025-08-28,0.440539190682649,0.3612917623055343,0.519820016759573,2655.1337651881126,6027.009222661395,12,A100,aws,A100,p4d24xlarge,us-west-2,0,C:\Users\FarhadBillimoria\OneDrive - Aurora Energy Research\Documents\Personal\Endog_demand_AI\pyai\data\original\prices\A100\EC2_p4d24xlarge_us-west-2.csv
2025-08-29,0.4345224432542719,0.36422924181149124,0.5243560316245857,2618.8707729468597,6027.009222661395,10,A100,aws,A100,p4d24xlarge,us-west-2,0,C:\Users\FarhadBillimoria\OneDrive - Aurora Energy Research\Documents\Personal\Endog_demand_AI\pyai\data\original\prices\A100\EC2_p4d24xlarge_us-west-2.csv
2025-08-30,0.44595782946968876,0.3675948191059133,0.5255993369038512,2687.791951131872,6027.009222661395,11,A100,aws,A100,p4d24xlarge,us-west-2,0,C:\Users\FarhadBillimoria\OneDrive - Aurora Energy Research\Documents\Personal\Endog_demand_AI\pyai\data\original\prices\A100\EC2_p4d24xlarge_us-west-2.csv
2025-08-31,0.45646053201523745,0.36622399533646666,0.5211544066746822,2751.0918362367634,6027.009222661395,9,A100,aws,A100,p4d24xlarge,us-west-2,0,C:\Users\FarhadBillimoria\OneDrive - Aurora Energy Research\Documents\Personal\Endog_demand_AI\pyai\data\original\prices\A100\EC2_p4d24xlarge_us-west-2.csv
2025-09-01,0.4496795338895569,0.36739898713884944,0.503638831201953,2710.2226979944367,6027.009222661395,12,A100,aws,A100,p4d24xlarge,us-west-2,0,C:\Users\FarhadBillimoria\OneDrive - Aurora Energy Research\Documents\Personal\Endog_demand_AI\pyai\data\original\prices\A100\EC2_p4d24xlarge_us-west-2.csv
2025-09-02,0.444182921133954,0.36894742594819113,0.4912376580318432,2677.0945622230206,6027.009222661395,11,A100,aws,A100,p4d24xlarge,us-west-2,0,C:\Users\FarhadBillimoria\OneDrive - Aurora Energy Research\Documents\Personal\Endog_demand_AI\pyai\data\original\prices\A100\EC2_p4d24xlarge_us-west-2.csv
2025-09-03,0.44279338361205234,0.36583233140233906,0.5084572084380807,2668.7198067632844,6027.009222661395,10,A100,aws,A100,p4d24xlarge,us-west-2,0,C:\Users\FarhadBillimoria\OneDrive - Aurora Energy Research\Documents\Personal\Endog_demand_AI\pyai\data\original\prices\A100\EC2_p4d24xlarge_us-west-2.csv
2025-09-04,0.4751921235211759,0.36646081538966013,0.552273472510657,2863.9873109981804,6027.009222661395,14,A100,aws,A100,p4d24xlarge,us-west-2,0,C:\Users\FarhadBillimoria\OneDrive - Aurora Energy Research\Documents\Personal\Endog_demand_AI\pyai\data\original\prices\A100\EC2_p4d24xlarge_us-west-2.csv
2025-09-05,0.47010010201479224,0.36608281415090904,0.5534256931540789,2833.297650417215,6027.009222661395,10,A100,aws,A100,p4d24xlarge,us-west-2,0,C:\Users\FarhadBillimoria\OneDrive - Aurora Energy Research\Documents\Personal\Endog_demand_AI\pyai\data\original\prices\A100\EC2_p4d24xlarge_us-west-2.csv
2025-09-06,0.4702259506199828,0.36345046817502824,0.5495181622763873,2834.056141121358,6027.009222661395,12,A100,aws,A100,p4d24xlarge,us-west-2,0,C:\Users\FarhadBillimoria\OneDrive - Aurora Energy Research\Documents\Personal\Endog_demand_AI\pyai\data\original\prices\A100\EC2_p4d24xlarge_us-west-2.csv
2025-09-07,0.4479323787663498,0.3698947061609648,0.5518134950996466,2699.692577953447,6027.009222661395,10,A100,aws,A100,p4d24xlarge,us-west-2,0,C:\Users\FarhadBillimoria\OneDrive - Aurora Energy Research\Documents\Personal\Endog_demand_AI\pyai\data\original\prices\A100\EC2_p4d24xlarge_us-west-2.csv
2025-09-08,0.46898848409942523,0.37111524028126935,0.5500191277735271,2826.597918989223,6027.009222661394,13,A100,aws,A100,p4d24xlarge,us-west-2,0,C:\Users\FarhadBillimoria\OneDrive - Aurora Energy Research\Documents\Personal\Endog_demand_AI\pyai\data\original\prices\A100\EC2_p4d24xlarge_us-west-2.csv
2025-09-09,0.46460906474295915,0.3713110722483332,0.5460022953328233,2800.2031181379,6027.009222661395,10,A100,aws,A100,p4d24xlarge,us-west-2,0,C:\Users\FarhadBillimoria\OneDrive - Aurora Energy Research\Documents\Personal\Endog_demand_AI\pyai\data\original\prices\A100\EC2_p4d24xlarge_us-west-2.csv
2025-09-10,0.46802639467138324,0.3945558713156265,0.5418442817065618,2820.799397133389,6027.009222661395,11,A100,aws,A100,p4d24xlarge,us-west-2,0,C:\Users\FarhadBillimoria\OneDrive - Aurora Energy Research\Documents\Personal\Endog_demand_AI\pyai\data\original\prices\A100\EC2_p4d24xlarge_us-west-2.csv
2025-09-11,0.47794468347261004,0.4080045177979379,0.5352634167668598,2880.5770152114023,6027.009222661395,11,A100,aws,A100,p4d24xlarge,us-west-2,0,C:\Users\FarhadBillimoria\OneDrive - Aurora Energy Research\Documents\Personal\Endog_demand_AI\pyai\data\original\prices\A100\EC2_p4d24xlarge_us-west-2.csv
2025-09-12,0.4773729203721553,0.42881280285641415,0.5252395525922687,2877.1309937317837,6027.009222661395,11,A100,aws,A100,p4d24xlarge,us-west-2,0,C:\Users\FarhadBillimoria\OneDrive - Aurora Energy Research\Documents\Personal\Endog_demand_AI\pyai\data\original\prices\A100\EC2_p4d24xlarge_us-west-2.csv
2025-09-13,0.47352169636025804,0.4563158086493971,0.5191960870040442,2853.9196310935436,6027.009222661395,10,A100,aws,A100,p4d24xlarge,us-west-2,0,C:\Users\FarhadBillimoria\OneDrive - Aurora Energy Research\Documents\Personal\Endog_demand_AI\pyai\data\original\prices\A100\EC2_p4d24xlarge_us-west-2.csv
2025-09-14,0.48911690409395087,0.46831165519000256,0.5124603781834081,2947.9120919338307,6027.009222661395,12,A100,aws,A100,p4d24xlarge,us-west-2,0,C:\Users\FarhadBillimoria\OneDrive - Aurora Energy Research\Documents\Personal\Endog_demand_AI\pyai\data\original\prices\A100\EC2_p4d24xlarge_us-west-2.csv
2025-09-15,0.4982689778978991,0.48001603089590844,0.518836302692462,3003.0717251567053,6027.009222661395,11,A100,aws,A100,p4d24xlarge,us-west-2,0,C:\Users\FarhadBillimoria\OneDrive - Aurora Energy Research\Documents\Personal\Endog_demand_AI\pyai\data\original\prices\A100\EC2_p4d24xlarge_us-west-2.csv
2025-09-16,0.5112584750113442,0.48795861114147265,0.5359829853900244,3081.359544057172,6027.009222661395,11,A100,aws,A100,p4d24xlarge,us-west-2,0,C:\Users\FarhadBillimoria\OneDrive - Aurora Energy Research\Documents\Personal\Endog_demand_AI\pyai\data\original\prices\A100\EC2_p4d24xlarge_us-west-2.csv
2025-09-17,0.5103414183368277,0.487790104565162,0.5388794768098517,3075.832435022158,6027.009222661395,11,A100,aws,A100,p4d24xlarge,us-west-2,0,C:\Users\FarhadBillimoria\OneDrive - Aurora Energy Research\Documents\Personal\Endog_demand_AI\pyai\data\original\prices\A100\EC2_p4d24xlarge_us-west-2.csv
2025-09-18,0.5135958999769252,0.48529438554304666,0.543105803912996,3095.447225882008,6027.009222661395,9,A100,aws,A100,p4d24xlarge,us-west-2,0,C:\Users\FarhadBillimoria\OneDrive - Aurora Energy Research\Documents\Personal\Endog_demand_AI\pyai\data\original\prices\A100\EC2_p4d24xlarge_us-west-2.csv
2025-09-19,0.507486018508398,0.48048056253871096,0.5471955040623748,3058.6229139218267,6027.009222661395,12,A100,aws,A100,p4d24xlarge,us-west-2,0,C:\Users\FarhadBillimoria\OneDrive - Aurora Energy Research\Documents\Personal\Endog_demand_AI\pyai\data\original\prices\A100\EC2_p4d24xlarge_us-west-2.csv
2025-09-20,0.5124782155912607,0.4831447881371371,0.5495044995810108,3088.7109317815834,6027.009222661395,12,A100,aws,A100,p4d24xlarge,us-west-2,0,C:\Users\FarhadBillimoria\OneDrive - Aurora Energy Research\Documents\Personal\Endog_demand_AI\pyai\data\original\prices\A100\EC2_p4d24xlarge_us-west-2.csv
2025-09-21,0.5064465151018327,0.4826256057128284,0.5437069625095639,3052.357817303469,6027.009222661395,10,A100,aws,A100,p4d24xlarge,us-west-2,0,C:\Users\FarhadBillimoria\OneDrive - Aurora Energy Research\Documents\Personal\Endog_demand_AI\pyai\data\original\prices\A100\EC2_p4d24xlarge_us-west-2.csv
2025-09-22,0.49999751587356794,0.4717091121069698,0.5339836776332568,3013.489639477781,6027.009222661395,11,A100,aws,A100,p4d24xlarge,us-west-2,0,C:\Users\FarhadBillimoria\OneDrive - Aurora Energy Research\Documents\Personal\Endog_demand_AI\pyai\data\original\prices\A100\EC2_p4d24xlarge_us-west-2.csv
2025-09-23,0.4830792071993296,0.4631926986555909,0.5238140780413161,2911.522837066315,6027.009222661395,10,A100,aws,A100,p4d24xlarge,us-west-2,0,C:\Users\FarhadBillimoria\OneDrive - Aurora Energy Research\Documents\Personal\Endog_demand_AI\pyai\data\original\prices\A100\EC2_p4d24xlarge_us-west-2.csv
2025-09-24,0.4845760589830981,0.4648185594053996,0.516126534776114,2920.5443765720443,6027.009222661395,11,A100,aws,A100,p4d24xlarge,us-west-2,0,C:\Users\FarhadBillimoria\OneDrive - Aurora Energy Research\Documents\Personal\Endog_demand_AI\pyai\data\original\prices\A100\EC2_p4d24xlarge_us-west-2.csv
2025-09-25,0.4781003258227545,0.46275549240354136,0.508188508762342,2881.5150730911596,6027.009222661395,14,A100,aws,A100,p4d24xlarge,us-west-2,0,C:\Users\FarhadBillimoria\OneDrive - Aurora Energy Research\Documents\Personal\Endog_demand_AI\pyai\data\original\prices\A100\EC2_p4d24xlarge_us-west-2.csv
2025-09-26,0.47775348854155286,0.45872499726746097,0.5036707108244982,2879.4246815985944,6027.009222661395,10,A100,aws,A100,p4d24xlarge,us-west-2,0,C:\Users\FarhadBillimoria\OneDrive - Aurora Energy Research\Documents\Personal\Endog_demand_AI\pyai\data\original\prices\A100\EC2_p4d24xlarge_us-west-2.csv
2025-09-27,0.4718348789695386,0.4605649069115022,0.49841057310452874,2843.7531671227325,6027.009222661394,13,A100,aws,A100,p4d24xlarge,us-west-2,0,C:\Users\FarhadBillimoria\OneDrive - Aurora Energy Research\Documents\Personal\Endog_demand_AI\pyai\data\original\prices\A100\EC2_p4d24xlarge_us-west-2.csv
2025-09-28,0.4755767934564798,0.4644132327758954,0.5000364338543375,2866.305720245937,6027.009222661395,12,A100,aws,A100,p4d24xlarge,us-west-2,0,C:\Users\FarhadBillimoria\OneDrive - Aurora Energy Research\Documents\Personal\Endog_demand_AI\pyai\data\original\prices\A100\EC2_p4d24xlarge_us-west-2.csv
2025-09-29,0.4669222349740713,0.4582422486974897,0.4821519656064416,2814.144616454398,6027.009222661395,12,A100,aws,A100,p4d24xlarge,us-west-2,0,C:\Users\FarhadBillimoria\OneDrive - Aurora Energy Research\Documents\Personal\Endog_demand_AI\pyai\data\original\prices\A100\EC2_p4d24xlarge_us-west-2.csv
2025-09-30,0.45815081373612365,0.44090884249644774,0.4798657412467665,2761.27917975744,6027.009222661394,13,A100,aws,A100,p4d24xlarge,us-west-2,0,C:\Users\FarhadBillimoria\OneDrive - Aurora Energy Research\Documents\Personal\Endog_demand_AI\pyai\data\original\prices\A100\EC2_p4d24xlarge_us-west-2.csv
2025-10-01,0.4515611906583598,0.43034757897037934,0.47357179290997203,2721.563460693895,6027.009222661395,10,A100,aws,A100,p4d24xlarge,us-west-2,0,C:\Users\FarhadBillimoria\OneDrive - Aurora Energy Research\Documents\Personal\Endog_demand_AI\pyai\data\original\prices\A100\EC2_p4d24xlarge_us-west-2.csv
2025-10-02,0.45199384267861703,0.42821619849163844,0.467268736109593,2724.1710584101884,6027.009222661395,11,A100,aws,A100,p4d24xlarge,us-west-2,0,C:\Users\FarhadBillimoria\OneDrive - Aurora Energy Research\Documents\Personal\Endog_demand_AI\pyai\data\original\prices\A100\EC2_p4d24xlarge_us-west-2.csv
2025-10-03,0.4479182192456868,0.4268043866360623,0.46224997267460927,2699.607238391823,6027.009222661395,11,A100,aws,A100,p4d24xlarge,us-west-2,0,C:\Users\FarhadBillimoria\OneDrive - Aurora Energy Research\Documents\Personal\Endog_demand_AI\pyai\data\original\prices\A100\EC2_p4d24xlarge_us-west-2.csv
2025-10-04,0.4428137534487956,0.4223822275658542,0.46067876270630675,2668.8425759572,6027.009222661395,11,A100,aws,A100,p4d24xlarge,us-west-2,0,C:\Users\FarhadBillimoria\OneDrive - Aurora Energy Research\Documents\Personal\Endog_demand_AI\pyai\data\original\prices\A100\EC2_p4d24xlarge_us-west-2.csv
2025-10-05,0.4422519613558252,0.4152457463475062,0.4634249644769921,2665.4566498316494,6027.009222661395,12,A100,aws,A100,p4d24xlarge,us-west-2,0,C:\Users\FarhadBillimoria\OneDrive - Aurora Energy Research\Documents\Personal\Endog_demand_AI\pyai\data\original\prices\A100\EC2_p4d24xlarge_us-west-2.csv
2025-10-06,0.44439531394389853,0.4169535832695741,0.4617490071774693,2678.3746556473825,6027.009222661395,11,A100,aws,A100,p4d24xlarge,us-west-2,0,C:\Users\FarhadBillimoria\OneDrive - Aurora Energy Research\Documents\Personal\Endog_demand_AI\pyai\data\original\prices\A100\EC2_p4d24xlarge_us-west-2.csv
2025-10-07,0.44034457317739656,0.41356523481619123,0.46591157503552305,2653.9608036890645,6027.009222661395,10,A100,aws,A100,p4d24xlarge,us-west-2,0,C:\Users\FarhadBillimoria\OneDrive - Aurora Energy Research\Documents\Personal\Endog_demand_AI\pyai\data\original\prices\A100\EC2_p4d24xlarge_us-west-2.csv
2025-10-08,0.4452150438187164,0.4146309250555617,0.4682296790177433,2683.315175163001,6027.009222661394,13,A100,aws,A100,p4d24xlarge,us-west-2,0,C:\Users\FarhadBillimoria\OneDrive - Aurora Energy Research\Documents\Personal\Endog_demand_AI\pyai\data\original\prices\A100\EC2_p4d24xlarge_us-west-2.csv
2025-10-09,0.44238631119369454,0.4107097314824936,0.46514646409443655,2666.266377543551,6027.009222661395,12,A100,aws,A100,p4d24xlarge,us-west-2,0,C:\Users\FarhadBillimoria\OneDrive - Aurora Energy Research\Documents\Personal\Endog_demand_AI\pyai\data\original\prices\A100\EC2_p4d24xlarge_us-west-2.csv
2025-10-10,0.4403023706294556,0.4128411119612344,0.46489142711407444,2653.7064485434043,6027.009222661395,12,A100,aws,A100,p4d24xlarge,us-west-2,0,C:\Users\FarhadBillimoria\OneDrive - Aurora Energy Research\Documents\Personal\Endog_demand_AI\pyai\data\original\prices\A100\EC2_p4d24xlarge_us-west-2.csv
2025-10-11,0.4396852722216151,0.4165619193354465,0.46602087659853536,2649.9871907480597,6027.009222661395,12,A100,aws,A100,p4d24xlarge,us-west-2,0,C:\Users\FarhadBillimoria\OneDrive - Aurora Energy Research\Documents\Personal\Endog_demand_AI\pyai\data\original\prices\A100\EC2_p4d24xlarge_us-west-2.csv
2025-10-12,0.4376447003646698,0.4209112106969797,0.4637984114839509,2637.6886453467478,6027.009222661395,11,A100,aws,A100,p4d24xlarge,us-west-2,0,C:\Users\FarhadBillimoria\OneDrive - Aurora Energy Research\Documents\Personal\Endog_demand_AI\pyai\data\original\prices\A100\EC2_p4d24xlarge_us-west-2.csv
2025-10-13,0.4362138090380248,0.4122809414507961,0.4655791161146938,2629.0646501244323,6027.009222661395,12,A100,aws,A100,p4d24xlarge,us-west-2,0,C:\Users\FarhadBillimoria\OneDrive - Aurora Energy Research\Documents\Personal\Endog_demand_AI\pyai\data\original\prices\A100\EC2_p4d24xlarge_us-west-2.csv
2025-10-14,0.43835226237674596,0.41335574015375093,0.4593124931686523,2641.9531281191357,6027.009222661395,11,A100,aws,A100,p4d24xlarge,us-west-2,0,C:\Users\FarhadBillimoria\OneDrive - Aurora Energy Research\Documents\Personal\Endog_demand_AI\pyai\data\original\prices\A100\EC2_p4d24xlarge_us-west-2.csv
2025-10-15,0.4368079319303497,0.41350147557110073,0.456466098298539,2632.6454342758684,6027.009222661394,13,A100,aws,A100,p4d24xlarge,us-west-2,0,C:\Users\FarhadBillimoria\OneDrive - Aurora Energy Research\Documents\Personal\Endog_demand_AI\pyai\data\original\prices\A100\EC2_p4d24xlarge_us-west-2.csv
2025-10-16,0.43528611786071625,0.41746365723029843,0.45810562174372427,2623.4734468430115,6027.009222661394,13,A100,aws,A100,p4d24xlarge,us-west-2,0,C:\Users\FarhadBillimoria\OneDrive - Aurora Energy Research\Documents\Personal\Endog_demand_AI\pyai\data\original\prices\A100\EC2_p4d24xlarge_us-west-2.csv
2025-10-17,0.3346018620502171,0.10206488869457502,0.4470525011841003,2016.6485084963342,6027.009222661394,13,A100,aws,A100,p4d24xlarge,us-west-2,0,C:\Users\FarhadBillimoria\OneDrive - Aurora Energy Research\Documents\Personal\Endog_demand_AI\pyai\data\original\prices\A100\EC2_p4d24xlarge_us-west-2.csv
2025-10-18,0.33402813832112804,0.10858654862097862,0.4440968047509747,2013.1906702898548,6027.009222661395,16,A100,aws,A100,p4d24xlarge,us-west-2,0,C:\Users\FarhadBillimoria\OneDrive - Aurora Energy Research\Documents\Personal\Endog_demand_AI\pyai\data\original\prices\A100\EC2_p4d24xlarge_us-west-2.csv
2025-10-19,0.35633647347615405,0.11277188763799323,0.44096349327795387,2147.643212011418,6027.009222661395,16,A100,aws,A100,p4d24xlarge,us-west-2,0,C:\Users\FarhadBillimoria\OneDrive - Aurora Energy Research\Documents\Personal\Endog_demand_AI\pyai\data\original\prices\A100\EC2_p4d24xlarge_us-west-2.csv
2025-10-20,0.3476124765131761,0.11958501839909645,0.4437871169891063,2095.06360185708,6027.009222661395,14,A100,aws,A100,p4d24xlarge,us-west-2,0,C:\Users\FarhadBillimoria\OneDrive - Aurora Energy Research\Documents\Personal\Endog_demand_AI\pyai\data\original\prices\A100\EC2_p4d24xlarge_us-west-2.csv
2025-10-21,0.37292066788459843,0.1255373993514774,0.45169781761212524,2247.596304661522,6027.009222661395,14,A100,aws,A100,p4d24xlarge,us-west-2,0,C:\Users\FarhadBillimoria\OneDrive - Aurora Energy Research\Documents\Personal\Endog_demand_AI\pyai\data\original\prices\A100\EC2_p4d24xlarge_us-west-2.csv
2025-10-22,0.3554717576905794,0.12773709330710098,0.44646500528290894,2142.4315619967792,6027.009222661395,15,A100,aws,A100,p4d24xlarge,us-west-2,0,C:\Users\FarhadBillimoria\OneDrive - Aurora Energy Research\Documents\Personal\Endog_demand_AI\pyai\data\original\prices\A100\EC2_p4d24xlarge_us-west-2.csv
2025-10-23,0.34537073723904255,0.13567967355266516,0.45434838051517473,2081.552618577075,6027.009222661395,16,A100,aws,A100,p4d24xlarge,us-west-2,0,C:\Users\FarhadBillimoria\OneDrive - Aurora Energy Research\Documents\Personal\Endog_demand_AI\pyai\data\original\prices\A100\EC2_p4d24xlarge_us-west-2.csv
2025-10-24,0.351160304404853,0.14732484424527273,0.4540113673625533,2116.446393280632,6027.009222661395,16,A100,aws,A100,p4d24xlarge,us-west-2,0,C:\Users\FarhadBillimoria\OneDrive - Aurora Energy Research\Documents\Personal\Endog_demand_AI\pyai\data\original\prices\A100\EC2_p4d24xlarge_us-west-2.csv
2025-10-25,0.36892920902102233,0.15101832622873174,0.46410809924581925,2223.539745278875,6027.009222661395,11,A100,aws,A100,p4d24xlarge,us-west-2,0,C:\Users\FarhadBillimoria\OneDrive - Aurora Energy Research\Documents\Personal\Endog_demand_AI\pyai\data\original\prices\A100\EC2_p4d24xlarge_us-west-2.csv
2025-10-26,0.37140085567509334,0.15857835100375273,0.47814879586111425,2238.436382458121,6027.009222661395,14,A100,aws,A100,p4d24xlarge,us-west-2,0,C:\Users\FarhadBillimoria\OneDrive - Aurora Energy Research\Documents\Personal\Endog_demand_AI\pyai\data\original\prices\A100\EC2_p4d24xlarge_us-west-2.csv
2025-10-27,0.377346405279786,0.16518654133420776,0.4866743177760776,2274.2702647593946,6027.009222661395,14,A100,aws,A100,p4d24xlarge,us-west-2,0,C:\Users\FarhadBillimoria\OneDrive - Aurora Energy Research\Documents\Personal\Endog_demand_AI\pyai\data\original\prices\A100\EC2_p4d24xlarge_us-west-2.csv
2025-10-28,0.3857562415746712,0.17440886071337489,0.48239333989142713,2324.9564256697404,6027.009222661395,16,A100,aws,A100,p4d24xlarge,us-west-2,0,C:\Users\FarhadBillimoria\OneDrive - Aurora Energy Research\Documents\Personal\Endog_demand_AI\pyai\data\original\prices\A100\EC2_p4d24xlarge_us-west-2.csv
2025-10-29,0.3913574993884318,0.18486993114001535,0.4756530768389989,2358.7152581717796,6027.009222661395,14,A100,aws,A100,p4d24xlarge,us-west-2,0,C:\Users\FarhadBillimoria\OneDrive - Aurora Energy Research\Documents\Personal\Endog_demand_AI\pyai\data\original\prices\A100\EC2_p4d24xlarge_us-west-2.csv
2025-10-30,0.3697316077349073,0.19402849127409189,0.46745545961307255,2228.3758097277114,6027.009222661395,16,A100,aws,A100,p4d24xlarge,us-west-2,0,C:\Users\FarhadBillimoria\OneDrive - Aurora Energy Research\Documents\Personal\Endog_demand_AI\pyai\data\original\prices\A100\EC2_p4d24xlarge_us-west-2.csv
2025-10-31,0.4109003085667202,0.20387474040878786,0.4822840383284148,2476.499949326036,6027.009222661394,13,A100,aws,A100,p4d24xlarge,us-west-2,0,C:\Users\FarhadBillimoria\OneDrive - Aurora Energy Research\Documents\Personal\Endog_demand_AI\pyai\data\original\prices\A100\EC2_p4d24xlarge_us-west-2.csv
2025-11-01,0.381757341421649,0.21381207417932743,0.5037481327649652,2300.855017566974,6027.009222661395,16,A100,aws,A100,p4d24xlarge,us-west-2,0,C:\Users\FarhadBillimoria\OneDrive - Aurora Energy Research\Documents\Personal\Endog_demand_AI\pyai\data\original\prices\A100\EC2_p4d24xlarge_us-west-2.csv
2025-11-02,0.398612553284512,0.22515666557365108,0.5199748606405072,2402.4415349143605,6027.009222661395,16,A100,aws,A100,p4d24xlarge,us-west-2,0,C:\Users\FarhadBillimoria\OneDrive - Aurora Energy Research\Documents\Personal\Endog_demand_AI\pyai\data\original\prices\A100\EC2_p4d24xlarge_us-west-2.csv
2025-11-03,0.3769098496322783,0.23697034284256935,0.523586366451707,2271.6391398456612,6027.009222661395,14,A100,aws,A100,p4d24xlarge,us-west-2,0,C:\Users\FarhadBillimoria\OneDrive - Aurora Energy Research\Documents\Personal\Endog_demand_AI\pyai\data\original\prices\A100\EC2_p4d24xlarge_us-west-2.csv
2025-11-04,0.37868600003122904,0.24995445768207825,0.5393030203665246,2282.3440146809708,6027.009222661395,14,A100,aws,A100,p4d24xlarge,us-west-2,0,C:\Users\FarhadBillimoria\OneDrive - Aurora Energy Research\Documents\Personal\Endog_demand_AI\pyai\data\original\prices\A100\EC2_p4d24xlarge_us-west-2.csv
2025-11-05,0.4002327212445805,0.2620140634677743,0.5654807447079827,2412.206302151954,6027.009222661395,16,A100,aws,A100,p4d24xlarge,us-west-2,0,C:\Users\FarhadBillimoria\OneDrive - Aurora Energy Research\Documents\Personal\Endog_demand_AI\pyai\data\original\prices\A100\EC2_p4d24xlarge_us-west-2.csv
2025-11-06,0.39630469632382415,0.27609119393740666,0.574329617080191,2388.5320597277114,6027.009222661395,15,A100,aws,A100,p4d24xlarge,us-west-2,0,C:\Users\FarhadBillimoria\OneDrive - Aurora Energy Research\Documents\Personal\Endog_demand_AI\pyai\data\original\prices\A100\EC2_p4d24xlarge_us-west-2.csv
2025-11-07,0.4001675957299523,0.2829771924071848,0.577016613837578,2411.813790074659,6027.009222661395,15,A100,aws,A100,p4d24xlarge,us-west-2,0,C:\Users\FarhadBillimoria\OneDrive - Aurora Energy Research\Documents\Personal\Endog_demand_AI\pyai\data\original\prices\A100\EC2_p4d24xlarge_us-west-2.csv
2025-11-08,0.38022825809742417,0.29431722956971623,0.5842715050825227,2291.6392182696527,6027.009222661395,14,A100,aws,A100,p4d24xlarge,us-west-2,0,C:\Users\FarhadBillimoria\OneDrive - Aurora Energy Research\Documents\Personal\Endog_demand_AI\pyai\data\original\prices\A100\EC2_p4d24xlarge_us-west-2.csv
2025-11-09,0.38665215384802226,0.305866761394688,0.6044604146172625,2330.3560972039227,6027.009222661395,15,A100,aws,A100,p4d24xlarge,us-west-2,0,C:\Users\FarhadBillimoria\OneDrive - Aurora Energy Research\Documents\Personal\Endog_demand_AI\pyai\data\original\prices\A100\EC2_p4d24xlarge_us-west-2.csv
2025-11-10,0.3997203701679601,0.3198937953146064,0.6337213538820272,2409.1183574879224,6027.009222661395,18,A100,aws,A100,p4d24xlarge,us-west-2,0,C:\Users\FarhadBillimoria\OneDrive - Aurora Energy Research\Documents\Personal\Endog_demand_AI\pyai\data\original\prices\A100\EC2_p4d24xlarge_us-west-2.csv
2025-11-11,0.4035065632986171,0.3248624621998762,0.6552537617954605,2431.9377784051694,6027.009222661395,14,A100,aws,A100,p4d24xlarge,us-west-2,0,C:\Users\FarhadBillimoria\OneDrive - Aurora Energy Research\Documents\Personal\Endog_demand_AI\pyai\data\original\prices\A100\EC2_p4d24xlarge_us-west-2.csv
2025-11-12,0.42104301552296514,0.31837268189601786,0.6795278172477867,2537.630137694076,6027.009222661395,17,A100,aws,A100,p4d24xlarge,us-west-2,0,C:\Users\FarhadBillimoria\OneDrive - Aurora Energy Research\Documents\Personal\Endog_demand_AI\pyai\data\original\prices\A100\EC2_p4d24xlarge_us-west-2.csv
2025-11-13,0.45158921670015784,0.3122563485991183,0.6976172259263308,2721.7323739062867,6027.009222661394,13,A100,aws,A100,p4d24xlarge,us-west-2,0,C:\Users\FarhadBillimoria\OneDrive - Aurora Energy Research\Documents\Personal\Endog_demand_AI\pyai\data\original\prices\A100\EC2_p4d24xlarge_us-west-2.csv
2025-11-14,0.4247535810274907,0.30559806171894927,0.7055780230990637,2559.9937502111416,6027.009222661394,13,A100,aws,A100,p4d24xlarge,us-west-2,0,C:\Users\FarhadBillimoria\OneDrive - Aurora Energy Research\Documents\Personal\Endog_demand_AI\pyai\data\original\prices\A100\EC2_p4d24xlarge_us-west-2.csv
2025-11-15,0.43259235982074545,0.2967355266513645,0.7169727110431015,2607.2381422924896,6027.009222661395,20,A100,aws,A100,p4d24xlarge,us-west-2,0,C:\Users\FarhadBillimoria\OneDrive - Aurora Energy Research\Documents\Personal\Endog_demand_AI\pyai\data\original\prices\A100\EC2_p4d24xlarge_us-west-2.csv
2025-11-16,0.43666885269792693,0.29771013225489124,0.7207253980398587,2631.8072024593757,6027.009222661395,14,A100,aws,A100,p4d24xlarge,us-west-2,0,C:\Users\FarhadBillimoria\OneDrive - Aurora Energy Research\Documents\Personal\Endog_demand_AI\pyai\data\original\prices\A100\EC2_p4d24xlarge_us-west-2.csv
2025-11-17,0.4447714382871231,0.31074434364411413,0.7405909571173535,2680.641560532865,6027.009222661395,15,A100,aws,A100,p4d24xlarge,us-west-2,0,C:\Users\FarhadBillimoria\OneDrive - Aurora Energy Research\Documents\Personal\Endog_demand_AI\pyai\data\original\prices\A100\EC2_p4d24xlarge_us-west-2.csv
2025-11-18,0.46126413329932847,0.3205359419973039,0.747886836448428,2780.0431854779677,6027.009222661395,15,A100,aws,A100,p4d24xlarge,us-west-2,0,C:\Users\FarhadBillimoria\OneDrive - Aurora Energy Research\Documents\Personal\Endog_demand_AI\pyai\data\original\prices\A100\EC2_p4d24xlarge_us-west-2.csv
2025-11-19,0.47615318841767773,0.33768717892665867,0.7579289175501877,2869.7796579929727,6027.009222661395,16,A100,aws,A100,p4d24xlarge,us-west-2,0,C:\Users\FarhadBillimoria\OneDrive - Aurora Energy Research\Documents\Personal\Endog_demand_AI\pyai\data\original\prices\A100\EC2_p4d24xlarge_us-west-2.csv
2025-11-20,0.48313047483721877,0.3591603818267935,0.7668415491674865,2911.8318275926968,6027.009222661395,14,A100,aws,A100,p4d24xlarge,us-west-2,0,C:\Users\FarhadBillimoria\OneDrive - Aurora Energy Research\Documents\Personal\Endog_demand_AI\pyai\data\original\prices\A100\EC2_p4d24xlarge_us-west-2.csv
2025-11-21,0.4598232177339184,0.3732284038328415,0.7722155426822604,2771.358774076165,6027.009222661395,7,A100,aws,A100,p4d24xlarge,us-west-2,0,C:\Users\FarhadBillimoria\OneDrive - Aurora Energy Research\Documents\Personal\Endog_demand_AI\pyai\data\original\prices\A100\EC2_p4d24xlarge_us-west-2.csv
2025-11-22,0.5123601850839801,0.39639578095966777,0.7717828906620032,3087.999560825647,6027.009222661395,14,A100,aws,A100,p4d24xlarge,us-west-2,0,C:\Users\FarhadBillimoria\OneDrive - Aurora Energy Research\Documents\Personal\Endog_demand_AI\pyai\data\original\prices\A100\EC2_p4d24xlarge_us-west-2.csv
2025-11-23,0.5497723955687861,0.4076174080956025,0.794535832695741,3313.483298457723,6027.009222661395,17,A100,aws,A100,p4d24xlarge,us-west-2,0,C:\Users\FarhadBillimoria\OneDrive - Aurora Energy Research\Documents\Personal\Endog_demand_AI\pyai\data\original\prices\A100\EC2_p4d24xlarge_us-west-2.csv
2025-11-24,0.5361654799639826,0.42732812329216313,0.8185958392538347,3231.4742926155964,6027.009222661395,14,A100,aws,A100,p4d24xlarge,us-west-2,0,C:\Users\FarhadBillimoria\OneDrive - Aurora Energy Research\Documents\Personal\Endog_demand_AI\pyai\data\original\prices\A100\EC2_p4d24xlarge_us-west-2.csv
2025-11-25,0.5773223545985596,0.4438007796844829,0.8477064888694577,3479.5271556141115,6027.009222661395,15,A100,aws,A100,p4d24xlarge,us-west-2,0,C:\Users\FarhadBillimoria\OneDrive - Aurora Energy Research\Documents\Personal\Endog_demand_AI\pyai\data\original\prices\A100\EC2_p4d24xlarge_us-west-2.csv
2025-11-26,0.573576176358072,0.4666675775130251,0.8717255073414217,3456.948904808959,6027.009222661395,16,A100,aws,A100,p4d24xlarge,us-west-2,0,C:\Users\FarhadBillimoria\OneDrive - Aurora Energy Research\Documents\Personal\Endog_demand_AI\pyai\data\original\prices\A100\EC2_p4d24xlarge_us-west-2.csv
2025-11-27,0.620547555288374,0.5029875760556709,0.8726955587131562,3740.045838823012,6027.009222661395,20,A100,aws,A100,p4d24xlarge,us-west-2,0,C:\Users\FarhadBillimoria\OneDrive - Aurora Energy Research\Documents\Personal\Endog_demand_AI\pyai\data\original\prices\A100\EC2_p4d24xlarge_us-west-2.csv
2025-11-28,0.6222738368492003,0.5370896637155246,0.8768262469486648,3750.450153711023,6027.009222661395,15,A100,aws,A100,p4d24xlarge,us-west-2,0,C:\Users\FarhadBillimoria\OneDrive - Aurora Energy Research\Documents\Personal\Endog_demand_AI\pyai\data\original\prices\A100\EC2_p4d24xlarge_us-west-2.csv
2025-11-29,0.6214506460579642,0.5515630123510767,0.8631954311946662,3745.4887752202326,6027.009222661395,17,A100,aws,A100,p4d24xlarge,us-west-2,0,C:\Users\FarhadBillimoria\OneDrive - Aurora Energy Research\Documents\Personal\Endog_demand_AI\pyai\data\original\prices\A100\EC2_p4d24xlarge_us-west-2.csv
2025-11-30,0.6508250560170511,0.5465943454658068,0.8489816737712684,3922.528614953886,6027.009222661395,16,A100,aws,A100,p4d24xlarge,us-west-2,0,C:\Users\FarhadBillimoria\OneDrive - Aurora Energy Research\Documents\Personal\Endog_demand_AI\pyai\data\original\prices\A100\EC2_p4d24xlarge_us-west-2.csv
2025-12-01,0.6306545341931724,0.5419262578788211,0.828373774911648,3800.9606938954757,6027.009222661395,15,A100,aws,A100,p4d24xlarge,us-west-2,0,C:\Users\FarhadBillimoria\OneDrive - Aurora Energy Research\Documents\Personal\Endog_demand_AI\pyai\data\original\prices\A100\EC2_p4d24xlarge_us-west-2.csv
2025-12-02,0.6408148545378366,0.5406283018180494,0.8203674354209933,3862.197038317962,6027.009222661395,16,A100,aws,A100,p4d24xlarge,us-west-2,0,C:\Users\FarhadBillimoria\OneDrive - Aurora Energy Research\Documents\Personal\Endog_demand_AI\pyai\data\original\prices\A100\EC2_p4d24xlarge_us-west-2.csv
2025-12-03,0.6382388482044182,0.5327722519765365,0.8229451306153679,3846.671424388815,6027.009222661395,15,A100,aws,A100,p4d24xlarge,us-west-2,0,C:\Users\FarhadBillimoria\OneDrive - Aurora Energy Research\Documents\Personal\Endog_demand_AI\pyai\data\original\prices\A100\EC2_p4d24xlarge_us-west-2.csv
2025-12-04,0.6666859345704028,0.5312465843261559,0.8293984770648888,4018.122276274449,6027.009222661394,13,A100,aws,A100,p4d24xlarge,us-west-2,0,C:\Users\FarhadBillimoria\OneDrive - Aurora Energy Research\Documents\Personal\Endog_demand_AI\pyai\data\original\prices\A100\EC2_p4d24xlarge_us-west-2.csv
2025-12-05,0.6776241483586549,0.5298393267023719,0.8188372135388203,4084.046991655687,6027.009222661395,15,A100,aws,A100,p4d24xlarge,us-west-2,0,C:\Users\FarhadBillimoria\OneDrive - Aurora Energy Research\Documents\Personal\Endog_demand_AI\pyai\data\original\prices\A100\EC2_p4d24xlarge_us-west-2.csv
2025-12-06,0.6812584253288155,0.5419125951834445,0.8327959339818561,4105.950812472552,6027.009222661395,14,A100,aws,A100,p4d24xlarge,us-west-2,0,C:\Users\FarhadBillimoria\OneDrive - Aurora Energy Research\Documents\Personal\Endog_demand_AI\pyai\data\original\prices\A100\EC2_p4d24xlarge_us-west-2.csv
2025-12-07,0.7010398829258815,0.5436932998141875,0.8580127154151639,4225.173839847752,6027.009222661395,15,A100,aws,A100,p4d24xlarge,us-west-2,0,C:\Users\FarhadBillimoria\OneDrive - Aurora Energy Research\Documents\Personal\Endog_demand_AI\pyai\data\original\prices\A100\EC2_p4d24xlarge_us-west-2.csv
2025-12-08,0.7143067776077532,0.5637911247130835,0.8713110722483333,4305.133536451471,6027.009222661395,16,A100,aws,A100,p4d24xlarge,us-west-2,0,C:\Users\FarhadBillimoria\OneDrive - Aurora Energy Research\Documents\Personal\Endog_demand_AI\pyai\data\original\prices\A100\EC2_p4d24xlarge_us-west-2.csv
2025-12-09,0.7458624804168034,0.5609082959886327,0.8778463948701134,4495.320048309178,6027.009222661395,14,A100,aws,A100,p4d24xlarge,us-west-2,0,C:\Users\FarhadBillimoria\OneDrive - Aurora Energy Research\Documents\Personal\Endog_demand_AI\pyai\data\original\prices\A100\EC2_p4d24xlarge_us-west-2.csv
2025-12-11,0.7710428279957737,0.6228777279848435,0.8625214048894233,4647.082235397452,6027.009222661395,4,A100,aws,A100,p4d24xlarge,us-west-2,0,C:\Users\FarhadBillimoria\OneDrive - Aurora Energy Research\Documents\Personal\Endog_demand_AI\pyai\data\original\prices\A100\EC2_p4d24xlarge_us-west-2.csv
2025-12-12,0.7703537727256167,0.614803075017306,0.853595110576748,4642.9292929292915,6027.009222661395,15,A100,aws,A100,p4d24xlarge,us-west-2,0,C:\Users\FarhadBillimoria\OneDrive - Aurora Energy Research\Documents\Personal\Endog_demand_AI\pyai\data\original\prices\A100\EC2_p4d24xlarge_us-west-2.csv
2025-12-13,0.7416062471915571,0.6030850366160238,0.8289066200313333,4469.667691406821,6027.009222661395,15,A100,aws,A100,p4d24xlarge,us-west-2,0,C:\Users\FarhadBillimoria\OneDrive - Aurora Energy Research\Documents\Personal\Endog_demand_AI\pyai\data\original\prices\A100\EC2_p4d24xlarge_us-west-2.csv
2025-12-14,0.7240309164025213,0.5863300178525886,0.815385105840347,4363.741010649977,6027.009222661395,16,A100,aws,A100,p4d24xlarge,us-west-2,0,C:\Users\FarhadBillimoria\OneDrive - Aurora Energy Research\Documents\Personal\Endog_demand_AI\pyai\data\original\prices\A100\EC2_p4d24xlarge_us-west-2.csv
2025-12-15,0.713372875450869,0.5742430866761395,0.7985754362954058,4299.504899538866,6027.009222661395,16,A100,aws,A100,p4d24xlarge,us-west-2,0,C:\Users\FarhadBillimoria\OneDrive - Aurora Energy Research\Documents\Personal\Endog_demand_AI\pyai\data\original\prices\A100\EC2_p4d24xlarge_us-west-2.csv
2025-12-16,0.7088712387105655,0.5612362006776698,0.7827676977447445,4272.373493387986,6027.009222661395,18,A100,aws,A100,p4d24xlarge,us-west-2,0,C:\Users\FarhadBillimoria\OneDrive - Aurora Energy Research\Documents\Personal\Endog_demand_AI\pyai\data\original\prices\A100\EC2_p4d24xlarge_us-west-2.csv
2025-12-17,0.67373028017634,0.5542135752541262,0.756608190330455,4060.5786122090462,6027.009222661395,15,A100,aws,A100,p4d24xlarge,us-west-2,0,C:\Users\FarhadBillimoria\OneDrive - Aurora Energy Research\Documents\Personal\Endog_demand_AI\pyai\data\original\prices\A100\EC2_p4d24xlarge_us-west-2.csv
2025-12-18,0.6728217109337997,0.5428462127008418,0.7448036215251213,4055.1026570048302,6027.009222661395,14,A100,aws,A100,p4d24xlarge,us-west-2,0,C:\Users\FarhadBillimoria\OneDrive - Aurora Energy Research\Documents\Personal\Endog_demand_AI\pyai\data\original\prices\A100\EC2_p4d24xlarge_us-west-2.csv
2025-12-19,0.6511555604134028,0.5295023135497504,0.7239361314533465,3924.5205679988285,6027.009222661395,15,A100,aws,A100,p4d24xlarge,us-west-2,0,C:\Users\FarhadBillimoria\OneDrive - Aurora Energy Research\Documents\Personal\Endog_demand_AI\pyai\data\original\prices\A100\EC2_p4d24xlarge_us-west-2.csv
2025-12-20,0.6243744437331168,0.517128465770394,0.7011968521149854,3763.110530773574,6027.009222661395,14,A100,aws,A100,p4d24xlarge,us-west-2,0,C:\Users\FarhadBillimoria\OneDrive - Aurora Energy Research\Documents\Personal\Endog_demand_AI\pyai\data\original\prices\A100\EC2_p4d24xlarge_us-west-2.csv
2025-12-21,0.6022561664298467,0.4973448828651584,0.6898477064888695,3629.803469477382,6027.009222661395,16,A100,aws,A100,p4d24xlarge,us-west-2,0,C:\Users\FarhadBillimoria\OneDrive - Aurora Energy Research\Documents\Personal\Endog_demand_AI\pyai\data\original\prices\A100\EC2_p4d24xlarge_us-west-2.csv
2025-12-22,0.6072501662294605,0.4893704229970489,0.6753925747804861,3659.9023523276237,6027.009222661395,16,A100,aws,A100,p4d24xlarge,us-west-2,0,C:\Users\FarhadBillimoria\OneDrive - Aurora Energy Research\Documents\Personal\Endog_demand_AI\pyai\data\original\prices\A100\EC2_p4d24xlarge_us-west-2.csv
2025-12-23,0.5865552771635405,0.48201533865267615,0.6597260174153825,3535.1740650653687,6027.009222661394,13,A100,aws,A100,p4d24xlarge,us-west-2,0,C:\Users\FarhadBillimoria\OneDrive - Aurora Energy Research\Documents\Personal\Endog_demand_AI\pyai\data\original\prices\A100\EC2_p4d24xlarge_us-west-2.csv
2025-12-24,0.5763092847123548,0.4708620249936241,0.6462864793966554,3473.421374066754,6027.009222661395,16,A100,aws,A100,p4d24xlarge,us-west-2,0,C:\Users\FarhadBillimoria\OneDrive - Aurora Energy Research\Documents\Personal\Endog_demand_AI\pyai\data\original\prices\A100\EC2_p4d24xlarge_us-west-2.csv
2025-12-25,0.5622363099792327,0.4564569898349547,0.620728130578934,3388.6034255599466,6027.009222661395,15,A100,aws,A100,p4d24xlarge,us-west-2,0,C:\Users\FarhadBillimoria\OneDrive - Aurora Energy Research\Documents\Personal\Endog_demand_AI\pyai\data\original\prices\A100\EC2_p4d24xlarge_us-west-2.csv
2025-12-26,0.5381798329507779,0.44295824680292933,0.6123984406310344,3243.6148166447074,6027.009222661395,16,A100,aws,A100,p4d24xlarge,us-west-2,0,C:\Users\FarhadBillimoria\OneDrive - Aurora Energy Research\Documents\Personal\Endog_demand_AI\pyai\data\original\prices\A100\EC2_p4d24xlarge_us-west-2.csv
2025-12-27,0.5408255569825482,0.43726090283091057,0.6007851495609722,3259.560619784804,6027.009222661395,16,A100,aws,A100,p4d24xlarge,us-west-2,0,C:\Users\FarhadBillimoria\OneDrive - Aurora Energy Research\Documents\Personal\Endog_demand_AI\pyai\data\original\prices\A100\EC2_p4d24xlarge_us-west-2.csv
2025-12-28,0.5242527074908006,0.42701843553029484,0.5835063941414362,3159.675903052261,6027.009222661395,16,A100,aws,A100,p4d24xlarge,us-west-2,0,C:\Users\FarhadBillimoria\OneDrive - Aurora Energy Research\Documents\Personal\Endog_demand_AI\pyai\data\original\prices\A100\EC2_p4d24xlarge_us-west-2.csv
2025-12-29,0.5141482465506949,0.43042044667905427,0.5645653441177543,3098.7762237762236,6027.009222661394,13,A100,aws,A100,p4d24xlarge,us-west-2,0,C:\Users\FarhadBillimoria\OneDrive - Aurora Energy Research\Documents\Personal\Endog_demand_AI\pyai\data\original\prices\A100\EC2_p4d24xlarge_us-west-2.csv
2025-12-30,0.5013508990053558,0.4376616752286225,0.5560990272160893,3021.6464920948615,6027.009222661395,16,A100,aws,A100,p4d24xlarge,us-west-2,0,C:\Users\FarhadBillimoria\OneDrive - Aurora Energy Research\Documents\Personal\Endog_demand_AI\pyai\data\original\prices\A100\EC2_p4d24xlarge_us-west-2.csv
2025-12-31,0.505436841913506,0.4384859911830073,0.5429965023499836,3046.2725076855504,6027.009222661395,15,A100,aws,A100,p4d24xlarge,us-west-2,0,C:\Users\FarhadBillimoria\OneDrive - Aurora Energy Research\Documents\Personal\Endog_demand_AI\pyai\data\original\prices\A100\EC2_p4d24xlarge_us-west-2.csv
2026-01-01,0.4846080360223662,0.4343962910336285,0.5308275950012752,2920.737102482626,6027.009222661395,17,A100,aws,A100,p4d24xlarge,us-west-2,0,C:\Users\FarhadBillimoria\OneDrive - Aurora Energy Research\Documents\Personal\Endog_demand_AI\pyai\data\original\prices\A100\EC2_p4d24xlarge_us-west-2.csv
2026-01-02,0.4803521332021715,0.4413460487484971,0.5200568368127665,2895.086736934563,6027.009222661395,15,A100,aws,A100,p4d24xlarge,us-west-2,0,C:\Users\FarhadBillimoria\OneDrive - Aurora Energy Research\Documents\Personal\Endog_demand_AI\pyai\data\original\prices\A100\EC2_p4d24xlarge_us-west-2.csv
2026-01-03,0.4730799358764164,0.4338953255364885,0.5140862389332168,2851.257136583223,6027.009222661395,16,A100,aws,A100,p4d24xlarge,us-west-2,0,C:\Users\FarhadBillimoria\OneDrive - Aurora Energy Research\Documents\Personal\Endog_demand_AI\pyai\data\original\prices\A100\EC2_p4d24xlarge_us-west-2.csv
2026-01-04,0.47243721991474485,0.43087586985827236,0.5057519947535251,2847.383481554677,6027.009222661395,16,A100,aws,A100,p4d24xlarge,us-west-2,0,C:\Users\FarhadBillimoria\OneDrive - Aurora Energy Research\Documents\Personal\Endog_demand_AI\pyai\data\original\prices\A100\EC2_p4d24xlarge_us-west-2.csv
2026-01-05,0.46063151255146284,0.41850202207891574,0.492663132582796,2776.2303743961347,6027.009222661395,16,A100,aws,A100,p4d24xlarge,us-west-2,0,C:\Users\FarhadBillimoria\OneDrive - Aurora Energy Research\Documents\Personal\Endog_demand_AI\pyai\data\original\prices\A100\EC2_p4d24xlarge_us-west-2.csv
2026-01-06,0.45667194957554563,0.4100630305680038,0.48504845702626886,2752.3660518225734,6027.009222661395,15,A100,aws,A100,p4d24xlarge,us-west-2,0,C:\Users\FarhadBillimoria\OneDrive - Aurora Energy Research\Documents\Personal\Endog_demand_AI\pyai\data\original\prices\A100\EC2_p4d24xlarge_us-west-2.csv
2026-01-07,0.4489368815621123,0.3964413232775896,0.4793010165045361,2705.746725567697,6027.009222661395,17,A100,aws,A100,p4d24xlarge,us-west-2,0,C:\Users\FarhadBillimoria\OneDrive - Aurora Energy Research\Documents\Personal\Endog_demand_AI\pyai\data\original\prices\A100\EC2_p4d24xlarge_us-west-2.csv
2026-01-08,0.4364863331007172,0.38301089372244695,0.4820290013480526,2630.7071551636764,6027.009222661394,13,A100,aws,A100,p4d24xlarge,us-west-2,0,C:\Users\FarhadBillimoria\OneDrive - Aurora Energy Research\Documents\Personal\Endog_demand_AI\pyai\data\original\prices\A100\EC2_p4d24xlarge_us-west-2.csv
2026-01-09,0.42822302983932675,0.37141581957955333,0.4771195394760812,2580.904150197628,6027.009222661395,4,A100,aws,A100,p4d24xlarge,us-west-2,0,C:\Users\FarhadBillimoria\OneDrive - Aurora Energy Research\Documents\Personal\Endog_demand_AI\pyai\data\original\prices\A100\EC2_p4d24xlarge_us-west-2.csv
2026-01-10,0.41807999659950695,0.3645981345866579,0.47686450249571904,2519.7719953154733,6027.009222661395,15,A100,aws,A100,p4d24xlarge,us-west-2,0,C:\Users\FarhadBillimoria\OneDrive - Aurora Energy Research\Documents\Personal\Endog_demand_AI\pyai\data\original\prices\A100\EC2_p4d24xlarge_us-west-2.csv
2026-01-11,0.4166157161984917,0.3563640835063942,0.46985553976755207,2510.9467638339916,6027.009222661395,16,A100,aws,A100,p4d24xlarge,us-west-2,0,C:\Users\FarhadBillimoria\OneDrive - Aurora Energy Research\Documents\Personal\Endog_demand_AI\pyai\data\original\prices\A100\EC2_p4d24xlarge_us-west-2.csv
2026-01-12,0.3969951178635188,0.3504025940904289,0.45594236164243823,2392.6932367149757,6027.009222661395,15,A100,aws,A100,p4d24xlarge,us-west-2,0,C:\Users\FarhadBillimoria\OneDrive - Aurora Energy Research\Documents\Personal\Endog_demand_AI\pyai\data\original\prices\A100\EC2_p4d24xlarge_us-west-2.csv
2026-01-13,0.39392738732830546,0.35145462163442276,0.4467245964950632,2374.203996486605,6027.009222661395,15,A100,aws,A100,p4d24xlarge,us-west-2,0,C:\Users\FarhadBillimoria\OneDrive - Aurora Energy Research\Documents\Personal\Endog_demand_AI\pyai\data\original\prices\A100\EC2_p4d24xlarge_us-west-2.csv
2026-01-14,0.3932638089665859,0.355179983240427,0.44579553320945825,2370.2046035805624,6027.009222661395,17,A100,aws,A100,p4d24xlarge,us-west-2,0,C:\Users\FarhadBillimoria\OneDrive - Aurora Energy Research\Documents\Personal\Endog_demand_AI\pyai\data\original\prices\A100\EC2_p4d24xlarge_us-west-2.csv
2026-01-15,0.3928887188642353,0.35712919444748065,0.44176503807337786,2367.943932074367,6027.009222661395,15,A100,aws,A100,p4d24xlarge,us-west-2,0,C:\Users\FarhadBillimoria\OneDrive - Aurora Energy Research\Documents\Personal\Endog_demand_AI\pyai\data\original\prices\A100\EC2_p4d24xlarge_us-west-2.csv
2026-01-16,0.38811065742287737,0.3564733850694065,0.43691933544649697,2339.1465117008593,6027.009222661395,14,A100,aws,A100,p4d24xlarge,us-west-2,0,C:\Users\FarhadBillimoria\OneDrive - Aurora Energy Research\Documents\Personal\Endog_demand_AI\pyai\data\original\prices\A100\EC2_p4d24xlarge_us-west-2.csv
2026-01-17,0.38170090147765307,0.3542372572594455,0.4293183225853463,2300.5148535039834,6027.009222661395,14,A100,aws,A100,p4d24xlarge,us-west-2,0,C:\Users\FarhadBillimoria\OneDrive - Aurora Energy Research\Documents\Personal\Endog_demand_AI\pyai\data\original\prices\A100\EC2_p4d24xlarge_us-west-2.csv
2026-01-18,0.39451609769130813,0.35576747914161844,0.442798848690203,2377.752159273898,6027.009222661395,15,A100,aws,A100,p4d24xlarge,us-west-2,0,C:\Users\FarhadBillimoria\OneDrive - Aurora Energy Research\Documents\Personal\Endog_demand_AI\pyai\data\original\prices\A100\EC2_p4d24xlarge_us-west-2.csv
2026-01-19,0.38902278330357903,0.36012132473494374,0.4472483331511641,2344.643902796076,6027.009222661395,15,A100,aws,A100,p4d24xlarge,us-west-2,0,C:\Users\FarhadBillimoria\OneDrive - Aurora Energy Research\Documents\Personal\Endog_demand_AI\pyai\data\original\prices\A100\EC2_p4d24xlarge_us-west-2.csv
2026-01-20,0.399764511183792,0.3605312055962401,0.45516814223776736,2409.384395797439,6027.009222661394,13,A100,aws,A100,p4d24xlarge,us-west-2,0,C:\Users\FarhadBillimoria\OneDrive - Aurora Energy Research\Documents\Personal\Endog_demand_AI\pyai\data\original\prices\A100\EC2_p4d24xlarge_us-west-2.csv
2026-01-21,0.3992444529456772,0.3634777935657813,0.4572813057893395,2406.2499999999995,6027.009222661395,14,A100,aws,A100,p4d24xlarge,us-west-2,0,C:\Users\FarhadBillimoria\OneDrive - Aurora Energy Research\Documents\Personal\Endog_demand_AI\pyai\data\original\prices\A100\EC2_p4d24xlarge_us-west-2.csv
2026-01-22,0.3878075507761813,0.3638375778773637,0.45376088461398334,2337.319685145772,6027.009222661394,13,A100,aws,A100,p4d24xlarge,us-west-2,0,C:\Users\FarhadBillimoria\OneDrive - Aurora Energy Research\Documents\Personal\Endog_demand_AI\pyai\data\original\prices\A100\EC2_p4d24xlarge_us-west-2.csv
2026-01-23,0.3954633020002186,0.3638922286588699,0.4515384194993989,2383.4609683794465,6027.009222661395,16,A100,aws,A100,p4d24xlarge,us-west-2,0,C:\Users\FarhadBillimoria\OneDrive - Aurora Energy Research\Documents\Personal\Endog_demand_AI\pyai\data\original\prices\A100\EC2_p4d24xlarge_us-west-2.csv
2026-01-24,0.39908824279520533,0.3642019164207382,0.4507277662403906,2405.3085199824327,6027.009222661395,15,A100,aws,A100,p4d24xlarge,us-west-2,0,C:\Users\FarhadBillimoria\OneDrive - Aurora Energy Research\Documents\Personal\Endog_demand_AI\pyai\data\original\prices\A100\EC2_p4d24xlarge_us-west-2.csv
2026-01-25,0.3904535800548223,0.36378292709585747,0.4431814041607462,2353.267328011573,6027.009222661395,17,A100,aws,A100,p4d24xlarge,us-west-2,0,C:\Users\FarhadBillimoria\OneDrive - Aurora Energy Research\Documents\Personal\Endog_demand_AI\pyai\data\original\prices\A100\EC2_p4d24xlarge_us-west-2.csv
2026-01-26,0.38715615549969035,0.3638603490363246,0.4351295223521696,2333.393719806763,6027.009222661395,15,A100,aws,A100,p4d24xlarge,us-west-2,0,C:\Users\FarhadBillimoria\OneDrive - Aurora Energy Research\Documents\Personal\Endog_demand_AI\pyai\data\original\prices\A100\EC2_p4d24xlarge_us-west-2.csv
2026-01-27,0.38739813701558157,0.3654406674682115,0.42536524938973297,2334.8521446347527,6027.009222661395,15,A100,aws,A100,p4d24xlarge,us-west-2,0,C:\Users\FarhadBillimoria\OneDrive - Aurora Energy Research\Documents\Personal\Endog_demand_AI\pyai\data\original\prices\A100\EC2_p4d24xlarge_us-west-2.csv
2026-01-28,0.37902068602145117,0.363946879440376,0.41788720078697134,2284.361170230735,6027.009222661394,13,A100,aws,A100,p4d24xlarge,us-west-2,0,C:\Users\FarhadBillimoria\OneDrive - Aurora Energy Research\Documents\Personal\Endog_demand_AI\pyai\data\original\prices\A100\EC2_p4d24xlarge_us-west-2.csv
2026-01-29,0.37971211182764364,0.3651446424017197,0.4132418843589464,2288.528399941443,6027.009222661395,12,A100,aws,A100,p4d24xlarge,us-west-2,0,C:\Users\FarhadBillimoria\OneDrive - Aurora Energy Research\Documents\Personal\Endog_demand_AI\pyai\data\original\prices\A100\EC2_p4d24xlarge_us-west-2.csv
2026-01-30,0.3729466107407003,0.3599118300725034,0.4099537290049915,2247.75266249451,6027.009222661395,16,A100,aws,A100,p4d24xlarge,us-west-2,0,C:\Users\FarhadBillimoria\OneDrive - Aurora Energy Research\Documents\Personal\Endog_demand_AI\pyai\data\original\prices\A100\EC2_p4d24xlarge_us-west-2.csv
2026-01-31,0.3719138573562555,0.3559223230225526,0.4050260502058513,2241.528248321726,6027.009222661395,14,A100,aws,A100,p4d24xlarge,us-west-2,0,C:\Users\FarhadBillimoria\OneDrive - Aurora Energy Research\Documents\Personal\Endog_demand_AI\pyai\data\original\prices\A100\EC2_p4d24xlarge_us-west-2.csv
2026-02-01,0.37345611542245055,0.3540140999016286,0.3973248442452727,2250.823451910408,6027.009222661395,14,A100,aws,A100,p4d24xlarge,us-west-2,0,C:\Users\FarhadBillimoria\OneDrive - Aurora Energy Research\Documents\Personal\Endog_demand_AI\pyai\data\original\prices\A100\EC2_p4d24xlarge_us-west-2.csv
2026-02-02,0.37350761327425447,0.35277534885415535,0.39234251466462644,2251.1338299381778,6027.009222661394,13,A100,aws,A100,p4d24xlarge,us-west-2,0,C:\Users\FarhadBillimoria\OneDrive - Aurora Energy Research\Documents\Personal\Endog_demand_AI\pyai\data\original\prices\A100\EC2_p4d24xlarge_us-west-2.csv
2026-02-03,0.37404300409273633,0.3540824133785114,0.39632291325099284,2254.360635338896,6027.009222661395,15,A100,aws,A100,p4d24xlarge,us-west-2,0,C:\Users\FarhadBillimoria\OneDrive - Aurora Energy Research\Documents\Personal\Endog_demand_AI\pyai\data\original\prices\A100\EC2_p4d24xlarge_us-west-2.csv
2026-02-04,0.3763662695376544,0.35635042081101764,0.398713884941888,2268.3629776021075,6027.009222661395,15,A100,aws,A100,p4d24xlarge,us-west-2,0,C:\Users\FarhadBillimoria\OneDrive - Aurora Energy Research\Documents\Personal\Endog_demand_AI\pyai\data\original\prices\A100\EC2_p4d24xlarge_us-west-2.csv
2026-02-05,0.38027137149172346,0.35443764345830153,0.40901555725580213,2291.899063094715,6027.009222661395,15,A100,aws,A100,p4d24xlarge,us-west-2,0,C:\Users\FarhadBillimoria\OneDrive - Aurora Energy Research\Documents\Personal\Endog_demand_AI\pyai\data\original\prices\A100\EC2_p4d24xlarge_us-west-2.csv
2026-02-06,0.3926661687373241,0.35678762706306705,0.41993660509345293,2366.602620406968,6027.009222661395,15,A100,aws,A100,p4d24xlarge,us-west-2,0,C:\Users\FarhadBillimoria\OneDrive - Aurora Energy Research\Documents\Personal\Endog_demand_AI\pyai\data\original\prices\A100\EC2_p4d24xlarge_us-west-2.csv
2026-02-07,0.40033944207624395,0.35756640069953005,0.43226491055488764,2412.8495095886396,6027.009222661395,15,A100,aws,A100,p4d24xlarge,us-west-2,0,C:\Users\FarhadBillimoria\OneDrive - Aurora Energy Research\Documents\Personal\Endog_demand_AI\pyai\data\original\prices\A100\EC2_p4d24xlarge_us-west-2.csv
2026-02-08,0.3988189825986307,0.35306226545706276,0.4313312930374905,2403.685686294382,6027.009222661394,13,A100,aws,A100,p4d24xlarge,us-west-2,0,C:\Users\FarhadBillimoria\OneDrive - Aurora Energy Research\Documents\Personal\Endog_demand_AI\pyai\data\original\prices\A100\EC2_p4d24xlarge_us-west-2.csv
2026-02-09,0.40638378055889535,0.3488040587313732,0.45238550661274457,2449.2787933684667,6027.009222661395,16,A100,aws,A100,p4d24xlarge,us-west-2,0,C:\Users\FarhadBillimoria\OneDrive - Aurora Energy Research\Documents\Personal\Endog_demand_AI\pyai\data\original\prices\A100\EC2_p4d24xlarge_us-west-2.csv
2026-02-10,0.4065037232596529,0.3468411848289431,0.4529046890370532,2450.001689132124,6027.009222661394,13,A100,aws,A100,p4d24xlarge,us-west-2,0,C:\Users\FarhadBillimoria\OneDrive - Aurora Energy Research\Documents\Personal\Endog_demand_AI\pyai\data\original\prices\A100\EC2_p4d24xlarge_us-west-2.csv
2026-02-11,0.40600163171619075,0.34516522752942036,0.4541161146937735,2446.9755787690565,6027.009222661395,14,A100,aws,A100,p4d24xlarge,us-west-2,0,C:\Users\FarhadBillimoria\OneDrive - Aurora Energy Research\Documents\Personal\Endog_demand_AI\pyai\data\original\prices\A100\EC2_p4d24xlarge_us-west-2.csv
2026-02-12,0.4058442938511799,0.34429536925711374,0.4549131052574052,2446.0273020055624,6027.009222661395,15,A100,aws,A100,p4d24xlarge,us-west-2,0,C:\Users\FarhadBillimoria\OneDrive - Aurora Energy Research\Documents\Personal\Endog_demand_AI\pyai\data\original\prices\A100\EC2_p4d24xlarge_us-west-2.csv
2026-02-13,0.396049659343462,0.34331620942179475,0.45652074908004525,2386.994949494949,6027.009222661395,12,A100,aws,A100,p4d24xlarge,us-west-2,0,C:\Users\FarhadBillimoria\OneDrive - Aurora Energy Research\Documents\Personal\Endog_demand_AI\pyai\data\original\prices\A100\EC2_p4d24xlarge_us-west-2.csv
2026-02-14,0.38613168105803913,0.3425237730899552,0.46214977957518133,2327.2192028985505,6027.009222661395,16,A100,aws,A100,p4d24xlarge,us-west-2,0,C:\Users\FarhadBillimoria\OneDrive - Aurora Energy Research\Documents\Personal\Endog_demand_AI\pyai\data\original\prices\A100\EC2_p4d24xlarge_us-west-2.csv
2026-02-15,0.3930800472020824,0.3424509053812803,0.4751703282690276,2369.0970697311272,6027.009222661395,18,A100,aws,A100,p4d24xlarge,us-west-2,0,C:\Users\FarhadBillimoria\OneDrive - Aurora Energy Research\Documents\Personal\Endog_demand_AI\pyai\data\original\prices\A100\EC2_p4d24xlarge_us-west-2.csv
2026-02-16,0.38952702351024576,0.34556144569534014,0.4969668816264073,2347.6829631720934,6027.009222661395,14,A100,aws,A100,p4d24xlarge,us-west-2,0,C:\Users\FarhadBillimoria\OneDrive - Aurora Energy Research\Documents\Personal\Endog_demand_AI\pyai\data\original\prices\A100\EC2_p4d24xlarge_us-west-2.csv
2026-02-17,0.4090373525079504,0.35371807483513684,0.5137173461580501,2465.2718959784174,6027.009222661395,14,A100,aws,A100,p4d24xlarge,us-west-2,0,C:\Users\FarhadBillimoria\OneDrive - Aurora Energy Research\Documents\Personal\Endog_demand_AI\pyai\data\original\prices\A100\EC2_p4d24xlarge_us-west-2.csv
2026-02-18,0.40344443056488094,0.36192935475643967,0.5159215943454659,2431.5633038459123,6027.009222661395,14,A100,aws,A100,p4d24xlarge,us-west-2,0,C:\Users\FarhadBillimoria\OneDrive - Aurora Energy Research\Documents\Personal\Endog_demand_AI\pyai\data\original\prices\A100\EC2_p4d24xlarge_us-west-2.csv
2026-02-19,0.41412247760619175,0.36261704375705905,0.5134668634094801,2495.9199918439044,6027.009222661395,14,A100,aws,A100,p4d24xlarge,us-west-2,0,C:\Users\FarhadBillimoria\OneDrive - Aurora Energy Research\Documents\Personal\Endog_demand_AI\pyai\data\original\prices\A100\EC2_p4d24xlarge_us-west-2.csv
2026-02-20,0.4142407791986981,0.3671485043902795,0.5148786752650564,2496.6329966329963,6027.009222661395,12,A100,aws,A100,p4d24xlarge,us-west-2,0,C:\Users\FarhadBillimoria\OneDrive - Aurora Energy Research\Documents\Personal\Endog_demand_AI\pyai\data\original\prices\A100\EC2_p4d24xlarge_us-west-2.csv
2026-02-21,0.421170517269647,0.3689838598025285,0.519319051262433,2538.398591897233,6027.009222661395,16,A100,aws,A100,p4d24xlarge,us-west-2,0,C:\Users\FarhadBillimoria\OneDrive - Aurora Energy Research\Documents\Personal\Endog_demand_AI\pyai\data\original\prices\A100\EC2_p4d24xlarge_us-west-2.csv
2026-02-22,0.44380560181226286,0.3785067584799796,0.5342341603818268,2674.8204551912986,6027.009222661395,17,A100,aws,A100,p4d24xlarge,us-west-2,0,C:\Users\FarhadBillimoria\OneDrive - Aurora Energy Research\Documents\Personal\Endog_demand_AI\pyai\data\original\prices\A100\EC2_p4d24xlarge_us-west-2.csv
2026-02-23,0.4586074980872227,0.398085400954567,0.5615549969031224,2764.031620553359,6027.009222661395,15,A100,aws,A100,p4d24xlarge,us-west-2,0,C:\Users\FarhadBillimoria\OneDrive - Aurora Energy Research\Documents\Personal\Endog_demand_AI\pyai\data\original\prices\A100\EC2_p4d24xlarge_us-west-2.csv
2026-02-24,0.4735824194508204,0.409817102051226,0.5877281670127883,2854.2856097203917,6027.009222661395,15,A100,aws,A100,p4d24xlarge,us-west-2,0,C:\Users\FarhadBillimoria\OneDrive - Aurora Energy Research\Documents\Personal\Endog_demand_AI\pyai\data\original\prices\A100\EC2_p4d24xlarge_us-west-2.csv
2026-02-25,0.49631078760884617,0.4336994935694247,0.5923825919043977,2991.2696942248567,6027.009222661395,16,A100,aws,A100,p4d24xlarge,us-west-2,0,C:\Users\FarhadBillimoria\OneDrive - Aurora Energy Research\Documents\Personal\Endog_demand_AI\pyai\data\original\prices\A100\EC2_p4d24xlarge_us-west-2.csv
2026-02-26,0.5172948470385349,0.45747258352461107,0.5978613327503917,3117.7408139364657,6027.009222661395,15,A100,aws,A100,p4d24xlarge,us-west-2,0,C:\Users\FarhadBillimoria\OneDrive - Aurora Energy Research\Documents\Personal\Endog_demand_AI\pyai\data\original\prices\A100\EC2_p4d24xlarge_us-west-2.csv
2026-02-27,0.5337304623456116,0.47551644988523345,0.6199129230881336,3216.7984189723315,6027.009222661395,15,A100,aws,A100,p4d24xlarge,us-west-2,0,C:\Users\FarhadBillimoria\OneDrive - Aurora Energy Research\Documents\Personal\Endog_demand_AI\pyai\data\original\prices\A100\EC2_p4d24xlarge_us-west-2.csv
2026-02-28,0.556569820927606,0.5042764236528583,0.6382892483695851,3354.4514437856824,6027.009222661395,16,A100,aws,A100,p4d24xlarge,us-west-2,0,C:\Users\FarhadBillimoria\OneDrive - Aurora Energy Research\Documents\Personal\Endog_demand_AI\pyai\data\original\prices\A100\EC2_p4d24xlarge_us-west-2.csv
2026-03-01,0.5841044217036471,0.5457153787299158,0.6588743760702446,3520.402736605182,6027.009222661395,16,A100,aws,A100,p4d24xlarge,us-west-2,0,C:\Users\FarhadBillimoria\OneDrive - Aurora Energy Research\Documents\Personal\Endog_demand_AI\pyai\data\original\prices\A100\EC2_p4d24xlarge_us-west-2.csv
2026-03-02,0.6069174226691442,0.5653259008270486,0.6954539658250446,3657.896903820816,6027.009222661395,18,A100,aws,A100,p4d24xlarge,us-west-2,0,C:\Users\FarhadBillimoria\OneDrive - Aurora Energy Research\Documents\Personal\Endog_demand_AI\pyai\data\original\prices\A100\EC2_p4d24xlarge_us-west-2.csv
2026-03-03,0.6292777248619418,0.5694656975261413,0.7318286151491966,3792.662651358303,6027.009222661395,14,A100,aws,A100,p4d24xlarge,us-west-2,0,C:\Users\FarhadBillimoria\OneDrive - Aurora Energy Research\Documents\Personal\Endog_demand_AI\pyai\data\original\prices\A100\EC2_p4d24xlarge_us-west-2.csv
2026-03-04,0.6476562315821509,0.5712555106204686,0.7674062739097169,3903.430080859748,6027.009222661395,17,A100,aws,A100,p4d24xlarge,us-west-2,0,C:\Users\FarhadBillimoria\OneDrive - Aurora Energy Research\Documents\Personal\Endog_demand_AI\pyai\data\original\prices\A100\EC2_p4d24xlarge_us-west-2.csv
2026-03-05,0.6472483331511641,0.5667650380733779,0.7665546325645791,3900.9716732542815,6027.009222661395,15,A100,aws,A100,p4d24xlarge,us-west-2,0,C:\Users\FarhadBillimoria\OneDrive - Aurora Energy Research\Documents\Personal\Endog_demand_AI\pyai\data\original\prices\A100\EC2_p4d24xlarge_us-west-2.csv
2026-03-06,0.6369603885930807,0.5539038874922578,0.7504873028017635,3838.966136520484,6027.009222661395,14,A100,aws,A100,p4d24xlarge,us-west-2,0,C:\Users\FarhadBillimoria\OneDrive - Aurora Energy Research\Documents\Personal\Endog_demand_AI\pyai\data\original\prices\A100\EC2_p4d24xlarge_us-west-2.csv
2026-03-07,0.6043289111742631,0.5433198528072285,0.7400945458520057,3642.295921168203,6027.009222661395,16,A100,aws,A100,p4d24xlarge,us-west-2,0,C:\Users\FarhadBillimoria\OneDrive - Aurora Energy Research\Documents\Personal\Endog_demand_AI\pyai\data\original\prices\A100\EC2_p4d24xlarge_us-west-2.csv
2026-03-08,0.6165769483003607,0.5324489015192918,0.7354264582650198,3716.1149538866925,6027.009222661395,16,A100,aws,A100,p4d24xlarge,us-west-2,0,C:\Users\FarhadBillimoria\OneDrive - Aurora Energy Research\Documents\Personal\Endog_demand_AI\pyai\data\original\prices\A100\EC2_p4d24xlarge_us-west-2.csv
2026-03-09,0.5785526044133543,0.509595766386126,0.7049404306481584,3486.941882594056,6027.009222661395,15,A100,aws,A100,p4d24xlarge,us-west-2,0,C:\Users\FarhadBillimoria\OneDrive - Aurora Energy Research\Documents\Personal\Endog_demand_AI\pyai\data\original\prices\A100\EC2_p4d24xlarge_us-west-2.csv
2026-03-10,0.5675577997074882,0.4980280176339855,0.6957818705140817,3420.676093230441,6027.009222661395,14,A100,aws,A100,p4d24xlarge,us-west-2,0,C:\Users\FarhadBillimoria\OneDrive - Aurora Energy Research\Documents\Personal\Endog_demand_AI\pyai\data\original\prices\A100\EC2_p4d24xlarge_us-west-2.csv
2026-03-11,0.5645282596588751,0.48053065908842496,0.6904579735490218,3402.4170274170274,6027.009222661395,14,A100,aws,A100,p4d24xlarge,us-west-2,0,C:\Users\FarhadBillimoria\OneDrive - Aurora Energy Research\Documents\Personal\Endog_demand_AI\pyai\data\original\prices\A100\EC2_p4d24xlarge_us-west-2.csv
2026-03-12,0.5614220133347908,0.47370841986373746,0.6857124640215689,3383.6956521739125,6027.009222661395,15,A100,aws,A100,p4d24xlarge,us-west-2,0,C:\Users\FarhadBillimoria\OneDrive - Aurora Energy Research\Documents\Personal\Endog_demand_AI\pyai\data\original\prices\A100\EC2_p4d24xlarge_us-west-2.csv
2026-03-13,0.5640573954651996,0.4692179473166467,0.6845329179873939,3399.5791245791243,6027.009222661395,15,A100,aws,A100,p4d24xlarge,us-west-2,0,C:\Users\FarhadBillimoria\OneDrive - Aurora Energy Research\Documents\Personal\Endog_demand_AI\pyai\data\original\prices\A100\EC2_p4d24xlarge_us-west-2.csv
2026-03-14,0.5897101686887456,0.4716271359347106,0.6989516158414399,3554.188625384277,6027.009222661395,15,A100,aws,A100,p4d24xlarge,us-west-2,0,C:\Users\FarhadBillimoria\OneDrive - Aurora Energy Research\Documents\Personal\Endog_demand_AI\pyai\data\original\prices\A100\EC2_p4d24xlarge_us-west-2.csv
2026-03-15,0.5971039907929507,0.4828442088388531,0.705760192370751,3598.751259397039,6027.009222661395,17,A100,aws,A100,p4d24xlarge,us-west-2,0,C:\Users\FarhadBillimoria\OneDrive - Aurora Energy Research\Documents\Personal\Endog_demand_AI\pyai\data\original\prices\A100\EC2_p4d24xlarge_us-west-2.csv
2026-03-16,0.6009819935795453,0.49731300324261307,0.7002450176704194,3622.124017957351,6027.009222661395,18,A100,aws,A100,p4d24xlarge,us-west-2,0,C:\Users\FarhadBillimoria\OneDrive - Aurora Energy Research\Documents\Personal\Endog_demand_AI\pyai\data\original\prices\A100\EC2_p4d24xlarge_us-west-2.csv
2026-03-17,0.5809691177542172,0.5046635333551938,0.6956589062556928,3501.5062307861217,6027.009222661395,16,A100,aws,A100,p4d24xlarge,us-west-2,0,C:\Users\FarhadBillimoria\OneDrive - Aurora Energy Research\Documents\Personal\Endog_demand_AI\pyai\data\original\prices\A100\EC2_p4d24xlarge_us-west-2.csv
2026-03-18,0.5803812802856415,0.4930502422851314,0.6944611432943492,3497.963328941589,6027.009222661395,15,A100,aws,A100,p4d24xlarge,us-west-2,0,C:\Users\FarhadBillimoria\OneDrive - Aurora Energy Research\Documents\Personal\Endog_demand_AI\pyai\data\original\prices\A100\EC2_p4d24xlarge_us-west-2.csv
2026-03-19,0.5611882060810907,0.4877992130287464,0.6683517324297737,3382.2864936995365,6027.009222661394,13,A100,aws,A100,p4d24xlarge,us-west-2,0,C:\Users\FarhadBillimoria\OneDrive - Aurora Energy Research\Documents\Personal\Endog_demand_AI\pyai\data\original\prices\A100\EC2_p4d24xlarge_us-west-2.csv
2026-03-20,0.5463253204877974,0.48780376726053853,0.6607279484096623,3292.7077451533964,6027.009222661395,14,A100,aws,A100,p4d24xlarge,us-west-2,0,C:\Users\FarhadBillimoria\OneDrive - Aurora Energy Research\Documents\Personal\Endog_demand_AI\pyai\data\original\prices\A100\EC2_p4d24xlarge_us-west-2.csv
2026-03-21,0.5671927855363204,0.4851668670528656,0.6567384413597116,3418.47614945441,6027.009222661394,13,A100,aws,A100,p4d24xlarge,us-west-2,0,C:\Users\FarhadBillimoria\OneDrive - Aurora Energy Research\Documents\Personal\Endog_demand_AI\pyai\data\original\prices\A100\EC2_p4d24xlarge_us-west-2.csv
2026-03-22,0.557933168166527,0.4892520129704522,0.6431076256057129,3362.6683501683497,6027.009222661395,15,A100,aws,A100,p4d24xlarge,us-west-2,0,C:\Users\FarhadBillimoria\OneDrive - Aurora Energy Research\Documents\Personal\Endog_demand_AI\pyai\data\original\prices\A100\EC2_p4d24xlarge_us-west-2.csv
2026-03-23,0.5567719149633841,0.48809523809523814,0.6307565489853172,3355.6694664031616,6027.009222661395,16,A100,aws,A100,p4d24xlarge,us-west-2,0,C:\Users\FarhadBillimoria\OneDrive - Aurora Energy Research\Documents\Personal\Endog_demand_AI\pyai\data\original\prices\A100\EC2_p4d24xlarge_us-west-2.csv
2026-03-24,0.5576513696526814,0.4921758297810326,0.6218257004408497,3360.9699479264696,6027.009222661395,14,A100,aws,A100,p4d24xlarge,us-west-2,0,C:\Users\FarhadBillimoria\OneDrive - Aurora Energy Research\Documents\Personal\Endog_demand_AI\pyai\data\original\prices\A100\EC2_p4d24xlarge_us-west-2.csv
2026-03-25,0.5576113357865463,0.49048165555434114,0.6373875104747332,3360.7286634460543,6027.009222661395,15,A100,aws,A100,p4d24xlarge,us-west-2,0,C:\Users\FarhadBillimoria\OneDrive - Aurora Energy Research\Documents\Personal\Endog_demand_AI\pyai\data\original\prices\A100\EC2_p4d24xlarge_us-west-2.csv
2026-03-26,0.5674859079056259,0.48577257988122563,0.6420965861478487,3420.242800677583,6027.009222661395,14,A100,aws,A100,p4d24xlarge,us-west-2,0,C:\Users\FarhadBillimoria\OneDrive - Aurora Energy Research\Documents\Personal\Endog_demand_AI\pyai\data\original\prices\A100\EC2_p4d24xlarge_us-west-2.csv
2026-03-27,0.5630705801831062,0.47493350821583424,0.6392638539731119,3393.6315797728835,6027.009222661395,14,A100,aws,A100,p4d24xlarge,us-west-2,0,C:\Users\FarhadBillimoria\OneDrive - Aurora Energy Research\Documents\Personal\Endog_demand_AI\pyai\data\original\prices\A100\EC2_p4d24xlarge_us-west-2.csv
2026-03-28,0.5437433963639013,0.4640807738550662,0.6398376871789268,3277.146464646464,6027.009222661395,15,A100,aws,A100,p4d24xlarge,us-west-2,0,C:\Users\FarhadBillimoria\OneDrive - Aurora Energy Research\Documents\Personal\Endog_demand_AI\pyai\data\original\prices\A100\EC2_p4d24xlarge_us-west-2.csv
2026-03-29,0.5799754413050607,0.46521022333952716,0.6614293001056583,3495.5173336627136,6027.009222661395,16,A100,aws,A100,p4d24xlarge,us-west-2,0,C:\Users\FarhadBillimoria\OneDrive - Aurora Energy Research\Documents\Personal\Endog_demand_AI\pyai\data\original\prices\A100\EC2_p4d24xlarge_us-west-2.csv
2026-03-30,0.5892271598769577,0.4858226764309397,0.6911001202317193,3551.277526821005,6027.009222661395,14,A100,aws,A100,p4d24xlarge,us-west-2,0,C:\Users\FarhadBillimoria\OneDrive - Aurora Energy Research\Documents\Personal\Endog_demand_AI\pyai\data\original\prices\A100\EC2_p4d24xlarge_us-west-2.csv
2026-03-31,0.5993573978941232,0.4870386563194521,0.7165719386453894,3612.3325647782162,6027.009222661395,14,A100,aws,A100,p4d24xlarge,us-west-2,0,C:\Users\FarhadBillimoria\OneDrive - Aurora Energy Research\Documents\Personal\Endog_demand_AI\pyai\data\original\prices\A100\EC2_p4d24xlarge_us-west-2.csv
2026-04-01,0.5992950877227847,0.48677451087550555,0.7500546507815062,3611.9570208008936,6027.009222661395,11,A100,aws,A100,p4d24xlarge,us-west-2,0,C:\Users\FarhadBillimoria\OneDrive - Aurora Energy Research\Documents\Personal\Endog_demand_AI\pyai\data\original\prices\A100\EC2_p4d24xlarge_us-west-2.csv
2026-04-02,0.6149192079280067,0.48657412467664957,0.758689474259482,3706.1237373737367,6027.009222661395,12,A100,aws,A100,p4d24xlarge,us-west-2,0,C:\Users\FarhadBillimoria\OneDrive - Aurora Energy Research\Documents\Personal\Endog_demand_AI\pyai\data\original\prices\A100\EC2_p4d24xlarge_us-west-2.csv
2026-04-03,0.6169002987576057,0.48724815098189245,0.7708310562174373,3718.063790074659,6027.009222661395,16,A100,aws,A100,p4d24xlarge,us-west-2,0,C:\Users\FarhadBillimoria\OneDrive - Aurora Energy Research\Documents\Personal\Endog_demand_AI\pyai\data\original\prices\A100\EC2_p4d24xlarge_us-west-2.csv
2026-04-04,0.6240631294598942,0.49313221845739064,0.7826811673406932,3761.234236777714,6027.009222661395,14,A100,aws,A100,p4d24xlarge,us-west-2,0,C:\Users\FarhadBillimoria\OneDrive - Aurora Energy Research\Documents\Personal\Endog_demand_AI\pyai\data\original\prices\A100\EC2_p4d24xlarge_us-west-2.csv
2026-04-05,0.6278919371880353,0.4954594309031953,0.7973093598571794,3784.3104962670177,6027.009222661395,14,A100,aws,A100,p4d24xlarge,us-west-2,0,C:\Users\FarhadBillimoria\OneDrive - Aurora Energy Research\Documents\Personal\Endog_demand_AI\pyai\data\original\prices\A100\EC2_p4d24xlarge_us-west-2.csv
2026-04-06,0.6707039931504355,0.5191733158450833,0.8344217947316648,4042.3391523934997,6027.009222661395,16,A100,aws,A100,p4d24xlarge,us-west-2,0,C:\Users\FarhadBillimoria\OneDrive - Aurora Energy Research\Documents\Personal\Endog_demand_AI\pyai\data\original\prices\A100\EC2_p4d24xlarge_us-west-2.csv
2026-04-07,0.6695689267800975,0.5376680511531315,0.835305315699348,4035.49809691114,6027.009222661395,15,A100,aws,A100,p4d24xlarge,us-west-2,0,C:\Users\FarhadBillimoria\OneDrive - Aurora Energy Research\Documents\Personal\Endog_demand_AI\pyai\data\original\prices\A100\EC2_p4d24xlarge_us-west-2.csv
2026-04-08,0.6743052519401028,0.5424864283892594,0.8364074397930559,4064.043972332015,6027.009222661395,16,A100,aws,A100,p4d24xlarge,us-west-2,0,C:\Users\FarhadBillimoria\OneDrive - Aurora Energy Research\Documents\Personal\Endog_demand_AI\pyai\data\original\prices\A100\EC2_p4d24xlarge_us-west-2.csv
2026-04-09,0.6939901056061293,0.5402503005792983,0.8386116879804716,4182.684766923897,6027.009222661395,14,A100,aws,A100,p4d24xlarge,us-west-2,0,C:\Users\FarhadBillimoria\OneDrive - Aurora Energy Research\Documents\Personal\Endog_demand_AI\pyai\data\original\prices\A100\EC2_p4d24xlarge_us-west-2.csv
2026-04-10,0.678409578180045,0.5352543083032755,0.8388576164972493,4088.7807844329577,6027.009222661394,13,A100,aws,A100,p4d24xlarge,us-west-2,0,C:\Users\FarhadBillimoria\OneDrive - Aurora Energy Research\Documents\Personal\Endog_demand_AI\pyai\data\original\prices\A100\EC2_p4d24xlarge_us-west-2.csv
2026-04-11,0.6945167049222137,0.5287235399132875,0.83073742121179,4185.858585858585,6027.009222661395,15,A100,aws,A100,p4d24xlarge,us-west-2,0,C:\Users\FarhadBillimoria\OneDrive - Aurora Energy Research\Documents\Personal\Endog_demand_AI\pyai\data\original\prices\A100\EC2_p4d24xlarge_us-west-2.csv
2026-04-12,0.7014935277860188,0.5264783036397421,0.8360066673953439,4227.907961603613,6027.009222661395,14,A100,aws,A100,p4d24xlarge,us-west-2,0,C:\Users\FarhadBillimoria\OneDrive - Aurora Energy Research\Documents\Personal\Endog_demand_AI\pyai\data\original\prices\A100\EC2_p4d24xlarge_us-west-2.csv
2026-04-13,0.7064976743056316,0.5268062083287791,0.833146609829854,4258.0679988288675,6027.009222661395,15,A100,aws,A100,p4d24xlarge,us-west-2,0,C:\Users\FarhadBillimoria\OneDrive - Aurora Energy Research\Documents\Personal\Endog_demand_AI\pyai\data\original\prices\A100\EC2_p4d24xlarge_us-west-2.csv
2026-04-14,0.7055051553903888,0.5265329544212483,0.8334790687506832,4252.086078173034,6027.009222661395,14,A100,aws,A100,p4d24xlarge,us-west-2,0,C:\Users\FarhadBillimoria\OneDrive - Aurora Energy Research\Documents\Personal\Endog_demand_AI\pyai\data\original\prices\A100\EC2_p4d24xlarge_us-west-2.csv
2026-04-15,0.7033708471912101,0.5272798484351661,0.8418315298575437,4239.222582972582,6027.009222661395,14,A100,aws,A100,p4d24xlarge,us-west-2,0,C:\Users\FarhadBillimoria\OneDrive - Aurora Energy Research\Documents\Personal\Endog_demand_AI\pyai\data\original\prices\A100\EC2_p4d24xlarge_us-west-2.csv
2026-04-16,0.7116923322929445,0.5271113418588553,0.8425374357853318,4289.376250426974,6027.009222661395,18,A100,aws,A100,p4d24xlarge,us-west-2,0,C:\Users\FarhadBillimoria\OneDrive - Aurora Energy Research\Documents\Personal\Endog_demand_AI\pyai\data\original\prices\A100\EC2_p4d24xlarge_us-west-2.csv
2026-04-17,0.6984084477963591,0.5179937698109084,0.8309013735563086,4209.314156053286,6027.009222661395,15,A100,aws,A100,p4d24xlarge,us-west-2,0,C:\Users\FarhadBillimoria\OneDrive - Aurora Energy Research\Documents\Personal\Endog_demand_AI\pyai\data\original\prices\A100\EC2_p4d24xlarge_us-west-2.csv
2026-04-18,0.7006840456151857,0.5186814588115277,0.8265702991219441,4223.029205094422,6027.009222661395,15,A100,aws,A100,p4d24xlarge,us-west-2,0,C:\Users\FarhadBillimoria\OneDrive - Aurora Energy Research\Documents\Personal\Endog_demand_AI\pyai\data\original\prices\A100\EC2_p4d24xlarge_us-west-2.csv
2026-04-19,0.7360126529571278,0.5391208510948373,0.8497650016395235,4435.95504736809,6027.009222661395,14,A100,aws,A100,p4d24xlarge,us-west-2,0,C:\Users\FarhadBillimoria\OneDrive - Aurora Energy Research\Documents\Personal\Endog_demand_AI\pyai\data\original\prices\A100\EC2_p4d24xlarge_us-west-2.csv
2026-04-20,0.7488231865049004,0.5588087951324371,0.8454111560461982,4513.164251207729,6027.009222661395,15,A100,aws,A100,p4d24xlarge,us-west-2,0,C:\Users\FarhadBillimoria\OneDrive - Aurora Energy Research\Documents\Personal\Endog_demand_AI\pyai\data\original\prices\A100\EC2_p4d24xlarge_us-west-2.csv
2026-04-21,0.7241290165645448,0.5818850876234197,0.8088361205231902,4364.332261231238,6027.009222661395,17,A100,aws,A100,p4d24xlarge,us-west-2,0,C:\Users\FarhadBillimoria\OneDrive - Aurora Energy Research\Documents\Personal\Endog_demand_AI\pyai\data\original\prices\A100\EC2_p4d24xlarge_us-west-2.csv
2026-04-22,0.696510243985378,0.6005210041170256,0.7810507523590922,4197.8736641780115,6027.009222661395,15,A100,aws,A100,p4d24xlarge,us-west-2,0,C:\Users\FarhadBillimoria\OneDrive - Aurora Energy Research\Documents\Personal\Endog_demand_AI\pyai\data\original\prices\A100\EC2_p4d24xlarge_us-west-2.csv
2026-04-23,0.6810786849807509,0.5852142310635042,0.7675793347178198,4104.86751573708,6027.009222661395,15,A100,aws,A100,p4d24xlarge,us-west-2,0,C:\Users\FarhadBillimoria\OneDrive - Aurora Energy Research\Documents\Personal\Endog_demand_AI\pyai\data\original\prices\A100\EC2_p4d24xlarge_us-west-2.csv
2026-04-24,0.6655235544868292,0.5961671585237003,0.7411647903231684,4011.116600790513,6027.009222661395,16,A100,aws,A100,p4d24xlarge,us-west-2,0,C:\Users\FarhadBillimoria\OneDrive - Aurora Energy Research\Documents\Personal\Endog_demand_AI\pyai\data\original\prices\A100\EC2_p4d24xlarge_us-west-2.csv
2026-04-25,0.644342391700368,0.5895999562793749,0.7068850876234197,3883.4575373298194,6027.009222661395,16,A100,aws,A100,p4d24xlarge,us-west-2,0,C:\Users\FarhadBillimoria\OneDrive - Aurora Energy Research\Documents\Personal\Endog_demand_AI\pyai\data\original\prices\A100\EC2_p4d24xlarge_us-west-2.csv
2026-04-26,0.6237548730280177,0.5718703319124131,0.6884996538783839,3759.37637241985,6027.009222661395,15,A100,aws,A100,p4d24xlarge,us-west-2,0,C:\Users\FarhadBillimoria\OneDrive - Aurora Energy Research\Documents\Personal\Endog_demand_AI\pyai\data\original\prices\A100\EC2_p4d24xlarge_us-west-2.csv
2026-04-27,0.5981524999696385,0.5467127554924036,0.6616797828542282,3605.070633874981,6027.009222661395,15,A100,aws,A100,p4d24xlarge,us-west-2,0,C:\Users\FarhadBillimoria\OneDrive - Aurora Energy Research\Documents\Personal\Endog_demand_AI\pyai\data\original\prices\A100\EC2_p4d24xlarge_us-west-2.csv
2026-04-28,0.5748354404245759,0.527780813932306,0.6342860786242578,3464.538500951544,6027.009222661395,15,A100,aws,A100,p4d24xlarge,us-west-2,0,C:\Users\FarhadBillimoria\OneDrive - Aurora Energy Research\Documents\Personal\Endog_demand_AI\pyai\data\original\prices\A100\EC2_p4d24xlarge_us-west-2.csv
2026-04-29,0.5489480293839035,0.5076010128611507,0.6143795314606332,3308.5148358585852,6027.009222661395,16,A100,aws,A100,p4d24xlarge,us-west-2,0,C:\Users\FarhadBillimoria\OneDrive - Aurora Energy Research\Documents\Personal\Endog_demand_AI\pyai\data\original\prices\A100\EC2_p4d24xlarge_us-west-2.csv
2026-04-30,0.5328797318468321,0.4846203592378038,0.591562830181805,3211.6710584101884,6027.009222661395,15,A100,aws,A100,p4d24xlarge,us-west-2,0,C:\Users\FarhadBillimoria\OneDrive - Aurora Energy Research\Documents\Personal\Endog_demand_AI\pyai\data\original\prices\A100\EC2_p4d24xlarge_us-west-2.csv
2026-05-01,0.5084650518372783,0.46875796990563634,0.5628074106459723,3064.523556824281,6027.009222661395,18,A100,aws,A100,p4d24xlarge,us-west-2,0,C:\Users\FarhadBillimoria\OneDrive - Aurora Energy Research\Documents\Personal\Endog_demand_AI\pyai\data\original\prices\A100\EC2_p4d24xlarge_us-west-2.csv
2026-05-02,0.5041075917742767,0.4676558458119285,0.5393576711480308,3038.2611048371914,6027.009222661395,14,A100,aws,A100,p4d24xlarge,us-west-2,0,C:\Users\FarhadBillimoria\OneDrive - Aurora Energy Research\Documents\Personal\Endog_demand_AI\pyai\data\original\prices\A100\EC2_p4d24xlarge_us-west-2.csv
2026-05-03,0.49001439137246333,0.466339672823988,0.5132619229788319,2953.321256038647,6027.009222661395,15,A100,aws,A100,p4d24xlarge,us-west-2,0,C:\Users\FarhadBillimoria\OneDrive - Aurora Energy Research\Documents\Personal\Endog_demand_AI\pyai\data\original\prices\A100\EC2_p4d24xlarge_us-west-2.csv
2026-05-04,0.48504333351550266,0.47292053776369003,0.502914708346996,2923.3606444883617,6027.009222661395,16,A100,aws,A100,p4d24xlarge,us-west-2,0,C:\Users\FarhadBillimoria\OneDrive - Aurora Energy Research\Documents\Personal\Endog_demand_AI\pyai\data\original\prices\A100\EC2_p4d24xlarge_us-west-2.csv
2026-05-05,0.47526293098213535,0.46244125040988093,0.49014919663351186,2864.4140682184157,6027.009222661395,15,A100,aws,A100,p4d24xlarge,us-west-2,0,C:\Users\FarhadBillimoria\OneDrive - Aurora Energy Research\Documents\Personal\Endog_demand_AI\pyai\data\original\prices\A100\EC2_p4d24xlarge_us-west-2.csv
2026-05-06,0.4684974678471236,0.44392829817466395,0.497636353699858,2823.638559508124,6027.009222661395,15,A100,aws,A100,p4d24xlarge,us-west-2,0,C:\Users\FarhadBillimoria\OneDrive - Aurora Energy Research\Documents\Personal\Endog_demand_AI\pyai\data\original\prices\A100\EC2_p4d24xlarge_us-west-2.csv
2026-05-07,0.4645077330855832,0.4320827412832004,0.49926676868145886,2799.5923913043475,6027.009222661395,12,A100,aws,A100,p4d24xlarge,us-west-2,0,C:\Users\FarhadBillimoria\OneDrive - Aurora Energy Research\Documents\Personal\Endog_demand_AI\pyai\data\original\prices\A100\EC2_p4d24xlarge_us-west-2.csv
2026-05-08,0.4440227984843517,0.417226837177105,0.5022953328232594,2676.12950153711,6027.009222661395,8,A100,aws,A100,p4d24xlarge,us-west-2,0,C:\Users\FarhadBillimoria\OneDrive - Aurora Energy Research\Documents\Personal\Endog_demand_AI\pyai\data\original\prices\A100\EC2_p4d24xlarge_us-west-2.csv
2026-05-09,0.45747445879652554,0.41692625787882104,0.5046179910372718,2757.2027822986897,6027.009222661395,17,A100,aws,A100,p4d24xlarge,us-west-2,0,C:\Users\FarhadBillimoria\OneDrive - Aurora Energy Research\Documents\Personal\Endog_demand_AI\pyai\data\original\prices\A100\EC2_p4d24xlarge_us-west-2.csv
2026-05-10,0.45643632062912864,0.42028272670965866,0.5082294968484716,2750.945913989392,6027.009222661394,13,A100,aws,A100,p4d24xlarge,us-west-2,0,C:\Users\FarhadBillimoria\OneDrive - Aurora Energy Research\Documents\Personal\Endog_demand_AI\pyai\data\original\prices\A100\EC2_p4d24xlarge_us-west-2.csv
2026-05-11,0.46698235529866117,0.4318595839253835,0.5182943491091923,2814.5069622051715,6027.009222661395,17,A100,aws,A100,p4d24xlarge,us-west-2,0,C:\Users\FarhadBillimoria\OneDrive - Aurora Energy Research\Documents\Personal\Endog_demand_AI\pyai\data\original\prices\A100\EC2_p4d24xlarge_us-west-2.csv
2026-05-12,0.471618331086579,0.44499854264582656,0.5266058221299232,2842.4480310349873,6027.009222661395,15,A100,aws,A100,p4d24xlarge,us-west-2,0,C:\Users\FarhadBillimoria\OneDrive - Aurora Energy Research\Documents\Personal\Endog_demand_AI\pyai\data\original\prices\A100\EC2_p4d24xlarge_us-west-2.csv
2026-05-13,0.48329507778627906,0.48329507778627906,0.48329507778627906,2912.8238910847604,6027.009222661395,1,A100,aws,A100,p4d24xlarge,us-west-2,0,C:\Users\FarhadBillimoria\OneDrive - Aurora Energy Research\Documents\Personal\Endog_demand_AI\pyai\data\original\prices\A100\EC2_p4d24xlarge_us-west-2.csv
2024-01-25,0.5743166003976142,0.5373757455268389,0.6307157057654075,3609.887535145266,6285.535770071851,8,A10G,aws,A10G,g5xlarge,us-east-1,3,C:\Users\FarhadBillimoria\OneDrive - Aurora Energy Research\Documents\Personal\Endog_demand_AI\pyai\data\original\prices\A10G\EC2_g5xlarge_us-east-1.csv
2024-01-26,0.5684559310801856,0.5359840954274353,0.6301192842942346,3573.050088514005,6285.535770071851,18,A10G,aws,A10G,g5xlarge,us-east-1,3,C:\Users\FarhadBillimoria\OneDrive - Aurora Energy Research\Documents\Personal\Endog_demand_AI\pyai\data\original\prices\A10G\EC2_g5xlarge_us-east-1.csv
2024-01-27,0.5647526605075429,0.5370775347912524,0.6285288270377734,3549.7730488634056,6285.535770071851,17,A10G,aws,A10G,g5xlarge,us-east-1,3,C:\Users\FarhadBillimoria\OneDrive - Aurora Energy Research\Documents\Personal\Endog_demand_AI\pyai\data\original\prices\A10G\EC2_g5xlarge_us-east-1.csv
2024-01-28,0.5646558151093439,0.5374751491053676,0.6264413518886679,3549.164323648859,6285.535770071851,16,A10G,aws,A10G,g5xlarge,us-east-1,3,C:\Users\FarhadBillimoria\OneDrive - Aurora Energy Research\Documents\Personal\Endog_demand_AI\pyai\data\original\prices\A10G\EC2_g5xlarge_us-east-1.csv
2024-01-30,0.5727385685884692,0.5388667992047713,0.6242544731610338,3599.968759762573,6285.535770071851,12,A10G,aws,A10G,g5xlarge,us-east-1,3,C:\Users\FarhadBillimoria\OneDrive - Aurora Energy Research\Documents\Personal\Endog_demand_AI\pyai\data\original\prices\A10G\EC2_g5xlarge_us-east-1.csv
2024-01-31,0.5677409228837501,0.5380715705765406,0.6236580516898608,3568.555878919415,6285.535770071851,19,A10G,aws,A10G,g5xlarge,us-east-1,3,C:\Users\FarhadBillimoria\OneDrive - Aurora Energy Research\Documents\Personal\Endog_demand_AI\pyai\data\original\prices\A10G\EC2_g5xlarge_us-east-1.csv
2024-02-01,0.5665065164568146,0.5372763419483101,0.6234592445328031,3560.796973168106,6285.535770071851,18,A10G,aws,A10G,g5xlarge,us-east-1,3,C:\Users\FarhadBillimoria\OneDrive - Aurora Energy Research\Documents\Personal\Endog_demand_AI\pyai\data\original\prices\A10G\EC2_g5xlarge_us-east-1.csv
2024-02-02,0.5695604152860613,0.5369781312127236,0.6227634194831013,3579.992363497517,6285.535770071851,9,A10G,aws,A10G,g5xlarge,us-east-1,3,C:\Users\FarhadBillimoria\OneDrive - Aurora Energy Research\Documents\Personal\Endog_demand_AI\pyai\data\original\prices\A10G\EC2_g5xlarge_us-east-1.csv
2024-02-06,0.5595675944333995,0.5363817097415506,0.6287276341948309,3517.1821305841913,6285.535770071851,8,A10G,aws,A10G,g5xlarge,us-east-1,3,C:\Users\FarhadBillimoria\OneDrive - Aurora Energy Research\Documents\Personal\Endog_demand_AI\pyai\data\original\prices\A10G\EC2_g5xlarge_us-east-1.csv
2024-02-07,0.5639662027833001,0.5363817097415506,0.6299204771371769,3544.8297407060286,6285.535770071851,18,A10G,aws,A10G,g5xlarge,us-east-1,3,C:\Users\FarhadBillimoria\OneDrive - Aurora Energy Research\Documents\Personal\Endog_demand_AI\pyai\data\original\prices\A10G\EC2_g5xlarge_us-east-1.csv
2024-02-08,0.5514115308151093,0.5345924453280317,0.5724652087475148,3465.9169009684465,6285.535770071851,15,A10G,aws,A10G,g5xlarge,us-east-1,3,C:\Users\FarhadBillimoria\OneDrive - Aurora Energy Research\Documents\Personal\Endog_demand_AI\pyai\data\original\prices\A10G\EC2_g5xlarge_us-east-1.csv
2024-02-09,0.5678341714419366,0.5359840954274353,0.6290258449304175,3569.1419960674043,6285.535770071851,17,A10G,aws,A10G,g5xlarge,us-east-1,3,C:\Users\FarhadBillimoria\OneDrive - Aurora Energy Research\Documents\Personal\Endog_demand_AI\pyai\data\original\prices\A10G\EC2_g5xlarge_us-east-1.csv
2024-02-10,0.5514981539335416,0.5385685884691848,0.56779324055666,3466.4613736778674,6285.535770071851,14,A10G,aws,A10G,g5xlarge,us-east-1,3,C:\Users\FarhadBillimoria\OneDrive - Aurora Energy Research\Documents\Personal\Endog_demand_AI\pyai\data\original\prices\A10G\EC2_g5xlarge_us-east-1.csv
2024-02-11,0.5656168253636078,0.5340954274353876,0.6284294234592445,3555.2047879774404,6285.535770071851,19,A10G,aws,A10G,g5xlarge,us-east-1,3,C:\Users\FarhadBillimoria\OneDrive - Aurora Energy Research\Documents\Personal\Endog_demand_AI\pyai\data\original\prices\A10G\EC2_g5xlarge_us-east-1.csv
2024-02-12,0.5602164789043517,0.5340954274353876,0.627534791252485,3521.260717137005,6285.535770071851,18,A10G,aws,A10G,g5xlarge,us-east-1,3,C:\Users\FarhadBillimoria\OneDrive - Aurora Energy Research\Documents\Personal\Endog_demand_AI\pyai\data\original\prices\A10G\EC2_g5xlarge_us-east-1.csv
2024-02-13,0.5644853103600619,0.5283300198807156,0.6315109343936381,3548.092609948279,6285.535770071851,18,A10G,aws,A10G,g5xlarge,us-east-1,3,C:\Users\FarhadBillimoria\OneDrive - Aurora Energy Research\Documents\Personal\Endog_demand_AI\pyai\data\original\prices\A10G\EC2_g5xlarge_us-east-1.csv
2024-02-14,0.5637798210735586,0.5311133200795228,0.6300198807157057,3543.6582318025607,6285.535770071851,16,A10G,aws,A10G,g5xlarge,us-east-1,3,C:\Users\FarhadBillimoria\OneDrive - Aurora Energy Research\Documents\Personal\Endog_demand_AI\pyai\data\original\prices\A10G\EC2_g5xlarge_us-east-1.csv
2024-02-15,0.5635013448719447,0.5290258449304175,0.625844930417495,3541.907859676203,6285.535770071851,17,A10G,aws,A10G,g5xlarge,us-east-1,3,C:\Users\FarhadBillimoria\OneDrive - Aurora Energy Research\Documents\Personal\Endog_demand_AI\pyai\data\original\prices\A10G\EC2_g5xlarge_us-east-1.csv
2024-02-16,0.558051689860835,0.5309145129224652,0.6208747514910536,3507.653858169321,6285.535770071851,16,A10G,aws,A10G,g5xlarge,us-east-1,3,C:\Users\FarhadBillimoria\OneDrive - Aurora Energy Research\Documents\Personal\Endog_demand_AI\pyai\data\original\prices\A10G\EC2_g5xlarge_us-east-1.csv
2024-02-17,0.5595593108018555,0.5301192842942345,0.6191848906560636,3517.1300635218154,6285.535770071851,18,A10G,aws,A10G,g5xlarge,us-east-1,3,C:\Users\FarhadBillimoria\OneDrive - Aurora Energy Research\Documents\Personal\Endog_demand_AI\pyai\data\original\prices\A10G\EC2_g5xlarge_us-east-1.csv
2024-02-18,0.5611111111111111,0.5290258449304175,0.6184890656063617,3526.88395987365,6285.535770071851,18,A10G,aws,A10G,g5xlarge,us-east-1,3,C:\Users\FarhadBillimoria\OneDrive - Aurora Energy Research\Documents\Personal\Endog_demand_AI\pyai\data\original\prices\A10G\EC2_g5xlarge_us-east-1.csv
2024-02-19,0.5554671968190854,0.5284294234592444,0.6112326043737575,3491.4089347079025,6285.535770071851,16,A10G,aws,A10G,g5xlarge,us-east-1,3,C:\Users\FarhadBillimoria\OneDrive - Aurora Energy Research\Documents\Personal\Endog_demand_AI\pyai\data\original\prices\A10G\EC2_g5xlarge_us-east-1.csv
2024-02-20,0.5599286633142322,0.5277335984095427,0.6144135188866798,3519.451641950125,6285.535770071851,17,A10G,aws,A10G,g5xlarge,us-east-1,3,C:\Users\FarhadBillimoria\OneDrive - Aurora Energy Research\Documents\Personal\Endog_demand_AI\pyai\data\original\prices\A10G\EC2_g5xlarge_us-east-1.csv
2024-02-21,0.561911862160371,0.5267395626242545,0.6153081510934393,3531.917109236696,6285.535770071851,18,A10G,aws,A10G,g5xlarge,us-east-1,3,C:\Users\FarhadBillimoria\OneDrive - Aurora Energy Research\Documents\Personal\Endog_demand_AI\pyai\data\original\prices\A10G\EC2_g5xlarge_us-east-1.csv
2024-02-22,0.5554305744480486,0.5260437375745526,0.6103379721669979,3491.1787434847656,6285.535770071851,19,A10G,aws,A10G,g5xlarge,us-east-1,3,C:\Users\FarhadBillimoria\OneDrive - Aurora Energy Research\Documents\Personal\Endog_demand_AI\pyai\data\original\prices\A10G\EC2_g5xlarge_us-east-1.csv
2024-02-23,0.5544952507179146,0.5251491053677931,0.6069582504970179,3485.299732722412,6285.535770071851,18,A10G,aws,A10G,g5xlarge,us-east-1,3,C:\Users\FarhadBillimoria\OneDrive - Aurora Energy Research\Documents\Personal\Endog_demand_AI\pyai\data\original\prices\A10G\EC2_g5xlarge_us-east-1.csv
2024-02-24,0.5502720518991314,0.5208747514910537,0.6011928429423459,3458.754665482825,6285.535770071851,19,A10G,aws,A10G,g5xlarge,us-east-1,3,C:\Users\FarhadBillimoria\OneDrive - Aurora Energy Research\Documents\Personal\Endog_demand_AI\pyai\data\original\prices\A10G\EC2_g5xlarge_us-east-1.csv
2024-02-25,0.5501726483206026,0.5198807157057653,0.5974155069582504,3458.1298607343087,6285.535770071851,19,A10G,aws,A10G,g5xlarge,us-east-1,3,C:\Users\FarhadBillimoria\OneDrive - Aurora Energy Research\Documents\Personal\Endog_demand_AI\pyai\data\original\prices\A10G\EC2_g5xlarge_us-east-1.csv
2024-02-26,0.5519295988773243,0.5246520874751491,0.6003976143141152,3469.1732363048304,6285.535770071851,17,A10G,aws,A10G,g5xlarge,us-east-1,3,C:\Users\FarhadBillimoria\OneDrive - Aurora Energy Research\Documents\Personal\Endog_demand_AI\pyai\data\original\prices\A10G\EC2_g5xlarge_us-east-1.csv
2024-02-27,0.5476198365363375,0.5257455268389661,0.6003976143141152,3442.0840709500494,6285.535770071851,18,A10G,aws,A10G,g5xlarge,us-east-1,3,C:\Users\FarhadBillimoria\OneDrive - Aurora Energy Research\Documents\Personal\Endog_demand_AI\pyai\data\original\prices\A10G\EC2_g5xlarge_us-east-1.csv
2024-02-28,0.5392351771722605,0.5267395626242545,0.6010934393638171,3389.3819945972755,6285.535770071851,17,A10G,aws,A10G,g5xlarge,us-east-1,3,C:\Users\FarhadBillimoria\OneDrive - Aurora Energy Research\Documents\Personal\Endog_demand_AI\pyai\data\original\prices\A10G\EC2_g5xlarge_us-east-1.csv
2024-02-29,0.5496667056484621,0.5276341948310139,0.6024850894632207,3454.949739970964,6285.535770071851,17,A10G,aws,A10G,g5xlarge,us-east-1,3,C:\Users\FarhadBillimoria\OneDrive - Aurora Energy Research\Documents\Personal\Endog_demand_AI\pyai\data\original\prices\A10G\EC2_g5xlarge_us-east-1.csv
2024-03-01,0.5453466699801193,0.5274353876739561,0.5940357852882704,3427.7960012496087,6285.535770071851,16,A10G,aws,A10G,g5xlarge,us-east-1,3,C:\Users\FarhadBillimoria\OneDrive - Aurora Energy Research\Documents\Personal\Endog_demand_AI\pyai\data\original\prices\A10G\EC2_g5xlarge_us-east-1.csv
2024-03-02,0.548807157057654,0.526341948310139,0.5998011928429424,3449.547016557325,6285.535770071851,19,A10G,aws,A10G,g5xlarge,us-east-1,3,C:\Users\FarhadBillimoria\OneDrive - Aurora Energy Research\Documents\Personal\Endog_demand_AI\pyai\data\original\prices\A10G\EC2_g5xlarge_us-east-1.csv
2024-03-03,0.5410536779324056,0.5249502982107356,0.5992047713717693,3400.81224617307,6285.535770071851,16,A10G,aws,A10G,g5xlarge,us-east-1,3,C:\Users\FarhadBillimoria\OneDrive - Aurora Energy Research\Documents\Personal\Endog_demand_AI\pyai\data\original\prices\A10G\EC2_g5xlarge_us-east-1.csv
2024-03-09,0.5451789264413518,0.522962226640159,0.5998011928429424,3426.7416432364876,6285.535770071851,16,A10G,aws,A10G,g5xlarge,us-east-1,3,C:\Users\FarhadBillimoria\OneDrive - Aurora Energy Research\Documents\Personal\Endog_demand_AI\pyai\data\original\prices\A10G\EC2_g5xlarge_us-east-1.csv
2024-03-10,0.5506532235160465,0.5220675944333996,0.5996023856858846,3461.150533315481,6285.535770071851,14,A10G,aws,A10G,g5xlarge,us-east-1,3,C:\Users\FarhadBillimoria\OneDrive - Aurora Energy Research\Documents\Personal\Endog_demand_AI\pyai\data\original\prices\A10G\EC2_g5xlarge_us-east-1.csv
2024-03-11,0.5423807157057653,0.5216699801192843,0.5993041749502982,3409.1533895657594,6285.535770071851,20,A10G,aws,A10G,g5xlarge,us-east-1,3,C:\Users\FarhadBillimoria\OneDrive - Aurora Energy Research\Documents\Personal\Endog_demand_AI\pyai\data\original\prices\A10G\EC2_g5xlarge_us-east-1.csv
2024-03-12,0.5454870775347912,0.520079522862823,0.6018886679920478,3428.678537956888,6285.535770071851,15,A10G,aws,A10G,g5xlarge,us-east-1,3,C:\Users\FarhadBillimoria\OneDrive - Aurora Energy Research\Documents\Personal\Endog_demand_AI\pyai\data\original\prices\A10G\EC2_g5xlarge_us-east-1.csv
2024-03-13,0.5392410244415857,0.5197813121272365,0.6,3389.4187478177764,6285.535770071851,17,A10G,aws,A10G,g5xlarge,us-east-1,3,C:\Users\FarhadBillimoria\OneDrive - Aurora Energy Research\Documents\Personal\Endog_demand_AI\pyai\data\original\prices\A10G\EC2_g5xlarge_us-east-1.csv
2024-03-14,0.5401977026728517,0.5180914512922464,0.5992047713717693,3395.4319830608483,6285.535770071851,18,A10G,aws,A10G,g5xlarge,us-east-1,3,C:\Users\FarhadBillimoria\OneDrive - Aurora Energy Research\Documents\Personal\Endog_demand_AI\pyai\data\original\prices\A10G\EC2_g5xlarge_us-east-1.csv
2024-03-15,0.5470551689860834,0.5150099403578529,0.5987077534791252,3438.5348328647287,6285.535770071851,16,A10G,aws,A10G,g5xlarge,us-east-1,3,C:\Users\FarhadBillimoria\OneDrive - Aurora Energy Research\Documents\Personal\Endog_demand_AI\pyai\data\original\prices\A10G\EC2_g5xlarge_us-east-1.csv
2024-03-16,0.53447734644763,0.5143141153081511,0.5905566600397614,3359.4764793896634,6285.535770071851,19,A10G,aws,A10G,g5xlarge,us-east-1,3,C:\Users\FarhadBillimoria\OneDrive - Aurora Energy Research\Documents\Personal\Endog_demand_AI\pyai\data\original\prices\A10G\EC2_g5xlarge_us-east-1.csv
2024-03-17,0.5313068954692894,0.5123260437375745,0.5792246520874751,3339.5484963580448,6285.535770071851,19,A10G,aws,A10G,g5xlarge,us-east-1,3,C:\Users\FarhadBillimoria\OneDrive - Aurora Energy Research\Documents\Personal\Endog_demand_AI\pyai\data\original\prices\A10G\EC2_g5xlarge_us-east-1.csv
2024-03-18,0.5362413752777453,0.5134194831013916,0.5744532803180914,3370.5643457007914,6285.535770071851,17,A10G,aws,A10G,g5xlarge,us-east-1,3,C:\Users\FarhadBillimoria\OneDrive - Aurora Energy Research\Documents\Personal\Endog_demand_AI\pyai\data\original\prices\A10G\EC2_g5xlarge_us-east-1.csv
2024-03-19,0.5321338634857521,0.5079522862823062,0.5709741550695825,3344.746433406226,6285.535770071851,15,A10G,aws,A10G,g5xlarge,us-east-1,3,C:\Users\FarhadBillimoria\OneDrive - Aurora Energy Research\Documents\Personal\Endog_demand_AI\pyai\data\original\prices\A10G\EC2_g5xlarge_us-east-1.csv
2024-03-20,0.5332604373757455,0.5096421471172962,0.5711729622266402,3351.8275538894086,6285.535770071851,20,A10G,aws,A10G,g5xlarge,us-east-1,3,C:\Users\FarhadBillimoria\OneDrive - Aurora Energy Research\Documents\Personal\Endog_demand_AI\pyai\data\original\prices\A10G\EC2_g5xlarge_us-east-1.csv
2024-03-21,0.5325475717125816,0.5114314115308151,0.5680914512922465,3347.3468112643363,6285.535770071852,21,A10G,aws,A10G,g5xlarge,us-east-1,3,C:\Users\FarhadBillimoria\OneDrive - Aurora Energy Research\Documents\Personal\Endog_demand_AI\pyai\data\original\prices\A10G\EC2_g5xlarge_us-east-1.csv
2024-03-22,0.5297278827037772,0.5136182902584493,0.5589463220675944,3329.623555139018,6285.535770071851,16,A10G,aws,A10G,g5xlarge,us-east-1,3,C:\Users\FarhadBillimoria\OneDrive - Aurora Energy Research\Documents\Personal\Endog_demand_AI\pyai\data\original\prices\A10G\EC2_g5xlarge_us-east-1.csv
2024-03-23,0.5296123260437375,0.515506958250497,0.5601391650099403,3328.8972196188683,6285.535770071851,20,A10G,aws,A10G,g5xlarge,us-east-1,3,C:\Users\FarhadBillimoria\OneDrive - Aurora Energy Research\Documents\Personal\Endog_demand_AI\pyai\data\original\prices\A10G\EC2_g5xlarge_us-east-1.csv
2024-03-24,0.5282361387232162,0.5136182902584493,0.5595427435387673,3320.2471449894124,6285.535770071851,18,A10G,aws,A10G,g5xlarge,us-east-1,3,C:\Users\FarhadBillimoria\OneDrive - Aurora Energy Research\Documents\Personal\Endog_demand_AI\pyai\data\original\prices\A10G\EC2_g5xlarge_us-east-1.csv
2024-03-25,0.5287134336836126,0.5135188866799204,0.5601391650099403,3323.2471995358583,6285.535770071852,21,A10G,aws,A10G,g5xlarge,us-east-1,3,C:\Users\FarhadBillimoria\OneDrive - Aurora Energy Research\Documents\Personal\Endog_demand_AI\pyai\data\original\prices\A10G\EC2_g5xlarge_us-east-1.csv
2024-03-26,0.525124254473161,0.5161033797216699,0.5556660039761432,3300.687285223367,6285.535770071851,16,A10G,aws,A10G,g5xlarge,us-east-1,3,C:\Users\FarhadBillimoria\OneDrive - Aurora Energy Research\Documents\Personal\Endog_demand_AI\pyai\data\original\prices\A10G\EC2_g5xlarge_us-east-1.csv
2024-03-27,0.5299039098740888,0.5173956262425446,0.555168986083499,3330.7299802145153,6285.535770071851,18,A10G,aws,A10G,g5xlarge,us-east-1,3,C:\Users\FarhadBillimoria\OneDrive - Aurora Energy Research\Documents\Personal\Endog_demand_AI\pyai\data\original\prices\A10G\EC2_g5xlarge_us-east-1.csv
2024-03-28,0.5260785288270377,0.5148111332007952,0.5541749502982106,3306.685410809121,6285.535770071851,20,A10G,aws,A10G,g5xlarge,us-east-1,3,C:\Users\FarhadBillimoria\OneDrive - Aurora Energy Research\Documents\Personal\Endog_demand_AI\pyai\data\original\prices\A10G\EC2_g5xlarge_us-east-1.csv
2024-03-29,0.528598994269676,0.5162027833001988,0.5542743538767395,3322.527886506054,6285.535770071851,17,A10G,aws,A10G,g5xlarge,us-east-1,3,C:\Users\FarhadBillimoria\OneDrive - Aurora Energy Research\Documents\Personal\Endog_demand_AI\pyai\data\original\prices\A10G\EC2_g5xlarge_us-east-1.csv
2024-03-30,0.5289849140451408,0.516699801192843,0.5512922465208747,3324.9535990591166,6285.535770071851,17,A10G,aws,A10G,g5xlarge,us-east-1,3,C:\Users\FarhadBillimoria\OneDrive - Aurora Energy Research\Documents\Personal\Endog_demand_AI\pyai\data\original\prices\A10G\EC2_g5xlarge_us-east-1.csv
2024-03-31,0.5290433867383931,0.5153081510934393,0.5487077534791253,3325.321131264126,6285.535770071851,17,A10G,aws,A10G,g5xlarge,us-east-1,3,C:\Users\FarhadBillimoria\OneDrive - Aurora Energy Research\Documents\Personal\Endog_demand_AI\pyai\data\original\prices\A10G\EC2_g5xlarge_us-east-1.csv
2024-04-01,0.528815992931301,0.5125248508946322,0.5483101391650098,3323.891839355756,6285.535770071851,18,A10G,aws,A10G,g5xlarge,us-east-1,3,C:\Users\FarhadBillimoria\OneDrive - Aurora Energy Research\Documents\Personal\Endog_demand_AI\pyai\data\original\prices\A10G\EC2_g5xlarge_us-east-1.csv
2024-04-02,0.5229401369560415,0.5113320079522863,0.5483101391650098,3286.9589364434714,6285.535770071851,18,A10G,aws,A10G,g5xlarge,us-east-1,3,C:\Users\FarhadBillimoria\OneDrive - Aurora Energy Research\Documents\Personal\Endog_demand_AI\pyai\data\original\prices\A10G\EC2_g5xlarge_us-east-1.csv
2024-04-03,0.5237326043737573,0.5093439363817097,0.5449304174950298,3291.9400187441415,6285.535770071851,20,A10G,aws,A10G,g5xlarge,us-east-1,3,C:\Users\FarhadBillimoria\OneDrive - Aurora Energy Research\Documents\Personal\Endog_demand_AI\pyai\data\original\prices\A10G\EC2_g5xlarge_us-east-1.csv
2024-04-04,0.5175215374420146,0.5036779324055666,0.5414512922465208,3252.900135374361,6285.535770071851,15,A10G,aws,A10G,g5xlarge,us-east-1,3,C:\Users\FarhadBillimoria\OneDrive - Aurora Energy Research\Documents\Personal\Endog_demand_AI\pyai\data\original\prices\A10G\EC2_g5xlarge_us-east-1.csv
2024-04-05,0.516061525583342,0.5,0.5387673956262425,3243.723178611946,6285.535770071851,19,A10G,aws,A10G,g5xlarge,us-east-1,3,C:\Users\FarhadBillimoria\OneDrive - Aurora Energy Research\Documents\Personal\Endog_demand_AI\pyai\data\original\prices\A10G\EC2_g5xlarge_us-east-1.csv
2024-04-06,0.5166114424563728,0.5020874751491053,0.5404572564612325,3247.1797007879472,6285.535770071851,18,A10G,aws,A10G,g5xlarge,us-east-1,3,C:\Users\FarhadBillimoria\OneDrive - Aurora Energy Research\Documents\Personal\Endog_demand_AI\pyai\data\original\prices\A10G\EC2_g5xlarge_us-east-1.csv
2024-04-07,0.5177815460180096,0.503976143141153,0.5420477137176938,3254.5344285793035,6285.535770071851,17,A10G,aws,A10G,g5xlarge,us-east-1,3,C:\Users\FarhadBillimoria\OneDrive - Aurora Energy Research\Documents\Personal\Endog_demand_AI\pyai\data\original\prices\A10G\EC2_g5xlarge_us-east-1.csv
2024-04-08,0.5180701505254188,0.5055666003976144,0.5431411530815109,3256.348462534029,6285.535770071851,14,A10G,aws,A10G,g5xlarge,us-east-1,3,C:\Users\FarhadBillimoria\OneDrive - Aurora Energy Research\Documents\Personal\Endog_demand_AI\pyai\data\original\prices\A10G\EC2_g5xlarge_us-east-1.csv
2024-04-09,0.5194621743224861,0.5055666003976144,0.5431411530815109,3265.0980779032857,6285.535770071851,19,A10G,aws,A10G,g5xlarge,us-east-1,3,C:\Users\FarhadBillimoria\OneDrive - Aurora Energy Research\Documents\Personal\Endog_demand_AI\pyai\data\original\prices\A10G\EC2_g5xlarge_us-east-1.csv
2024-04-10,0.5196348226430888,0.505168986083499,0.5438369781312127,3266.183265098077,6285.535770071851,19,A10G,aws,A10G,g5xlarge,us-east-1,3,C:\Users\FarhadBillimoria\OneDrive - Aurora Energy Research\Documents\Personal\Endog_demand_AI\pyai\data\original\prices\A10G\EC2_g5xlarge_us-east-1.csv
2024-04-11,0.5162226640159046,0.5042743538767396,0.5432405566600397,3244.736019993751,6285.535770071851,20,A10G,aws,A10G,g5xlarge,us-east-1,3,C:\Users\FarhadBillimoria\OneDrive - Aurora Energy Research\Documents\Personal\Endog_demand_AI\pyai\data\original\prices\A10G\EC2_g5xlarge_us-east-1.csv
2024-04-12,0.5179036889772476,0.5032803180914512,0.5435387673956261,3255.3021625186566,6285.535770071851,18,A10G,aws,A10G,g5xlarge,us-east-1,3,C:\Users\FarhadBillimoria\OneDrive - Aurora Energy Research\Documents\Personal\Endog_demand_AI\pyai\data\original\prices\A10G\EC2_g5xlarge_us-east-1.csv
2024-04-13,0.5185650801075896,0.5046719681908548,0.5444333996023856,3259.45936012643,6285.535770071851,17,A10G,aws,A10G,g5xlarge,us-east-1,3,C:\Users\FarhadBillimoria\OneDrive - Aurora Energy Research\Documents\Personal\Endog_demand_AI\pyai\data\original\prices\A10G\EC2_g5xlarge_us-east-1.csv
2024-04-14,0.5192433633493158,0.505168986083499,0.5456262425447316,3263.72273370454,6285.535770071851,17,A10G,aws,A10G,g5xlarge,us-east-1,3,C:\Users\FarhadBillimoria\OneDrive - Aurora Energy Research\Documents\Personal\Endog_demand_AI\pyai\data\original\prices\A10G\EC2_g5xlarge_us-east-1.csv
2024-04-15,0.5194650280137357,0.506262425447316,0.547713717693837,3265.1160148817125,6285.535770071851,22,A10G,aws,A10G,g5xlarge,us-east-1,3,C:\Users\FarhadBillimoria\OneDrive - Aurora Energy Research\Documents\Personal\Endog_demand_AI\pyai\data\original\prices\A10G\EC2_g5xlarge_us-east-1.csv
2024-04-16,0.520147535837606,0.506858846918489,0.547614314115308,3269.405942222002,6285.535770071851,19,A10G,aws,A10G,g5xlarge,us-east-1,3,C:\Users\FarhadBillimoria\OneDrive - Aurora Energy Research\Documents\Personal\Endog_demand_AI\pyai\data\original\prices\A10G\EC2_g5xlarge_us-east-1.csv
2024-04-17,0.5211520351574762,0.5063618290258449,0.5469184890656064,3275.7197586280595,6285.535770071851,19,A10G,aws,A10G,g5xlarge,us-east-1,3,C:\Users\FarhadBillimoria\OneDrive - Aurora Energy Research\Documents\Personal\Endog_demand_AI\pyai\data\original\prices\A10G\EC2_g5xlarge_us-east-1.csv
2024-04-18,0.5216103379721669,0.506858846918489,0.5469184890656064,3278.600437363323,6285.535770071851,15,A10G,aws,A10G,g5xlarge,us-east-1,3,C:\Users\FarhadBillimoria\OneDrive - Aurora Energy Research\Documents\Personal\Endog_demand_AI\pyai\data\original\prices\A10G\EC2_g5xlarge_us-east-1.csv
2024-04-19,0.5198807157057653,0.5067594433399603,0.5471172962226639,3267.728834739143,6285.535770071851,19,A10G,aws,A10G,g5xlarge,us-east-1,3,C:\Users\FarhadBillimoria\OneDrive - Aurora Energy Research\Documents\Personal\Endog_demand_AI\pyai\data\original\prices\A10G\EC2_g5xlarge_us-east-1.csv
2024-04-20,0.5191919909116728,0.506858846918489,0.5472166998011928,3263.399830410139,6285.535770071851,14,A10G,aws,A10G,g5xlarge,us-east-1,3,C:\Users\FarhadBillimoria\OneDrive - Aurora Energy Research\Documents\Personal\Endog_demand_AI\pyai\data\original\prices\A10G\EC2_g5xlarge_us-east-1.csv
2024-04-21,0.5170526838966202,0.5057654075546719,0.5469184890656064,3249.9531396438606,6285.535770071851,20,A10G,aws,A10G,g5xlarge,us-east-1,3,C:\Users\FarhadBillimoria\OneDrive - Aurora Energy Research\Documents\Personal\Endog_demand_AI\pyai\data\original\prices\A10G\EC2_g5xlarge_us-east-1.csv
2024-04-22,0.5163960680362271,0.5052683896620278,0.5456262425447316,3245.8259571661624,6285.535770071851,18,A10G,aws,A10G,g5xlarge,us-east-1,3,C:\Users\FarhadBillimoria\OneDrive - Aurora Energy Research\Documents\Personal\Endog_demand_AI\pyai\data\original\prices\A10G\EC2_g5xlarge_us-east-1.csv
2024-04-23,0.5170051121840386,0.5006958250497018,0.544831013916501,3249.6541259427845,6285.535770071851,14,A10G,aws,A10G,g5xlarge,us-east-1,3,C:\Users\FarhadBillimoria\OneDrive - Aurora Energy Research\Documents\Personal\Endog_demand_AI\pyai\data\original\prices\A10G\EC2_g5xlarge_us-east-1.csv
2024-04-24,0.5165585434759862,0.4987077534791252,0.5446322067594433,3246.847202354527,6285.535770071851,19,A10G,aws,A10G,g5xlarge,us-east-1,3,C:\Users\FarhadBillimoria\OneDrive - Aurora Energy Research\Documents\Personal\Endog_demand_AI\pyai\data\original\prices\A10G\EC2_g5xlarge_us-east-1.csv
2024-04-25,0.514335042377315,0.49403578528827036,0.5472166998011928,3232.8713066640353,6285.535770071851,19,A10G,aws,A10G,g5xlarge,us-east-1,3,C:\Users\FarhadBillimoria\OneDrive - Aurora Energy Research\Documents\Personal\Endog_demand_AI\pyai\data\original\prices\A10G\EC2_g5xlarge_us-east-1.csv
2024-04-26,0.5140368316417285,0.4912524850894632,0.5458250497017892,3230.996892418487,6285.535770071851,19,A10G,aws,A10G,g5xlarge,us-east-1,3,C:\Users\FarhadBillimoria\OneDrive - Aurora Energy Research\Documents\Personal\Endog_demand_AI\pyai\data\original\prices\A10G\EC2_g5xlarge_us-east-1.csv
2024-04-27,0.5133200795228627,0.4941351888667992,0.5435387673956261,3226.4917213370813,6285.535770071851,16,A10G,aws,A10G,g5xlarge,us-east-1,3,C:\Users\FarhadBillimoria\OneDrive - Aurora Energy Research\Documents\Personal\Endog_demand_AI\pyai\data\original\prices\A10G\EC2_g5xlarge_us-east-1.csv
2024-04-28,0.5142383792483196,0.49085487077534795,0.5445328031809143,3232.263727109087,6285.535770071852,21,A10G,aws,A10G,g5xlarge,us-east-1,3,C:\Users\FarhadBillimoria\OneDrive - Aurora Energy Research\Documents\Personal\Endog_demand_AI\pyai\data\original\prices\A10G\EC2_g5xlarge_us-east-1.csv
2024-04-29,0.5134299466359736,0.4863817097415507,0.5481113320079523,3227.182295006494,6285.535770071851,19,A10G,aws,A10G,g5xlarge,us-east-1,3,C:\Users\FarhadBillimoria\OneDrive - Aurora Energy Research\Documents\Personal\Endog_demand_AI\pyai\data\original\prices\A10G\EC2_g5xlarge_us-east-1.csv
2024-04-30,0.5154660273652203,0.4870775347912525,0.5518886679920477,3239.9801532609285,6285.535770071851,17,A10G,aws,A10G,g5xlarge,us-east-1,3,C:\Users\FarhadBillimoria\OneDrive - Aurora Energy Research\Documents\Personal\Endog_demand_AI\pyai\data\original\prices\A10G\EC2_g5xlarge_us-east-1.csv
2024-05-01,0.514366432981061,0.4882703777335984,0.5541749502982106,3233.0686134267244,6285.535770071851,19,A10G,aws,A10G,g5xlarge,us-east-1,3,C:\Users\FarhadBillimoria\OneDrive - Aurora Energy Research\Documents\Personal\Endog_demand_AI\pyai\data\original\prices\A10G\EC2_g5xlarge_us-east-1.csv
2024-05-02,0.5131262425447316,0.4858846918489066,0.5547713717693837,3225.273352077475,6285.535770071851,20,A10G,aws,A10G,g5xlarge,us-east-1,3,C:\Users\FarhadBillimoria\OneDrive - Aurora Energy Research\Documents\Personal\Endog_demand_AI\pyai\data\original\prices\A10G\EC2_g5xlarge_us-east-1.csv
2024-05-03,0.5145626242544732,0.4870775347912525,0.5531809145129224,3234.3017806935327,6285.535770071851,18,A10G,aws,A10G,g5xlarge,us-east-1,3,C:\Users\FarhadBillimoria\OneDrive - Aurora Energy Research\Documents\Personal\Endog_demand_AI\pyai\data\original\prices\A10G\EC2_g5xlarge_us-east-1.csv
2024-05-04,0.5167566032377164,0.4892644135188866,0.5541749502982106,3248.092114071495,6285.535770071852,21,A10G,aws,A10G,g5xlarge,us-east-1,3,C:\Users\FarhadBillimoria\OneDrive - Aurora Energy Research\Documents\Personal\Endog_demand_AI\pyai\data\original\prices\A10G\EC2_g5xlarge_us-east-1.csv
2024-05-05,0.5134370249093673,0.4850894632206759,0.5554671968190854,3227.2267857471,6285.535770071851,17,A10G,aws,A10G,g5xlarge,us-east-1,3,C:\Users\FarhadBillimoria\OneDrive - Aurora Energy Research\Documents\Personal\Endog_demand_AI\pyai\data\original\prices\A10G\EC2_g5xlarge_us-east-1.csv
2024-05-06,0.5112849220466673,0.48578528827037776,0.5566600397614314,3213.699666222726,6285.535770071851,19,A10G,aws,A10G,g5xlarge,us-east-1,3,C:\Users\FarhadBillimoria\OneDrive - Aurora Energy Research\Documents\Personal\Endog_demand_AI\pyai\data\original\prices\A10G\EC2_g5xlarge_us-east-1.csv
2024-05-07,0.5153607765173663,0.4863817097415507,0.5608349900596421,3239.3185952919116,6285.535770071851,17,A10G,aws,A10G,g5xlarge,us-east-1,3,C:\Users\FarhadBillimoria\OneDrive - Aurora Energy Research\Documents\Personal\Endog_demand_AI\pyai\data\original\prices\A10G\EC2_g5xlarge_us-east-1.csv
2024-05-08,0.5168776812807366,0.48846918489065605,0.5637176938369781,3248.8531544418674,6285.535770071851,19,A10G,aws,A10G,g5xlarge,us-east-1,3,C:\Users\FarhadBillimoria\OneDrive - Aurora Energy Research\Documents\Personal\Endog_demand_AI\pyai\data\original\prices\A10G\EC2_g5xlarge_us-east-1.csv
2024-05-09,0.5110076383802449,0.49065606361829023,0.5680914512922465,3211.9567898189703,6285.535770071851,19,A10G,aws,A10G,g5xlarge,us-east-1,3,C:\Users\FarhadBillimoria\OneDrive - Aurora Energy Research\Documents\Personal\Endog_demand_AI\pyai\data\original\prices\A10G\EC2_g5xlarge_us-east-1.csv
2024-05-15,0.5229522862823062,0.49632206759443337,0.5742544731610337,3287.03530146829,6285.535770071851,10,A10G,aws,A10G,g5xlarge,us-east-1,3,C:\Users\FarhadBillimoria\OneDrive - Aurora Energy Research\Documents\Personal\Endog_demand_AI\pyai\data\original\prices\A10G\EC2_g5xlarge_us-east-1.csv
2024-05-16,0.5239617848464766,0.4958250497017892,0.5731610337972166,3293.3805408032204,6285.535770071851,18,A10G,aws,A10G,g5xlarge,us-east-1,3,C:\Users\FarhadBillimoria\OneDrive - Aurora Energy Research\Documents\Personal\Endog_demand_AI\pyai\data\original\prices\A10G\EC2_g5xlarge_us-east-1.csv
2024-05-17,0.5274132979898387,0.49811133200795227,0.5730616302186878,3315.0751501266955,6285.535770071851,18,A10G,aws,A10G,g5xlarge,us-east-1,3,C:\Users\FarhadBillimoria\OneDrive - Aurora Energy Research\Documents\Personal\Endog_demand_AI\pyai\data\original\prices\A10G\EC2_g5xlarge_us-east-1.csv
2024-05-18,0.5266284645070751,0.5003976143141152,0.5715705765407554,3310.1420511972356,6285.535770071851,17,A10G,aws,A10G,g5xlarge,us-east-1,3,C:\Users\FarhadBillimoria\OneDrive - Aurora Energy Research\Documents\Personal\Endog_demand_AI\pyai\data\original\prices\A10G\EC2_g5xlarge_us-east-1.csv
2024-05-19,0.5276551219001778,0.5010934393638171,0.5713717693836977,3316.595142965191,6285.535770071851,19,A10G,aws,A10G,g5xlarge,us-east-1,3,C:\Users\FarhadBillimoria\OneDrive - Aurora Energy Research\Documents\Personal\Endog_demand_AI\pyai\data\original\prices\A10G\EC2_g5xlarge_us-east-1.csv
2024-05-20,0.5240498187346508,0.5011928429423459,0.5716699801192842,3293.933880956318,6285.535770071851,17,A10G,aws,A10G,g5xlarge,us-east-1,3,C:\Users\FarhadBillimoria\OneDrive - Aurora Energy Research\Documents\Personal\Endog_demand_AI\pyai\data\original\prices\A10G\EC2_g5xlarge_us-east-1.csv
2024-05-21,0.5274646240205823,0.5038767395626242,0.5712723658051689,3315.3977617288706,6285.535770071851,17,A10G,aws,A10G,g5xlarge,us-east-1,3,C:\Users\FarhadBillimoria\OneDrive - Aurora Energy Research\Documents\Personal\Endog_demand_AI\pyai\data\original\prices\A10G\EC2_g5xlarge_us-east-1.csv
2024-05-22,0.5321681024961342,0.5059642147117296,0.5701789264413518,3344.9616439307156,6285.535770071851,18,A10G,aws,A10G,g5xlarge,us-east-1,3,C:\Users\FarhadBillimoria\OneDrive - Aurora Energy Research\Documents\Personal\Endog_demand_AI\pyai\data\original\prices\A10G\EC2_g5xlarge_us-east-1.csv
2024-05-23,0.531306604815551,0.5070576540755466,0.5698807157057654,3339.546669443576,6285.535770071851,18,A10G,aws,A10G,g5xlarge,us-east-1,3,C:\Users\FarhadBillimoria\OneDrive - Aurora Energy Research\Documents\Personal\Endog_demand_AI\pyai\data\original\prices\A10G\EC2_g5xlarge_us-east-1.csv
2024-05-24,0.5332007952286282,0.5081510934393638,0.5714711729622266,3351.452671040299,6285.535770071851,15,A10G,aws,A10G,g5xlarge,us-east-1,3,C:\Users\FarhadBillimoria\OneDrive - Aurora Energy Research\Documents\Personal\Endog_demand_AI\pyai\data\original\prices\A10G\EC2_g5xlarge_us-east-1.csv
2024-05-25,0.5348069477869624,0.5088469184890656,0.5724652087475148,3361.548200397901,6285.535770071851,19,A10G,aws,A10G,g5xlarge,us-east-1,3,C:\Users\FarhadBillimoria\OneDrive - Aurora Energy Research\Documents\Personal\Endog_demand_AI\pyai\data\original\prices\A10G\EC2_g5xlarge_us-east-1.csv
2024-05-26,0.5371769383697813,0.5096421471172962,0.5695825049701788,3376.4448609809424,6285.535770071851,16,A10G,aws,A10G,g5xlarge,us-east-1,3,C:\Users\FarhadBillimoria\OneDrive - Aurora Energy Research\Documents\Personal\Endog_demand_AI\pyai\data\original\prices\A10G\EC2_g5xlarge_us-east-1.csv
2024-05-27,0.5334990059642146,0.5113320079522863,0.5692842942345924,3353.3270852858473,6285.535770071851,19,A10G,aws,A10G,g5xlarge,us-east-1,3,C:\Users\FarhadBillimoria\OneDrive - Aurora Energy Research\Documents\Personal\Endog_demand_AI\pyai\data\original\prices\A10G\EC2_g5xlarge_us-east-1.csv
2024-05-28,0.5355864811133201,0.5184890656063618,0.5676938369781312,3366.447985004685,6285.535770071851,18,A10G,aws,A10G,g5xlarge,us-east-1,3,C:\Users\FarhadBillimoria\OneDrive - Aurora Energy Research\Documents\Personal\Endog_demand_AI\pyai\data\original\prices\A10G\EC2_g5xlarge_us-east-1.csv
2024-05-29,0.5357172752955948,0.5178926441351889,0.5675944333996022,3367.2700965158906,6285.535770071851,19,A10G,aws,A10G,g5xlarge,us-east-1,3,C:\Users\FarhadBillimoria\OneDrive - Aurora Energy Research\Documents\Personal\Endog_demand_AI\pyai\data\original\prices\A10G\EC2_g5xlarge_us-east-1.csv
2024-05-30,0.5371471172962226,0.5211729622266401,0.5678926441351888,3376.2574195563875,6285.535770071851,20,A10G,aws,A10G,g5xlarge,us-east-1,3,C:\Users\FarhadBillimoria\OneDrive - Aurora Energy Research\Documents\Personal\Endog_demand_AI\pyai\data\original\prices\A10G\EC2_g5xlarge_us-east-1.csv
2024-05-31,0.540043074884029,0.5216699801192843,0.5670974155069582,3394.4600645631563,6285.535770071851,18,A10G,aws,A10G,g5xlarge,us-east-1,3,C:\Users\FarhadBillimoria\OneDrive - Aurora Energy Research\Documents\Personal\Endog_demand_AI\pyai\data\original\prices\A10G\EC2_g5xlarge_us-east-1.csv
2024-06-01,0.5416848906560636,0.5235586481113319,0.570675944333996,3404.779756326147,6285.535770071851,20,A10G,aws,A10G,g5xlarge,us-east-1,3,C:\Users\FarhadBillimoria\OneDrive - Aurora Energy Research\Documents\Personal\Endog_demand_AI\pyai\data\original\prices\A10G\EC2_g5xlarge_us-east-1.csv
2024-06-02,0.5396971114489533,0.5222664015904571,0.5711729622266402,3392.2854990168503,6285.535770071851,17,A10G,aws,A10G,g5xlarge,us-east-1,3,C:\Users\FarhadBillimoria\OneDrive - Aurora Energy Research\Documents\Personal\Endog_demand_AI\pyai\data\original\prices\A10G\EC2_g5xlarge_us-east-1.csv
2024-06-03,0.5377512701568367,0.5209741550695824,0.5709741550695825,3380.054843972369,6285.535770071851,18,A10G,aws,A10G,g5xlarge,us-east-1,3,C:\Users\FarhadBillimoria\OneDrive - Aurora Energy Research\Documents\Personal\Endog_demand_AI\pyai\data\original\prices\A10G\EC2_g5xlarge_us-east-1.csv
2024-06-04,0.5402726498153934,0.5153081510934393,0.570576540755467,3395.903066006158,6285.535770071852,21,A10G,aws,A10G,g5xlarge,us-east-1,3,C:\Users\FarhadBillimoria\OneDrive - Aurora Energy Research\Documents\Personal\Endog_demand_AI\pyai\data\original\prices\A10G\EC2_g5xlarge_us-east-1.csv
2024-06-05,0.536703309554438,0.5160039761431411,0.5724652087475148,3373.4678501203657,6285.535770071851,17,A10G,aws,A10G,g5xlarge,us-east-1,3,C:\Users\FarhadBillimoria\OneDrive - Aurora Energy Research\Documents\Personal\Endog_demand_AI\pyai\data\original\prices\A10G\EC2_g5xlarge_us-east-1.csv
2024-06-06,0.5382703777335983,0.5196819085487078,0.5718687872763419,3383.3177132146193,6285.535770071851,20,A10G,aws,A10G,g5xlarge,us-east-1,3,C:\Users\FarhadBillimoria\OneDrive - Aurora Energy Research\Documents\Personal\Endog_demand_AI\pyai\data\original\prices\A10G\EC2_g5xlarge_us-east-1.csv
2024-06-07,0.5405180030925557,0.5228628230616302,0.5683896620278329,3397.4452428060667,6285.535770071851,18,A10G,aws,A10G,g5xlarge,us-east-1,3,C:\Users\FarhadBillimoria\OneDrive - Aurora Energy Research\Documents\Personal\Endog_demand_AI\pyai\data\original\prices\A10G\EC2_g5xlarge_us-east-1.csv
2024-06-08,0.543566379500773,0.5218687872763419,0.5711729622266402,3416.60592176056,6285.535770071851,18,A10G,aws,A10G,g5xlarge,us-east-1,3,C:\Users\FarhadBillimoria\OneDrive - Aurora Energy Research\Documents\Personal\Endog_demand_AI\pyai\data\original\prices\A10G\EC2_g5xlarge_us-east-1.csv
2024-06-09,0.540755467196819,0.5217693836978131,0.5711729622266402,3398.937831927522,6285.535770071851,16,A10G,aws,A10G,g5xlarge,us-east-1,3,C:\Users\FarhadBillimoria\OneDrive - Aurora Energy Research\Documents\Personal\Endog_demand_AI\pyai\data\original\prices\A10G\EC2_g5xlarge_us-east-1.csv
2024-06-22,0.49068091451292245,0.46600397614314115,0.5054671968190855,3084.1924398625424,6285.535770071851,4,A10G,aws,A10G,g5xlarge,us-east-1,3,C:\Users\FarhadBillimoria\OneDrive - Aurora Energy Research\Documents\Personal\Endog_demand_AI\pyai\data\original\prices\A10G\EC2_g5xlarge_us-east-1.csv
2024-06-23,0.4898442677269715,0.462027833001988,0.5038767395626242,3078.933666562532,6285.535770071851,18,A10G,aws,A10G,g5xlarge,us-east-1,3,C:\Users\FarhadBillimoria\OneDrive - Aurora Energy Research\Documents\Personal\Endog_demand_AI\pyai\data\original\prices\A10G\EC2_g5xlarge_us-east-1.csv
2024-06-24,0.48303512259774684,0.4599403578528827,0.5099403578528826,3036.13454128918,6285.535770071851,15,A10G,aws,A10G,g5xlarge,us-east-1,3,C:\Users\FarhadBillimoria\OneDrive - Aurora Energy Research\Documents\Personal\Endog_demand_AI\pyai\data\original\prices\A10G\EC2_g5xlarge_us-east-1.csv
2024-06-25,0.4843605036447978,0.4517892644135189,0.5124254473161033,3044.465271269394,6285.535770071852,21,A10G,aws,A10G,g5xlarge,us-east-1,3,C:\Users\FarhadBillimoria\OneDrive - Aurora Energy Research\Documents\Personal\Endog_demand_AI\pyai\data\original\prices\A10G\EC2_g5xlarge_us-east-1.csv
2024-06-26,0.4850231941683234,0.45029821073558646,0.514910536779324,3048.6306362595014,6285.535770071851,18,A10G,aws,A10G,g5xlarge,us-east-1,3,C:\Users\FarhadBillimoria\OneDrive - Aurora Energy Research\Documents\Personal\Endog_demand_AI\pyai\data\original\prices\A10G\EC2_g5xlarge_us-east-1.csv
2024-06-27,0.4784045725646123,0.44512922465208743,0.5166003976143141,3007.029053420805,6285.535770071851,20,A10G,aws,A10G,g5xlarge,us-east-1,3,C:\Users\FarhadBillimoria\OneDrive - Aurora Energy Research\Documents\Personal\Endog_demand_AI\pyai\data\original\prices\A10G\EC2_g5xlarge_us-east-1.csv
2024-06-28,0.47521188657528507,0.45099403578528824,0.513220675944334,2986.961311432282,6285.535770071851,19,A10G,aws,A10G,g5xlarge,us-east-1,3,C:\Users\FarhadBillimoria\OneDrive - Aurora Energy Research\Documents\Personal\Endog_demand_AI\pyai\data\original\prices\A10G\EC2_g5xlarge_us-east-1.csv
2024-06-29,0.47773359840954266,0.44582504970178927,0.5179920477137177,3002.8116213683215,6285.535770071851,17,A10G,aws,A10G,g5xlarge,us-east-1,3,C:\Users\FarhadBillimoria\OneDrive - Aurora Energy Research\Documents\Personal\Endog_demand_AI\pyai\data\original\prices\A10G\EC2_g5xlarge_us-east-1.csv
2024-06-30,0.47704823689442294,0.4423459244532803,0.5129224652087475,2998.5037570496056,6285.535770071851,19,A10G,aws,A10G,g5xlarge,us-east-1,3,C:\Users\FarhadBillimoria\OneDrive - Aurora Energy Research\Documents\Personal\Endog_demand_AI\pyai\data\original\prices\A10G\EC2_g5xlarge_us-east-1.csv
2024-07-01,0.46997538578055476,0.4382703777335984,0.5115308151093438,2954.0470983769947,6285.535770071852,21,A10G,aws,A10G,g5xlarge,us-east-1,3,C:\Users\FarhadBillimoria\OneDrive - Aurora Energy Research\Documents\Personal\Endog_demand_AI\pyai\data\original\prices\A10G\EC2_g5xlarge_us-east-1.csv
2024-07-02,0.463425005522421,0.43101391650099397,0.5082504970178926,2912.8744489569226,6285.535770071851,18,A10G,aws,A10G,g5xlarge,us-east-1,3,C:\Users\FarhadBillimoria\OneDrive - Aurora Energy Research\Documents\Personal\Endog_demand_AI\pyai\data\original\prices\A10G\EC2_g5xlarge_us-east-1.csv
2024-07-03,0.4618056367676295,0.4274353876739562,0.5064612326043737,2902.695848723744,6285.535770071851,17,A10G,aws,A10G,g5xlarge,us-east-1,3,C:\Users\FarhadBillimoria\OneDrive - Aurora Energy Research\Documents\Personal\Endog_demand_AI\pyai\data\original\prices\A10G\EC2_g5xlarge_us-east-1.csv
2024-07-04,0.4530715705765408,0.4255467196819085,0.49135188866799206,2847.7975632614803,6285.535770071851,20,A10G,aws,A10G,g5xlarge,us-east-1,3,C:\Users\FarhadBillimoria\OneDrive - Aurora Energy Research\Documents\Personal\Endog_demand_AI\pyai\data\original\prices\A10G\EC2_g5xlarge_us-east-1.csv
2024-07-05,0.45220178926441346,0.42495029821073554,0.493638170974155,2842.330521711964,6285.535770071851,20,A10G,aws,A10G,g5xlarge,us-east-1,3,C:\Users\FarhadBillimoria\OneDrive - Aurora Energy Research\Documents\Personal\Endog_demand_AI\pyai\data\original\prices\A10G\EC2_g5xlarge_us-east-1.csv
2024-07-06,0.4499889551579412,0.4265407554671968,0.49085487077534795,2828.4216737824977,6285.535770071851,18,A10G,aws,A10G,g5xlarge,us-east-1,3,C:\Users\FarhadBillimoria\OneDrive - Aurora Energy Research\Documents\Personal\Endog_demand_AI\pyai\data\original\prices\A10G\EC2_g5xlarge_us-east-1.csv
2024-07-07,0.44589605225788126,0.42246520874751486,0.4924453280318091,2802.6955862007403,6285.535770071852,21,A10G,aws,A10G,g5xlarge,us-east-1,3,C:\Users\FarhadBillimoria\OneDrive - Aurora Energy Research\Documents\Personal\Endog_demand_AI\pyai\data\original\prices\A10G\EC2_g5xlarge_us-east-1.csv
2024-07-08,0.4485420808482439,0.41809145129224645,0.4897614314115308,2819.327293554097,6285.535770071851,6,A10G,aws,A10G,g5xlarge,us-east-1,3,C:\Users\FarhadBillimoria\OneDrive - Aurora Energy Research\Documents\Personal\Endog_demand_AI\pyai\data\original\prices\A10G\EC2_g5xlarge_us-east-1.csv
2024-07-09,0.4394356085707974,0.41252485089463214,0.49224652087475146,2762.0882363150395,6285.535770071851,18,A10G,aws,A10G,g5xlarge,us-east-1,3,C:\Users\FarhadBillimoria\OneDrive - Aurora Energy Research\Documents\Personal\Endog_demand_AI\pyai\data\original\prices\A10G\EC2_g5xlarge_us-east-1.csv
2024-07-10,0.44499999999999995,0.41133200795228625,0.48996023856858845,2797.063417681974,6285.535770071851,20,A10G,aws,A10G,g5xlarge,us-east-1,3,C:\Users\FarhadBillimoria\OneDrive - Aurora Energy Research\Documents\Personal\Endog_demand_AI\pyai\data\original\prices\A10G\EC2_g5xlarge_us-east-1.csv
2024-07-11,0.43432902584493044,0.4117296222664016,0.47713717693836977,2729.9906279287716,6285.535770071851,20,A10G,aws,A10G,g5xlarge,us-east-1,3,C:\Users\FarhadBillimoria\OneDrive - Aurora Energy Research\Documents\Personal\Endog_demand_AI\pyai\data\original\prices\A10G\EC2_g5xlarge_us-east-1.csv
2024-07-12,0.4382703777335984,0.411431411530815,0.46829025844930416,2754.7641362074346,6285.535770071851,18,A10G,aws,A10G,g5xlarge,us-east-1,3,C:\Users\FarhadBillimoria\OneDrive - Aurora Energy Research\Documents\Personal\Endog_demand_AI\pyai\data\original\prices\A10G\EC2_g5xlarge_us-east-1.csv
2024-07-13,0.4358496082329552,0.4134194831013916,0.4630218687872763,2739.5483029200427,6285.535770071851,17,A10G,aws,A10G,g5xlarge,us-east-1,3,C:\Users\FarhadBillimoria\OneDrive - Aurora Energy Research\Documents\Personal\Endog_demand_AI\pyai\data\original\prices\A10G\EC2_g5xlarge_us-east-1.csv
2024-07-14,0.4332269540650831,0.4156063618290258,0.4571570576540755,2723.063516335355,6285.535770071851,19,A10G,aws,A10G,g5xlarge,us-east-1,3,C:\Users\FarhadBillimoria\OneDrive - Aurora Energy Research\Documents\Personal\Endog_demand_AI\pyai\data\original\prices\A10G\EC2_g5xlarge_us-east-1.csv
2024-07-15,0.4344078386821925,0.40427435387673955,0.454572564612326,2730.4860088365235,6285.535770071852,21,A10G,aws,A10G,g5xlarge,us-east-1,3,C:\Users\FarhadBillimoria\OneDrive - Aurora Energy Research\Documents\Personal\Endog_demand_AI\pyai\data\original\prices\A10G\EC2_g5xlarge_us-east-1.csv
2024-07-16,0.4285054379604724,0.39632206759443334,0.44999999999999996,2693.3862579708543,6285.535770071851,17,A10G,aws,A10G,g5xlarge,us-east-1,3,C:\Users\FarhadBillimoria\OneDrive - Aurora Energy Research\Documents\Personal\Endog_demand_AI\pyai\data\original\prices\A10G\EC2_g5xlarge_us-east-1.csv
2024-07-17,0.4299950298210735,0.39483101391650094,0.4510934393638171,2702.74914089347,6285.535770071851,16,A10G,aws,A10G,g5xlarge,us-east-1,3,C:\Users\FarhadBillimoria\OneDrive - Aurora Energy Research\Documents\Personal\Endog_demand_AI\pyai\data\original\prices\A10G\EC2_g5xlarge_us-east-1.csv
2024-07-18,0.42989286503203,0.39512922465208744,0.4506958250497018,2702.1069804574954,6285.535770071851,18,A10G,aws,A10G,g5xlarge,us-east-1,3,C:\Users\FarhadBillimoria\OneDrive - Aurora Energy Research\Documents\Personal\Endog_demand_AI\pyai\data\original\prices\A10G\EC2_g5xlarge_us-east-1.csv
2024-07-19,0.4300254031367351,0.3981113320079523,0.45278330019880714,2702.9400534555166,6285.535770071851,18,A10G,aws,A10G,g5xlarge,us-east-1,3,C:\Users\FarhadBillimoria\OneDrive - Aurora Energy Research\Documents\Personal\Endog_demand_AI\pyai\data\original\prices\A10G\EC2_g5xlarge_us-east-1.csv
2024-07-20,0.42863375303733153,0.40039761431411525,0.46212723658051685,2694.1927869762912,6285.535770071851,18,A10G,aws,A10G,g5xlarge,us-east-1,3,C:\Users\FarhadBillimoria\OneDrive - Aurora Energy Research\Documents\Personal\Endog_demand_AI\pyai\data\original\prices\A10G\EC2_g5xlarge_us-east-1.csv
2024-07-21,0.44003625306981636,0.41013916500994035,0.46829025844930416,2765.8636087987206,6285.535770071851,17,A10G,aws,A10G,g5xlarge,us-east-1,3,C:\Users\FarhadBillimoria\OneDrive - Aurora Energy Research\Documents\Personal\Endog_demand_AI\pyai\data\original\prices\A10G\EC2_g5xlarge_us-east-1.csv
2024-07-22,0.4450930778962588,0.41411530815109343,0.46948310139165006,2797.6484621283116,6285.535770071851,22,A10G,aws,A10G,g5xlarge,us-east-1,3,C:\Users\FarhadBillimoria\OneDrive - Aurora Energy Research\Documents\Personal\Endog_demand_AI\pyai\data\original\prices\A10G\EC2_g5xlarge_us-east-1.csv
2024-07-23,0.44278495692511594,0.41282306163021865,0.4698807157057654,2783.1406852025407,6285.535770071851,12,A10G,aws,A10G,g5xlarge,us-east-1,3,C:\Users\FarhadBillimoria\OneDrive - Aurora Energy Research\Documents\Personal\Endog_demand_AI\pyai\data\original\prices\A10G\EC2_g5xlarge_us-east-1.csv
2024-07-24,0.44351283602731434,0.41212723658051686,0.4734592445328032,2787.715795335696,6285.535770071851,23,A10G,aws,A10G,g5xlarge,us-east-1,3,C:\Users\FarhadBillimoria\OneDrive - Aurora Energy Research\Documents\Personal\Endog_demand_AI\pyai\data\original\prices\A10G\EC2_g5xlarge_us-east-1.csv
2024-07-25,0.4268003092555776,0.39214711729622265,0.4725646123260437,2682.6686105036615,6285.535770071851,18,A10G,aws,A10G,g5xlarge,us-east-1,3,C:\Users\FarhadBillimoria\OneDrive - Aurora Energy Research\Documents\Personal\Endog_demand_AI\pyai\data\original\prices\A10G\EC2_g5xlarge_us-east-1.csv
2024-07-26,0.40860393196377287,0.3789264413518886,0.44701789264413516,2568.2946301502993,6285.535770071851,18,A10G,aws,A10G,g5xlarge,us-east-1,3,C:\Users\FarhadBillimoria\OneDrive - Aurora Energy Research\Documents\Personal\Endog_demand_AI\pyai\data\original\prices\A10G\EC2_g5xlarge_us-east-1.csv
2024-07-27,0.3845715182588678,0.36351888667992044,0.41908548707753474,2417.2380341669536,6285.535770071851,19,A10G,aws,A10G,g5xlarge,us-east-1,3,C:\Users\FarhadBillimoria\OneDrive - Aurora Energy Research\Documents\Personal\Endog_demand_AI\pyai\data\original\prices\A10G\EC2_g5xlarge_us-east-1.csv
2024-07-28,0.3785752153744201,0.3531809145129225,0.40497017892644127,2379.5480578985726,6285.535770071851,15,A10G,aws,A10G,g5xlarge,us-east-1,3,C:\Users\FarhadBillimoria\OneDrive - Aurora Energy Research\Documents\Personal\Endog_demand_AI\pyai\data\original\prices\A10G\EC2_g5xlarge_us-east-1.csv
2024-07-29,0.3761928429423459,0.3456262425447316,0.4221669980119284,2364.573570759137,6285.535770071851,18,A10G,aws,A10G,g5xlarge,us-east-1,3,C:\Users\FarhadBillimoria\OneDrive - Aurora Energy Research\Documents\Personal\Endog_demand_AI\pyai\data\original\prices\A10G\EC2_g5xlarge_us-east-1.csv
2024-07-30,0.38599652087475145,0.3486083499005964,0.422962226640159,2426.194939081536,6285.535770071851,16,A10G,aws,A10G,g5xlarge,us-east-1,3,C:\Users\FarhadBillimoria\OneDrive - Aurora Energy Research\Documents\Personal\Endog_demand_AI\pyai\data\original\prices\A10G\EC2_g5xlarge_us-east-1.csv
2024-07-31,0.38187127236580515,0.34542743538767395,0.41809145129224645,2400.2655420181186,6285.535770071851,16,A10G,aws,A10G,g5xlarge,us-east-1,3,C:\Users\FarhadBillimoria\OneDrive - Aurora Energy Research\Documents\Personal\Endog_demand_AI\pyai\data\original\prices\A10G\EC2_g5xlarge_us-east-1.csv
2024-08-01,0.38234343936381704,0.34870775347912525,0.41540755467196816,2403.2333645735703,6285.535770071851,16,A10G,aws,A10G,g5xlarge,us-east-1,3,C:\Users\FarhadBillimoria\OneDrive - Aurora Energy Research\Documents\Personal\Endog_demand_AI\pyai\data\original\prices\A10G\EC2_g5xlarge_us-east-1.csv
2024-08-02,0.3931963772918047,0.3555666003976143,0.4167992047713717,2471.449894130306,6285.535770071851,18,A10G,aws,A10G,g5xlarge,us-east-1,3,C:\Users\FarhadBillimoria\OneDrive - Aurora Energy Research\Documents\Personal\Endog_demand_AI\pyai\data\original\prices\A10G\EC2_g5xlarge_us-east-1.csv
2024-08-03,0.3927324939253368,0.3665009940357853,0.4145129224652087,2468.5341386372306,6285.535770071851,18,A10G,aws,A10G,g5xlarge,us-east-1,3,C:\Users\FarhadBillimoria\OneDrive - Aurora Energy Research\Documents\Personal\Endog_demand_AI\pyai\data\original\prices\A10G\EC2_g5xlarge_us-east-1.csv
2024-08-04,0.39646824932756397,0.3679920477137177,0.4228628230616302,2492.0153628461685,6285.535770071851,17,A10G,aws,A10G,g5xlarge,us-east-1,3,C:\Users\FarhadBillimoria\OneDrive - Aurora Energy Research\Documents\Personal\Endog_demand_AI\pyai\data\original\prices\A10G\EC2_g5xlarge_us-east-1.csv
2024-08-05,0.4041223248742836,0.3715705765407554,0.4301192842942345,2540.125328481907,6285.535770071851,17,A10G,aws,A10G,g5xlarge,us-east-1,3,C:\Users\FarhadBillimoria\OneDrive - Aurora Energy Research\Documents\Personal\Endog_demand_AI\pyai\data\original\prices\A10G\EC2_g5xlarge_us-east-1.csv
2024-08-06,0.41465941194935646,0.38528827037773355,0.4410536779324055,2606.3565662046394,6285.535770071851,19,A10G,aws,A10G,g5xlarge,us-east-1,3,C:\Users\FarhadBillimoria\OneDrive - Aurora Energy Research\Documents\Personal\Endog_demand_AI\pyai\data\original\prices\A10G\EC2_g5xlarge_us-east-1.csv
2024-08-07,0.42428208526618066,0.394234592445328,0.4508946322067594,2666.8402235412536,6285.535770071851,18,A10G,aws,A10G,g5xlarge,us-east-1,3,C:\Users\FarhadBillimoria\OneDrive - Aurora Energy Research\Documents\Personal\Endog_demand_AI\pyai\data\original\prices\A10G\EC2_g5xlarge_us-east-1.csv
2024-08-08,0.4292246520874751,0.40298210735586476,0.45357852882703775,2697.9069040924705,6285.535770071851,18,A10G,aws,A10G,g5xlarge,us-east-1,3,C:\Users\FarhadBillimoria\OneDrive - Aurora Energy Research\Documents\Personal\Endog_demand_AI\pyai\data\original\prices\A10G\EC2_g5xlarge_us-east-1.csv
2024-08-09,0.432241550695825,0.40705765407554667,0.4601391650099403,2716.869728209934,6285.535770071851,20,A10G,aws,A10G,g5xlarge,us-east-1,3,C:\Users\FarhadBillimoria\OneDrive - Aurora Energy Research\Documents\Personal\Endog_demand_AI\pyai\data\original\prices\A10G\EC2_g5xlarge_us-east-1.csv
2024-08-10,0.4381866694569425,0.4066600397614314,0.4752485089463221,2754.237984840263,6285.535770071851,19,A10G,aws,A10G,g5xlarge,us-east-1,3,C:\Users\FarhadBillimoria\OneDrive - Aurora Energy Research\Documents\Personal\Endog_demand_AI\pyai\data\original\prices\A10G\EC2_g5xlarge_us-east-1.csv
2024-08-11,0.4422203620382965,0.40497017892644127,0.4815109343936382,2779.591903845837,6285.535770071851,19,A10G,aws,A10G,g5xlarge,us-east-1,3,C:\Users\FarhadBillimoria\OneDrive - Aurora Energy Research\Documents\Personal\Endog_demand_AI\pyai\data\original\prices\A10G\EC2_g5xlarge_us-east-1.csv
2024-08-12,0.44532218453981987,0.4065606361829025,0.47554671968190854,2799.088520131576,6285.535770071851,17,A10G,aws,A10G,g5xlarge,us-east-1,3,C:\Users\FarhadBillimoria\OneDrive - Aurora Energy Research\Documents\Personal\Endog_demand_AI\pyai\data\original\prices\A10G\EC2_g5xlarge_us-east-1.csv
2024-08-13,0.4387508283631544,0.3937375745526839,0.4613320079522863,2757.7840258252622,6285.535770071851,18,A10G,aws,A10G,g5xlarge,us-east-1,3,C:\Users\FarhadBillimoria\OneDrive - Aurora Energy Research\Documents\Personal\Endog_demand_AI\pyai\data\original\prices\A10G\EC2_g5xlarge_us-east-1.csv
2024-08-14,0.4390457256461232,0.39622266401590456,0.46093439363817096,2759.63761324586,6285.535770071851,20,A10G,aws,A10G,g5xlarge,us-east-1,3,C:\Users\FarhadBillimoria\OneDrive - Aurora Energy Research\Documents\Personal\Endog_demand_AI\pyai\data\original\prices\A10G\EC2_g5xlarge_us-east-1.csv
2024-08-15,0.44231278992710404,0.39751491053677923,0.4600397614314115,2780.1728626470886,6285.535770071851,15,A10G,aws,A10G,g5xlarge,us-east-1,3,C:\Users\FarhadBillimoria\OneDrive - Aurora Energy Research\Documents\Personal\Endog_demand_AI\pyai\data\original\prices\A10G\EC2_g5xlarge_us-east-1.csv
2024-08-16,0.43736470068478017,0.3983101391650099,0.4587475149105368,2749.0714707209545,6285.535770071851,18,A10G,aws,A10G,g5xlarge,us-east-1,3,C:\Users\FarhadBillimoria\OneDrive - Aurora Energy Research\Documents\Personal\Endog_demand_AI\pyai\data\original\prices\A10G\EC2_g5xlarge_us-east-1.csv
2024-08-17,0.4343176236697462,0.394234592445328,0.4581510934393638,2729.918959148795,6285.535770071851,17,A10G,aws,A10G,g5xlarge,us-east-1,3,C:\Users\FarhadBillimoria\OneDrive - Aurora Energy Research\Documents\Personal\Endog_demand_AI\pyai\data\original\prices\A10G\EC2_g5xlarge_us-east-1.csv
2024-08-18,0.4355566600397614,0.3968190854870775,0.4615308151093439,2737.7069665729455,6285.535770071851,20,A10G,aws,A10G,g5xlarge,us-east-1,3,C:\Users\FarhadBillimoria\OneDrive - Aurora Energy Research\Documents\Personal\Endog_demand_AI\pyai\data\original\prices\A10G\EC2_g5xlarge_us-east-1.csv
2024-08-19,0.4371036936277074,0.39751491053677923,0.4640159045725646,2747.4309015274825,6285.535770071851,19,A10G,aws,A10G,g5xlarge,us-east-1,3,C:\Users\FarhadBillimoria\OneDrive - Aurora Energy Research\Documents\Personal\Endog_demand_AI\pyai\data\original\prices\A10G\EC2_g5xlarge_us-east-1.csv
2024-08-20,0.4345348958878309,0.39751491053677923,0.4593439363817097,2731.284631447409,6285.535770071851,19,A10G,aws,A10G,g5xlarge,us-east-1,3,C:\Users\FarhadBillimoria\OneDrive - Aurora Energy Research\Documents\Personal\Endog_demand_AI\pyai\data\original\prices\A10G\EC2_g5xlarge_us-east-1.csv
2024-08-21,0.4299591340843826,0.39453280318091444,0.4503976143141153,2702.523516956506,6285.535770071851,18,A10G,aws,A10G,g5xlarge,us-east-1,3,C:\Users\FarhadBillimoria\OneDrive - Aurora Energy Research\Documents\Personal\Endog_demand_AI\pyai\data\original\prices\A10G\EC2_g5xlarge_us-east-1.csv
2024-08-22,0.42444158577944097,0.3996023856858847,0.447713717693837,2667.842769722696,6285.535770071851,17,A10G,aws,A10G,g5xlarge,us-east-1,3,C:\Users\FarhadBillimoria\OneDrive - Aurora Energy Research\Documents\Personal\Endog_demand_AI\pyai\data\original\prices\A10G\EC2_g5xlarge_us-east-1.csv
2024-08-23,0.4201263010174248,0.4004970178926441,0.44572564612326043,2640.7188929929976,6285.535770071851,17,A10G,aws,A10G,g5xlarge,us-east-1,3,C:\Users\FarhadBillimoria\OneDrive - Aurora Energy Research\Documents\Personal\Endog_demand_AI\pyai\data\original\prices\A10G\EC2_g5xlarge_us-east-1.csv
2024-08-24,0.41857742434283185,0.4026838966202783,0.4516898608349901,2630.983373251414,6285.535770071851,18,A10G,aws,A10G,g5xlarge,us-east-1,3,C:\Users\FarhadBillimoria\OneDrive - Aurora Energy Research\Documents\Personal\Endog_demand_AI\pyai\data\original\prices\A10G\EC2_g5xlarge_us-east-1.csv
2024-08-25,0.4186182902584493,0.3946322067594433,0.4491053677932405,2631.2402374258036,6285.535770071851,20,A10G,aws,A10G,g5xlarge,us-east-1,3,C:\Users\FarhadBillimoria\OneDrive - Aurora Energy Research\Documents\Personal\Endog_demand_AI\pyai\data\original\prices\A10G\EC2_g5xlarge_us-east-1.csv
2024-08-26,0.41741053677932405,0.38777335984095423,0.446520874751491,2623.6488597313332,6285.535770071851,20,A10G,aws,A10G,g5xlarge,us-east-1,3,C:\Users\FarhadBillimoria\OneDrive - Aurora Energy Research\Documents\Personal\Endog_demand_AI\pyai\data\original\prices\A10G\EC2_g5xlarge_us-east-1.csv
2024-08-27,0.4132595729968017,0.38827037773359835,0.44443339960238565,2597.5578283960167,6285.535770071851,23,A10G,aws,A10G,g5xlarge,us-east-1,3,C:\Users\FarhadBillimoria\OneDrive - Aurora Energy Research\Documents\Personal\Endog_demand_AI\pyai\data\original\prices\A10G\EC2_g5xlarge_us-east-1.csv
2024-08-28,0.4168567542115726,0.39353876739562615,0.44045725646123257,2620.1680395928897,6285.535770071851,19,A10G,aws,A10G,g5xlarge,us-east-1,3,C:\Users\FarhadBillimoria\OneDrive - Aurora Energy Research\Documents\Personal\Endog_demand_AI\pyai\data\original\prices\A10G\EC2_g5xlarge_us-east-1.csv
2024-08-29,0.41778219571460123,0.4009940357852882,0.43767395626242545,2625.984935263285,6285.535770071851,18,A10G,aws,A10G,g5xlarge,us-east-1,3,C:\Users\FarhadBillimoria\OneDrive - Aurora Energy Research\Documents\Personal\Endog_demand_AI\pyai\data\original\prices\A10G\EC2_g5xlarge_us-east-1.csv
2024-08-30,0.4173605426265934,0.4052683896620278,0.43379721669980115,2623.33461969605,6285.535770071851,17,A10G,aws,A10G,g5xlarge,us-east-1,3,C:\Users\FarhadBillimoria\OneDrive - Aurora Energy Research\Documents\Personal\Endog_demand_AI\pyai\data\original\prices\A10G\EC2_g5xlarge_us-east-1.csv
2024-08-31,0.4148546222664016,0.3996023856858847,0.4283300198807157,2607.5835676351135,6285.535770071851,16,A10G,aws,A10G,g5xlarge,us-east-1,3,C:\Users\FarhadBillimoria\OneDrive - Aurora Energy Research\Documents\Personal\Endog_demand_AI\pyai\data\original\prices\A10G\EC2_g5xlarge_us-east-1.csv
2024-09-01,0.4134912745747735,0.39602385685884683,0.4277335984095427,2599.0141969523406,6285.535770071851,18,A10G,aws,A10G,g5xlarge,us-east-1,3,C:\Users\FarhadBillimoria\OneDrive - Aurora Energy Research\Documents\Personal\Endog_demand_AI\pyai\data\original\prices\A10G\EC2_g5xlarge_us-east-1.csv
2024-09-02,0.41133674145602567,0.3944333996023856,0.4263419483101391,2585.4718019666466,6285.535770071852,21,A10G,aws,A10G,g5xlarge,us-east-1,3,C:\Users\FarhadBillimoria\OneDrive - Aurora Energy Research\Documents\Personal\Endog_demand_AI\pyai\data\original\prices\A10G\EC2_g5xlarge_us-east-1.csv
2024-09-03,0.4138005301524188,0.3943339960238568,0.42495029821073554,2600.958033947724,6285.535770071851,18,A10G,aws,A10G,g5xlarge,us-east-1,3,C:\Users\FarhadBillimoria\OneDrive - Aurora Energy Research\Documents\Personal\Endog_demand_AI\pyai\data\original\prices\A10G\EC2_g5xlarge_us-east-1.csv
2024-09-04,0.4120853824421889,0.39821073558648107,0.4236580516898608,2590.1774116641172,6285.535770071851,19,A10G,aws,A10G,g5xlarge,us-east-1,3,C:\Users\FarhadBillimoria\OneDrive - Aurora Energy Research\Documents\Personal\Endog_demand_AI\pyai\data\original\prices\A10G\EC2_g5xlarge_us-east-1.csv
2024-09-05,0.41056439142920254,0.3968190854870775,0.4235586481113319,2580.6171682460335,6285.535770071851,18,A10G,aws,A10G,g5xlarge,us-east-1,3,C:\Users\FarhadBillimoria\OneDrive - Aurora Energy Research\Documents\Personal\Endog_demand_AI\pyai\data\original\prices\A10G\EC2_g5xlarge_us-east-1.csv
2024-09-06,0.4110282747956704,0.39453280318091444,0.42823061630218684,2583.5329237391084,6285.535770071851,18,A10G,aws,A10G,g5xlarge,us-east-1,3,C:\Users\FarhadBillimoria\OneDrive - Aurora Energy Research\Documents\Personal\Endog_demand_AI\pyai\data\original\prices\A10G\EC2_g5xlarge_us-east-1.csv
2024-09-07,0.40965540092776664,0.3957256461232604,0.4285288270377733,2574.903675934603,6285.535770071851,15,A10G,aws,A10G,g5xlarge,us-east-1,3,C:\Users\FarhadBillimoria\OneDrive - Aurora Energy Research\Documents\Personal\Endog_demand_AI\pyai\data\original\prices\A10G\EC2_g5xlarge_us-east-1.csv
2024-09-08,0.40873260437375747,0.391351888667992,0.42673956262425444,2569.1034051858787,6285.535770071851,20,A10G,aws,A10G,g5xlarge,us-east-1,3,C:\Users\FarhadBillimoria\OneDrive - Aurora Energy Research\Documents\Personal\Endog_demand_AI\pyai\data\original\prices\A10G\EC2_g5xlarge_us-east-1.csv
2024-09-09,0.404617296222664,0.3846918489065606,0.42574552683896616,2543.2364885973125,6285.535770071851,20,A10G,aws,A10G,g5xlarge,us-east-1,3,C:\Users\FarhadBillimoria\OneDrive - Aurora Energy Research\Documents\Personal\Endog_demand_AI\pyai\data\original\prices\A10G\EC2_g5xlarge_us-east-1.csv
2024-09-10,0.4002319416832339,0.38091451292246514,0.4217693836978131,2515.6721857752777,6285.535770071851,15,A10G,aws,A10G,g5xlarge,us-east-1,3,C:\Users\FarhadBillimoria\OneDrive - Aurora Energy Research\Documents\Personal\Endog_demand_AI\pyai\data\original\prices\A10G\EC2_g5xlarge_us-east-1.csv
2024-09-11,0.39897614314115304,0.37335984095427427,0.41978131212723657,2507.7788191190243,6285.535770071851,20,A10G,aws,A10G,g5xlarge,us-east-1,3,C:\Users\FarhadBillimoria\OneDrive - Aurora Energy Research\Documents\Personal\Endog_demand_AI\pyai\data\original\prices\A10G\EC2_g5xlarge_us-east-1.csv
2024-09-12,0.3903987837679803,0.3703777335984095,0.40775347912524845,2453.865519966186,6285.535770071851,17,A10G,aws,A10G,g5xlarge,us-east-1,3,C:\Users\FarhadBillimoria\OneDrive - Aurora Energy Research\Documents\Personal\Endog_demand_AI\pyai\data\original\prices\A10G\EC2_g5xlarge_us-east-1.csv
2024-09-13,0.38999337309476473,0.36789264413518885,0.4024850894632206,2451.317296678121,6285.535770071852,21,A10G,aws,A10G,g5xlarge,us-east-1,3,C:\Users\FarhadBillimoria\OneDrive - Aurora Energy Research\Documents\Personal\Endog_demand_AI\pyai\data\original\prices\A10G\EC2_g5xlarge_us-east-1.csv
2024-09-14,0.37995913408438253,0.36491053677932406,0.3914512922465208,2388.2467284529134,6285.535770071851,18,A10G,aws,A10G,g5xlarge,us-east-1,3,C:\Users\FarhadBillimoria\OneDrive - Aurora Energy Research\Documents\Personal\Endog_demand_AI\pyai\data\original\prices\A10G\EC2_g5xlarge_us-east-1.csv
2024-09-15,0.3769909952052391,0.36252485089463216,0.38946322067594424,2369.5903853575164,6285.535770071851,17,A10G,aws,A10G,g5xlarge,us-east-1,3,C:\Users\FarhadBillimoria\OneDrive - Aurora Energy Research\Documents\Personal\Endog_demand_AI\pyai\data\original\prices\A10G\EC2_g5xlarge_us-east-1.csv
2024-09-16,0.3755938055875274,0.36103379721669976,0.3904572564612325,2360.808300037816,6285.535770071851,19,A10G,aws,A10G,g5xlarge,us-east-1,3,C:\Users\FarhadBillimoria\OneDrive - Aurora Energy Research\Documents\Personal\Endog_demand_AI\pyai\data\original\prices\A10G\EC2_g5xlarge_us-east-1.csv
2024-09-17,0.37640159045725646,0.35656063618290257,0.39085487077534786,2365.885660731021,6285.535770071851,15,A10G,aws,A10G,g5xlarge,us-east-1,3,C:\Users\FarhadBillimoria\OneDrive - Aurora Energy Research\Documents\Personal\Endog_demand_AI\pyai\data\original\prices\A10G\EC2_g5xlarge_us-east-1.csv
2024-09-18,0.3734778827037773,0.35785288270377735,0.3898608349900596,2347.5085910652915,6285.535770071851,16,A10G,aws,A10G,g5xlarge,us-east-1,3,C:\Users\FarhadBillimoria\OneDrive - Aurora Energy Research\Documents\Personal\Endog_demand_AI\pyai\data\original\prices\A10G\EC2_g5xlarge_us-east-1.csv
2024-09-19,0.37559020874751486,0.35656063618290257,0.38946322067594424,2360.785691971258,6285.535770071851,16,A10G,aws,A10G,g5xlarge,us-east-1,3,C:\Users\FarhadBillimoria\OneDrive - Aurora Energy Research\Documents\Personal\Endog_demand_AI\pyai\data\original\prices\A10G\EC2_g5xlarge_us-east-1.csv
2024-09-20,0.3766500994035785,0.3560636182902584,0.38976143141153075,2367.447672602311,6285.535770071851,20,A10G,aws,A10G,g5xlarge,us-east-1,3,C:\Users\FarhadBillimoria\OneDrive - Aurora Energy Research\Documents\Personal\Endog_demand_AI\pyai\data\original\prices\A10G\EC2_g5xlarge_us-east-1.csv
2024-09-21,0.373918986083499,0.35834990059642147,0.3914512922465208,2350.2811621368314,6285.535770071851,16,A10G,aws,A10G,g5xlarge,us-east-1,3,C:\Users\FarhadBillimoria\OneDrive - Aurora Energy Research\Documents\Personal\Endog_demand_AI\pyai\data\original\prices\A10G\EC2_g5xlarge_us-east-1.csv
2024-09-22,0.36990832781091226,0.34940357852882703,0.3899602385685884,2325.0720261029533,6285.535770071851,18,A10G,aws,A10G,g5xlarge,us-east-1,3,C:\Users\FarhadBillimoria\OneDrive - Aurora Energy Research\Documents\Personal\Endog_demand_AI\pyai\data\original\prices\A10G\EC2_g5xlarge_us-east-1.csv
2024-09-23,0.36683648111332007,0.3438369781312127,0.3866799204771371,2305.7638238050604,6285.535770071851,16,A10G,aws,A10G,g5xlarge,us-east-1,3,C:\Users\FarhadBillimoria\OneDrive - Aurora Energy Research\Documents\Personal\Endog_demand_AI\pyai\data\original\prices\A10G\EC2_g5xlarge_us-east-1.csv
2024-09-24,0.3622968073909484,0.3291252485089463,0.38379721669980116,2277.2295422386383,6285.535770071851,17,A10G,aws,A10G,g5xlarge,us-east-1,3,C:\Users\FarhadBillimoria\OneDrive - Aurora Energy Research\Documents\Personal\Endog_demand_AI\pyai\data\original\prices\A10G\EC2_g5xlarge_us-east-1.csv
2024-09-25,0.3633727049467898,0.3286282306163022,0.3919483101391649,2283.9921348108123,6285.535770071851,17,A10G,aws,A10G,g5xlarge,us-east-1,3,C:\Users\FarhadBillimoria\OneDrive - Aurora Energy Research\Documents\Personal\Endog_demand_AI\pyai\data\original\prices\A10G\EC2_g5xlarge_us-east-1.csv
2024-09-26,0.368992296222664,0.3334990059642147,0.4055666003976142,2319.314276788503,6285.535770071851,16,A10G,aws,A10G,g5xlarge,us-east-1,3,C:\Users\FarhadBillimoria\OneDrive - Aurora Energy Research\Documents\Personal\Endog_demand_AI\pyai\data\original\prices\A10G\EC2_g5xlarge_us-east-1.csv
2024-09-27,0.3702312441142618,0.33558648111332007,0.40984095427435385,2327.1017280783963,6285.535770071851,19,A10G,aws,A10G,g5xlarge,us-east-1,3,C:\Users\FarhadBillimoria\OneDrive - Aurora Energy Research\Documents\Personal\Endog_demand_AI\pyai\data\original\prices\A10G\EC2_g5xlarge_us-east-1.csv
2024-09-28,0.3746907444223547,0.3449304174950298,0.41103379721669975,2355.132076781561,6285.535770071851,18,A10G,aws,A10G,g5xlarge,us-east-1,3,C:\Users\FarhadBillimoria\OneDrive - Aurora Energy Research\Documents\Personal\Endog_demand_AI\pyai\data\original\prices\A10G\EC2_g5xlarge_us-east-1.csv
2024-09-29,0.3813982770046388,0.34572564612326045,0.4104373757455268,2397.29251275643,6285.535770071851,15,A10G,aws,A10G,g5xlarge,us-east-1,3,C:\Users\FarhadBillimoria\OneDrive - Aurora Energy Research\Documents\Personal\Endog_demand_AI\pyai\data\original\prices\A10G\EC2_g5xlarge_us-east-1.csv
2024-09-30,0.39269383697813115,0.3550695825049701,0.42107355864811125,2468.291159012808,6285.535770071851,18,A10G,aws,A10G,g5xlarge,us-east-1,3,C:\Users\FarhadBillimoria\OneDrive - Aurora Energy Research\Documents\Personal\Endog_demand_AI\pyai\data\original\prices\A10G\EC2_g5xlarge_us-east-1.csv
2024-10-01,0.4013858028300783,0.36053677932405565,0.4232604373757455,2522.9248212874645,6285.535770071851,17,A10G,aws,A10G,g5xlarge,us-east-1,3,C:\Users\FarhadBillimoria\OneDrive - Aurora Energy Research\Documents\Personal\Endog_demand_AI\pyai\data\original\prices\A10G\EC2_g5xlarge_us-east-1.csv
2024-10-02,0.3929161870879983,0.3586481113320079,0.42087475149105363,2469.688748581857,6285.535770071851,19,A10G,aws,A10G,g5xlarge,us-east-1,3,C:\Users\FarhadBillimoria\OneDrive - Aurora Energy Research\Documents\Personal\Endog_demand_AI\pyai\data\original\prices\A10G\EC2_g5xlarge_us-east-1.csv
2024-10-03,0.39117062331891,0.35675944333996024,0.4127236580516898,2458.7169450723113,6285.535770071851,17,A10G,aws,A10G,g5xlarge,us-east-1,3,C:\Users\FarhadBillimoria\OneDrive - Aurora Energy Research\Documents\Personal\Endog_demand_AI\pyai\data\original\prices\A10G\EC2_g5xlarge_us-east-1.csv
2024-10-04,0.3953390766512038,0.35954274353876736,0.4156063618290258,2484.9179075983193,6285.535770071851,18,A10G,aws,A10G,g5xlarge,us-east-1,3,C:\Users\FarhadBillimoria\OneDrive - Aurora Energy Research\Documents\Personal\Endog_demand_AI\pyai\data\original\prices\A10G\EC2_g5xlarge_us-east-1.csv
2024-10-05,0.39381081929475775,0.36500994035785284,0.4119284294234592,2475.3119913185014,6285.535770071851,19,A10G,aws,A10G,g5xlarge,us-east-1,3,C:\Users\FarhadBillimoria\OneDrive - Aurora Energy Research\Documents\Personal\Endog_demand_AI\pyai\data\original\prices\A10G\EC2_g5xlarge_us-east-1.csv
2024-10-06,0.38465091802128404,0.35576540755467195,0.4041749502982107,2417.737104213756,6285.535770071851,17,A10G,aws,A10G,g5xlarge,us-east-1,3,C:\Users\FarhadBillimoria\OneDrive - Aurora Energy Research\Documents\Personal\Endog_demand_AI\pyai\data\original\prices\A10G\EC2_g5xlarge_us-east-1.csv
2024-10-07,0.3803864314115308,0.3535785288270377,0.3996023856858847,2390.9325210871593,6285.535770071851,16,A10G,aws,A10G,g5xlarge,us-east-1,3,C:\Users\FarhadBillimoria\OneDrive - Aurora Energy Research\Documents\Personal\Endog_demand_AI\pyai\data\original\prices\A10G\EC2_g5xlarge_us-east-1.csv
2024-10-08,0.37579522862823056,0.35129224652087476,0.39184890656063615,2362.0743517650726,6285.535770071851,18,A10G,aws,A10G,g5xlarge,us-east-1,3,C:\Users\FarhadBillimoria\OneDrive - Aurora Energy Research\Documents\Personal\Endog_demand_AI\pyai\data\original\prices\A10G\EC2_g5xlarge_us-east-1.csv
2024-10-09,0.3717760106030484,0.35278330019880716,0.3917495029821073,2336.811413100072,6285.535770071851,15,A10G,aws,A10G,g5xlarge,us-east-1,3,C:\Users\FarhadBillimoria\OneDrive - Aurora Energy Research\Documents\Personal\Endog_demand_AI\pyai\data\original\prices\A10G\EC2_g5xlarge_us-east-1.csv
2024-10-10,0.377242102937928,0.35019880715705765,0.3944333996023856,2371.1687319934736,6285.535770071851,18,A10G,aws,A10G,g5xlarge,us-east-1,3,C:\Users\FarhadBillimoria\OneDrive - Aurora Energy Research\Documents\Personal\Endog_demand_AI\pyai\data\original\prices\A10G\EC2_g5xlarge_us-east-1.csv
2024-10-11,0.3756095008894004,0.3536779324055666,0.39453280318091444,2360.9069534191613,6285.535770071851,19,A10G,aws,A10G,g5xlarge,us-east-1,3,C:\Users\FarhadBillimoria\OneDrive - Aurora Energy Research\Documents\Personal\Endog_demand_AI\pyai\data\original\prices\A10G\EC2_g5xlarge_us-east-1.csv
2024-10-12,0.3788712171415949,0.35427435387673956,0.39502982107355855,2381.408587594154,6285.535770071851,18,A10G,aws,A10G,g5xlarge,us-east-1,3,C:\Users\FarhadBillimoria\OneDrive - Aurora Energy Research\Documents\Personal\Endog_demand_AI\pyai\data\original\prices\A10G\EC2_g5xlarge_us-east-1.csv
2024-10-13,0.38279794914722187,0.35546719681908545,0.39821073558648107,2406.0902020750086,6285.535770071851,19,A10G,aws,A10G,g5xlarge,us-east-1,3,C:\Users\FarhadBillimoria\OneDrive - Aurora Energy Research\Documents\Personal\Endog_demand_AI\pyai\data\original\prices\A10G\EC2_g5xlarge_us-east-1.csv
2024-10-14,0.3868962694421705,0.35795228628230613,0.405168986083499,2431.8503408861193,6285.535770071851,17,A10G,aws,A10G,g5xlarge,us-east-1,3,C:\Users\FarhadBillimoria\OneDrive - Aurora Energy Research\Documents\Personal\Endog_demand_AI\pyai\data\original\prices\A10G\EC2_g5xlarge_us-east-1.csv
2024-10-15,0.38840117191587314,0.36033797216699803,0.40994035785288263,2441.3094592150474,6285.535770071851,19,A10G,aws,A10G,g5xlarge,us-east-1,3,C:\Users\FarhadBillimoria\OneDrive - Aurora Energy Research\Documents\Personal\Endog_demand_AI\pyai\data\original\prices\A10G\EC2_g5xlarge_us-east-1.csv
2024-10-16,0.38526341948310133,0.36182902584493043,0.40596421471172955,2421.5870040612303,6285.535770071851,20,A10G,aws,A10G,g5xlarge,us-east-1,3,C:\Users\FarhadBillimoria\OneDrive - Aurora Energy Research\Documents\Personal\Endog_demand_AI\pyai\data\original\prices\A10G\EC2_g5xlarge_us-east-1.csv
2024-10-17,0.38897614314115303,0.37833001988071563,0.4056660039761431,2444.923461418306,6285.535770071851,20,A10G,aws,A10G,g5xlarge,us-east-1,3,C:\Users\FarhadBillimoria\OneDrive - Aurora Energy Research\Documents\Personal\Endog_demand_AI\pyai\data\original\prices\A10G\EC2_g5xlarge_us-east-1.csv
2024-10-18,0.3879390324718356,0.3793240556660039,0.40208747514910537,2438.404665208788,6285.535770071851,18,A10G,aws,A10G,g5xlarge,us-east-1,3,C:\Users\FarhadBillimoria\OneDrive - Aurora Energy Research\Documents\Personal\Endog_demand_AI\pyai\data\original\prices\A10G\EC2_g5xlarge_us-east-1.csv
2024-10-19,0.3819458250497017,0.37286282306163016,0.39652087475149095,2400.734145579506,6285.535770071851,16,A10G,aws,A10G,g5xlarge,us-east-1,3,C:\Users\FarhadBillimoria\OneDrive - Aurora Energy Research\Documents\Personal\Endog_demand_AI\pyai\data\original\prices\A10G\EC2_g5xlarge_us-east-1.csv
2024-10-20,0.3799701789264413,0.3683896620278329,0.3969184890656063,2388.316151202748,6285.535770071851,16,A10G,aws,A10G,g5xlarge,us-east-1,3,C:\Users\FarhadBillimoria\OneDrive - Aurora Energy Research\Documents\Personal\Endog_demand_AI\pyai\data\original\prices\A10G\EC2_g5xlarge_us-east-1.csv
2024-10-21,0.38024792421938947,0.3688866799204771,0.40447316103379716,2390.0619291765433,6285.535770071851,17,A10G,aws,A10G,g5xlarge,us-east-1,3,C:\Users\FarhadBillimoria\OneDrive - Aurora Energy Research\Documents\Personal\Endog_demand_AI\pyai\data\original\prices\A10G\EC2_g5xlarge_us-east-1.csv
2024-10-22,0.3834327369118621,0.36908548707753475,0.4063618290258449,2410.080183276059,6285.535770071851,18,A10G,aws,A10G,g5xlarge,us-east-1,3,C:\Users\FarhadBillimoria\OneDrive - Aurora Energy Research\Documents\Personal\Endog_demand_AI\pyai\data\original\prices\A10G\EC2_g5xlarge_us-east-1.csv
2024-10-23,0.37634779557946435,0.36491053677932406,0.4048707753479125,2365.547531102412,6285.535770071851,17,A10G,aws,A10G,g5xlarge,us-east-1,3,C:\Users\FarhadBillimoria\OneDrive - Aurora Energy Research\Documents\Personal\Endog_demand_AI\pyai\data\original\prices\A10G\EC2_g5xlarge_us-east-1.csv
2024-10-24,0.3764062682727166,0.3606361829025844,0.39890656063618285,2365.9150633074214,6285.535770071851,17,A10G,aws,A10G,g5xlarge,us-east-1,3,C:\Users\FarhadBillimoria\OneDrive - Aurora Energy Research\Documents\Personal\Endog_demand_AI\pyai\data\original\prices\A10G\EC2_g5xlarge_us-east-1.csv
2024-10-25,0.3743748038087265,0.35566600397614306,0.39622266401590456,2353.1462207533823,6285.535770071851,19,A10G,aws,A10G,g5xlarge,us-east-1,3,C:\Users\FarhadBillimoria\OneDrive - Aurora Energy Research\Documents\Personal\Endog_demand_AI\pyai\data\original\prices\A10G\EC2_g5xlarge_us-east-1.csv
2024-10-26,0.36843936381709735,0.35119284294234593,0.39075546719681903,2315.838800374882,6285.535770071851,14,A10G,aws,A10G,g5xlarge,us-east-1,3,C:\Users\FarhadBillimoria\OneDrive - Aurora Energy Research\Documents\Personal\Endog_demand_AI\pyai\data\original\prices\A10G\EC2_g5xlarge_us-east-1.csv
2024-10-27,0.3677048818201899,0.34840954274353875,0.39115308151093436,2311.2221875108467,6285.535770071851,18,A10G,aws,A10G,g5xlarge,us-east-1,3,C:\Users\FarhadBillimoria\OneDrive - Aurora Energy Research\Documents\Personal\Endog_demand_AI\pyai\data\original\prices\A10G\EC2_g5xlarge_us-east-1.csv
2024-10-28,0.36687521927259964,0.34433399602385684,0.3919483101391649,2306.0073138908792,6285.535770071851,17,A10G,aws,A10G,g5xlarge,us-east-1,3,C:\Users\FarhadBillimoria\OneDrive - Aurora Energy Research\Documents\Personal\Endog_demand_AI\pyai\data\original\prices\A10G\EC2_g5xlarge_us-east-1.csv
2024-10-29,0.3636241375277745,0.3395626242544732,0.39413518886679916,2285.5725232923533,6285.535770071851,17,A10G,aws,A10G,g5xlarge,us-east-1,3,C:\Users\FarhadBillimoria\OneDrive - Aurora Energy Research\Documents\Personal\Endog_demand_AI\pyai\data\original\prices\A10G\EC2_g5xlarge_us-east-1.csv
2024-10-30,0.3676295170155537,0.341948310139165,0.40059642147117297,2310.748479335501,6285.535770071851,17,A10G,aws,A10G,g5xlarge,us-east-1,3,C:\Users\FarhadBillimoria\OneDrive - Aurora Energy Research\Documents\Personal\Endog_demand_AI\pyai\data\original\prices\A10G\EC2_g5xlarge_us-east-1.csv
2024-10-31,0.36552559642147114,0.34691848906560635,0.39642147117296217,2297.5242111840043,6285.535770071851,16,A10G,aws,A10G,g5xlarge,us-east-1,3,C:\Users\FarhadBillimoria\OneDrive - Aurora Energy Research\Documents\Personal\Endog_demand_AI\pyai\data\original\prices\A10G\EC2_g5xlarge_us-east-1.csv
2024-11-02,0.363581013916501,0.350596421471173,0.3876739562624254,2285.3014682911585,6285.535770071851,8,A10G,aws,A10G,g5xlarge,us-east-1,3,C:\Users\FarhadBillimoria\OneDrive - Aurora Energy Research\Documents\Personal\Endog_demand_AI\pyai\data\original\prices\A10G\EC2_g5xlarge_us-east-1.csv
2024-11-03,0.3713812363911767,0.34980119284294237,0.39781312127236573,2334.3300456702514,6285.535770071852,21,A10G,aws,A10G,g5xlarge,us-east-1,3,C:\Users\FarhadBillimoria\OneDrive - Aurora Energy Research\Documents\Personal\Endog_demand_AI\pyai\data\original\prices\A10G\EC2_g5xlarge_us-east-1.csv
2024-11-04,0.3694618006248224,0.35,0.39622266401590456,2322.2653635024762,6285.535770071851,14,A10G,aws,A10G,g5xlarge,us-east-1,3,C:\Users\FarhadBillimoria\OneDrive - Aurora Energy Research\Documents\Personal\Endog_demand_AI\pyai\data\original\prices\A10G\EC2_g5xlarge_us-east-1.csv
2024-11-05,0.36861332007952285,0.3476143141153082,0.3968190854870775,2316.9322086847856,6285.535770071851,16,A10G,aws,A10G,g5xlarge,us-east-1,3,C:\Users\FarhadBillimoria\OneDrive - Aurora Energy Research\Documents\Personal\Endog_demand_AI\pyai\data\original\prices\A10G\EC2_g5xlarge_us-east-1.csv
2024-11-06,0.38080464580935436,0.3536779324055666,0.4041749502982107,2393.5612226442386,6285.535770071851,19,A10G,aws,A10G,g5xlarge,us-east-1,3,C:\Users\FarhadBillimoria\OneDrive - Aurora Energy Research\Documents\Personal\Endog_demand_AI\pyai\data\original\prices\A10G\EC2_g5xlarge_us-east-1.csv
2024-11-07,0.38324757338323,0.35795228628230613,0.414910536779324,2408.916331293529,6285.535770071851,17,A10G,aws,A10G,g5xlarge,us-east-1,3,C:\Users\FarhadBillimoria\OneDrive - Aurora Energy Research\Documents\Personal\Endog_demand_AI\pyai\data\original\prices\A10G\EC2_g5xlarge_us-east-1.csv
2024-11-08,0.3836978131212723,0.3571570576540755,0.41948310139165007,2411.746329272102,6285.535770071851,14,A10G,aws,A10G,g5xlarge,us-east-1,3,C:\Users\FarhadBillimoria\OneDrive - Aurora Energy Research\Documents\Personal\Endog_demand_AI\pyai\data\original\prices\A10G\EC2_g5xlarge_us-east-1.csv
2024-11-09,0.38992917495029816,0.36103379721669976,0.4302186878727634,2450.913776944704,6285.535770071851,16,A10G,aws,A10G,g5xlarge,us-east-1,3,C:\Users\FarhadBillimoria\OneDrive - Aurora Energy Research\Documents\Personal\Endog_demand_AI\pyai\data\original\prices\A10G\EC2_g5xlarge_us-east-1.csv
2024-11-10,0.3941351888667992,0.36252485089463216,0.4365805168986083,2477.350827866291,6285.535770071852,21,A10G,aws,A10G,g5xlarge,us-east-1,3,C:\Users\FarhadBillimoria\OneDrive - Aurora Energy Research\Documents\Personal\Endog_demand_AI\pyai\data\original\prices\A10G\EC2_g5xlarge_us-east-1.csv
2024-11-11,0.3896819085487077,0.36759443339960235,0.44005964214711724,2449.3595751327707,6285.535770071851,15,A10G,aws,A10G,g5xlarge,us-east-1,3,C:\Users\FarhadBillimoria\OneDrive - Aurora Energy Research\Documents\Personal\Endog_demand_AI\pyai\data\original\prices\A10G\EC2_g5xlarge_us-east-1.csv
2024-11-12,0.40291932614837284,0.3718687872763419,0.4475149105367793,2532.5638369588446,6285.535770071851,19,A10G,aws,A10G,g5xlarge,us-east-1,3,C:\Users\FarhadBillimoria\OneDrive - Aurora Energy Research\Documents\Personal\Endog_demand_AI\pyai\data\original\prices\A10G\EC2_g5xlarge_us-east-1.csv
2024-11-13,0.40462226640159044,0.3681908548707753,0.4571570576540755,2543.2677288347386,6285.535770071851,16,A10G,aws,A10G,g5xlarge,us-east-1,3,C:\Users\FarhadBillimoria\OneDrive - Aurora Energy Research\Documents\Personal\Endog_demand_AI\pyai\data\original\prices\A10G\EC2_g5xlarge_us-east-1.csv
2024-11-14,0.4084919057086055,0.3681908548707753,0.4599403578528827,2567.5904851162577,6285.535770071852,21,A10G,aws,A10G,g5xlarge,us-east-1,3,C:\Users\FarhadBillimoria\OneDrive - Aurora Energy Research\Documents\Personal\Endog_demand_AI\pyai\data\original\prices\A10G\EC2_g5xlarge_us-east-1.csv
2024-11-15,0.4118787276341948,0.375248508946322,0.46998011928429423,2588.878475476413,6285.535770071851,16,A10G,aws,A10G,g5xlarge,us-east-1,3,C:\Users\FarhadBillimoria\OneDrive - Aurora Energy Research\Documents\Personal\Endog_demand_AI\pyai\data\original\prices\A10G\EC2_g5xlarge_us-east-1.csv
2024-11-16,0.4253269854556869,0.3765407554671968,0.48190854870775346,2673.40798105855,6285.535770071851,19,A10G,aws,A10G,g5xlarge,us-east-1,3,C:\Users\FarhadBillimoria\OneDrive - Aurora Energy Research\Documents\Personal\Endog_demand_AI\pyai\data\original\prices\A10G\EC2_g5xlarge_us-east-1.csv
2024-11-17,0.4122214083917547,0.375248508946322,0.46868787276341944,2591.0324076357706,6285.535770071851,19,A10G,aws,A10G,g5xlarge,us-east-1,3,C:\Users\FarhadBillimoria\OneDrive - Aurora Energy Research\Documents\Personal\Endog_demand_AI\pyai\data\original\prices\A10G\EC2_g5xlarge_us-east-1.csv
2024-11-18,0.4099717484566286,0.380417495029821,0.4445328031809145,2576.8920896430386,6285.535770071851,19,A10G,aws,A10G,g5xlarge,us-east-1,3,C:\Users\FarhadBillimoria\OneDrive - Aurora Energy Research\Documents\Personal\Endog_demand_AI\pyai\data\original\prices\A10G\EC2_g5xlarge_us-east-1.csv
2024-11-19,0.4057701410584114,0.38658051689860834,0.4240556660039761,2550.4827360497457,6285.535770071852,21,A10G,aws,A10G,g5xlarge,us-east-1,3,C:\Users\FarhadBillimoria\OneDrive - Aurora Energy Research\Documents\Personal\Endog_demand_AI\pyai\data\original\prices\A10G\EC2_g5xlarge_us-east-1.csv
2024-11-20,0.39688535453943,0.3764413518886679,0.41431411530815104,2494.6370925752362,6285.535770071851,18,A10G,aws,A10G,g5xlarge,us-east-1,3,C:\Users\FarhadBillimoria\OneDrive - Aurora Energy Research\Documents\Personal\Endog_demand_AI\pyai\data\original\prices\A10G\EC2_g5xlarge_us-east-1.csv
2024-11-21,0.3941979700742911,0.3627236580516898,0.4165009940357852,2477.74544139167,6285.535770071851,19,A10G,aws,A10G,g5xlarge,us-east-1,3,C:\Users\FarhadBillimoria\OneDrive - Aurora Energy Research\Documents\Personal\Endog_demand_AI\pyai\data\original\prices\A10G\EC2_g5xlarge_us-east-1.csv
2024-11-22,0.39036308464999475,0.35566600397614306,0.420675944333996,2453.641131883128,6285.535770071851,19,A10G,aws,A10G,g5xlarge,us-east-1,3,C:\Users\FarhadBillimoria\OneDrive - Aurora Energy Research\Documents\Personal\Endog_demand_AI\pyai\data\original\prices\A10G\EC2_g5xlarge_us-east-1.csv
2024-11-23,0.38840117191587314,0.35119284294234593,0.4299204771371769,2441.3094592150474,6285.535770071851,19,A10G,aws,A10G,g5xlarge,us-east-1,3,C:\Users\FarhadBillimoria\OneDrive - Aurora Energy Research\Documents\Personal\Endog_demand_AI\pyai\data\original\prices\A10G\EC2_g5xlarge_us-east-1.csv
2024-11-24,0.38067221669980117,0.34980119284294237,0.4167992047713717,2392.728834739143,6285.535770071851,16,A10G,aws,A10G,g5xlarge,us-east-1,3,C:\Users\FarhadBillimoria\OneDrive - Aurora Energy Research\Documents\Personal\Endog_demand_AI\pyai\data\original\prices\A10G\EC2_g5xlarge_us-east-1.csv
2024-11-25,0.37220362038296534,0.3488071570576541,0.3998011928429423,2339.4991696673733,6285.535770071851,19,A10G,aws,A10G,g5xlarge,us-east-1,3,C:\Users\FarhadBillimoria\OneDrive - Aurora Energy Research\Documents\Personal\Endog_demand_AI\pyai\data\original\prices\A10G\EC2_g5xlarge_us-east-1.csv
2024-11-26,0.37031447677570933,0.3478131212723658,0.4034791252485089,2327.624889949163,6285.535770071851,22,A10G,aws,A10G,g5xlarge,us-east-1,3,C:\Users\FarhadBillimoria\OneDrive - Aurora Energy Research\Documents\Personal\Endog_demand_AI\pyai\data\original\prices\A10G\EC2_g5xlarge_us-east-1.csv
2024-11-27,0.36909791252485086,0.34990059642147114,0.39781312127236573,2319.9781318338014,6285.535770071851,16,A10G,aws,A10G,g5xlarge,us-east-1,3,C:\Users\FarhadBillimoria\OneDrive - Aurora Energy Research\Documents\Personal\Endog_demand_AI\pyai\data\original\prices\A10G\EC2_g5xlarge_us-east-1.csv
2024-11-28,0.36873757455268386,0.35009940357852887,0.3972166998011928,2317.7132146204303,6285.535770071851,20,A10G,aws,A10G,g5xlarge,us-east-1,3,C:\Users\FarhadBillimoria\OneDrive - Aurora Energy Research\Documents\Personal\Endog_demand_AI\pyai\data\original\prices\A10G\EC2_g5xlarge_us-east-1.csv
2024-11-29,0.3691848906560636,0.34970178926441353,0.3932405566600397,2320.524835988753,6285.535770071851,15,A10G,aws,A10G,g5xlarge,us-east-1,3,C:\Users\FarhadBillimoria\OneDrive - Aurora Energy Research\Documents\Personal\Endog_demand_AI\pyai\data\original\prices\A10G\EC2_g5xlarge_us-east-1.csv
2024-11-30,0.3622652971062513,0.3452286282306163,0.3902584493041749,2277.0314832170498,6285.535770071851,18,A10G,aws,A10G,g5xlarge,us-east-1,3,C:\Users\FarhadBillimoria\OneDrive - Aurora Energy Research\Documents\Personal\Endog_demand_AI\pyai\data\original\prices\A10G\EC2_g5xlarge_us-east-1.csv
2024-12-01,0.3509414103613612,0.33101391650099404,0.38389662027832994,2205.8547880258,6285.535770071851,17,A10G,aws,A10G,g5xlarge,us-east-1,3,C:\Users\FarhadBillimoria\OneDrive - Aurora Energy Research\Documents\Personal\Endog_demand_AI\pyai\data\original\prices\A10G\EC2_g5xlarge_us-east-1.csv
2024-12-02,0.3464097766343117,0.32673956262425446,0.3744532803180914,2177.3710421375667,6285.535770071851,17,A10G,aws,A10G,g5xlarge,us-east-1,3,C:\Users\FarhadBillimoria\OneDrive - Aurora Energy Research\Documents\Personal\Endog_demand_AI\pyai\data\original\prices\A10G\EC2_g5xlarge_us-east-1.csv
2024-12-03,0.3395312336507272,0.3217693836978131,0.3709741550695825,2134.1357141682693,6285.535770071851,19,A10G,aws,A10G,g5xlarge,us-east-1,3,C:\Users\FarhadBillimoria\OneDrive - Aurora Energy Research\Documents\Personal\Endog_demand_AI\pyai\data\original\prices\A10G\EC2_g5xlarge_us-east-1.csv
2024-12-04,0.33222664015904574,0.3199801192842942,0.36858846918489063,2088.222430490471,6285.535770071851,15,A10G,aws,A10G,g5xlarge,us-east-1,3,C:\Users\FarhadBillimoria\OneDrive - Aurora Energy Research\Documents\Personal\Endog_demand_AI\pyai\data\original\prices\A10G\EC2_g5xlarge_us-east-1.csv
2024-12-05,0.3345618596115614,0.3193836978131212,0.3676938369781312,2102.900535890226,6285.535770071851,13,A10G,aws,A10G,g5xlarge,us-east-1,3,C:\Users\FarhadBillimoria\OneDrive - Aurora Energy Research\Documents\Personal\Endog_demand_AI\pyai\data\original\prices\A10G\EC2_g5xlarge_us-east-1.csv
2024-12-06,0.3345178926441352,0.3152087475149105,0.3699801192842942,2102.624179943767,6285.535770071851,20,A10G,aws,A10G,g5xlarge,us-east-1,3,C:\Users\FarhadBillimoria\OneDrive - Aurora Energy Research\Documents\Personal\Endog_demand_AI\pyai\data\original\prices\A10G\EC2_g5xlarge_us-east-1.csv
2024-12-07,0.3294351537831832,0.31093439363817094,0.3693836978131212,2070.6764430233197,6285.535770071851,17,A10G,aws,A10G,g5xlarge,us-east-1,3,C:\Users\FarhadBillimoria\OneDrive - Aurora Energy Research\Documents\Personal\Endog_demand_AI\pyai\data\original\prices\A10G\EC2_g5xlarge_us-east-1.csv
2024-12-08,0.3251118290258449,0.30467196819085485,0.3665009940357853,2043.5020306154322,6285.535770071851,16,A10G,aws,A10G,g5xlarge,us-east-1,3,C:\Users\FarhadBillimoria\OneDrive - Aurora Energy Research\Documents\Personal\Endog_demand_AI\pyai\data\original\prices\A10G\EC2_g5xlarge_us-east-1.csv
2024-12-09,0.32575215374420147,0.29880715705765404,0.3627236580516898,2047.5268145371233,6285.535770071851,15,A10G,aws,A10G,g5xlarge,us-east-1,3,C:\Users\FarhadBillimoria\OneDrive - Aurora Energy Research\Documents\Personal\Endog_demand_AI\pyai\data\original\prices\A10G\EC2_g5xlarge_us-east-1.csv
2024-12-10,0.31973871059358133,0.29632206759443336,0.3523856858846918,2009.7291025126071,6285.535770071851,14,A10G,aws,A10G,g5xlarge,us-east-1,3,C:\Users\FarhadBillimoria\OneDrive - Aurora Energy Research\Documents\Personal\Endog_demand_AI\pyai\data\original\prices\A10G\EC2_g5xlarge_us-east-1.csv
2024-12-11,0.3175336867682792,0.2972166998011928,0.3507952286282306,1995.86934638481,6285.535770071851,18,A10G,aws,A10G,g5xlarge,us-east-1,3,C:\Users\FarhadBillimoria\OneDrive - Aurora Energy Research\Documents\Personal\Endog_demand_AI\pyai\data\original\prices\A10G\EC2_g5xlarge_us-east-1.csv
2024-12-12,0.32074221338634856,0.29632206759443336,0.3485089463220676,2016.0366552119126,6285.535770071851,18,A10G,aws,A10G,g5xlarge,us-east-1,3,C:\Users\FarhadBillimoria\OneDrive - Aurora Energy Research\Documents\Personal\Endog_demand_AI\pyai\data\original\prices\A10G\EC2_g5xlarge_us-east-1.csv
2024-12-13,0.31708499005964214,0.29681908548707747,0.34721669980119285,1993.049047172758,6285.535770071851,16,A10G,aws,A10G,g5xlarge,us-east-1,3,C:\Users\FarhadBillimoria\OneDrive - Aurora Energy Research\Documents\Personal\Endog_demand_AI\pyai\data\original\prices\A10G\EC2_g5xlarge_us-east-1.csv
2024-12-14,0.32145253479125246,0.3,0.3478131212723658,2020.5014058106838,6285.535770071851,16,A10G,aws,A10G,g5xlarge,us-east-1,3,C:\Users\FarhadBillimoria\OneDrive - Aurora Energy Research\Documents\Personal\Endog_demand_AI\pyai\data\original\prices\A10G\EC2_g5xlarge_us-east-1.csv
2024-12-15,0.3245313831297927,0.3025844930417495,0.35258449304174944,2039.8536171732044,6285.535770071851,14,A10G,aws,A10G,g5xlarge,us-east-1,3,C:\Users\FarhadBillimoria\OneDrive - Aurora Energy Research\Documents\Personal\Endog_demand_AI\pyai\data\original\prices\A10G\EC2_g5xlarge_us-east-1.csv
2024-12-16,0.325844930417495,0.3066600397614314,0.352882703777336,2048.1099656357383,6285.535770071851,18,A10G,aws,A10G,g5xlarge,us-east-1,3,C:\Users\FarhadBillimoria\OneDrive - Aurora Energy Research\Documents\Personal\Endog_demand_AI\pyai\data\original\prices\A10G\EC2_g5xlarge_us-east-1.csv
2024-12-17,0.3293708338206058,0.3138170974155069,0.35656063618290257,2070.2721575978094,6285.535770071851,17,A10G,aws,A10G,g5xlarge,us-east-1,3,C:\Users\FarhadBillimoria\OneDrive - Aurora Energy Research\Documents\Personal\Endog_demand_AI\pyai\data\original\prices\A10G\EC2_g5xlarge_us-east-1.csv
2024-12-18,0.33035902233656883,0.3144135188866799,0.359145129224652,2076.483451862469,6285.535770071851,17,A10G,aws,A10G,g5xlarge,us-east-1,3,C:\Users\FarhadBillimoria\OneDrive - Aurora Energy Research\Documents\Personal\Endog_demand_AI\pyai\data\original\prices\A10G\EC2_g5xlarge_us-east-1.csv
2024-12-19,0.3336393404280201,0.31729622266401586,0.36053677932405565,2097.1020085634996,6285.535770071851,17,A10G,aws,A10G,g5xlarge,us-east-1,3,C:\Users\FarhadBillimoria\OneDrive - Aurora Energy Research\Documents\Personal\Endog_demand_AI\pyai\data\original\prices\A10G\EC2_g5xlarge_us-east-1.csv
2024-12-20,0.3341871845847989,0.31530815109343935,0.3624254473161034,2100.545502607358,6285.535770071851,13,A10G,aws,A10G,g5xlarge,us-east-1,3,C:\Users\FarhadBillimoria\OneDrive - Aurora Energy Research\Documents\Personal\Endog_demand_AI\pyai\data\original\prices\A10G\EC2_g5xlarge_us-east-1.csv
2024-12-21,0.33617425879505575,0.31829025844930414,0.36381709741550694,2113.0353286337145,6285.535770071851,23,A10G,aws,A10G,g5xlarge,us-east-1,3,C:\Users\FarhadBillimoria\OneDrive - Aurora Energy Research\Documents\Personal\Endog_demand_AI\pyai\data\original\prices\A10G\EC2_g5xlarge_us-east-1.csv
2024-12-22,0.33856858846918486,0.31968190854870776,0.365506958250497,2128.084973445798,6285.535770071851,17,A10G,aws,A10G,g5xlarge,us-east-1,3,C:\Users\FarhadBillimoria\OneDrive - Aurora Energy Research\Documents\Personal\Endog_demand_AI\pyai\data\original\prices\A10G\EC2_g5xlarge_us-east-1.csv
2024-12-23,0.3343439363817097,0.323558648111332,0.3570576540755467,2101.530771633864,6285.535770071851,18,A10G,aws,A10G,g5xlarge,us-east-1,3,C:\Users\FarhadBillimoria\OneDrive - Aurora Energy Research\Documents\Personal\Endog_demand_AI\pyai\data\original\prices\A10G\EC2_g5xlarge_us-east-1.csv
2024-12-24,0.33406063618290255,0.32306163021868783,0.3573558648111332,2099.7500781005933,6285.535770071851,20,A10G,aws,A10G,g5xlarge,us-east-1,3,C:\Users\FarhadBillimoria\OneDrive - Aurora Energy Research\Documents\Personal\Endog_demand_AI\pyai\data\original\prices\A10G\EC2_g5xlarge_us-east-1.csv
2024-12-25,0.33472912524850895,0.325844930417495,0.3547713717693837,2103.9518900343637,6285.535770071851,16,A10G,aws,A10G,g5xlarge,us-east-1,3,C:\Users\FarhadBillimoria\OneDrive - Aurora Energy Research\Documents\Personal\Endog_demand_AI\pyai\data\original\prices\A10G\EC2_g5xlarge_us-east-1.csv
2024-12-26,0.33531588248288047,0.32385685884691845,0.35248508946322066,2107.6399736193544,6285.535770071851,18,A10G,aws,A10G,g5xlarge,us-east-1,3,C:\Users\FarhadBillimoria\OneDrive - Aurora Energy Research\Documents\Personal\Endog_demand_AI\pyai\data\original\prices\A10G\EC2_g5xlarge_us-east-1.csv
2024-12-27,0.33901882820722723,0.32634194831013913,0.3548707753479125,2130.914971424371,6285.535770071851,17,A10G,aws,A10G,g5xlarge,us-east-1,3,C:\Users\FarhadBillimoria\OneDrive - Aurora Energy Research\Documents\Personal\Endog_demand_AI\pyai\data\original\prices\A10G\EC2_g5xlarge_us-east-1.csv
2024-12-28,0.33960850282917876,0.3262425447316103,0.3577534791252485,2134.6213923533505,6285.535770071851,13,A10G,aws,A10G,g5xlarge,us-east-1,3,C:\Users\FarhadBillimoria\OneDrive - Aurora Energy Research\Documents\Personal\Endog_demand_AI\pyai\data\original\prices\A10G\EC2_g5xlarge_us-east-1.csv
2024-12-29,0.3400485973050585,0.32683896620278324,0.3619284294234592,2137.387621923704,6285.535770071851,18,A10G,aws,A10G,g5xlarge,us-east-1,3,C:\Users\FarhadBillimoria\OneDrive - Aurora Energy Research\Documents\Personal\Endog_demand_AI\pyai\data\original\prices\A10G\EC2_g5xlarge_us-east-1.csv
2024-12-30,0.3446789849140451,0.32813121272365803,0.3641153081510934,2166.492088869287,6285.535770071851,17,A10G,aws,A10G,g5xlarge,us-east-1,3,C:\Users\FarhadBillimoria\OneDrive - Aurora Energy Research\Documents\Personal\Endog_demand_AI\pyai\data\original\prices\A10G\EC2_g5xlarge_us-east-1.csv
2024-12-31,0.3456576331484776,0.32922465208747514,0.36640159045725645,2172.6434173531293,6285.535770071851,19,A10G,aws,A10G,g5xlarge,us-east-1,3,C:\Users\FarhadBillimoria\OneDrive - Aurora Energy Research\Documents\Personal\Endog_demand_AI\pyai\data\original\prices\A10G\EC2_g5xlarge_us-east-1.csv
2025-01-01,0.3458542860484154,0.32534791252485085,0.36580516898608345,2173.879486189977,6285.535770071851,17,A10G,aws,A10G,g5xlarge,us-east-1,3,C:\Users\FarhadBillimoria\OneDrive - Aurora Energy Research\Documents\Personal\Endog_demand_AI\pyai\data\original\prices\A10G\EC2_g5xlarge_us-east-1.csv
2025-01-02,0.3477634194831014,0.32922465208747514,0.36739562624254474,2185.879412683536,6285.535770071851,18,A10G,aws,A10G,g5xlarge,us-east-1,3,C:\Users\FarhadBillimoria\OneDrive - Aurora Energy Research\Documents\Personal\Endog_demand_AI\pyai\data\original\prices\A10G\EC2_g5xlarge_us-east-1.csv
2025-01-03,0.35338524409100946,0.33051689860834993,0.3720675944333996,2221.215592349612,6285.535770071851,18,A10G,aws,A10G,g5xlarge,us-east-1,3,C:\Users\FarhadBillimoria\OneDrive - Aurora Energy Research\Documents\Personal\Endog_demand_AI\pyai\data\original\prices\A10G\EC2_g5xlarge_us-east-1.csv
2025-01-04,0.35432697930066653,0.3318091451292246,0.3686878727634194,2227.134902695848,6285.535770071851,17,A10G,aws,A10G,g5xlarge,us-east-1,3,C:\Users\FarhadBillimoria\OneDrive - Aurora Energy Research\Documents\Personal\Endog_demand_AI\pyai\data\original\prices\A10G\EC2_g5xlarge_us-east-1.csv
2025-01-05,0.35848480545299627,0.3314115308151093,0.37316103379721666,2253.269067702057,6285.535770071851,14,A10G,aws,A10G,g5xlarge,us-east-1,3,C:\Users\FarhadBillimoria\OneDrive - Aurora Energy Research\Documents\Personal\Endog_demand_AI\pyai\data\original\prices\A10G\EC2_g5xlarge_us-east-1.csv
2025-01-06,0.3571023856858847,0.3329025844930417,0.37852882703777335,2244.5798188066224,6285.535770071851,20,A10G,aws,A10G,g5xlarge,us-east-1,3,C:\Users\FarhadBillimoria\OneDrive - Aurora Energy Research\Documents\Personal\Endog_demand_AI\pyai\data\original\prices\A10G\EC2_g5xlarge_us-east-1.csv
2025-01-07,0.35548139733030387,0.32942345924453276,0.3779324055666003,2234.391038514749,6285.535770071852,21,A10G,aws,A10G,g5xlarge,us-east-1,3,C:\Users\FarhadBillimoria\OneDrive - Aurora Energy Research\Documents\Personal\Endog_demand_AI\pyai\data\original\prices\A10G\EC2_g5xlarge_us-east-1.csv
2025-01-08,0.35278330019880716,0.32803180914512925,0.3722664015904572,2217.4320524835985,6285.535770071851,19,A10G,aws,A10G,g5xlarge,us-east-1,3,C:\Users\FarhadBillimoria\OneDrive - Aurora Energy Research\Documents\Personal\Endog_demand_AI\pyai\data\original\prices\A10G\EC2_g5xlarge_us-east-1.csv
2025-01-09,0.3520488182018997,0.3288270377733598,0.3759443339960238,2212.8154396195628,6285.535770071851,18,A10G,aws,A10G,g5xlarge,us-east-1,3,C:\Users\FarhadBillimoria\OneDrive - Aurora Energy Research\Documents\Personal\Endog_demand_AI\pyai\data\original\prices\A10G\EC2_g5xlarge_us-east-1.csv
2025-01-10,0.3540441561159359,0.33091451292246515,0.37166998011928426,2225.3572074516183,6285.535770071851,19,A10G,aws,A10G,g5xlarge,us-east-1,3,C:\Users\FarhadBillimoria\OneDrive - Aurora Energy Research\Documents\Personal\Endog_demand_AI\pyai\data\original\prices\A10G\EC2_g5xlarge_us-east-1.csv
2025-01-11,0.35007952286282307,0.33121272365805166,0.36908548707753475,2200.4373633239607,6285.535770071851,15,A10G,aws,A10G,g5xlarge,us-east-1,3,C:\Users\FarhadBillimoria\OneDrive - Aurora Energy Research\Documents\Personal\Endog_demand_AI\pyai\data\original\prices\A10G\EC2_g5xlarge_us-east-1.csv
2025-01-12,0.35189913152662966,0.33508946322067595,0.36759443339960235,2211.8745786678496,6285.535770071851,19,A10G,aws,A10G,g5xlarge,us-east-1,3,C:\Users\FarhadBillimoria\OneDrive - Aurora Energy Research\Documents\Personal\Endog_demand_AI\pyai\data\original\prices\A10G\EC2_g5xlarge_us-east-1.csv
2025-01-13,0.35293532920126297,0.33479125248508945,0.36689860834990057,2218.387636216623,6285.535770071851,17,A10G,aws,A10G,g5xlarge,us-east-1,3,C:\Users\FarhadBillimoria\OneDrive - Aurora Energy Research\Documents\Personal\Endog_demand_AI\pyai\data\original\prices\A10G\EC2_g5xlarge_us-east-1.csv
2025-01-14,0.3502705986304396,0.331610337972167,0.36610337972166995,2201.638376896108,6285.535770071851,18,A10G,aws,A10G,g5xlarge,us-east-1,3,C:\Users\FarhadBillimoria\OneDrive - Aurora Energy Research\Documents\Personal\Endog_demand_AI\pyai\data\original\prices\A10G\EC2_g5xlarge_us-east-1.csv
2025-01-15,0.3530086149768058,0.33101391650099404,0.3633200795228628,2218.8482765802346,6285.535770071851,15,A10G,aws,A10G,g5xlarge,us-east-1,3,C:\Users\FarhadBillimoria\OneDrive - Aurora Energy Research\Documents\Personal\Endog_demand_AI\pyai\data\original\prices\A10G\EC2_g5xlarge_us-east-1.csv
2025-01-16,0.3456471696138956,0.3272365805168986,0.3633200795228628,2172.5776484322328,6285.535770071851,19,A10G,aws,A10G,g5xlarge,us-east-1,3,C:\Users\FarhadBillimoria\OneDrive - Aurora Energy Research\Documents\Personal\Endog_demand_AI\pyai\data\original\prices\A10G\EC2_g5xlarge_us-east-1.csv
2025-01-17,0.3478193339960238,0.32266401590457255,0.3667992047713717,2186.230865354576,6285.535770071851,16,A10G,aws,A10G,g5xlarge,us-east-1,3,C:\Users\FarhadBillimoria\OneDrive - Aurora Energy Research\Documents\Personal\Endog_demand_AI\pyai\data\original\prices\A10G\EC2_g5xlarge_us-east-1.csv
2025-01-18,0.34915214594784233,0.3199801192842942,0.3698807157057653,2194.608302552511,6285.535770071851,17,A10G,aws,A10G,g5xlarge,us-east-1,3,C:\Users\FarhadBillimoria\OneDrive - Aurora Energy Research\Documents\Personal\Endog_demand_AI\pyai\data\original\prices\A10G\EC2_g5xlarge_us-east-1.csv
2025-01-19,0.3465325692901415,0.3201789264413519,0.3721669980119284,2178.1428597680865,6285.535770071851,17,A10G,aws,A10G,g5xlarge,us-east-1,3,C:\Users\FarhadBillimoria\OneDrive - Aurora Energy Research\Documents\Personal\Endog_demand_AI\pyai\data\original\prices\A10G\EC2_g5xlarge_us-east-1.csv
2025-01-20,0.34640490390987405,0.3194831013916501,0.37584493041749495,2177.3404144538163,6285.535770071851,18,A10G,aws,A10G,g5xlarge,us-east-1,3,C:\Users\FarhadBillimoria\OneDrive - Aurora Energy Research\Documents\Personal\Endog_demand_AI\pyai\data\original\prices\A10G\EC2_g5xlarge_us-east-1.csv
2025-01-21,0.34926689860834986,0.3209741550695825,0.37693836978131207,2195.3295845048415,6285.535770071851,16,A10G,aws,A10G,g5xlarge,us-east-1,3,C:\Users\FarhadBillimoria\OneDrive - Aurora Energy Research\Documents\Personal\Endog_demand_AI\pyai\data\original\prices\A10G\EC2_g5xlarge_us-east-1.csv
2025-01-22,0.3506696662132468,0.3184890656063618,0.37564612326043734,2204.1467304625194,6285.535770071851,19,A10G,aws,A10G,g5xlarge,us-east-1,3,C:\Users\FarhadBillimoria\OneDrive - Aurora Energy Research\Documents\Personal\Endog_demand_AI\pyai\data\original\prices\A10G\EC2_g5xlarge_us-east-1.csv
2025-01-23,0.3428031809145129,0.31958250497017887,0.3694831013916501,2154.7016557325833,6285.535770071851,20,A10G,aws,A10G,g5xlarge,us-east-1,3,C:\Users\FarhadBillimoria\OneDrive - Aurora Energy Research\Documents\Personal\Endog_demand_AI\pyai\data\original\prices\A10G\EC2_g5xlarge_us-east-1.csv
2025-01-24,0.34319706759443336,0.323558648111332,0.3669980119284294,2157.177444548578,6285.535770071851,16,A10G,aws,A10G,g5xlarge,us-east-1,3,C:\Users\FarhadBillimoria\OneDrive - Aurora Energy Research\Documents\Personal\Endog_demand_AI\pyai\data\original\prices\A10G\EC2_g5xlarge_us-east-1.csv
2025-01-25,0.34324640392936495,0.32007952286282304,0.3679920477137177,2157.487549846555,6285.535770071851,17,A10G,aws,A10G,g5xlarge,us-east-1,3,C:\Users\FarhadBillimoria\OneDrive - Aurora Energy Research\Documents\Personal\Endog_demand_AI\pyai\data\original\prices\A10G\EC2_g5xlarge_us-east-1.csv
2025-01-26,0.33600397614314115,0.31093439363817094,0.36133200795228626,2111.965010934083,6285.535770071851,20,A10G,aws,A10G,g5xlarge,us-east-1,3,C:\Users\FarhadBillimoria\OneDrive - Aurora Energy Research\Documents\Personal\Endog_demand_AI\pyai\data\original\prices\A10G\EC2_g5xlarge_us-east-1.csv
2025-01-27,0.33195040284608135,0.3067594433399602,0.3691848906560636,2086.4861309788057,6285.535770071851,19,A10G,aws,A10G,g5xlarge,us-east-1,3,C:\Users\FarhadBillimoria\OneDrive - Aurora Energy Research\Documents\Personal\Endog_demand_AI\pyai\data\original\prices\A10G\EC2_g5xlarge_us-east-1.csv
2025-01-28,0.3389837445912759,0.30765407554671964,0.372365805168986,2130.6944521013647,6285.535770071851,17,A10G,aws,A10G,g5xlarge,us-east-1,3,C:\Users\FarhadBillimoria\OneDrive - Aurora Energy Research\Documents\Personal\Endog_demand_AI\pyai\data\original\prices\A10G\EC2_g5xlarge_us-east-1.csv
2025-01-29,0.3363209631102275,0.31272365805168983,0.3791252485089463,2113.9574438543505,6285.535770071851,18,A10G,aws,A10G,g5xlarge,us-east-1,3,C:\Users\FarhadBillimoria\OneDrive - Aurora Energy Research\Documents\Personal\Endog_demand_AI\pyai\data\original\prices\A10G\EC2_g5xlarge_us-east-1.csv
2025-01-30,0.3341406108801735,0.3129224652087475,0.3815109343936381,2100.25276192099,6285.535770071851,11,A10G,aws,A10G,g5xlarge,us-east-1,3,C:\Users\FarhadBillimoria\OneDrive - Aurora Energy Research\Documents\Personal\Endog_demand_AI\pyai\data\original\prices\A10G\EC2_g5xlarge_us-east-1.csv
2025-01-31,0.33490390987408875,0.31272365805168983,0.38170974155069576,2105.0505050505044,6285.535770071851,15,A10G,aws,A10G,g5xlarge,us-east-1,3,C:\Users\FarhadBillimoria\OneDrive - Aurora Energy Research\Documents\Personal\Endog_demand_AI\pyai\data\original\prices\A10G\EC2_g5xlarge_us-east-1.csv
2025-02-01,0.3370482984446263,0.3169980119284294,0.3766401590457256,2118.5291361155514,6285.535770071851,17,A10G,aws,A10G,g5xlarge,us-east-1,3,C:\Users\FarhadBillimoria\OneDrive - Aurora Energy Research\Documents\Personal\Endog_demand_AI\pyai\data\original\prices\A10G\EC2_g5xlarge_us-east-1.csv
2025-02-02,0.3450298210735587,0.3174950298210735,0.3718687872763419,2168.6972820993433,6285.535770071851,12,A10G,aws,A10G,g5xlarge,us-east-1,3,C:\Users\FarhadBillimoria\OneDrive - Aurora Energy Research\Documents\Personal\Endog_demand_AI\pyai\data\original\prices\A10G\EC2_g5xlarge_us-east-1.csv
2025-02-03,0.33372075240862514,0.3138170974155069,0.3644135188866799,2097.6137264797053,6285.535770071851,13,A10G,aws,A10G,g5xlarge,us-east-1,3,C:\Users\FarhadBillimoria\OneDrive - Aurora Energy Research\Documents\Personal\Endog_demand_AI\pyai\data\original\prices\A10G\EC2_g5xlarge_us-east-1.csv
2025-02-04,0.3407095886221135,0.3113320079522862,0.3645129224652087,2141.5423064907595,6285.535770071851,13,A10G,aws,A10G,g5xlarge,us-east-1,3,C:\Users\FarhadBillimoria\OneDrive - Aurora Energy Research\Documents\Personal\Endog_demand_AI\pyai\data\original\prices\A10G\EC2_g5xlarge_us-east-1.csv
2025-02-05,0.3394135188866799,0.31272365805168983,0.3628230616302187,2133.3958138081844,6285.535770071851,16,A10G,aws,A10G,g5xlarge,us-east-1,3,C:\Users\FarhadBillimoria\OneDrive - Aurora Energy Research\Documents\Personal\Endog_demand_AI\pyai\data\original\prices\A10G\EC2_g5xlarge_us-east-1.csv
2025-02-06,0.33920366688756354,0.31023856858846915,0.36023856858846914,2132.076781561317,6285.535770071851,18,A10G,aws,A10G,g5xlarge,us-east-1,3,C:\Users\FarhadBillimoria\OneDrive - Aurora Energy Research\Documents\Personal\Endog_demand_AI\pyai\data\original\prices\A10G\EC2_g5xlarge_us-east-1.csv
2025-02-07,0.33737574552683897,0.3083499005964214,0.36133200795228626,2120.5873164636046,6285.535770071851,19,A10G,aws,A10G,g5xlarge,us-east-1,3,C:\Users\FarhadBillimoria\OneDrive - Aurora Energy Research\Documents\Personal\Endog_demand_AI\pyai\data\original\prices\A10G\EC2_g5xlarge_us-east-1.csv
2025-02-08,0.3405218687872763,0.3191848906560636,0.35904572564612325,2140.3623867541387,6285.535770071851,20,A10G,aws,A10G,g5xlarge,us-east-1,3,C:\Users\FarhadBillimoria\OneDrive - Aurora Energy Research\Documents\Personal\Endog_demand_AI\pyai\data\original\prices\A10G\EC2_g5xlarge_us-east-1.csv
2025-02-09,0.34109627946606075,0.31759443339960236,0.359145129224652,2143.9728656223497,6285.535770071851,14,A10G,aws,A10G,g5xlarge,us-east-1,3,C:\Users\FarhadBillimoria\OneDrive - Aurora Energy Research\Documents\Personal\Endog_demand_AI\pyai\data\original\prices\A10G\EC2_g5xlarge_us-east-1.csv
2025-02-10,0.3412995709950821,0.31421471172962223,0.35805168986083497,2145.250661799766,6285.535770071851,19,A10G,aws,A10G,g5xlarge,us-east-1,3,C:\Users\FarhadBillimoria\OneDrive - Aurora Energy Research\Documents\Personal\Endog_demand_AI\pyai\data\original\prices\A10G\EC2_g5xlarge_us-east-1.csv
2025-02-11,0.34309437492690914,0.3178926441351888,0.36371769383697805,2156.5319661135304,6285.535770071851,17,A10G,aws,A10G,g5xlarge,us-east-1,3,C:\Users\FarhadBillimoria\OneDrive - Aurora Energy Research\Documents\Personal\Endog_demand_AI\pyai\data\original\prices\A10G\EC2_g5xlarge_us-east-1.csv
2025-02-12,0.34519354461466495,0.318389662027833,0.36500994035785284,2169.72637227337,6285.535770071851,17,A10G,aws,A10G,g5xlarge,us-east-1,3,C:\Users\FarhadBillimoria\OneDrive - Aurora Energy Research\Documents\Personal\Endog_demand_AI\pyai\data\original\prices\A10G\EC2_g5xlarge_us-east-1.csv
2025-02-13,0.34069582504970175,0.31709741550695825,0.36540755467196817,2141.455795064042,6285.535770071851,15,A10G,aws,A10G,g5xlarge,us-east-1,3,C:\Users\FarhadBillimoria\OneDrive - Aurora Energy Research\Documents\Personal\Endog_demand_AI\pyai\data\original\prices\A10G\EC2_g5xlarge_us-east-1.csv
2025-02-14,0.344955268389662,0.3159045725646123,0.36729622266401585,2168.2286785379565,6285.535770071851,16,A10G,aws,A10G,g5xlarge,us-east-1,3,C:\Users\FarhadBillimoria\OneDrive - Aurora Energy Research\Documents\Personal\Endog_demand_AI\pyai\data\original\prices\A10G\EC2_g5xlarge_us-east-1.csv
2025-02-15,0.34569056250730906,0.31610337972166996,0.3707753479125248,2172.8503960159505,6285.535770071851,17,A10G,aws,A10G,g5xlarge,us-east-1,3,C:\Users\FarhadBillimoria\OneDrive - Aurora Energy Research\Documents\Personal\Endog_demand_AI\pyai\data\original\prices\A10G\EC2_g5xlarge_us-east-1.csv
2025-02-16,0.3465591068970791,0.3147117296222664,0.3722664015904572,2178.309662845745,6285.535770071851,13,A10G,aws,A10G,g5xlarge,us-east-1,3,C:\Users\FarhadBillimoria\OneDrive - Aurora Energy Research\Documents\Personal\Endog_demand_AI\pyai\data\original\prices\A10G\EC2_g5xlarge_us-east-1.csv
2025-02-17,0.3425060746631323,0.3118290258449304,0.3721669980119284,2152.8341837620183,6285.535770071851,18,A10G,aws,A10G,g5xlarge,us-east-1,3,C:\Users\FarhadBillimoria\OneDrive - Aurora Energy Research\Documents\Personal\Endog_demand_AI\pyai\data\original\prices\A10G\EC2_g5xlarge_us-east-1.csv
2025-02-18,0.33776166530230384,0.31073558648111327,0.3688866799204771,2123.013029016667,6285.535770071851,17,A10G,aws,A10G,g5xlarge,us-east-1,3,C:\Users\FarhadBillimoria\OneDrive - Aurora Energy Research\Documents\Personal\Endog_demand_AI\pyai\data\original\prices\A10G\EC2_g5xlarge_us-east-1.csv
2025-02-19,0.3381643472498343,0.31093439363817094,0.36620278330019873,2125.5441008018324,6285.535770071851,15,A10G,aws,A10G,g5xlarge,us-east-1,3,C:\Users\FarhadBillimoria\OneDrive - Aurora Energy Research\Documents\Personal\Endog_demand_AI\pyai\data\original\prices\A10G\EC2_g5xlarge_us-east-1.csv
2025-02-20,0.3374693018360425,0.3094433399602386,0.36510934393638167,2121.1753679916196,6285.535770071851,17,A10G,aws,A10G,g5xlarge,us-east-1,3,C:\Users\FarhadBillimoria\OneDrive - Aurora Energy Research\Documents\Personal\Endog_demand_AI\pyai\data\original\prices\A10G\EC2_g5xlarge_us-east-1.csv
2025-02-21,0.33542080848243866,0.3095427435387674,0.3589463220675944,2108.299489742788,6285.535770071851,18,A10G,aws,A10G,g5xlarge,us-east-1,3,C:\Users\FarhadBillimoria\OneDrive - Aurora Energy Research\Documents\Personal\Endog_demand_AI\pyai\data\original\prices\A10G\EC2_g5xlarge_us-east-1.csv
2025-02-22,0.3386395910252769,0.31431411530815107,0.3575546719681908,2128.5312625518804,6285.535770071851,14,A10G,aws,A10G,g5xlarge,us-east-1,3,C:\Users\FarhadBillimoria\OneDrive - Aurora Energy Research\Documents\Personal\Endog_demand_AI\pyai\data\original\prices\A10G\EC2_g5xlarge_us-east-1.csv
2025-02-23,0.3362247567228209,0.31650099403578524,0.35447316103379717,2113.3527351649973,6285.535770071851,19,A10G,aws,A10G,g5xlarge,us-east-1,3,C:\Users\FarhadBillimoria\OneDrive - Aurora Energy Research\Documents\Personal\Endog_demand_AI\pyai\data\original\prices\A10G\EC2_g5xlarge_us-east-1.csv
2025-02-24,0.3361900028401022,0.3204771371769384,0.35009940357852887,2113.1342883920197,6285.535770071851,14,A10G,aws,A10G,g5xlarge,us-east-1,3,C:\Users\FarhadBillimoria\OneDrive - Aurora Energy Research\Documents\Personal\Endog_demand_AI\pyai\data\original\prices\A10G\EC2_g5xlarge_us-east-1.csv
2025-02-25,0.3373348146415624,0.32335984095427434,0.3521868787276342,2120.330043920098,6285.535770071851,17,A10G,aws,A10G,g5xlarge,us-east-1,3,C:\Users\FarhadBillimoria\OneDrive - Aurora Energy Research\Documents\Personal\Endog_demand_AI\pyai\data\original\prices\A10G\EC2_g5xlarge_us-east-1.csv
2025-02-26,0.33499005964214706,0.32296222664015906,0.34940357852882703,2105.5920024992183,6285.535770071851,15,A10G,aws,A10G,g5xlarge,us-east-1,3,C:\Users\FarhadBillimoria\OneDrive - Aurora Energy Research\Documents\Personal\Endog_demand_AI\pyai\data\original\prices\A10G\EC2_g5xlarge_us-east-1.csv
2025-02-27,0.3335255135851557,0.32385685884691845,0.3480119284294234,2096.3865458710816,6285.535770071851,15,A10G,aws,A10G,g5xlarge,us-east-1,3,C:\Users\FarhadBillimoria\OneDrive - Aurora Energy Research\Documents\Personal\Endog_demand_AI\pyai\data\original\prices\A10G\EC2_g5xlarge_us-east-1.csv
2025-02-28,0.33327179778472027,0.32306163021868783,0.3491053677932406,2094.791806132012,6285.535770071851,14,A10G,aws,A10G,g5xlarge,us-east-1,3,C:\Users\FarhadBillimoria\OneDrive - Aurora Energy Research\Documents\Personal\Endog_demand_AI\pyai\data\original\prices\A10G\EC2_g5xlarge_us-east-1.csv
2025-03-01,0.3334493041749503,0.3214711729622266,0.3481113320079523,2095.907528897219,6285.535770071851,16,A10G,aws,A10G,g5xlarge,us-east-1,3,C:\Users\FarhadBillimoria\OneDrive - Aurora Energy Research\Documents\Personal\Endog_demand_AI\pyai\data\original\prices\A10G\EC2_g5xlarge_us-east-1.csv
2025-03-02,0.3330815109343936,0.3191848906560636,0.3531809145129225,2093.5957513277094,6285.535770071851,15,A10G,aws,A10G,g5xlarge,us-east-1,3,C:\Users\FarhadBillimoria\OneDrive - Aurora Energy Research\Documents\Personal\Endog_demand_AI\pyai\data\original\prices\A10G\EC2_g5xlarge_us-east-1.csv
2025-03-03,0.3340755467196819,0.31809145129224653,0.3553677932405567,2099.8437988128703,6285.535770071851,15,A10G,aws,A10G,g5xlarge,us-east-1,3,C:\Users\FarhadBillimoria\OneDrive - Aurora Energy Research\Documents\Personal\Endog_demand_AI\pyai\data\original\prices\A10G\EC2_g5xlarge_us-east-1.csv
2025-03-04,0.333532140490391,0.3173956262425447,0.3535785288270377,2096.4281995209826,6285.535770071851,12,A10G,aws,A10G,g5xlarge,us-east-1,3,C:\Users\FarhadBillimoria\OneDrive - Aurora Energy Research\Documents\Personal\Endog_demand_AI\pyai\data\original\prices\A10G\EC2_g5xlarge_us-east-1.csv
2025-03-05,0.3343660260658272,0.3174950298210735,0.3502982107355865,2101.669617133534,6285.535770071851,18,A10G,aws,A10G,g5xlarge,us-east-1,3,C:\Users\FarhadBillimoria\OneDrive - Aurora Energy Research\Documents\Personal\Endog_demand_AI\pyai\data\original\prices\A10G\EC2_g5xlarge_us-east-1.csv
2025-03-06,0.3301126573889993,0.31858846918489064,0.3476143141153082,2074.9349161720293,6285.535770071851,15,A10G,aws,A10G,g5xlarge,us-east-1,3,C:\Users\FarhadBillimoria\OneDrive - Aurora Energy Research\Documents\Personal\Endog_demand_AI\pyai\data\original\prices\A10G\EC2_g5xlarge_us-east-1.csv
2025-03-07,0.3333118933458075,0.31878727634194826,0.34592445328031807,2095.043828215447,6285.535770071851,17,A10G,aws,A10G,g5xlarge,us-east-1,3,C:\Users\FarhadBillimoria\OneDrive - Aurora Energy Research\Documents\Personal\Endog_demand_AI\pyai\data\original\prices\A10G\EC2_g5xlarge_us-east-1.csv
2025-03-08,0.33236463571512104,0.3207753479125248,0.34582504970178923,2089.0898064942935,6285.535770071851,17,A10G,aws,A10G,g5xlarge,us-east-1,3,C:\Users\FarhadBillimoria\OneDrive - Aurora Energy Research\Documents\Personal\Endog_demand_AI\pyai\data\original\prices\A10G\EC2_g5xlarge_us-east-1.csv
2025-03-09,0.3314541323487646,0.32057654075546715,0.3452286282306163,2083.366805016289,6285.535770071851,14,A10G,aws,A10G,g5xlarge,us-east-1,3,C:\Users\FarhadBillimoria\OneDrive - Aurora Energy Research\Documents\Personal\Endog_demand_AI\pyai\data\original\prices\A10G\EC2_g5xlarge_us-east-1.csv
2025-03-10,0.3346732107355865,0.3204771371769384,0.3483101391650099,2103.6004373633236,6285.535770071851,16,A10G,aws,A10G,g5xlarge,us-east-1,3,C:\Users\FarhadBillimoria\OneDrive - Aurora Energy Research\Documents\Personal\Endog_demand_AI\pyai\data\original\prices\A10G\EC2_g5xlarge_us-east-1.csv
2025-03-11,0.33676178224769027,0.3203777335984095,0.35258449304174944,2116.7282283110053,6285.535770071851,17,A10G,aws,A10G,g5xlarge,us-east-1,3,C:\Users\FarhadBillimoria\OneDrive - Aurora Energy Research\Documents\Personal\Endog_demand_AI\pyai\data\original\prices\A10G\EC2_g5xlarge_us-east-1.csv
2025-03-12,0.3389662027833002,0.32206759443339955,0.35656063618290257,2130.584192439862,6285.535770071851,16,A10G,aws,A10G,g5xlarge,us-east-1,3,C:\Users\FarhadBillimoria\OneDrive - Aurora Energy Research\Documents\Personal\Endog_demand_AI\pyai\data\original\prices\A10G\EC2_g5xlarge_us-east-1.csv
2025-03-13,0.3433834493041749,0.32634194831013913,0.35815109343936374,2158.348953452046,6285.535770071851,16,A10G,aws,A10G,g5xlarge,us-east-1,3,C:\Users\FarhadBillimoria\OneDrive - Aurora Energy Research\Documents\Personal\Endog_demand_AI\pyai\data\original\prices\A10G\EC2_g5xlarge_us-east-1.csv
2025-03-14,0.34661443106069467,0.32902584493041753,0.35904572564612325,2178.6574048551,6285.535770071851,17,A10G,aws,A10G,g5xlarge,us-east-1,3,C:\Users\FarhadBillimoria\OneDrive - Aurora Energy Research\Documents\Personal\Endog_demand_AI\pyai\data\original\prices\A10G\EC2_g5xlarge_us-east-1.csv
2025-03-15,0.3482306163021869,0.3328031809145129,0.36123260437375737,2188.8159950015615,6285.535770071851,15,A10G,aws,A10G,g5xlarge,us-east-1,3,C:\Users\FarhadBillimoria\OneDrive - Aurora Energy Research\Documents\Personal\Endog_demand_AI\pyai\data\original\prices\A10G\EC2_g5xlarge_us-east-1.csv
2025-03-16,0.3525237464104263,0.3382703777335984,0.36491053677932406,2215.800617862473,6285.535770071851,18,A10G,aws,A10G,g5xlarge,us-east-1,3,C:\Users\FarhadBillimoria\OneDrive - Aurora Energy Research\Documents\Personal\Endog_demand_AI\pyai\data\original\prices\A10G\EC2_g5xlarge_us-east-1.csv
2025-03-17,0.35434890656063617,0.3429423459244533,0.3656063618290258,2227.2727272727266,6285.535770071851,16,A10G,aws,A10G,g5xlarge,us-east-1,3,C:\Users\FarhadBillimoria\OneDrive - Aurora Energy Research\Documents\Personal\Endog_demand_AI\pyai\data\original\prices\A10G\EC2_g5xlarge_us-east-1.csv
2025-03-18,0.3551627733598409,0.344234592445328,0.36461232604373756,2232.388316151202,6285.535770071851,16,A10G,aws,A10G,g5xlarge,us-east-1,3,C:\Users\FarhadBillimoria\OneDrive - Aurora Energy Research\Documents\Personal\Endog_demand_AI\pyai\data\original\prices\A10G\EC2_g5xlarge_us-east-1.csv
2025-03-19,0.354572564612326,0.34473161033797217,0.36351888667992044,2228.6785379568882,6285.535770071851,15,A10G,aws,A10G,g5xlarge,us-east-1,3,C:\Users\FarhadBillimoria\OneDrive - Aurora Energy Research\Documents\Personal\Endog_demand_AI\pyai\data\original\prices\A10G\EC2_g5xlarge_us-east-1.csv
2025-03-20,0.35323353993684947,0.3449304174950298,0.3631212723658051,2220.262050462171,6285.535770071851,17,A10G,aws,A10G,g5xlarge,us-east-1,3,C:\Users\FarhadBillimoria\OneDrive - Aurora Energy Research\Documents\Personal\Endog_demand_AI\pyai\data\original\prices\A10G\EC2_g5xlarge_us-east-1.csv
2025-03-21,0.3514969009472576,0.34045725646123265,0.35944333996023853,2209.34634397339,6285.535770071851,17,A10G,aws,A10G,g5xlarge,us-east-1,3,C:\Users\FarhadBillimoria\OneDrive - Aurora Energy Research\Documents\Personal\Endog_demand_AI\pyai\data\original\prices\A10G\EC2_g5xlarge_us-east-1.csv
2025-03-22,0.3502615883645495,0.3378727634194831,0.359741550695825,2201.5817425475584,6285.535770071851,19,A10G,aws,A10G,g5xlarge,us-east-1,3,C:\Users\FarhadBillimoria\OneDrive - Aurora Energy Research\Documents\Personal\Endog_demand_AI\pyai\data\original\prices\A10G\EC2_g5xlarge_us-east-1.csv
2025-03-23,0.34850273359840955,0.3358846918489065,0.3641153081510934,2190.5263980006243,6285.535770071851,16,A10G,aws,A10G,g5xlarge,us-east-1,3,C:\Users\FarhadBillimoria\OneDrive - Aurora Energy Research\Documents\Personal\Endog_demand_AI\pyai\data\original\prices\A10G\EC2_g5xlarge_us-east-1.csv
2025-03-24,0.3505379487779207,0.3349900596421471,0.3660039761431411,2203.3188158112353,6285.535770071851,17,A10G,aws,A10G,g5xlarge,us-east-1,3,C:\Users\FarhadBillimoria\OneDrive - Aurora Energy Research\Documents\Personal\Endog_demand_AI\pyai\data\original\prices\A10G\EC2_g5xlarge_us-east-1.csv
2025-03-25,0.3474652087475149,0.3354870775347913,0.36471172962226633,2184.0049984379875,6285.535770071851,16,A10G,aws,A10G,g5xlarge,us-east-1,3,C:\Users\FarhadBillimoria\OneDrive - Aurora Energy Research\Documents\Personal\Endog_demand_AI\pyai\data\original\prices\A10G\EC2_g5xlarge_us-east-1.csv
2025-03-26,0.34967039866066757,0.3383697813121272,0.3674950298210735,2197.8657985169107,6285.535770071851,19,A10G,aws,A10G,g5xlarge,us-east-1,3,C:\Users\FarhadBillimoria\OneDrive - Aurora Energy Research\Documents\Personal\Endog_demand_AI\pyai\data\original\prices\A10G\EC2_g5xlarge_us-east-1.csv
2025-03-27,0.3543266715496495,0.3399602385685885,0.37972166998011925,2227.132968315822,6285.535770071851,19,A10G,aws,A10G,g5xlarge,us-east-1,3,C:\Users\FarhadBillimoria\OneDrive - Aurora Energy Research\Documents\Personal\Endog_demand_AI\pyai\data\original\prices\A10G\EC2_g5xlarge_us-east-1.csv
2025-03-28,0.360542301745085,0.34045725646123265,0.38419483101391644,2266.201534242771,6285.535770071851,18,A10G,aws,A10G,g5xlarge,us-east-1,3,C:\Users\FarhadBillimoria\OneDrive - Aurora Energy Research\Documents\Personal\Endog_demand_AI\pyai\data\original\prices\A10G\EC2_g5xlarge_us-east-1.csv
2025-03-29,0.36015573227302844,0.3417495029821073,0.38270377733598404,2263.7717379985415,6285.535770071851,18,A10G,aws,A10G,g5xlarge,us-east-1,3,C:\Users\FarhadBillimoria\OneDrive - Aurora Energy Research\Documents\Personal\Endog_demand_AI\pyai\data\original\prices\A10G\EC2_g5xlarge_us-east-1.csv
2025-03-30,0.35490805168986084,0.34314115308151094,0.37992047713717686,2230.7872539831296,6285.535770071851,16,A10G,aws,A10G,g5xlarge,us-east-1,3,C:\Users\FarhadBillimoria\OneDrive - Aurora Energy Research\Documents\Personal\Endog_demand_AI\pyai\data\original\prices\A10G\EC2_g5xlarge_us-east-1.csv
2025-03-31,0.37045820316198047,0.3467196819085487,0.38777335984095423,2328.5282872911735,6285.535770071852,21,A10G,aws,A10G,g5xlarge,us-east-1,3,C:\Users\FarhadBillimoria\OneDrive - Aurora Energy Research\Documents\Personal\Endog_demand_AI\pyai\data\original\prices\A10G\EC2_g5xlarge_us-east-1.csv
2025-04-01,0.36847337030448885,0.3485089463220676,0.38697813121272356,2316.0525493677956,6285.535770071851,19,A10G,aws,A10G,g5xlarge,us-east-1,3,C:\Users\FarhadBillimoria\OneDrive - Aurora Energy Research\Documents\Personal\Endog_demand_AI\pyai\data\original\prices\A10G\EC2_g5xlarge_us-east-1.csv
2025-04-02,0.3668654738237243,0.34572564612326045,0.38846918489065596,2305.946058523378,6285.535770071852,21,A10G,aws,A10G,g5xlarge,us-east-1,3,C:\Users\FarhadBillimoria\OneDrive - Aurora Energy Research\Documents\Personal\Endog_demand_AI\pyai\data\original\prices\A10G\EC2_g5xlarge_us-east-1.csv
2025-04-03,0.36771371769383693,0.34890656063618286,0.38966202783300197,2311.277725710715,6285.535770071851,15,A10G,aws,A10G,g5xlarge,us-east-1,3,C:\Users\FarhadBillimoria\OneDrive - Aurora Energy Research\Documents\Personal\Endog_demand_AI\pyai\data\original\prices\A10G\EC2_g5xlarge_us-east-1.csv
2025-04-04,0.3660426330903468,0.3464214711729622,0.38508946322067594,2300.774063660661,6285.535770071851,18,A10G,aws,A10G,g5xlarge,us-east-1,3,C:\Users\FarhadBillimoria\OneDrive - Aurora Energy Research\Documents\Personal\Endog_demand_AI\pyai\data\original\prices\A10G\EC2_g5xlarge_us-east-1.csv
2025-04-05,0.36644135188866794,0.3530815109343936,0.3832007952286282,2303.2802249297088,6285.535770071851,20,A10G,aws,A10G,g5xlarge,us-east-1,3,C:\Users\FarhadBillimoria\OneDrive - Aurora Energy Research\Documents\Personal\Endog_demand_AI\pyai\data\original\prices\A10G\EC2_g5xlarge_us-east-1.csv
2025-04-06,0.3664957622684943,0.35616302186878723,0.38648111332007945,2303.6222233183703,6285.535770071851,19,A10G,aws,A10G,g5xlarge,us-east-1,3,C:\Users\FarhadBillimoria\OneDrive - Aurora Energy Research\Documents\Personal\Endog_demand_AI\pyai\data\original\prices\A10G\EC2_g5xlarge_us-east-1.csv
2025-04-07,0.37096705481397324,0.3587475149105368,0.3952286282306163,2331.726692551434,6285.535770071851,14,A10G,aws,A10G,g5xlarge,us-east-1,3,C:\Users\FarhadBillimoria\OneDrive - Aurora Energy Research\Documents\Personal\Endog_demand_AI\pyai\data\original\prices\A10G\EC2_g5xlarge_us-east-1.csv
2025-04-08,0.3693174287607687,0.35666003976143135,0.3952286282306163,2321.357908986774,6285.535770071851,15,A10G,aws,A10G,g5xlarge,us-east-1,3,C:\Users\FarhadBillimoria\OneDrive - Aurora Energy Research\Documents\Personal\Endog_demand_AI\pyai\data\original\prices\A10G\EC2_g5xlarge_us-east-1.csv
2025-04-09,0.36565606361829023,0.3559642147117296,0.3915506958250496,2298.3442674164316,6285.535770071851,16,A10G,aws,A10G,g5xlarge,us-east-1,3,C:\Users\FarhadBillimoria\OneDrive - Aurora Energy Research\Documents\Personal\Endog_demand_AI\pyai\data\original\prices\A10G\EC2_g5xlarge_us-east-1.csv
2025-04-10,0.36500994035785284,0.35427435387673956,0.39115308151093436,2294.283036551077,6285.535770071851,19,A10G,aws,A10G,g5xlarge,us-east-1,3,C:\Users\FarhadBillimoria\OneDrive - Aurora Energy Research\Documents\Personal\Endog_demand_AI\pyai\data\original\prices\A10G\EC2_g5xlarge_us-east-1.csv
2025-04-11,0.3640159045725646,0.352882703777336,0.3919483101391649,2288.0349890659163,6285.535770071851,16,A10G,aws,A10G,g5xlarge,us-east-1,3,C:\Users\FarhadBillimoria\OneDrive - Aurora Energy Research\Documents\Personal\Endog_demand_AI\pyai\data\original\prices\A10G\EC2_g5xlarge_us-east-1.csv
2025-04-12,0.3692629934677648,0.35695825049701785,0.39502982107355855,2321.015754005444,6285.535770071851,14,A10G,aws,A10G,g5xlarge,us-east-1,3,C:\Users\FarhadBillimoria\OneDrive - Aurora Energy Research\Documents\Personal\Endog_demand_AI\pyai\data\original\prices\A10G\EC2_g5xlarge_us-east-1.csv
2025-04-13,0.3663283457151826,0.35427435387673956,0.3952286282306163,2302.5699205840274,6285.535770071851,19,A10G,aws,A10G,g5xlarge,us-east-1,3,C:\Users\FarhadBillimoria\OneDrive - Aurora Energy Research\Documents\Personal\Endog_demand_AI\pyai\data\original\prices\A10G\EC2_g5xlarge_us-east-1.csv
2025-04-14,0.36727413297989836,0.3504970178926441,0.39363817097415504,2308.5147002672766,6285.535770071851,18,A10G,aws,A10G,g5xlarge,us-east-1,3,C:\Users\FarhadBillimoria\OneDrive - Aurora Energy Research\Documents\Personal\Endog_demand_AI\pyai\data\original\prices\A10G\EC2_g5xlarge_us-east-1.csv
2025-04-15,0.3715237983861536,0.34980119284294237,0.4041749502982107,2335.2261241891315,6285.535770071851,17,A10G,aws,A10G,g5xlarge,us-east-1,3,C:\Users\FarhadBillimoria\OneDrive - Aurora Energy Research\Documents\Personal\Endog_demand_AI\pyai\data\original\prices\A10G\EC2_g5xlarge_us-east-1.csv
2025-04-16,0.3747619545882599,0.35,0.40775347912524845,2355.5796708265502,6285.535770071851,19,A10G,aws,A10G,g5xlarge,us-east-1,3,C:\Users\FarhadBillimoria\OneDrive - Aurora Energy Research\Documents\Personal\Endog_demand_AI\pyai\data\original\prices\A10G\EC2_g5xlarge_us-east-1.csv
2025-04-17,0.3736580516898608,0.35278330019880716,0.40864811133200796,2348.641049671977,6285.535770071851,16,A10G,aws,A10G,g5xlarge,us-east-1,3,C:\Users\FarhadBillimoria\OneDrive - Aurora Energy Research\Documents\Personal\Endog_demand_AI\pyai\data\original\prices\A10G\EC2_g5xlarge_us-east-1.csv
2025-04-18,0.38170352882703773,0.35497017892644134,0.42236580516898603,2399.2111840049974,6285.535770071851,16,A10G,aws,A10G,g5xlarge,us-east-1,3,C:\Users\FarhadBillimoria\OneDrive - Aurora Energy Research\Documents\Personal\Endog_demand_AI\pyai\data\original\prices\A10G\EC2_g5xlarge_us-east-1.csv
2025-04-19,0.39014549069221033,0.36123260437375737,0.4354870775347912,2452.273437278123,6285.535770071851,22,A10G,aws,A10G,g5xlarge,us-east-1,3,C:\Users\FarhadBillimoria\OneDrive - Aurora Energy Research\Documents\Personal\Endog_demand_AI\pyai\data\original\prices\A10G\EC2_g5xlarge_us-east-1.csv
2025-04-20,0.3869505191075767,0.35904572564612325,0.43230616302186875,2432.191329098545,6285.535770071851,18,A10G,aws,A10G,g5xlarge,us-east-1,3,C:\Users\FarhadBillimoria\OneDrive - Aurora Energy Research\Documents\Personal\Endog_demand_AI\pyai\data\original\prices\A10G\EC2_g5xlarge_us-east-1.csv
2025-04-21,0.38619336611907495,0.3586481113320079,0.42276341948310137,2427.4322169059,6285.535770071851,19,A10G,aws,A10G,g5xlarge,us-east-1,3,C:\Users\FarhadBillimoria\OneDrive - Aurora Energy Research\Documents\Personal\Endog_demand_AI\pyai\data\original\prices\A10G\EC2_g5xlarge_us-east-1.csv
2025-04-22,0.3815419980119284,0.3540755467196819,0.41769383697813117,2398.1958762886593,6285.535770071851,16,A10G,aws,A10G,g5xlarge,us-east-1,3,C:\Users\FarhadBillimoria\OneDrive - Aurora Energy Research\Documents\Personal\Endog_demand_AI\pyai\data\original\prices\A10G\EC2_g5xlarge_us-east-1.csv
2025-04-23,0.3831013916500993,0.35427435387673956,0.4162027833001988,2407.9975007810053,6285.535770071851,15,A10G,aws,A10G,g5xlarge,us-east-1,3,C:\Users\FarhadBillimoria\OneDrive - Aurora Energy Research\Documents\Personal\Endog_demand_AI\pyai\data\original\prices\A10G\EC2_g5xlarge_us-east-1.csv
2025-04-24,0.3786033797216699,0.35397614314115305,0.4148111332007952,2379.725085910652,6285.535770071851,16,A10G,aws,A10G,g5xlarge,us-east-1,3,C:\Users\FarhadBillimoria\OneDrive - Aurora Energy Research\Documents\Personal\Endog_demand_AI\pyai\data\original\prices\A10G\EC2_g5xlarge_us-east-1.csv
2025-04-25,0.3795111682844111,0.3536779324055666,0.41153081510934386,2385.4310233934243,6285.535770071851,17,A10G,aws,A10G,g5xlarge,us-east-1,3,C:\Users\FarhadBillimoria\OneDrive - Aurora Energy Research\Documents\Personal\Endog_demand_AI\pyai\data\original\prices\A10G\EC2_g5xlarge_us-east-1.csv
2025-04-26,0.3781864369339518,0.3550695825049701,0.41003976143141146,2377.1043771043765,6285.535770071851,18,A10G,aws,A10G,g5xlarge,us-east-1,3,C:\Users\FarhadBillimoria\OneDrive - Aurora Energy Research\Documents\Personal\Endog_demand_AI\pyai\data\original\prices\A10G\EC2_g5xlarge_us-east-1.csv
2025-04-27,0.3848488019252903,0.35984095427435386,0.4163021868787276,2418.980910570709,6285.535770071851,19,A10G,aws,A10G,g5xlarge,us-east-1,3,C:\Users\FarhadBillimoria\OneDrive - Aurora Energy Research\Documents\Personal\Endog_demand_AI\pyai\data\original\prices\A10G\EC2_g5xlarge_us-east-1.csv
2025-04-28,0.3886313696766767,0.3679920477137177,0.41868787276341946,2442.756375474769,6285.535770071851,19,A10G,aws,A10G,g5xlarge,us-east-1,3,C:\Users\FarhadBillimoria\OneDrive - Aurora Energy Research\Documents\Personal\Endog_demand_AI\pyai\data\original\prices\A10G\EC2_g5xlarge_us-east-1.csv
2025-04-29,0.39792909211398275,0.38538767395626233,0.4231610337972167,2501.197542434655,6285.535770071851,18,A10G,aws,A10G,g5xlarge,us-east-1,3,C:\Users\FarhadBillimoria\OneDrive - Aurora Energy Research\Documents\Personal\Endog_demand_AI\pyai\data\original\prices\A10G\EC2_g5xlarge_us-east-1.csv
2025-04-30,0.40118179810028715,0.38827037773359835,0.42127236580516897,2521.6425422610982,6285.535770071851,18,A10G,aws,A10G,g5xlarge,us-east-1,3,C:\Users\FarhadBillimoria\OneDrive - Aurora Energy Research\Documents\Personal\Endog_demand_AI\pyai\data\original\prices\A10G\EC2_g5xlarge_us-east-1.csv
2025-05-01,0.4001227926558297,0.38966202783300197,0.41968190854870774,2514.98612565926,6285.535770071851,17,A10G,aws,A10G,g5xlarge,us-east-1,3,C:\Users\FarhadBillimoria\OneDrive - Aurora Energy Research\Documents\Personal\Endog_demand_AI\pyai\data\original\prices\A10G\EC2_g5xlarge_us-east-1.csv
2025-05-02,0.4049854717846765,0.39413518886679916,0.42524850894632205,2545.550669262009,6285.535770071851,13,A10G,aws,A10G,g5xlarge,us-east-1,3,C:\Users\FarhadBillimoria\OneDrive - Aurora Energy Research\Documents\Personal\Endog_demand_AI\pyai\data\original\prices\A10G\EC2_g5xlarge_us-east-1.csv
2025-05-03,0.406378396288933,0.39483101391650094,0.42475149105367793,2554.3059460585227,6285.535770071851,18,A10G,aws,A10G,g5xlarge,us-east-1,3,C:\Users\FarhadBillimoria\OneDrive - Aurora Energy Research\Documents\Personal\Endog_demand_AI\pyai\data\original\prices\A10G\EC2_g5xlarge_us-east-1.csv
2025-05-04,0.4037165893527722,0.39453280318091444,0.42246520874751486,2537.5750633482585,6285.535770071851,18,A10G,aws,A10G,g5xlarge,us-east-1,3,C:\Users\FarhadBillimoria\OneDrive - Aurora Energy Research\Documents\Personal\Endog_demand_AI\pyai\data\original\prices\A10G\EC2_g5xlarge_us-east-1.csv
2025-05-05,0.40341480528593143,0.39234592445328026,0.42276341948310137,2535.678188801293,6285.535770071851,17,A10G,aws,A10G,g5xlarge,us-east-1,3,C:\Users\FarhadBillimoria\OneDrive - Aurora Energy Research\Documents\Personal\Endog_demand_AI\pyai\data\original\prices\A10G\EC2_g5xlarge_us-east-1.csv
2025-05-06,0.40282195714601277,0.3922465208747514,0.4150099403578528,2531.9518206116136,6285.535770071851,18,A10G,aws,A10G,g5xlarge,us-east-1,3,C:\Users\FarhadBillimoria\OneDrive - Aurora Energy Research\Documents\Personal\Endog_demand_AI\pyai\data\original\prices\A10G\EC2_g5xlarge_us-east-1.csv
2025-05-07,0.40323443951674565,0.39105367793240553,0.4148111332007952,2534.544493307379,6285.535770071851,13,A10G,aws,A10G,g5xlarge,us-east-1,3,C:\Users\FarhadBillimoria\OneDrive - Aurora Energy Research\Documents\Personal\Endog_demand_AI\pyai\data\original\prices\A10G\EC2_g5xlarge_us-east-1.csv
2025-05-08,0.4055373640509881,0.3916500994035785,0.41938369781312124,2549.0196078431363,6285.535770071851,17,A10G,aws,A10G,g5xlarge,us-east-1,3,C:\Users\FarhadBillimoria\OneDrive - Aurora Energy Research\Documents\Personal\Endog_demand_AI\pyai\data\original\prices\A10G\EC2_g5xlarge_us-east-1.csv
2025-05-09,0.4066401590457256,0.39453280318091444,0.4204771371769383,2555.9512652296153,6285.535770071851,15,A10G,aws,A10G,g5xlarge,us-east-1,3,C:\Users\FarhadBillimoria\OneDrive - Aurora Energy Research\Documents\Personal\Endog_demand_AI\pyai\data\original\prices\A10G\EC2_g5xlarge_us-east-1.csv
2025-05-10,0.406911862160371,0.3961232604373757,0.42087475149105363,2557.659064875559,6285.535770071851,15,A10G,aws,A10G,g5xlarge,us-east-1,3,C:\Users\FarhadBillimoria\OneDrive - Aurora Energy Research\Documents\Personal\Endog_demand_AI\pyai\data\original\prices\A10G\EC2_g5xlarge_us-east-1.csv
2025-05-11,0.4020079522862822,0.3946322067594433,0.41779324055666,2526.8353639487655,6285.535770071851,15,A10G,aws,A10G,g5xlarge,us-east-1,3,C:\Users\FarhadBillimoria\OneDrive - Aurora Energy Research\Documents\Personal\Endog_demand_AI\pyai\data\original\prices\A10G\EC2_g5xlarge_us-east-1.csv
2025-05-12,0.4122266401590457,0.4122266401590457,0.4122266401590457,2591.0652920962193,6285.535770071851,1,A10G,aws,A10G,g5xlarge,us-east-1,3,C:\Users\FarhadBillimoria\OneDrive - Aurora Energy Research\Documents\Personal\Endog_demand_AI\pyai\data\original\prices\A10G\EC2_g5xlarge_us-east-1.csv
2025-05-16,0.4106560636182902,0.39532803180914505,0.4245526838966202,2581.193377069665,6285.535770071851,5,A10G,aws,A10G,g5xlarge,us-east-1,3,C:\Users\FarhadBillimoria\OneDrive - Aurora Energy Research\Documents\Personal\Endog_demand_AI\pyai\data\original\prices\A10G\EC2_g5xlarge_us-east-1.csv
2025-05-17,0.41171208045842583,0.3954274353876739,0.4268389662027833,2587.831008692136,6285.535770071851,17,A10G,aws,A10G,g5xlarge,us-east-1,3,C:\Users\FarhadBillimoria\OneDrive - Aurora Energy Research\Documents\Personal\Endog_demand_AI\pyai\data\original\prices\A10G\EC2_g5xlarge_us-east-1.csv
2025-05-18,0.41261182902584487,0.3998011928429423,0.42793240556660034,2593.486410496719,6285.535770071851,16,A10G,aws,A10G,g5xlarge,us-east-1,3,C:\Users\FarhadBillimoria\OneDrive - Aurora Energy Research\Documents\Personal\Endog_demand_AI\pyai\data\original\prices\A10G\EC2_g5xlarge_us-east-1.csv
2025-05-19,0.41161033797216695,0.3958250497017892,0.43190854870775347,2587.1915026554193,6285.535770071851,15,A10G,aws,A10G,g5xlarge,us-east-1,3,C:\Users\FarhadBillimoria\OneDrive - Aurora Energy Research\Documents\Personal\Endog_demand_AI\pyai\data\original\prices\A10G\EC2_g5xlarge_us-east-1.csv
2025-05-20,0.40878574705612475,0.39771371769383695,0.42902584493041745,2569.437435416816,6285.535770071851,13,A10G,aws,A10G,g5xlarge,us-east-1,3,C:\Users\FarhadBillimoria\OneDrive - Aurora Energy Research\Documents\Personal\Endog_demand_AI\pyai\data\original\prices\A10G\EC2_g5xlarge_us-east-1.csv
2025-05-21,0.40525309680379257,0.39642147117296217,0.42495029821073554,2547.232835892629,6285.535770071851,13,A10G,aws,A10G,g5xlarge,us-east-1,3,C:\Users\FarhadBillimoria\OneDrive - Aurora Energy Research\Documents\Personal\Endog_demand_AI\pyai\data\original\prices\A10G\EC2_g5xlarge_us-east-1.csv
2025-05-22,0.40306163021868785,0.39502982107355855,0.42395626242544726,2533.458294283036,6285.535770071851,15,A10G,aws,A10G,g5xlarge,us-east-1,3,C:\Users\FarhadBillimoria\OneDrive - Aurora Energy Research\Documents\Personal\Endog_demand_AI\pyai\data\original\prices\A10G\EC2_g5xlarge_us-east-1.csv
2025-05-23,0.4040954274353876,0.39264413518886676,0.4228628230616302,2539.9562636676033,6285.535770071851,15,A10G,aws,A10G,g5xlarge,us-east-1,3,C:\Users\FarhadBillimoria\OneDrive - Aurora Energy Research\Documents\Personal\Endog_demand_AI\pyai\data\original\prices\A10G\EC2_g5xlarge_us-east-1.csv
2025-05-24,0.4025782803180914,0.38896620278330013,0.42017892644135185,2530.4201811933763,6285.535770071851,16,A10G,aws,A10G,g5xlarge,us-east-1,3,C:\Users\FarhadBillimoria\OneDrive - Aurora Energy Research\Documents\Personal\Endog_demand_AI\pyai\data\original\prices\A10G\EC2_g5xlarge_us-east-1.csv
2025-05-25,0.40578070041290715,0.3903578528827037,0.42544731610337966,2550.5491072501372,6285.535770071851,13,A10G,aws,A10G,g5xlarge,us-east-1,3,C:\Users\FarhadBillimoria\OneDrive - Aurora Energy Research\Documents\Personal\Endog_demand_AI\pyai\data\original\prices\A10G\EC2_g5xlarge_us-east-1.csv
2025-05-26,0.41326485531256896,0.3998011928429423,0.4283300198807157,2597.5910305807206,6285.535770071851,18,A10G,aws,A10G,g5xlarge,us-east-1,3,C:\Users\FarhadBillimoria\OneDrive - Aurora Energy Research\Documents\Personal\Endog_demand_AI\pyai\data\original\prices\A10G\EC2_g5xlarge_us-east-1.csv
2025-05-27,0.414307902584493,0.3998011928429423,0.42644135188866794,2604.147141518275,6285.535770071851,16,A10G,aws,A10G,g5xlarge,us-east-1,3,C:\Users\FarhadBillimoria\OneDrive - Aurora Energy Research\Documents\Personal\Endog_demand_AI\pyai\data\original\prices\A10G\EC2_g5xlarge_us-east-1.csv
2025-05-28,0.41959154165913604,0.4000994035785288,0.4263419483101391,2637.3576439180933,6285.535770071851,11,A10G,aws,A10G,g5xlarge,us-east-1,3,C:\Users\FarhadBillimoria\OneDrive - Aurora Energy Research\Documents\Personal\Endog_demand_AI\pyai\data\original\prices\A10G\EC2_g5xlarge_us-east-1.csv
2025-05-29,0.4183697813121272,0.40069582504970175,0.42803180914512917,2629.678225554513,6285.535770071851,15,A10G,aws,A10G,g5xlarge,us-east-1,3,C:\Users\FarhadBillimoria\OneDrive - Aurora Energy Research\Documents\Personal\Endog_demand_AI\pyai\data\original\prices\A10G\EC2_g5xlarge_us-east-1.csv
2025-05-30,0.4169336919658519,0.39652087475149095,0.4265407554671968,2620.651634599481,6285.535770071851,17,A10G,aws,A10G,g5xlarge,us-east-1,3,C:\Users\FarhadBillimoria\OneDrive - Aurora Energy Research\Documents\Personal\Endog_demand_AI\pyai\data\original\prices\A10G\EC2_g5xlarge_us-east-1.csv
2025-05-31,0.41633277259519796,0.39791252485089457,0.428727634194831,2616.874534400307,6285.535770071851,13,A10G,aws,A10G,g5xlarge,us-east-1,3,C:\Users\FarhadBillimoria\OneDrive - Aurora Energy Research\Documents\Personal\Endog_demand_AI\pyai\data\original\prices\A10G\EC2_g5xlarge_us-east-1.csv
2025-06-01,0.41404351667771144,0.3952286282306163,0.42673956262425444,2602.4853344440967,6285.535770071851,18,A10G,aws,A10G,g5xlarge,us-east-1,3,C:\Users\FarhadBillimoria\OneDrive - Aurora Energy Research\Documents\Personal\Endog_demand_AI\pyai\data\original\prices\A10G\EC2_g5xlarge_us-east-1.csv
2025-06-02,0.4148111332007952,0.3943339960238568,0.4270377733598409,2607.3102155576375,6285.535770071851,7,A10G,aws,A10G,g5xlarge,us-east-1,3,C:\Users\FarhadBillimoria\OneDrive - Aurora Energy Research\Documents\Personal\Endog_demand_AI\pyai\data\original\prices\A10G\EC2_g5xlarge_us-east-1.csv
2025-06-03,0.40990722332670637,0.3844930417495029,0.4284294234592445,2576.486514630844,6285.535770071851,18,A10G,aws,A10G,g5xlarge,us-east-1,3,C:\Users\FarhadBillimoria\OneDrive - Aurora Energy Research\Documents\Personal\Endog_demand_AI\pyai\data\original\prices\A10G\EC2_g5xlarge_us-east-1.csv
2025-06-04,0.4105158522548916,0.38578528827037767,0.4276341948310139,2580.312073529653,6285.535770071851,19,A10G,aws,A10G,g5xlarge,us-east-1,3,C:\Users\FarhadBillimoria\OneDrive - Aurora Energy Research\Documents\Personal\Endog_demand_AI\pyai\data\original\prices\A10G\EC2_g5xlarge_us-east-1.csv
2025-06-05,0.40984095427435385,0.3863817097415506,0.42475149105367793,2576.069978131833,6285.535770071851,18,A10G,aws,A10G,g5xlarge,us-east-1,3,C:\Users\FarhadBillimoria\OneDrive - Aurora Energy Research\Documents\Personal\Endog_demand_AI\pyai\data\original\prices\A10G\EC2_g5xlarge_us-east-1.csv
2025-06-06,0.4098036779324055,0.38677932405566595,0.42524850894632205,2575.8356763511397,6285.535770071851,16,A10G,aws,A10G,g5xlarge,us-east-1,3,C:\Users\FarhadBillimoria\OneDrive - Aurora Energy Research\Documents\Personal\Endog_demand_AI\pyai\data\original\prices\A10G\EC2_g5xlarge_us-east-1.csv
2025-06-07,0.40911033797216695,0.3803180914512922,0.4297216699801193,2571.4776632302396,6285.535770071851,20,A10G,aws,A10G,g5xlarge,us-east-1,3,C:\Users\FarhadBillimoria\OneDrive - Aurora Energy Research\Documents\Personal\Endog_demand_AI\pyai\data\original\prices\A10G\EC2_g5xlarge_us-east-1.csv
2025-06-08,0.41167114957314926,0.38499005964214705,0.4316103379721669,2587.573736148629,6285.535770071851,17,A10G,aws,A10G,g5xlarge,us-east-1,3,C:\Users\FarhadBillimoria\OneDrive - Aurora Energy Research\Documents\Personal\Endog_demand_AI\pyai\data\original\prices\A10G\EC2_g5xlarge_us-east-1.csv
2025-06-09,0.4082902584493041,0.38389662027832994,0.43180914512922464,2566.323024054982,6285.535770071851,15,A10G,aws,A10G,g5xlarge,us-east-1,3,C:\Users\FarhadBillimoria\OneDrive - Aurora Energy Research\Documents\Personal\Endog_demand_AI\pyai\data\original\prices\A10G\EC2_g5xlarge_us-east-1.csv
2025-06-10,0.4141981444665341,0.3863817097415506,0.43717693836978133,2603.4572529417883,6285.535770071851,18,A10G,aws,A10G,g5xlarge,us-east-1,3,C:\Users\FarhadBillimoria\OneDrive - Aurora Energy Research\Documents\Personal\Endog_demand_AI\pyai\data\original\prices\A10G\EC2_g5xlarge_us-east-1.csv
2025-06-11,0.4119008173183123,0.38121272365805164,0.4423459244532803,2589.0173209760833,6285.535770071851,18,A10G,aws,A10G,g5xlarge,us-east-1,3,C:\Users\FarhadBillimoria\OneDrive - Aurora Energy Research\Documents\Personal\Endog_demand_AI\pyai\data\original\prices\A10G\EC2_g5xlarge_us-east-1.csv
2025-06-12,0.4094980119284294,0.3789264413518886,0.44622266401590455,2573.9144017494523,6285.535770071851,20,A10G,aws,A10G,g5xlarge,us-east-1,3,C:\Users\FarhadBillimoria\OneDrive - Aurora Energy Research\Documents\Personal\Endog_demand_AI\pyai\data\original\prices\A10G\EC2_g5xlarge_us-east-1.csv
2025-06-13,0.40611332007952283,0.3759443339960238,0.44582504970178927,2552.63980006248,6285.535770071851,14,A10G,aws,A10G,g5xlarge,us-east-1,3,C:\Users\FarhadBillimoria\OneDrive - Aurora Energy Research\Documents\Personal\Endog_demand_AI\pyai\data\original\prices\A10G\EC2_g5xlarge_us-east-1.csv
2025-06-14,0.4069530187297269,0.36928429423459236,0.4486083499005964,2557.917755964418,6285.535770071851,19,A10G,aws,A10G,g5xlarge,us-east-1,3,C:\Users\FarhadBillimoria\OneDrive - Aurora Energy Research\Documents\Personal\Endog_demand_AI\pyai\data\original\prices\A10G\EC2_g5xlarge_us-east-1.csv
2025-06-15,0.4100713898427616,0.36610337972166995,0.4581510934393638,2577.518389139757,6285.535770071851,22,A10G,aws,A10G,g5xlarge,us-east-1,3,C:\Users\FarhadBillimoria\OneDrive - Aurora Energy Research\Documents\Personal\Endog_demand_AI\pyai\data\original\prices\A10G\EC2_g5xlarge_us-east-1.csv
2025-06-16,0.41639635868996544,0.3707753479125248,0.4625248508946322,2617.274207073447,6285.535770071851,19,A10G,aws,A10G,g5xlarge,us-east-1,3,C:\Users\FarhadBillimoria\OneDrive - Aurora Energy Research\Documents\Personal\Endog_demand_AI\pyai\data\original\prices\A10G\EC2_g5xlarge_us-east-1.csv
2025-06-17,0.41394789159778167,0.37415506958250494,0.46719681908548705,2601.8842795836817,6285.535770071851,19,A10G,aws,A10G,g5xlarge,us-east-1,3,C:\Users\FarhadBillimoria\OneDrive - Aurora Energy Research\Documents\Personal\Endog_demand_AI\pyai\data\original\prices\A10G\EC2_g5xlarge_us-east-1.csv
2025-06-18,0.42096918489065605,0.3734592445328031,0.48041749502982106,2646.0168697282093,6285.535770071851,20,A10G,aws,A10G,g5xlarge,us-east-1,3,C:\Users\FarhadBillimoria\OneDrive - Aurora Energy Research\Documents\Personal\Endog_demand_AI\pyai\data\original\prices\A10G\EC2_g5xlarge_us-east-1.csv
2025-06-19,0.41598533797216697,0.37296222664015893,0.4827037773359841,2614.6907216494837,6285.535770071851,16,A10G,aws,A10G,g5xlarge,us-east-1,3,C:\Users\FarhadBillimoria\OneDrive - Aurora Energy Research\Documents\Personal\Endog_demand_AI\pyai\data\original\prices\A10G\EC2_g5xlarge_us-east-1.csv
2025-06-20,0.4256753596070635,0.3688866799204771,0.4817097415506958,2675.5976992483957,6285.535770071851,17,A10G,aws,A10G,g5xlarge,us-east-1,3,C:\Users\FarhadBillimoria\OneDrive - Aurora Energy Research\Documents\Personal\Endog_demand_AI\pyai\data\original\prices\A10G\EC2_g5xlarge_us-east-1.csv
2025-06-21,0.42183216490530495,0.37027833001988064,0.4752485089463221,2651.4411614791425,6285.535770071851,19,A10G,aws,A10G,g5xlarge,us-east-1,3,C:\Users\FarhadBillimoria\OneDrive - Aurora Energy Research\Documents\Personal\Endog_demand_AI\pyai\data\original\prices\A10G\EC2_g5xlarge_us-east-1.csv
2025-06-22,0.41587475149105363,0.3708747514910536,0.45924453280318095,2613.99562636676,6285.535770071851,20,A10G,aws,A10G,g5xlarge,us-east-1,3,C:\Users\FarhadBillimoria\OneDrive - Aurora Energy Research\Documents\Personal\Endog_demand_AI\pyai\data\original\prices\A10G\EC2_g5xlarge_us-east-1.csv
2025-06-23,0.4103324497459686,0.3711729622266401,0.4395626242544731,2579.159290499496,6285.535770071851,18,A10G,aws,A10G,g5xlarge,us-east-1,3,C:\Users\FarhadBillimoria\OneDrive - Aurora Energy Research\Documents\Personal\Endog_demand_AI\pyai\data\original\prices\A10G\EC2_g5xlarge_us-east-1.csv
2025-06-24,0.4109460881768214,0.37604373757455267,0.4392644135188867,2583.016336806512,6285.535770071851,17,A10G,aws,A10G,g5xlarge,us-east-1,3,C:\Users\FarhadBillimoria\OneDrive - Aurora Energy Research\Documents\Personal\Endog_demand_AI\pyai\data\original\prices\A10G\EC2_g5xlarge_us-east-1.csv
2025-06-25,0.4087530373315661,0.37852882703777335,0.43787276341948306,2569.231837273074,6285.535770071851,18,A10G,aws,A10G,g5xlarge,us-east-1,3,C:\Users\FarhadBillimoria\OneDrive - Aurora Energy Research\Documents\Personal\Endog_demand_AI\pyai\data\original\prices\A10G\EC2_g5xlarge_us-east-1.csv
2025-06-26,0.4156999181382294,0.38170974155069576,0.4405566600397614,2612.896705073781,6285.535770071851,17,A10G,aws,A10G,g5xlarge,us-east-1,3,C:\Users\FarhadBillimoria\OneDrive - Aurora Energy Research\Documents\Personal\Endog_demand_AI\pyai\data\original\prices\A10G\EC2_g5xlarge_us-east-1.csv
2025-06-27,0.4080715705765407,0.38240556660039754,0.4440357852882703,2564.9484536082464,6285.535770071851,15,A10G,aws,A10G,g5xlarge,us-east-1,3,C:\Users\FarhadBillimoria\OneDrive - Aurora Energy Research\Documents\Personal\Endog_demand_AI\pyai\data\original\prices\A10G\EC2_g5xlarge_us-east-1.csv
2025-06-28,0.4162745747735807,0.38578528827037767,0.44433399602385687,2616.508729910791,6285.535770071851,18,A10G,aws,A10G,g5xlarge,us-east-1,3,C:\Users\FarhadBillimoria\OneDrive - Aurora Energy Research\Documents\Personal\Endog_demand_AI\pyai\data\original\prices\A10G\EC2_g5xlarge_us-east-1.csv
2025-06-29,0.41970901861557924,0.38946322067594424,0.452286282306163,2638.0960495299755,6285.535770071851,22,A10G,aws,A10G,g5xlarge,us-east-1,3,C:\Users\FarhadBillimoria\OneDrive - Aurora Energy Research\Documents\Personal\Endog_demand_AI\pyai\data\original\prices\A10G\EC2_g5xlarge_us-east-1.csv
2025-06-30,0.4272697150430748,0.39383697813121266,0.46192842942345924,2685.619077371654,6285.535770071851,18,A10G,aws,A10G,g5xlarge,us-east-1,3,C:\Users\FarhadBillimoria\OneDrive - Aurora Energy Research\Documents\Personal\Endog_demand_AI\pyai\data\original\prices\A10G\EC2_g5xlarge_us-east-1.csv
2025-07-01,0.4415308151093439,0.40546719681908544,0.47892644135188867,2775.257731958762,6285.535770071851,20,A10G,aws,A10G,g5xlarge,us-east-1,3,C:\Users\FarhadBillimoria\OneDrive - Aurora Energy Research\Documents\Personal\Endog_demand_AI\pyai\data\original\prices\A10G\EC2_g5xlarge_us-east-1.csv
2025-07-02,0.4383288504268506,0.41262425447316103,0.4818091451292247,2755.131668412444,6285.535770071851,17,A10G,aws,A10G,g5xlarge,us-east-1,3,C:\Users\FarhadBillimoria\OneDrive - Aurora Energy Research\Documents\Personal\Endog_demand_AI\pyai\data\original\prices\A10G\EC2_g5xlarge_us-east-1.csv
2025-07-03,0.4645004970178926,0.41958250497017885,0.5014910536779323,2919.6344892221173,6285.535770071851,16,A10G,aws,A10G,g5xlarge,us-east-1,3,C:\Users\FarhadBillimoria\OneDrive - Aurora Energy Research\Documents\Personal\Endog_demand_AI\pyai\data\original\prices\A10G\EC2_g5xlarge_us-east-1.csv
2025-07-04,0.4604318533244974,0.4160039761431411,0.5127236580516898,2894.0608837516047,6285.535770071851,18,A10G,aws,A10G,g5xlarge,us-east-1,3,C:\Users\FarhadBillimoria\OneDrive - Aurora Energy Research\Documents\Personal\Endog_demand_AI\pyai\data\original\prices\A10G\EC2_g5xlarge_us-east-1.csv
2025-07-05,0.4596421471172962,0.4232604373757455,0.5130218687872763,2889.0971571383934,6285.535770071851,18,A10G,aws,A10G,g5xlarge,us-east-1,3,C:\Users\FarhadBillimoria\OneDrive - Aurora Energy Research\Documents\Personal\Endog_demand_AI\pyai\data\original\prices\A10G\EC2_g5xlarge_us-east-1.csv
2025-07-06,0.4511265738899934,0.4285288270377733,0.4943339960238568,2835.572217015515,6285.535770071851,18,A10G,aws,A10G,g5xlarge,us-east-1,3,C:\Users\FarhadBillimoria\OneDrive - Aurora Energy Research\Documents\Personal\Endog_demand_AI\pyai\data\original\prices\A10G\EC2_g5xlarge_us-east-1.csv
2025-07-07,0.437914617557811,0.4179920477137176,0.4625248508946322,2752.5279928969558,6285.535770071851,19,A10G,aws,A10G,g5xlarge,us-east-1,3,C:\Users\FarhadBillimoria\OneDrive - Aurora Energy Research\Documents\Personal\Endog_demand_AI\pyai\data\original\prices\A10G\EC2_g5xlarge_us-east-1.csv
2025-07-08,0.42330136826102205,0.40298210735586476,0.45506958250497015,2660.6758917250118,6285.535770071851,17,A10G,aws,A10G,g5xlarge,us-east-1,3,C:\Users\FarhadBillimoria\OneDrive - Aurora Energy Research\Documents\Personal\Endog_demand_AI\pyai\data\original\prices\A10G\EC2_g5xlarge_us-east-1.csv
2025-07-09,0.41888005301524184,0.3996023856858847,0.43906560636182895,2632.885556596896,6285.535770071851,15,A10G,aws,A10G,g5xlarge,us-east-1,3,C:\Users\FarhadBillimoria\OneDrive - Aurora Energy Research\Documents\Personal\Endog_demand_AI\pyai\data\original\prices\A10G\EC2_g5xlarge_us-east-1.csv
2025-07-10,0.4146288933068256,0.39900596421471163,0.43757455268389656,2606.164740185358,6285.535770071851,18,A10G,aws,A10G,g5xlarge,us-east-1,3,C:\Users\FarhadBillimoria\OneDrive - Aurora Energy Research\Documents\Personal\Endog_demand_AI\pyai\data\original\prices\A10G\EC2_g5xlarge_us-east-1.csv
2025-07-11,0.4221725204329578,0.40139165009940353,0.4382703777335984,2653.5804783227454,6285.535770071851,18,A10G,aws,A10G,g5xlarge,us-east-1,3,C:\Users\FarhadBillimoria\OneDrive - Aurora Energy Research\Documents\Personal\Endog_demand_AI\pyai\data\original\prices\A10G\EC2_g5xlarge_us-east-1.csv
2025-07-12,0.4277803765641445,0.40218687872763415,0.4425447316103379,2688.8288586287363,6285.535770071851,17,A10G,aws,A10G,g5xlarge,us-east-1,3,C:\Users\FarhadBillimoria\OneDrive - Aurora Energy Research\Documents\Personal\Endog_demand_AI\pyai\data\original\prices\A10G\EC2_g5xlarge_us-east-1.csv
2025-07-13,0.4315423249973841,0.4082504970178926,0.4466202783300198,2712.47472007103,6285.535770071851,19,A10G,aws,A10G,g5xlarge,us-east-1,3,C:\Users\FarhadBillimoria\OneDrive - Aurora Energy Research\Documents\Personal\Endog_demand_AI\pyai\data\original\prices\A10G\EC2_g5xlarge_us-east-1.csv
2025-07-14,0.43029324055666,0.41153081510934386,0.4506958250497018,2704.623555139018,6285.535770071851,20,A10G,aws,A10G,g5xlarge,us-east-1,3,C:\Users\FarhadBillimoria\OneDrive - Aurora Energy Research\Documents\Personal\Endog_demand_AI\pyai\data\original\prices\A10G\EC2_g5xlarge_us-east-1.csv
2025-07-15,0.4352447813121272,0.41888667992047707,0.45586481113320076,2735.746641674476,6285.535770071851,16,A10G,aws,A10G,g5xlarge,us-east-1,3,C:\Users\FarhadBillimoria\OneDrive - Aurora Energy Research\Documents\Personal\Endog_demand_AI\pyai\data\original\prices\A10G\EC2_g5xlarge_us-east-1.csv
2025-07-16,0.44021206096752813,0.42753479125248506,0.45357852882703775,2766.9686556284487,6285.535770071851,15,A10G,aws,A10G,g5xlarge,us-east-1,3,C:\Users\FarhadBillimoria\OneDrive - Aurora Energy Research\Documents\Personal\Endog_demand_AI\pyai\data\original\prices\A10G\EC2_g5xlarge_us-east-1.csv
2025-07-17,0.4467507455268389,0.4317097415506958,0.4551689860834989,2808.067791315213,6285.535770071851,16,A10G,aws,A10G,g5xlarge,us-east-1,3,C:\Users\FarhadBillimoria\OneDrive - Aurora Energy Research\Documents\Personal\Endog_demand_AI\pyai\data\original\prices\A10G\EC2_g5xlarge_us-east-1.csv
2025-07-18,0.4489396951623592,0.436779324055666,0.4573558648111332,2821.826512548161,6285.535770071851,18,A10G,aws,A10G,g5xlarge,us-east-1,3,C:\Users\FarhadBillimoria\OneDrive - Aurora Energy Research\Documents\Personal\Endog_demand_AI\pyai\data\original\prices\A10G\EC2_g5xlarge_us-east-1.csv
2025-07-19,0.4474681323821775,0.4349900596421471,0.4572564612326044,2812.576952055423,6285.535770071851,17,A10G,aws,A10G,g5xlarge,us-east-1,3,C:\Users\FarhadBillimoria\OneDrive - Aurora Energy Research\Documents\Personal\Endog_demand_AI\pyai\data\original\prices\A10G\EC2_g5xlarge_us-east-1.csv
2025-07-20,0.44255057887966315,0.4268389662027833,0.4571570576540755,2781.667493614127,6285.535770071851,17,A10G,aws,A10G,g5xlarge,us-east-1,3,C:\Users\FarhadBillimoria\OneDrive - Aurora Energy Research\Documents\Personal\Endog_demand_AI\pyai\data\original\prices\A10G\EC2_g5xlarge_us-east-1.csv
2025-07-21,0.4391318754141815,0.4238568588469184,0.4516898608349901,2760.179110694574,6285.535770071851,18,A10G,aws,A10G,g5xlarge,us-east-1,3,C:\Users\FarhadBillimoria\OneDrive - Aurora Energy Research\Documents\Personal\Endog_demand_AI\pyai\data\original\prices\A10G\EC2_g5xlarge_us-east-1.csv
2025-07-22,0.43675723437154845,0.4230616302186878,0.4516898608349901,2745.253219480023,6285.535770071851,18,A10G,aws,A10G,g5xlarge,us-east-1,3,C:\Users\FarhadBillimoria\OneDrive - Aurora Energy Research\Documents\Personal\Endog_demand_AI\pyai\data\original\prices\A10G\EC2_g5xlarge_us-east-1.csv
2025-07-23,0.4374751491053677,0.42395626242544726,0.45387673956262425,2749.7656982193057,6285.535770071851,17,A10G,aws,A10G,g5xlarge,us-east-1,3,C:\Users\FarhadBillimoria\OneDrive - Aurora Energy Research\Documents\Personal\Endog_demand_AI\pyai\data\original\prices\A10G\EC2_g5xlarge_us-east-1.csv
2025-07-24,0.43914637176938365,0.4309145129224652,0.4532803180914513,2760.2702280537324,6285.535770071851,16,A10G,aws,A10G,g5xlarge,us-east-1,3,C:\Users\FarhadBillimoria\OneDrive - Aurora Energy Research\Documents\Personal\Endog_demand_AI\pyai\data\original\prices\A10G\EC2_g5xlarge_us-east-1.csv
2025-07-25,0.4404729517631055,0.42673956262425444,0.45248508946322064,2768.6084940561327,6285.535770071851,19,A10G,aws,A10G,g5xlarge,us-east-1,3,C:\Users\FarhadBillimoria\OneDrive - Aurora Energy Research\Documents\Personal\Endog_demand_AI\pyai\data\original\prices\A10G\EC2_g5xlarge_us-east-1.csv
2025-07-26,0.44039335416074976,0.43031809145129224,0.45357852882703775,2768.108180479314,6285.535770071851,14,A10G,aws,A10G,g5xlarge,us-east-1,3,C:\Users\FarhadBillimoria\OneDrive - Aurora Energy Research\Documents\Personal\Endog_demand_AI\pyai\data\original\prices\A10G\EC2_g5xlarge_us-east-1.csv
2025-07-27,0.43936381709741545,0.42624254473161033,0.4533797216699801,2761.6369884411115,6285.535770071851,18,A10G,aws,A10G,g5xlarge,us-east-1,3,C:\Users\FarhadBillimoria\OneDrive - Aurora Energy Research\Documents\Personal\Endog_demand_AI\pyai\data\original\prices\A10G\EC2_g5xlarge_us-east-1.csv
2025-07-28,0.4332217222977921,0.41739562624254467,0.44831013916500995,2723.0306318749067,6285.535770071851,19,A10G,aws,A10G,g5xlarge,us-east-1,3,C:\Users\FarhadBillimoria\OneDrive - Aurora Energy Research\Documents\Personal\Endog_demand_AI\pyai\data\original\prices\A10G\EC2_g5xlarge_us-east-1.csv
2025-07-29,0.43429920477137174,0.41580516898608344,0.44701789264413516,2729.8031865042167,6285.535770071851,20,A10G,aws,A10G,g5xlarge,us-east-1,3,C:\Users\FarhadBillimoria\OneDrive - Aurora Energy Research\Documents\Personal\Endog_demand_AI\pyai\data\original\prices\A10G\EC2_g5xlarge_us-east-1.csv
2025-07-30,0.4318405357329706,0.41888667992047707,0.449403578528827,2714.349134316578,6285.535770071851,19,A10G,aws,A10G,g5xlarge,us-east-1,3,C:\Users\FarhadBillimoria\OneDrive - Aurora Energy Research\Documents\Personal\Endog_demand_AI\pyai\data\original\prices\A10G\EC2_g5xlarge_us-east-1.csv
2025-07-31,0.43136444490949044,0.4134194831013916,0.4487077534791252,2711.3566484157905,6285.535770071851,19,A10G,aws,A10G,g5xlarge,us-east-1,3,C:\Users\FarhadBillimoria\OneDrive - Aurora Energy Research\Documents\Personal\Endog_demand_AI\pyai\data\original\prices\A10G\EC2_g5xlarge_us-east-1.csv
2025-08-01,0.42798210735586484,0.41113320079522864,0.44473161033797215,2690.096844736019,6285.535770071851,20,A10G,aws,A10G,g5xlarge,us-east-1,3,C:\Users\FarhadBillimoria\OneDrive - Aurora Energy Research\Documents\Personal\Endog_demand_AI\pyai\data\original\prices\A10G\EC2_g5xlarge_us-east-1.csv
2025-08-02,0.4279945328031809,0.4156063618290258,0.44264413518886675,2690.174945329584,6285.535770071851,16,A10G,aws,A10G,g5xlarge,us-east-1,3,C:\Users\FarhadBillimoria\OneDrive - Aurora Energy Research\Documents\Personal\Endog_demand_AI\pyai\data\original\prices\A10G\EC2_g5xlarge_us-east-1.csv
2025-08-03,0.4318290258449304,0.4150099403578528,0.44433399602385687,2714.276788503592,6285.535770071851,20,A10G,aws,A10G,g5xlarge,us-east-1,3,C:\Users\FarhadBillimoria\OneDrive - Aurora Energy Research\Documents\Personal\Endog_demand_AI\pyai\data\original\prices\A10G\EC2_g5xlarge_us-east-1.csv
2025-08-04,0.43430417495029816,0.42236580516898603,0.4449304174950298,2729.8344267416423,6285.535770071851,20,A10G,aws,A10G,g5xlarge,us-east-1,3,C:\Users\FarhadBillimoria\OneDrive - Aurora Energy Research\Documents\Personal\Endog_demand_AI\pyai\data\original\prices\A10G\EC2_g5xlarge_us-east-1.csv
2025-08-05,0.4349325102019462,0.4235586481113319,0.4453280318091451,2733.783850441473,6285.535770071851,19,A10G,aws,A10G,g5xlarge,us-east-1,3,C:\Users\FarhadBillimoria\OneDrive - Aurora Energy Research\Documents\Personal\Endog_demand_AI\pyai\data\original\prices\A10G\EC2_g5xlarge_us-east-1.csv
2025-08-06,0.4390597590925038,0.42624254473161033,0.4482107355864811,2759.725820975062,6285.535770071851,17,A10G,aws,A10G,g5xlarge,us-east-1,3,C:\Users\FarhadBillimoria\OneDrive - Aurora Energy Research\Documents\Personal\Endog_demand_AI\pyai\data\original\prices\A10G\EC2_g5xlarge_us-east-1.csv
2025-08-07,0.43918157720344597,0.42813121272365806,0.45099403578528824,2760.491513068832,6285.535770071851,18,A10G,aws,A10G,g5xlarge,us-east-1,3,C:\Users\FarhadBillimoria\OneDrive - Aurora Energy Research\Documents\Personal\Endog_demand_AI\pyai\data\original\prices\A10G\EC2_g5xlarge_us-east-1.csv
2025-08-08,0.4382041086812458,0.4202783300198807,0.4491053677932405,2754.347599708424,6285.535770071851,15,A10G,aws,A10G,g5xlarge,us-east-1,3,C:\Users\FarhadBillimoria\OneDrive - Aurora Energy Research\Documents\Personal\Endog_demand_AI\pyai\data\original\prices\A10G\EC2_g5xlarge_us-east-1.csv
2025-08-09,0.4374751491053677,0.4156063618290258,0.4487077534791252,2749.7656982193057,6285.535770071851,17,A10G,aws,A10G,g5xlarge,us-east-1,3,C:\Users\FarhadBillimoria\OneDrive - Aurora Energy Research\Documents\Personal\Endog_demand_AI\pyai\data\original\prices\A10G\EC2_g5xlarge_us-east-1.csv
2025-08-10,0.4398432931820839,0.41709741550695817,0.4492047713717694,2764.650752522189,6285.535770071851,17,A10G,aws,A10G,g5xlarge,us-east-1,3,C:\Users\FarhadBillimoria\OneDrive - Aurora Energy Research\Documents\Personal\Endog_demand_AI\pyai\data\original\prices\A10G\EC2_g5xlarge_us-east-1.csv
2025-08-11,0.4357977137176938,0.4151093439363817,0.4487077534791252,2739.222118088097,6285.535770071851,16,A10G,aws,A10G,g5xlarge,us-east-1,3,C:\Users\FarhadBillimoria\OneDrive - Aurora Energy Research\Documents\Personal\Endog_demand_AI\pyai\data\original\prices\A10G\EC2_g5xlarge_us-east-1.csv
2025-08-12,0.4316986967086371,0.4107355864811133,0.4428429423459244,2713.457600055537,6285.535770071851,18,A10G,aws,A10G,g5xlarge,us-east-1,3,C:\Users\FarhadBillimoria\OneDrive - Aurora Energy Research\Documents\Personal\Endog_demand_AI\pyai\data\original\prices\A10G\EC2_g5xlarge_us-east-1.csv
2025-08-13,0.43023111332007946,0.406858846918489,0.44473161033797215,2704.2330521711956,6285.535770071851,16,A10G,aws,A10G,g5xlarge,us-east-1,3,C:\Users\FarhadBillimoria\OneDrive - Aurora Energy Research\Documents\Personal\Endog_demand_AI\pyai\data\original\prices\A10G\EC2_g5xlarge_us-east-1.csv
2025-08-14,0.4304771371769383,0.40894632206759435,0.4420477137176938,2705.779443923773,6285.535770071851,20,A10G,aws,A10G,g5xlarge,us-east-1,3,C:\Users\FarhadBillimoria\OneDrive - Aurora Energy Research\Documents\Personal\Endog_demand_AI\pyai\data\original\prices\A10G\EC2_g5xlarge_us-east-1.csv
2025-08-15,0.4331146454605699,0.41153081510934386,0.44701789264413516,2722.3575965843997,6285.535770071851,15,A10G,aws,A10G,g5xlarge,us-east-1,3,C:\Users\FarhadBillimoria\OneDrive - Aurora Energy Research\Documents\Personal\Endog_demand_AI\pyai\data\original\prices\A10G\EC2_g5xlarge_us-east-1.csv
2025-08-16,0.43110808831223185,0.4081510934393638,0.45099403578528824,2709.745309853828,6285.535770071851,19,A10G,aws,A10G,g5xlarge,us-east-1,3,C:\Users\FarhadBillimoria\OneDrive - Aurora Energy Research\Documents\Personal\Endog_demand_AI\pyai\data\original\prices\A10G\EC2_g5xlarge_us-east-1.csv
2025-08-17,0.43120226012346974,0.41153081510934386,0.45367793240556653,2710.337230141896,6285.535770071851,19,A10G,aws,A10G,g5xlarge,us-east-1,3,C:\Users\FarhadBillimoria\OneDrive - Aurora Energy Research\Documents\Personal\Endog_demand_AI\pyai\data\original\prices\A10G\EC2_g5xlarge_us-east-1.csv
2025-08-18,0.4332885042685066,0.41461232604373754,0.4596421471172962,2723.4503923406282,6285.535770071851,17,A10G,aws,A10G,g5xlarge,us-east-1,3,C:\Users\FarhadBillimoria\OneDrive - Aurora Energy Research\Documents\Personal\Endog_demand_AI\pyai\data\original\prices\A10G\EC2_g5xlarge_us-east-1.csv
2025-08-19,0.42731610337972165,0.4144135188866799,0.4544731610337972,2685.9106529209616,6285.535770071851,15,A10G,aws,A10G,g5xlarge,us-east-1,3,C:\Users\FarhadBillimoria\OneDrive - Aurora Energy Research\Documents\Personal\Endog_demand_AI\pyai\data\original\prices\A10G\EC2_g5xlarge_us-east-1.csv
2025-08-20,0.4310857079743759,0.4107355864811133,0.45656063618290255,2709.6046374396883,6285.535770071851,18,A10G,aws,A10G,g5xlarge,us-east-1,3,C:\Users\FarhadBillimoria\OneDrive - Aurora Energy Research\Documents\Personal\Endog_demand_AI\pyai\data\original\prices\A10G\EC2_g5xlarge_us-east-1.csv
2025-08-21,0.43342445328031803,0.4129224652087475,0.45914512922465206,2724.3049047172753,6285.535770071851,16,A10G,aws,A10G,g5xlarge,us-east-1,3,C:\Users\FarhadBillimoria\OneDrive - Aurora Energy Research\Documents\Personal\Endog_demand_AI\pyai\data\original\prices\A10G\EC2_g5xlarge_us-east-1.csv
2025-08-22,0.4356800374225237,0.4172962226640159,0.4640159045725646,2738.4824595255154,6285.535770071851,17,A10G,aws,A10G,g5xlarge,us-east-1,3,C:\Users\FarhadBillimoria\OneDrive - Aurora Energy Research\Documents\Personal\Endog_demand_AI\pyai\data\original\prices\A10G\EC2_g5xlarge_us-east-1.csv
2025-08-23,0.43681908548707754,0.41779324055666,0.4602385685884692,2745.6419868790995,6285.535770071851,20,A10G,aws,A10G,g5xlarge,us-east-1,3,C:\Users\FarhadBillimoria\OneDrive - Aurora Energy Research\Documents\Personal\Endog_demand_AI\pyai\data\original\prices\A10G\EC2_g5xlarge_us-east-1.csv
2025-08-24,0.43291304802762365,0.4148111332007952,0.45795228628230616,2721.090448708462,6285.535770071851,19,A10G,aws,A10G,g5xlarge,us-east-1,3,C:\Users\FarhadBillimoria\OneDrive - Aurora Energy Research\Documents\Personal\Endog_demand_AI\pyai\data\original\prices\A10G\EC2_g5xlarge_us-east-1.csv
2025-08-25,0.4373055782949362,0.4187872763419483,0.45795228628230616,2748.6998548247784,6285.535770071851,17,A10G,aws,A10G,g5xlarge,us-east-1,3,C:\Users\FarhadBillimoria\OneDrive - Aurora Energy Research\Documents\Personal\Endog_demand_AI\pyai\data\original\prices\A10G\EC2_g5xlarge_us-east-1.csv
2025-08-26,0.43739783521095643,0.4207753479125248,0.4598409542743539,2749.2797389704597,6285.535770071851,18,A10G,aws,A10G,g5xlarge,us-east-1,3,C:\Users\FarhadBillimoria\OneDrive - Aurora Energy Research\Documents\Personal\Endog_demand_AI\pyai\data\original\prices\A10G\EC2_g5xlarge_us-east-1.csv
2025-08-27,0.43623260437375744,0.4182902584493041,0.45924453280318095,2741.955638862855,6285.535770071851,16,A10G,aws,A10G,g5xlarge,us-east-1,3,C:\Users\FarhadBillimoria\OneDrive - Aurora Energy Research\Documents\Personal\Endog_demand_AI\pyai\data\original\prices\A10G\EC2_g5xlarge_us-east-1.csv
2025-08-28,0.43614976805831673,0.41660039761431406,0.46143141153081507,2741.434968239091,6285.535770071851,18,A10G,aws,A10G,g5xlarge,us-east-1,3,C:\Users\FarhadBillimoria\OneDrive - Aurora Energy Research\Documents\Personal\Endog_demand_AI\pyai\data\original\prices\A10G\EC2_g5xlarge_us-east-1.csv
2025-08-29,0.4382860730354714,0.41769383697813117,0.4647117296222664,2754.862789588779,6285.535770071851,19,A10G,aws,A10G,g5xlarge,us-east-1,3,C:\Users\FarhadBillimoria\OneDrive - Aurora Energy Research\Documents\Personal\Endog_demand_AI\pyai\data\original\prices\A10G\EC2_g5xlarge_us-east-1.csv
2025-08-30,0.4352824231084083,0.4217693836978131,0.46163021868787274,2735.983240531451,6285.535770071851,17,A10G,aws,A10G,g5xlarge,us-east-1,3,C:\Users\FarhadBillimoria\OneDrive - Aurora Energy Research\Documents\Personal\Endog_demand_AI\pyai\data\original\prices\A10G\EC2_g5xlarge_us-east-1.csv
2025-08-31,0.44004307488402916,0.4251491053677932,0.46262425447316097,2765.9064875559716,6285.535770071851,18,A10G,aws,A10G,g5xlarge,us-east-1,3,C:\Users\FarhadBillimoria\OneDrive - Aurora Energy Research\Documents\Personal\Endog_demand_AI\pyai\data\original\prices\A10G\EC2_g5xlarge_us-east-1.csv
2025-09-01,0.4425915097649398,0.4340954274353876,0.4546719681908548,2781.9247661576337,6285.535770071851,17,A10G,aws,A10G,g5xlarge,us-east-1,3,C:\Users\FarhadBillimoria\OneDrive - Aurora Energy Research\Documents\Personal\Endog_demand_AI\pyai\data\original\prices\A10G\EC2_g5xlarge_us-east-1.csv
2025-09-02,0.44165533117086947,0.4271371769383698,0.45586481113320076,2776.0403821174295,6285.535770071851,19,A10G,aws,A10G,g5xlarge,us-east-1,3,C:\Users\FarhadBillimoria\OneDrive - Aurora Energy Research\Documents\Personal\Endog_demand_AI\pyai\data\original\prices\A10G\EC2_g5xlarge_us-east-1.csv
2025-09-03,0.4391357735937317,0.4147117296222664,0.45825049701789267,2760.203612841575,6285.535770071851,17,A10G,aws,A10G,g5xlarge,us-east-1,3,C:\Users\FarhadBillimoria\OneDrive - Aurora Energy Research\Documents\Personal\Endog_demand_AI\pyai\data\original\prices\A10G\EC2_g5xlarge_us-east-1.csv
2025-09-04,0.4364026368107146,0.41003976143141146,0.45834990059642144,2743.024383827422,6285.535770071851,19,A10G,aws,A10G,g5xlarge,us-east-1,3,C:\Users\FarhadBillimoria\OneDrive - Aurora Energy Research\Documents\Personal\Endog_demand_AI\pyai\data\original\prices\A10G\EC2_g5xlarge_us-east-1.csv
2025-09-05,0.4325215374420146,0.40984095427435385,0.45636182902584493,2718.629594918254,6285.535770071851,18,A10G,aws,A10G,g5xlarge,us-east-1,3,C:\Users\FarhadBillimoria\OneDrive - Aurora Energy Research\Documents\Personal\Endog_demand_AI\pyai\data\original\prices\A10G\EC2_g5xlarge_us-east-1.csv
2025-09-06,0.4292557157057654,0.41033797216699797,0.4542743538767396,2698.102155576382,6285.535770071851,16,A10G,aws,A10G,g5xlarge,us-east-1,3,C:\Users\FarhadBillimoria\OneDrive - Aurora Energy Research\Documents\Personal\Endog_demand_AI\pyai\data\original\prices\A10G\EC2_g5xlarge_us-east-1.csv
2025-09-07,0.42769494146233705,0.40994035785288263,0.4531809145129225,2688.2918532403064,6285.535770071851,18,A10G,aws,A10G,g5xlarge,us-east-1,3,C:\Users\FarhadBillimoria\OneDrive - Aurora Energy Research\Documents\Personal\Endog_demand_AI\pyai\data\original\prices\A10G\EC2_g5xlarge_us-east-1.csv
2025-09-08,0.4264910536779324,0.40328031809145126,0.4499005964214712,2680.724773508278,6285.535770071851,18,A10G,aws,A10G,g5xlarge,us-east-1,3,C:\Users\FarhadBillimoria\OneDrive - Aurora Energy Research\Documents\Personal\Endog_demand_AI\pyai\data\original\prices\A10G\EC2_g5xlarge_us-east-1.csv
2025-09-09,0.42088469184890653,0.3998011928429423,0.43767395626242545,2645.4857856919707,6285.535770071851,20,A10G,aws,A10G,g5xlarge,us-east-1,3,C:\Users\FarhadBillimoria\OneDrive - Aurora Energy Research\Documents\Personal\Endog_demand_AI\pyai\data\original\prices\A10G\EC2_g5xlarge_us-east-1.csv
2025-09-10,0.41884574903520055,0.3980119284294234,0.4372763419483101,2632.6699377032905,6285.535770071851,17,A10G,aws,A10G,g5xlarge,us-east-1,3,C:\Users\FarhadBillimoria\OneDrive - Aurora Energy Research\Documents\Personal\Endog_demand_AI\pyai\data\original\prices\A10G\EC2_g5xlarge_us-east-1.csv
2025-09-11,0.4190059642147117,0.39602385685884683,0.43300198807157053,2633.6769759450167,6285.535770071851,15,A10G,aws,A10G,g5xlarge,us-east-1,3,C:\Users\FarhadBillimoria\OneDrive - Aurora Energy Research\Documents\Personal\Endog_demand_AI\pyai\data\original\prices\A10G\EC2_g5xlarge_us-east-1.csv
2025-09-12,0.41854498011928426,0.3972166998011928,0.4342942345924453,2630.779443923773,6285.535770071851,16,A10G,aws,A10G,g5xlarge,us-east-1,3,C:\Users\FarhadBillimoria\OneDrive - Aurora Energy Research\Documents\Personal\Endog_demand_AI\pyai\data\original\prices\A10G\EC2_g5xlarge_us-east-1.csv
2025-09-13,0.42076950064319957,0.398807157057654,0.43220675944333997,2644.761747248102,6285.535770071851,17,A10G,aws,A10G,g5xlarge,us-east-1,3,C:\Users\FarhadBillimoria\OneDrive - Aurora Energy Research\Documents\Personal\Endog_demand_AI\pyai\data\original\prices\A10G\EC2_g5xlarge_us-east-1.csv
2025-09-14,0.4177172260554321,0.39254473161033787,0.43369781312127237,2625.576566146608,6285.535770071851,17,A10G,aws,A10G,g5xlarge,us-east-1,3,C:\Users\FarhadBillimoria\OneDrive - Aurora Energy Research\Documents\Personal\Endog_demand_AI\pyai\data\original\prices\A10G\EC2_g5xlarge_us-east-1.csv
2025-09-15,0.42201527676048967,0.398807157057654,0.4421471172962226,2652.59211759483,6285.535770071851,19,A10G,aws,A10G,g5xlarge,us-east-1,3,C:\Users\FarhadBillimoria\OneDrive - Aurora Energy Research\Documents\Personal\Endog_demand_AI\pyai\data\original\prices\A10G\EC2_g5xlarge_us-east-1.csv
2025-09-16,0.42588155278853196,0.4004970178926441,0.4475149105367793,2676.8937338660608,6285.535770071851,19,A10G,aws,A10G,g5xlarge,us-east-1,3,C:\Users\FarhadBillimoria\OneDrive - Aurora Energy Research\Documents\Personal\Endog_demand_AI\pyai\data\original\prices\A10G\EC2_g5xlarge_us-east-1.csv
2025-09-17,0.43067385162707955,0.41133200795228625,0.4482107355864811,2707.0158996366263,6285.535770071851,19,A10G,aws,A10G,g5xlarge,us-east-1,3,C:\Users\FarhadBillimoria\OneDrive - Aurora Energy Research\Documents\Personal\Endog_demand_AI\pyai\data\original\prices\A10G\EC2_g5xlarge_us-east-1.csv
2025-09-18,0.4332952286282306,0.41580516898608344,0.4482107355864811,2723.492658544204,6285.535770071851,20,A10G,aws,A10G,g5xlarge,us-east-1,3,C:\Users\FarhadBillimoria\OneDrive - Aurora Energy Research\Documents\Personal\Endog_demand_AI\pyai\data\original\prices\A10G\EC2_g5xlarge_us-east-1.csv
2025-09-19,0.4377181356306605,0.42127236580516897,0.44980119284294234,2751.2929987156786,6285.535770071851,18,A10G,aws,A10G,g5xlarge,us-east-1,3,C:\Users\FarhadBillimoria\OneDrive - Aurora Energy Research\Documents\Personal\Endog_demand_AI\pyai\data\original\prices\A10G\EC2_g5xlarge_us-east-1.csv
2025-09-20,0.43580621533954167,0.42495029821073554,0.4532803180914513,2739.2755553363254,6285.535770071851,19,A10G,aws,A10G,g5xlarge,us-east-1,3,C:\Users\FarhadBillimoria\OneDrive - Aurora Energy Research\Documents\Personal\Endog_demand_AI\pyai\data\original\prices\A10G\EC2_g5xlarge_us-east-1.csv
2025-09-21,0.43761117505493347,0.42574552683896616,0.4534791252485089,2750.6206941909595,6285.535770071851,19,A10G,aws,A10G,g5xlarge,us-east-1,3,C:\Users\FarhadBillimoria\OneDrive - Aurora Energy Research\Documents\Personal\Endog_demand_AI\pyai\data\original\prices\A10G\EC2_g5xlarge_us-east-1.csv
2025-09-22,0.4382641650099403,0.4202783300198807,0.4518886679920477,2754.725085910652,6285.535770071851,16,A10G,aws,A10G,g5xlarge,us-east-1,3,C:\Users\FarhadBillimoria\OneDrive - Aurora Energy Research\Documents\Personal\Endog_demand_AI\pyai\data\original\prices\A10G\EC2_g5xlarge_us-east-1.csv
2025-09-23,0.4387673956262425,0.42236580516898603,0.44701789264413516,2757.888159950015,6285.535770071851,16,A10G,aws,A10G,g5xlarge,us-east-1,3,C:\Users\FarhadBillimoria\OneDrive - Aurora Energy Research\Documents\Personal\Endog_demand_AI\pyai\data\original\prices\A10G\EC2_g5xlarge_us-east-1.csv
2025-09-24,0.4414202286282306,0.42276341948310137,0.45099403578528824,2774.562636676038,6285.535770071851,16,A10G,aws,A10G,g5xlarge,us-east-1,3,C:\Users\FarhadBillimoria\OneDrive - Aurora Energy Research\Documents\Personal\Endog_demand_AI\pyai\data\original\prices\A10G\EC2_g5xlarge_us-east-1.csv
2025-09-25,0.44111332007952286,0.42375745526838965,0.4530815109343936,2772.6335520149946,6285.535770071851,20,A10G,aws,A10G,g5xlarge,us-east-1,3,C:\Users\FarhadBillimoria\OneDrive - Aurora Energy Research\Documents\Personal\Endog_demand_AI\pyai\data\original\prices\A10G\EC2_g5xlarge_us-east-1.csv
2025-09-26,0.4455034498889019,0.42236580516898603,0.46222664015904574,2800.227869967105,6285.535770071851,17,A10G,aws,A10G,g5xlarge,us-east-1,3,C:\Users\FarhadBillimoria\OneDrive - Aurora Energy Research\Documents\Personal\Endog_demand_AI\pyai\data\original\prices\A10G\EC2_g5xlarge_us-east-1.csv
2025-09-27,0.4449251857277388,0.4251491053677932,0.46143141153081507,2796.593169897564,6285.535770071851,19,A10G,aws,A10G,g5xlarge,us-east-1,3,C:\Users\FarhadBillimoria\OneDrive - Aurora Energy Research\Documents\Personal\Endog_demand_AI\pyai\data\original\prices\A10G\EC2_g5xlarge_us-east-1.csv
2025-09-28,0.4465705765407554,0.4235586481113319,0.46878727634194833,2806.9353327085278,6285.535770071851,20,A10G,aws,A10G,g5xlarge,us-east-1,3,C:\Users\FarhadBillimoria\OneDrive - Aurora Energy Research\Documents\Personal\Endog_demand_AI\pyai\data\original\prices\A10G\EC2_g5xlarge_us-east-1.csv
2025-09-29,0.4464507075195883,0.420675944333996,0.47485089463220675,2806.1818916882585,6285.535770071851,17,A10G,aws,A10G,g5xlarge,us-east-1,3,C:\Users\FarhadBillimoria\OneDrive - Aurora Energy Research\Documents\Personal\Endog_demand_AI\pyai\data\original\prices\A10G\EC2_g5xlarge_us-east-1.csv
2025-09-30,0.4555139749736873,0.42524850894632205,0.47485089463220675,2863.1493834647254,6285.535770071851,17,A10G,aws,A10G,g5xlarge,us-east-1,3,C:\Users\FarhadBillimoria\OneDrive - Aurora Energy Research\Documents\Personal\Endog_demand_AI\pyai\data\original\prices\A10G\EC2_g5xlarge_us-east-1.csv
2025-10-01,0.46005964214711725,0.4342942345924453,0.48091451292246523,2891.7213370821614,6285.535770071851,15,A10G,aws,A10G,g5xlarge,us-east-1,3,C:\Users\FarhadBillimoria\OneDrive - Aurora Energy Research\Documents\Personal\Endog_demand_AI\pyai\data\original\prices\A10G\EC2_g5xlarge_us-east-1.csv
2025-10-02,0.4622617237749971,0.4412524850894632,0.48439363817097414,2905.5625999228178,6285.535770071851,17,A10G,aws,A10G,g5xlarge,us-east-1,3,C:\Users\FarhadBillimoria\OneDrive - Aurora Energy Research\Documents\Personal\Endog_demand_AI\pyai\data\original\prices\A10G\EC2_g5xlarge_us-east-1.csv
2025-10-03,0.461182902584493,0.4407554671968191,0.48598409542743537,2898.7816307403928,6285.535770071851,16,A10G,aws,A10G,g5xlarge,us-east-1,3,C:\Users\FarhadBillimoria\OneDrive - Aurora Energy Research\Documents\Personal\Endog_demand_AI\pyai\data\original\prices\A10G\EC2_g5xlarge_us-east-1.csv
2025-10-04,0.4645924453280318,0.44174950298210736,0.4921471172962226,2920.212433614495,6285.535770071851,15,A10G,aws,A10G,g5xlarge,us-east-1,3,C:\Users\FarhadBillimoria\OneDrive - Aurora Energy Research\Documents\Personal\Endog_demand_AI\pyai\data\original\prices\A10G\EC2_g5xlarge_us-east-1.csv
2025-10-05,0.4795787773359841,0.4519880715705765,0.5055666003976144,3014.4095595126514,6285.535770071851,16,A10G,aws,A10G,g5xlarge,us-east-1,3,C:\Users\FarhadBillimoria\OneDrive - Aurora Energy Research\Documents\Personal\Endog_demand_AI\pyai\data\original\prices\A10G\EC2_g5xlarge_us-east-1.csv
2025-10-06,0.48383814758507776,0.4618290258449304,0.5163021868787276,3041.1819835713095,6285.535770071851,17,A10G,aws,A10G,g5xlarge,us-east-1,3,C:\Users\FarhadBillimoria\OneDrive - Aurora Energy Research\Documents\Personal\Endog_demand_AI\pyai\data\original\prices\A10G\EC2_g5xlarge_us-east-1.csv
2025-10-07,0.48597240088878496,0.46650099403578527,0.517196819085487,3054.5969090541553,6285.535770071851,17,A10G,aws,A10G,g5xlarge,us-east-1,3,C:\Users\FarhadBillimoria\OneDrive - Aurora Energy Research\Documents\Personal\Endog_demand_AI\pyai\data\original\prices\A10G\EC2_g5xlarge_us-east-1.csv
2025-10-08,0.48208871769383693,0.46829025844930416,0.515506958250497,3030.185879412683,6285.535770071851,16,A10G,aws,A10G,g5xlarge,us-east-1,3,C:\Users\FarhadBillimoria\OneDrive - Aurora Energy Research\Documents\Personal\Endog_demand_AI\pyai\data\original\prices\A10G\EC2_g5xlarge_us-east-1.csv
2025-10-09,0.48415974739796513,0.46242544731610336,0.5154075546719682,3043.2034106988617,6285.535770071851,17,A10G,aws,A10G,g5xlarge,us-east-1,3,C:\Users\FarhadBillimoria\OneDrive - Aurora Energy Research\Documents\Personal\Endog_demand_AI\pyai\data\original\prices\A10G\EC2_g5xlarge_us-east-1.csv
2025-10-10,0.4861456262425447,0.46123260437375746,0.5157057654075546,3055.6857232114958,6285.535770071851,16,A10G,aws,A10G,g5xlarge,us-east-1,3,C:\Users\FarhadBillimoria\OneDrive - Aurora Energy Research\Documents\Personal\Endog_demand_AI\pyai\data\original\prices\A10G\EC2_g5xlarge_us-east-1.csv
2025-10-11,0.4880439584713938,0.462027833001988,0.5255467196819085,3067.6177583394074,6285.535770071851,18,A10G,aws,A10G,g5xlarge,us-east-1,3,C:\Users\FarhadBillimoria\OneDrive - Aurora Energy Research\Documents\Personal\Endog_demand_AI\pyai\data\original\prices\A10G\EC2_g5xlarge_us-east-1.csv
2025-10-12,0.4872120219857326,0.45805168986083494,0.5217693836978131,3062.3885918003557,6285.535770071851,17,A10G,aws,A10G,g5xlarge,us-east-1,3,C:\Users\FarhadBillimoria\OneDrive - Aurora Energy Research\Documents\Personal\Endog_demand_AI\pyai\data\original\prices\A10G\EC2_g5xlarge_us-east-1.csv
2025-10-13,0.48525318676178225,0.4588469184890656,0.5084493041749503,3050.0762629325386,6285.535770071851,17,A10G,aws,A10G,g5xlarge,us-east-1,3,C:\Users\FarhadBillimoria\OneDrive - Aurora Energy Research\Documents\Personal\Endog_demand_AI\pyai\data\original\prices\A10G\EC2_g5xlarge_us-east-1.csv
2025-10-14,0.48011376187320526,0.45536779324055665,0.5063618290258449,3017.7722239577906,6285.535770071851,18,A10G,aws,A10G,g5xlarge,us-east-1,3,C:\Users\FarhadBillimoria\OneDrive - Aurora Energy Research\Documents\Personal\Endog_demand_AI\pyai\data\original\prices\A10G\EC2_g5xlarge_us-east-1.csv
2025-10-15,0.47741408690712867,0.4541749502982107,0.5015904572564612,3000.8033203909486,6285.535770071851,14,A10G,aws,A10G,g5xlarge,us-east-1,3,C:\Users\FarhadBillimoria\OneDrive - Aurora Energy Research\Documents\Personal\Endog_demand_AI\pyai\data\original\prices\A10G\EC2_g5xlarge_us-east-1.csv
2025-10-16,0.4770974155069582,0.45129224652087474,0.4972166998011928,2998.812870977819,6285.535770071851,15,A10G,aws,A10G,g5xlarge,us-east-1,3,C:\Users\FarhadBillimoria\OneDrive - Aurora Energy Research\Documents\Personal\Endog_demand_AI\pyai\data\original\prices\A10G\EC2_g5xlarge_us-east-1.csv
2025-10-17,0.4693899105367793,0.44691848906560633,0.4929423459244533,2950.3670727897525,6285.535770071851,16,A10G,aws,A10G,g5xlarge,us-east-1,3,C:\Users\FarhadBillimoria\OneDrive - Aurora Energy Research\Documents\Personal\Endog_demand_AI\pyai\data\original\prices\A10G\EC2_g5xlarge_us-east-1.csv
2025-10-18,0.46117738016346366,0.4306163021868787,0.48677932405566604,2898.746919365475,6285.535770071851,18,A10G,aws,A10G,g5xlarge,us-east-1,3,C:\Users\FarhadBillimoria\OneDrive - Aurora Energy Research\Documents\Personal\Endog_demand_AI\pyai\data\original\prices\A10G\EC2_g5xlarge_us-east-1.csv
2025-10-19,0.45360614093218465,0.4218687872763419,0.47186878727634196,2851.1576243535,6285.535770071851,18,A10G,aws,A10G,g5xlarge,us-east-1,3,C:\Users\FarhadBillimoria\OneDrive - Aurora Energy Research\Documents\Personal\Endog_demand_AI\pyai\data\original\prices\A10G\EC2_g5xlarge_us-east-1.csv
2025-10-20,0.4443257123923128,0.42087475149105363,0.4629224652087475,2792.82515880454,6285.535770071851,12,A10G,aws,A10G,g5xlarge,us-east-1,3,C:\Users\FarhadBillimoria\OneDrive - Aurora Energy Research\Documents\Personal\Endog_demand_AI\pyai\data\original\prices\A10G\EC2_g5xlarge_us-east-1.csv
2025-10-21,0.44152584493041747,0.41610337972167,0.4593439363817097,2775.2264917213365,6285.535770071851,20,A10G,aws,A10G,g5xlarge,us-east-1,3,C:\Users\FarhadBillimoria\OneDrive - Aurora Energy Research\Documents\Personal\Endog_demand_AI\pyai\data\original\prices\A10G\EC2_g5xlarge_us-east-1.csv
2025-10-22,0.44212581652939503,0.4276341948310139,0.460337972166998,2778.9976346677367,6285.535770071851,14,A10G,aws,A10G,g5xlarge,us-east-1,3,C:\Users\FarhadBillimoria\OneDrive - Aurora Energy Research\Documents\Personal\Endog_demand_AI\pyai\data\original\prices\A10G\EC2_g5xlarge_us-east-1.csv
2025-10-23,0.4450422465208747,0.42902584493041745,0.4599403578528827,2797.328959700093,6285.535770071851,16,A10G,aws,A10G,g5xlarge,us-east-1,3,C:\Users\FarhadBillimoria\OneDrive - Aurora Energy Research\Documents\Personal\Endog_demand_AI\pyai\data\original\prices\A10G\EC2_g5xlarge_us-east-1.csv
2025-10-24,0.43593147000350835,0.42057654075546713,0.45675944333996027,2740.062848007056,6285.535770071851,17,A10G,aws,A10G,g5xlarge,us-east-1,3,C:\Users\FarhadBillimoria\OneDrive - Aurora Energy Research\Documents\Personal\Endog_demand_AI\pyai\data\original\prices\A10G\EC2_g5xlarge_us-east-1.csv
2025-10-25,0.4366974622851128,0.42097415506958247,0.4520874751491053,2744.8775198926796,6285.535770071851,17,A10G,aws,A10G,g5xlarge,us-east-1,3,C:\Users\FarhadBillimoria\OneDrive - Aurora Energy Research\Documents\Personal\Endog_demand_AI\pyai\data\original\prices\A10G\EC2_g5xlarge_us-east-1.csv
2025-10-26,0.4375372763419483,0.4207753479125248,0.4559642147117296,2750.1562011871283,6285.535770071851,16,A10G,aws,A10G,g5xlarge,us-east-1,3,C:\Users\FarhadBillimoria\OneDrive - Aurora Energy Research\Documents\Personal\Endog_demand_AI\pyai\data\original\prices\A10G\EC2_g5xlarge_us-east-1.csv
2025-10-27,0.434025260203485,0.41908548707753474,0.45397614314115303,2728.0812981237473,6285.535770071851,17,A10G,aws,A10G,g5xlarge,us-east-1,3,C:\Users\FarhadBillimoria\OneDrive - Aurora Energy Research\Documents\Personal\Endog_demand_AI\pyai\data\original\prices\A10G\EC2_g5xlarge_us-east-1.csv
2025-10-28,0.4297713717693837,0.41381709741550693,0.4503976143141153,2701.343330209309,6285.535770071851,16,A10G,aws,A10G,g5xlarge,us-east-1,3,C:\Users\FarhadBillimoria\OneDrive - Aurora Energy Research\Documents\Personal\Endog_demand_AI\pyai\data\original\prices\A10G\EC2_g5xlarge_us-east-1.csv
2025-10-29,0.4258228407333775,0.41461232604373754,0.45387673956262425,2676.524697143253,6285.535770071851,18,A10G,aws,A10G,g5xlarge,us-east-1,3,C:\Users\FarhadBillimoria\OneDrive - Aurora Energy Research\Documents\Personal\Endog_demand_AI\pyai\data\original\prices\A10G\EC2_g5xlarge_us-east-1.csv
2025-10-30,0.4292577866136514,0.4135188866799204,0.4530815109343936,2698.1151723419757,6285.535770071851,18,A10G,aws,A10G,g5xlarge,us-east-1,3,C:\Users\FarhadBillimoria\OneDrive - Aurora Energy Research\Documents\Personal\Endog_demand_AI\pyai\data\original\prices\A10G\EC2_g5xlarge_us-east-1.csv
2025-10-31,0.428078197481776,0.40894632206759435,0.4484095427435387,2690.700822659585,6285.535770071851,15,A10G,aws,A10G,g5xlarge,us-east-1,3,C:\Users\FarhadBillimoria\OneDrive - Aurora Energy Research\Documents\Personal\Endog_demand_AI\pyai\data\original\prices\A10G\EC2_g5xlarge_us-east-1.csv
2025-11-01,0.4260901259111994,0.4071570576540755,0.44572564612326043,2678.204727689263,6285.535770071851,15,A10G,aws,A10G,g5xlarge,us-east-1,3,C:\Users\FarhadBillimoria\OneDrive - Aurora Energy Research\Documents\Personal\Endog_demand_AI\pyai\data\original\prices\A10G\EC2_g5xlarge_us-east-1.csv
2025-11-02,0.42961057186293994,0.41381709741550693,0.44801192842942344,2700.332616645533,6285.535770071851,17,A10G,aws,A10G,g5xlarge,us-east-1,3,C:\Users\FarhadBillimoria\OneDrive - Aurora Energy Research\Documents\Personal\Endog_demand_AI\pyai\data\original\prices\A10G\EC2_g5xlarge_us-east-1.csv
2025-11-03,0.4282423108408373,0.41113320079522864,0.44463220675944326,2691.7323630483115,6285.535770071851,17,A10G,aws,A10G,g5xlarge,us-east-1,3,C:\Users\FarhadBillimoria\OneDrive - Aurora Energy Research\Documents\Personal\Endog_demand_AI\pyai\data\original\prices\A10G\EC2_g5xlarge_us-east-1.csv
2025-11-04,0.42352385685884686,0.4081510934393638,0.44174950298210736,2662.0743517650726,6285.535770071851,20,A10G,aws,A10G,g5xlarge,us-east-1,3,C:\Users\FarhadBillimoria\OneDrive - Aurora Energy Research\Documents\Personal\Endog_demand_AI\pyai\data\original\prices\A10G\EC2_g5xlarge_us-east-1.csv
2025-11-05,0.4198906560636183,0.4060636182902584,0.4340954274353876,2639.2377382068094,6285.535770071851,20,A10G,aws,A10G,g5xlarge,us-east-1,3,C:\Users\FarhadBillimoria\OneDrive - Aurora Energy Research\Documents\Personal\Endog_demand_AI\pyai\data\original\prices\A10G\EC2_g5xlarge_us-east-1.csv
2025-11-06,0.4177490611884249,0.4043737574552683,0.43151093439363813,2625.77666701378,6285.535770071851,18,A10G,aws,A10G,g5xlarge,us-east-1,3,C:\Users\FarhadBillimoria\OneDrive - Aurora Energy Research\Documents\Personal\Endog_demand_AI\pyai\data\original\prices\A10G\EC2_g5xlarge_us-east-1.csv
2025-11-07,0.4150782803180914,0.40337972166998004,0.43001988071570574,2608.9893783192747,6285.535770071851,16,A10G,aws,A10G,g5xlarge,us-east-1,3,C:\Users\FarhadBillimoria\OneDrive - Aurora Energy Research\Documents\Personal\Endog_demand_AI\pyai\data\original\prices\A10G\EC2_g5xlarge_us-east-1.csv
2025-11-08,0.41387232162580073,0.4012922465208747,0.42793240556660034,2601.4092818216523,6285.535770071851,18,A10G,aws,A10G,g5xlarge,us-east-1,3,C:\Users\FarhadBillimoria\OneDrive - Aurora Energy Research\Documents\Personal\Endog_demand_AI\pyai\data\original\prices\A10G\EC2_g5xlarge_us-east-1.csv
2025-11-09,0.4110630335633259,0.39870775347912524,0.42574552683896616,2583.7514012165307,6285.535770071851,17,A10G,aws,A10G,g5xlarge,us-east-1,3,C:\Users\FarhadBillimoria\OneDrive - Aurora Energy Research\Documents\Personal\Endog_demand_AI\pyai\data\original\prices\A10G\EC2_g5xlarge_us-east-1.csv
2025-11-10,0.41241498378152136,0.39751491053677923,0.4240556660039761,2592.2491326723552,6285.535770071851,19,A10G,aws,A10G,g5xlarge,us-east-1,3,C:\Users\FarhadBillimoria\OneDrive - Aurora Energy Research\Documents\Personal\Endog_demand_AI\pyai\data\original\prices\A10G\EC2_g5xlarge_us-east-1.csv
2025-11-11,0.4106069465559583,0.3958250497017892,0.4216699801192843,2580.8846500174573,6285.535770071851,17,A10G,aws,A10G,g5xlarge,us-east-1,3,C:\Users\FarhadBillimoria\OneDrive - Aurora Energy Research\Documents\Personal\Endog_demand_AI\pyai\data\original\prices\A10G\EC2_g5xlarge_us-east-1.csv
2025-11-12,0.40973533797216694,0.3944333996023856,0.41858846918489057,2575.4061230865345,6285.535770071851,16,A10G,aws,A10G,g5xlarge,us-east-1,3,C:\Users\FarhadBillimoria\OneDrive - Aurora Energy Research\Documents\Personal\Endog_demand_AI\pyai\data\original\prices\A10G\EC2_g5xlarge_us-east-1.csv
2025-11-13,0.40708526618069363,0.39304174950298204,0.41610337972167,2558.7490020479704,6285.535770071851,18,A10G,aws,A10G,g5xlarge,us-east-1,3,C:\Users\FarhadBillimoria\OneDrive - Aurora Energy Research\Documents\Personal\Endog_demand_AI\pyai\data\original\prices\A10G\EC2_g5xlarge_us-east-1.csv
2025-11-14,0.4083035122597746,0.3929423459244532,0.4159045725646123,2566.406331354784,6285.535770071851,30,A10G,aws,A10G,g5xlarge,us-east-1,3,C:\Users\FarhadBillimoria\OneDrive - Aurora Energy Research\Documents\Personal\Endog_demand_AI\pyai\data\original\prices\A10G\EC2_g5xlarge_us-east-1.csv
2025-11-15,0.4074786574669629,0.39304174950298204,0.41769383697813117,2561.221677049451,6285.535770071851,17,A10G,aws,A10G,g5xlarge,us-east-1,3,C:\Users\FarhadBillimoria\OneDrive - Aurora Energy Research\Documents\Personal\Endog_demand_AI\pyai\data\original\prices\A10G\EC2_g5xlarge_us-east-1.csv
2025-11-16,0.4083428003408122,0.39532803180914505,0.4159045725646123,2566.6532779934832,6285.535770071851,14,A10G,aws,A10G,g5xlarge,us-east-1,3,C:\Users\FarhadBillimoria\OneDrive - Aurora Energy Research\Documents\Personal\Endog_demand_AI\pyai\data\original\prices\A10G\EC2_g5xlarge_us-east-1.csv
2025-11-17,0.407507893813589,0.395924453280318,0.4153081510934393,2561.4054431519558,6285.535770071851,17,A10G,aws,A10G,g5xlarge,us-east-1,3,C:\Users\FarhadBillimoria\OneDrive - Aurora Energy Research\Documents\Personal\Endog_demand_AI\pyai\data\original\prices\A10G\EC2_g5xlarge_us-east-1.csv
2025-11-18,0.40728628230616304,0.3999999999999999,0.41302186878727626,2560.0124960949697,6285.535770071851,20,A10G,aws,A10G,g5xlarge,us-east-1,3,C:\Users\FarhadBillimoria\OneDrive - Aurora Energy Research\Documents\Personal\Endog_demand_AI\pyai\data\original\prices\A10G\EC2_g5xlarge_us-east-1.csv
2025-11-19,0.405148059014335,0.39900596421471163,0.41163021868787275,2546.572617109784,6285.535770071851,19,A10G,aws,A10G,g5xlarge,us-east-1,3,C:\Users\FarhadBillimoria\OneDrive - Aurora Energy Research\Documents\Personal\Endog_demand_AI\pyai\data\original\prices\A10G\EC2_g5xlarge_us-east-1.csv
2025-11-20,0.40249751491053676,0.3958250497017892,0.40984095427435385,2529.912527335207,6285.535770071851,16,A10G,aws,A10G,g5xlarge,us-east-1,3,C:\Users\FarhadBillimoria\OneDrive - Aurora Energy Research\Documents\Personal\Endog_demand_AI\pyai\data\original\prices\A10G\EC2_g5xlarge_us-east-1.csv
2025-11-21,0.4001491053677932,0.39184890656063615,0.4081510934393638,2515.1515151515146,6285.535770071851,8,A10G,aws,A10G,g5xlarge,us-east-1,3,C:\Users\FarhadBillimoria\OneDrive - Aurora Energy Research\Documents\Personal\Endog_demand_AI\pyai\data\original\prices\A10G\EC2_g5xlarge_us-east-1.csv
2025-11-22,0.39638532441713353,0.38926441351888663,0.40447316103379716,2491.494135355428,6285.535770071851,22,A10G,aws,A10G,g5xlarge,us-east-1,3,C:\Users\FarhadBillimoria\OneDrive - Aurora Energy Research\Documents\Personal\Endog_demand_AI\pyai\data\original\prices\A10G\EC2_g5xlarge_us-east-1.csv
2025-11-23,0.39393114994245054,0.3831013916500994,0.40705765407554667,2476.0683339088105,6285.535770071851,19,A10G,aws,A10G,g5xlarge,us-east-1,3,C:\Users\FarhadBillimoria\OneDrive - Aurora Energy Research\Documents\Personal\Endog_demand_AI\pyai\data\original\prices\A10G\EC2_g5xlarge_us-east-1.csv
2025-11-24,0.39530594212502757,0.3833996023856858,0.41103379721669975,2484.709639348814,6285.535770071851,18,A10G,aws,A10G,g5xlarge,us-east-1,3,C:\Users\FarhadBillimoria\OneDrive - Aurora Energy Research\Documents\Personal\Endog_demand_AI\pyai\data\original\prices\A10G\EC2_g5xlarge_us-east-1.csv
2025-11-25,0.39645655478891356,0.38021868787276336,0.4117296222664016,2491.9418564051666,6285.535770071851,17,A10G,aws,A10G,g5xlarge,us-east-1,3,C:\Users\FarhadBillimoria\OneDrive - Aurora Energy Research\Documents\Personal\Endog_demand_AI\pyai\data\original\prices\A10G\EC2_g5xlarge_us-east-1.csv
2025-11-26,0.39242778622383345,0.37365805168986077,0.4105367793240556,2466.6188874800146,6285.535770071851,17,A10G,aws,A10G,g5xlarge,us-east-1,3,C:\Users\FarhadBillimoria\OneDrive - Aurora Energy Research\Documents\Personal\Endog_demand_AI\pyai\data\original\prices\A10G\EC2_g5xlarge_us-east-1.csv
2025-11-27,0.388745305942125,0.3724652087475149,0.4078528827037773,2443.472525946752,6285.535770071851,18,A10G,aws,A10G,g5xlarge,us-east-1,3,C:\Users\FarhadBillimoria\OneDrive - Aurora Energy Research\Documents\Personal\Endog_demand_AI\pyai\data\original\prices\A10G\EC2_g5xlarge_us-east-1.csv
2025-11-28,0.3869408548707753,0.37296222664015893,0.40188866799204764,2432.130584192439,6285.535770071851,24,A10G,aws,A10G,g5xlarge,us-east-1,3,C:\Users\FarhadBillimoria\OneDrive - Aurora Energy Research\Documents\Personal\Endog_demand_AI\pyai\data\original\prices\A10G\EC2_g5xlarge_us-east-1.csv
2025-11-29,0.3839907920895678,0.37137176938369776,0.398807157057654,2413.5878590572015,6285.535770071851,19,A10G,aws,A10G,g5xlarge,us-east-1,3,C:\Users\FarhadBillimoria\OneDrive - Aurora Energy Research\Documents\Personal\Endog_demand_AI\pyai\data\original\prices\A10G\EC2_g5xlarge_us-east-1.csv
2025-11-30,0.3928382088421849,0.37872763419483096,0.4136182902584493,2469.1986135285097,6285.535770071852,21,A10G,aws,A10G,g5xlarge,us-east-1,3,C:\Users\FarhadBillimoria\OneDrive - Aurora Energy Research\Documents\Personal\Endog_demand_AI\pyai\data\original\prices\A10G\EC2_g5xlarge_us-east-1.csv
2025-12-01,0.4029470237399134,0.3900596421471173,0.42087475149105363,2532.737931161217,6285.535770071851,17,A10G,aws,A10G,g5xlarge,us-east-1,3,C:\Users\FarhadBillimoria\OneDrive - Aurora Energy Research\Documents\Personal\Endog_demand_AI\pyai\data\original\prices\A10G\EC2_g5xlarge_us-east-1.csv
2025-12-02,0.411138723216258,0.4009940357852882,0.42753479125248506,2584.2271512374596,6285.535770071851,18,A10G,aws,A10G,g5xlarge,us-east-1,3,C:\Users\FarhadBillimoria\OneDrive - Aurora Energy Research\Documents\Personal\Endog_demand_AI\pyai\data\original\prices\A10G\EC2_g5xlarge_us-east-1.csv
2025-12-03,0.4107589755584142,0.39990059642147113,0.4277335984095427,2581.8402337504817,6285.535770071851,17,A10G,aws,A10G,g5xlarge,us-east-1,3,C:\Users\FarhadBillimoria\OneDrive - Aurora Energy Research\Documents\Personal\Endog_demand_AI\pyai\data\original\prices\A10G\EC2_g5xlarge_us-east-1.csv
2025-12-04,0.4115151198074709,0.4019880715705765,0.42793240556660034,2586.593005475262,6285.535770071851,19,A10G,aws,A10G,g5xlarge,us-east-1,3,C:\Users\FarhadBillimoria\OneDrive - Aurora Energy Research\Documents\Personal\Endog_demand_AI\pyai\data\original\prices\A10G\EC2_g5xlarge_us-east-1.csv
2025-12-05,0.4110571862940007,0.4011928429423459,0.42624254473161033,2583.71464799603,6285.535770071851,17,A10G,aws,A10G,g5xlarge,us-east-1,3,C:\Users\FarhadBillimoria\OneDrive - Aurora Energy Research\Documents\Personal\Endog_demand_AI\pyai\data\original\prices\A10G\EC2_g5xlarge_us-east-1.csv
2025-12-06,0.41075312828908894,0.40069582504970175,0.4263419483101391,2581.803480529981,6285.535770071851,17,A10G,aws,A10G,g5xlarge,us-east-1,3,C:\Users\FarhadBillimoria\OneDrive - Aurora Energy Research\Documents\Personal\Endog_demand_AI\pyai\data\original\prices\A10G\EC2_g5xlarge_us-east-1.csv
2025-12-07,0.4162495614548006,0.40039761431411525,0.4352882703777336,2616.35150780087,6285.535770071851,17,A10G,aws,A10G,g5xlarge,us-east-1,3,C:\Users\FarhadBillimoria\OneDrive - Aurora Energy Research\Documents\Personal\Endog_demand_AI\pyai\data\original\prices\A10G\EC2_g5xlarge_us-east-1.csv
2025-12-08,0.43376582609605524,0.4156063618290258,0.45387673956262425,2726.4506157615215,6285.535770071851,19,A10G,aws,A10G,g5xlarge,us-east-1,3,C:\Users\FarhadBillimoria\OneDrive - Aurora Energy Research\Documents\Personal\Endog_demand_AI\pyai\data\original\prices\A10G\EC2_g5xlarge_us-east-1.csv
2025-12-09,0.43059291310957776,0.41669980119284294,0.45397614314115303,2706.5071576896917,6285.535770071851,17,A10G,aws,A10G,g5xlarge,us-east-1,3,C:\Users\FarhadBillimoria\OneDrive - Aurora Energy Research\Documents\Personal\Endog_demand_AI\pyai\data\original\prices\A10G\EC2_g5xlarge_us-east-1.csv
2025-12-10,0.44065606361829024,0.44065606361829024,0.44065606361829024,2769.759450171821,6285.535770071851,1,A10G,aws,A10G,g5xlarge,us-east-1,3,C:\Users\FarhadBillimoria\OneDrive - Aurora Energy Research\Documents\Personal\Endog_demand_AI\pyai\data\original\prices\A10G\EC2_g5xlarge_us-east-1.csv
2025-12-11,0.43401590457256456,0.4108349900596421,0.4581510934393638,2728.022492970946,6285.535770071851,5,A10G,aws,A10G,g5xlarge,us-east-1,3,C:\Users\FarhadBillimoria\OneDrive - Aurora Energy Research\Documents\Personal\Endog_demand_AI\pyai\data\original\prices\A10G\EC2_g5xlarge_us-east-1.csv
2025-12-12,0.4323359840954274,0.40894632206759435,0.45825049701789267,2717.4632927210237,6285.535770071851,20,A10G,aws,A10G,g5xlarge,us-east-1,3,C:\Users\FarhadBillimoria\OneDrive - Aurora Energy Research\Documents\Personal\Endog_demand_AI\pyai\data\original\prices\A10G\EC2_g5xlarge_us-east-1.csv
2025-12-13,0.4341003976143141,0.4090457256461232,0.4569582504970179,2728.5535770071847,6285.535770071851,20,A10G,aws,A10G,g5xlarge,us-east-1,3,C:\Users\FarhadBillimoria\OneDrive - Aurora Energy Research\Documents\Personal\Endog_demand_AI\pyai\data\original\prices\A10G\EC2_g5xlarge_us-east-1.csv
2025-12-14,0.4342680757559904,0.41163021868787275,0.4559642147117296,2729.6075239645497,6285.535770071851,19,A10G,aws,A10G,g5xlarge,us-east-1,3,C:\Users\FarhadBillimoria\OneDrive - Aurora Energy Research\Documents\Personal\Endog_demand_AI\pyai\data\original\prices\A10G\EC2_g5xlarge_us-east-1.csv
2025-12-15,0.4283189750386569,0.40646123260437367,0.4463220675944334,2692.2142386059904,6285.535770071851,18,A10G,aws,A10G,g5xlarge,us-east-1,3,C:\Users\FarhadBillimoria\OneDrive - Aurora Energy Research\Documents\Personal\Endog_demand_AI\pyai\data\original\prices\A10G\EC2_g5xlarge_us-east-1.csv
2025-12-16,0.424639662027833,0.40854870775347907,0.4369781312127236,2669.087785067166,6285.535770071851,16,A10G,aws,A10G,g5xlarge,us-east-1,3,C:\Users\FarhadBillimoria\OneDrive - Aurora Energy Research\Documents\Personal\Endog_demand_AI\pyai\data\original\prices\A10G\EC2_g5xlarge_us-east-1.csv
2025-12-17,0.42661254694057876,0.4127236580516898,0.43886679920477134,2681.4884237564643,6285.535770071851,18,A10G,aws,A10G,g5xlarge,us-east-1,3,C:\Users\FarhadBillimoria\OneDrive - Aurora Energy Research\Documents\Personal\Endog_demand_AI\pyai\data\original\prices\A10G\EC2_g5xlarge_us-east-1.csv
2025-12-18,0.4218563618290258,0.41202783300198803,0.436779324055666,2651.593252108715,6285.535770071851,24,A10G,aws,A10G,g5xlarge,us-east-1,3,C:\Users\FarhadBillimoria\OneDrive - Aurora Energy Research\Documents\Personal\Endog_demand_AI\pyai\data\original\prices\A10G\EC2_g5xlarge_us-east-1.csv
2025-12-19,0.4199428429423459,0.4112326043737574,0.43310139165009937,2639.5657606997806,6285.535770071851,16,A10G,aws,A10G,g5xlarge,us-east-1,3,C:\Users\FarhadBillimoria\OneDrive - Aurora Energy Research\Documents\Personal\Endog_demand_AI\pyai\data\original\prices\A10G\EC2_g5xlarge_us-east-1.csv
2025-12-20,0.4253368676827921,0.4152087475149105,0.44165009940357847,2673.4700961505077,6285.535770071851,18,A10G,aws,A10G,g5xlarge,us-east-1,3,C:\Users\FarhadBillimoria\OneDrive - Aurora Energy Research\Documents\Personal\Endog_demand_AI\pyai\data\original\prices\A10G\EC2_g5xlarge_us-east-1.csv
2025-12-21,0.43124378727634194,0.4228628230616302,0.4503976143141153,2710.5982505467036,6285.535770071851,16,A10G,aws,A10G,g5xlarge,us-east-1,3,C:\Users\FarhadBillimoria\OneDrive - Aurora Energy Research\Documents\Personal\Endog_demand_AI\pyai\data\original\prices\A10G\EC2_g5xlarge_us-east-1.csv
2025-12-22,0.42831581936949725,0.4172962226640159,0.44145129224652085,2692.1944035346087,6285.535770071852,21,A10G,aws,A10G,g5xlarge,us-east-1,3,C:\Users\FarhadBillimoria\OneDrive - Aurora Energy Research\Documents\Personal\Endog_demand_AI\pyai\data\original\prices\A10G\EC2_g5xlarge_us-east-1.csv
2025-12-23,0.42467547655244997,0.41312127236580515,0.4410536779324055,2669.3128985427343,6285.535770071851,17,A10G,aws,A10G,g5xlarge,us-east-1,3,C:\Users\FarhadBillimoria\OneDrive - Aurora Energy Research\Documents\Personal\Endog_demand_AI\pyai\data\original\prices\A10G\EC2_g5xlarge_us-east-1.csv
2025-12-24,0.42169613895573926,0.4080516898608349,0.4328031809145129,2650.5861655074887,6285.535770071851,19,A10G,aws,A10G,g5xlarge,us-east-1,3,C:\Users\FarhadBillimoria\OneDrive - Aurora Energy Research\Documents\Personal\Endog_demand_AI\pyai\data\original\prices\A10G\EC2_g5xlarge_us-east-1.csv
2025-12-25,0.41789927104042407,0.4038767395626242,0.430417495029821,2626.7208164115373,6285.535770071851,15,A10G,aws,A10G,g5xlarge,us-east-1,3,C:\Users\FarhadBillimoria\OneDrive - Aurora Energy Research\Documents\Personal\Endog_demand_AI\pyai\data\original\prices\A10G\EC2_g5xlarge_us-east-1.csv
2025-12-26,0.41705323613872314,0.39821073558648107,0.4328031809145129,2621.403033774167,6285.535770071851,18,A10G,aws,A10G,g5xlarge,us-east-1,3,C:\Users\FarhadBillimoria\OneDrive - Aurora Energy Research\Documents\Personal\Endog_demand_AI\pyai\data\original\prices\A10G\EC2_g5xlarge_us-east-1.csv
2025-12-27,0.4134967969958029,0.3946322067594433,0.4317097415506958,2599.0489083272582,6285.535770071851,18,A10G,aws,A10G,g5xlarge,us-east-1,3,C:\Users\FarhadBillimoria\OneDrive - Aurora Energy Research\Documents\Personal\Endog_demand_AI\pyai\data\original\prices\A10G\EC2_g5xlarge_us-east-1.csv
2025-12-28,0.405017513963836,0.38926441351888663,0.4251491053677932,2545.7520715252667,6285.535770071852,21,A10G,aws,A10G,g5xlarge,us-east-1,3,C:\Users\FarhadBillimoria\OneDrive - Aurora Energy Research\Documents\Personal\Endog_demand_AI\pyai\data\original\prices\A10G\EC2_g5xlarge_us-east-1.csv
2025-12-29,0.4009194831013916,0.38558648111332006,0.41779324055666,2519.9937519525142,6285.535770071851,16,A10G,aws,A10G,g5xlarge,us-east-1,3,C:\Users\FarhadBillimoria\OneDrive - Aurora Energy Research\Documents\Personal\Endog_demand_AI\pyai\data\original\prices\A10G\EC2_g5xlarge_us-east-1.csv
2025-12-30,0.3948144466534128,0.3776341948310139,0.41103379721669975,2481.620326981151,6285.535770071851,18,A10G,aws,A10G,g5xlarge,us-east-1,3,C:\Users\FarhadBillimoria\OneDrive - Aurora Energy Research\Documents\Personal\Endog_demand_AI\pyai\data\original\prices\A10G\EC2_g5xlarge_us-east-1.csv
2025-12-31,0.39216841806305025,0.37823061630218685,0.4015904572564612,2464.9886196277944,6285.535770071851,14,A10G,aws,A10G,g5xlarge,us-east-1,3,C:\Users\FarhadBillimoria\OneDrive - Aurora Energy Research\Documents\Personal\Endog_demand_AI\pyai\data\original\prices\A10G\EC2_g5xlarge_us-east-1.csv
2026-01-01,0.39259150976493973,0.3766401590457256,0.4034791252485089,2467.647977654041,6285.535770071851,17,A10G,aws,A10G,g5xlarge,us-east-1,3,C:\Users\FarhadBillimoria\OneDrive - Aurora Energy Research\Documents\Personal\Endog_demand_AI\pyai\data\original\prices\A10G\EC2_g5xlarge_us-east-1.csv
2026-01-02,0.3945171078790415,0.37604373757455267,0.4024850894632206,2479.751393479011,6285.535770071851,19,A10G,aws,A10G,g5xlarge,us-east-1,3,C:\Users\FarhadBillimoria\OneDrive - Aurora Energy Research\Documents\Personal\Endog_demand_AI\pyai\data\original\prices\A10G\EC2_g5xlarge_us-east-1.csv
2026-01-03,0.39591202783300194,0.3725646123260437,0.4024850894632206,2488.519212746016,6285.535770071851,16,A10G,aws,A10G,g5xlarge,us-east-1,3,C:\Users\FarhadBillimoria\OneDrive - Aurora Energy Research\Documents\Personal\Endog_demand_AI\pyai\data\original\prices\A10G\EC2_g5xlarge_us-east-1.csv
2026-01-04,0.3918547538299613,0.37286282306163016,0.40357852882703776,2463.017071870922,6285.535770071851,17,A10G,aws,A10G,g5xlarge,us-east-1,3,C:\Users\FarhadBillimoria\OneDrive - Aurora Energy Research\Documents\Personal\Endog_demand_AI\pyai\data\original\prices\A10G\EC2_g5xlarge_us-east-1.csv
2026-01-05,0.389314115308151,0.37007952286282303,0.39890656063618285,2447.0477975632607,6285.535770071851,18,A10G,aws,A10G,g5xlarge,us-east-1,3,C:\Users\FarhadBillimoria\OneDrive - Aurora Energy Research\Documents\Personal\Endog_demand_AI\pyai\data\original\prices\A10G\EC2_g5xlarge_us-east-1.csv
2026-01-06,0.3894924570225704,0.37614314115308145,0.3970178926441351,2448.1687707885394,6285.535770071851,17,A10G,aws,A10G,g5xlarge,us-east-1,3,C:\Users\FarhadBillimoria\OneDrive - Aurora Energy Research\Documents\Personal\Endog_demand_AI\pyai\data\original\prices\A10G\EC2_g5xlarge_us-east-1.csv
2026-01-07,0.3893251601502098,0.379821073558648,0.3952286282306163,2447.117220313096,6285.535770071851,18,A10G,aws,A10G,g5xlarge,us-east-1,3,C:\Users\FarhadBillimoria\OneDrive - Aurora Energy Research\Documents\Personal\Endog_demand_AI\pyai\data\original\prices\A10G\EC2_g5xlarge_us-east-1.csv
2026-01-08,0.39005964214711725,0.3793240556660039,0.3993041749502982,2451.7338331771316,6285.535770071851,14,A10G,aws,A10G,g5xlarge,us-east-1,3,C:\Users\FarhadBillimoria\OneDrive - Aurora Energy Research\Documents\Personal\Endog_demand_AI\pyai\data\original\prices\A10G\EC2_g5xlarge_us-east-1.csv
2026-01-09,0.3922465208747514,0.37604373757455267,0.40208747514910537,2465.4795376444854,6285.535770071851,6,A10G,aws,A10G,g5xlarge,us-east-1,3,C:\Users\FarhadBillimoria\OneDrive - Aurora Energy Research\Documents\Personal\Endog_demand_AI\pyai\data\original\prices\A10G\EC2_g5xlarge_us-east-1.csv
2026-01-10,0.39139054561519765,0.37574552683896617,0.40139165009940353,2460.0992745322637,6285.535770071851,18,A10G,aws,A10G,g5xlarge,us-east-1,3,C:\Users\FarhadBillimoria\OneDrive - Aurora Energy Research\Documents\Personal\Endog_demand_AI\pyai\data\original\prices\A10G\EC2_g5xlarge_us-east-1.csv
2026-01-11,0.3927226116982316,0.37842942345924446,0.403976143141153,2468.4720235452733,6285.535770071851,19,A10G,aws,A10G,g5xlarge,us-east-1,3,C:\Users\FarhadBillimoria\OneDrive - Aurora Energy Research\Documents\Personal\Endog_demand_AI\pyai\data\original\prices\A10G\EC2_g5xlarge_us-east-1.csv
2026-01-12,0.3960735586481113,0.3811133200795228,0.4053677932405566,2489.5345204623545,6285.535770071851,18,A10G,aws,A10G,g5xlarge,us-east-1,3,C:\Users\FarhadBillimoria\OneDrive - Aurora Energy Research\Documents\Personal\Endog_demand_AI\pyai\data\original\prices\A10G\EC2_g5xlarge_us-east-1.csv
2026-01-13,0.3967547655245,0.38290258449304165,0.4048707753479125,2493.816270650715,6285.535770071851,17,A10G,aws,A10G,g5xlarge,us-east-1,3,C:\Users\FarhadBillimoria\OneDrive - Aurora Energy Research\Documents\Personal\Endog_demand_AI\pyai\data\original\prices\A10G\EC2_g5xlarge_us-east-1.csv
2026-01-14,0.40092971582271075,0.3916500994035785,0.4078528827037773,2520.058070088391,6285.535770071851,17,A10G,aws,A10G,g5xlarge,us-east-1,3,C:\Users\FarhadBillimoria\OneDrive - Aurora Energy Research\Documents\Personal\Endog_demand_AI\pyai\data\original\prices\A10G\EC2_g5xlarge_us-east-1.csv
2026-01-15,0.4024718356527501,0.39304174950298204,0.41232604373757453,2529.7511194418403,6285.535770071851,15,A10G,aws,A10G,g5xlarge,us-east-1,3,C:\Users\FarhadBillimoria\OneDrive - Aurora Energy Research\Documents\Personal\Endog_demand_AI\pyai\data\original\prices\A10G\EC2_g5xlarge_us-east-1.csv
2026-01-16,0.40635598175651966,0.3937375745526839,0.4309145129224652,2554.165058713269,6285.535770071851,17,A10G,aws,A10G,g5xlarge,us-east-1,3,C:\Users\FarhadBillimoria\OneDrive - Aurora Energy Research\Documents\Personal\Endog_demand_AI\pyai\data\original\prices\A10G\EC2_g5xlarge_us-east-1.csv
2026-01-17,0.4074276562845151,0.39512922465208744,0.4302186878727634,2560.9011072928593,6285.535770071851,18,A10G,aws,A10G,g5xlarge,us-east-1,3,C:\Users\FarhadBillimoria\OneDrive - Aurora Energy Research\Documents\Personal\Endog_demand_AI\pyai\data\original\prices\A10G\EC2_g5xlarge_us-east-1.csv
2026-01-18,0.40865363375303726,0.3961232604373757,0.4272365805168986,2568.607032524558,6285.535770071851,18,A10G,aws,A10G,g5xlarge,us-east-1,3,C:\Users\FarhadBillimoria\OneDrive - Aurora Energy Research\Documents\Personal\Endog_demand_AI\pyai\data\original\prices\A10G\EC2_g5xlarge_us-east-1.csv
2026-01-19,0.41244883639340424,0.3998011928429423,0.4296222664015904,2592.461914475255,6285.535770071851,17,A10G,aws,A10G,g5xlarge,us-east-1,3,C:\Users\FarhadBillimoria\OneDrive - Aurora Energy Research\Documents\Personal\Endog_demand_AI\pyai\data\original\prices\A10G\EC2_g5xlarge_us-east-1.csv
2026-01-20,0.422360573401695,0.41063618290258447,0.4438369781312127,2654.762491984412,6285.535770071851,19,A10G,aws,A10G,g5xlarge,us-east-1,3,C:\Users\FarhadBillimoria\OneDrive - Aurora Energy Research\Documents\Personal\Endog_demand_AI\pyai\data\original\prices\A10G\EC2_g5xlarge_us-east-1.csv
2026-01-21,0.4255839960238568,0.4136182902584493,0.4481113320079522,2675.0234301780683,6285.535770071851,16,A10G,aws,A10G,g5xlarge,us-east-1,3,C:\Users\FarhadBillimoria\OneDrive - Aurora Energy Research\Documents\Personal\Endog_demand_AI\pyai\data\original\prices\A10G\EC2_g5xlarge_us-east-1.csv
2026-01-22,0.42444854681435196,0.40864811133200796,0.44721669980119283,2667.886523556626,6285.535770071852,21,A10G,aws,A10G,g5xlarge,us-east-1,3,C:\Users\FarhadBillimoria\OneDrive - Aurora Energy Research\Documents\Personal\Endog_demand_AI\pyai\data\original\prices\A10G\EC2_g5xlarge_us-east-1.csv
2026-01-23,0.4243831130861887,0.40844930417495023,0.4464214711729622,2667.4752375176868,6285.535770071851,17,A10G,aws,A10G,g5xlarge,us-east-1,3,C:\Users\FarhadBillimoria\OneDrive - Aurora Energy Research\Documents\Personal\Endog_demand_AI\pyai\data\original\prices\A10G\EC2_g5xlarge_us-east-1.csv
2026-01-24,0.4279010149628544,0.41739562624254467,0.44801192842942344,2689.587135599072,6285.535770071851,19,A10G,aws,A10G,g5xlarge,us-east-1,3,C:\Users\FarhadBillimoria\OneDrive - Aurora Energy Research\Documents\Personal\Endog_demand_AI\pyai\data\original\prices\A10G\EC2_g5xlarge_us-east-1.csv
2026-01-25,0.44039098740888005,0.4233598409542743,0.46192842942345924,2768.093304175778,6285.535770071851,24,A10G,aws,A10G,g5xlarge,us-east-1,3,C:\Users\FarhadBillimoria\OneDrive - Aurora Energy Research\Documents\Personal\Endog_demand_AI\pyai\data\original\prices\A10G\EC2_g5xlarge_us-east-1.csv
2026-01-26,0.46102827479567043,0.4440357852882703,0.4736580516898608,2897.809712242701,6285.535770071851,18,A10G,aws,A10G,g5xlarge,us-east-1,3,C:\Users\FarhadBillimoria\OneDrive - Aurora Energy Research\Documents\Personal\Endog_demand_AI\pyai\data\original\prices\A10G\EC2_g5xlarge_us-east-1.csv
2026-01-27,0.47645181542324994,0.46500994035785287,0.49652087475149104,2994.7549285585087,6285.535770071851,19,A10G,aws,A10G,g5xlarge,us-east-1,3,C:\Users\FarhadBillimoria\OneDrive - Aurora Energy Research\Documents\Personal\Endog_demand_AI\pyai\data\original\prices\A10G\EC2_g5xlarge_us-east-1.csv
2026-01-28,0.4818149923985498,0.46491053677932404,0.4984095427435387,3028.465369277982,6285.535770071851,17,A10G,aws,A10G,g5xlarge,us-east-1,3,C:\Users\FarhadBillimoria\OneDrive - Aurora Energy Research\Documents\Personal\Endog_demand_AI\pyai\data\original\prices\A10G\EC2_g5xlarge_us-east-1.csv
2026-01-29,0.48105119284294234,0.4633200795228628,0.4968190854870775,3023.664479850046,6285.535770071851,16,A10G,aws,A10G,g5xlarge,us-east-1,3,C:\Users\FarhadBillimoria\OneDrive - Aurora Energy Research\Documents\Personal\Endog_demand_AI\pyai\data\original\prices\A10G\EC2_g5xlarge_us-east-1.csv
2026-01-30,0.4731886459023636,0.4576540755467196,0.48916500994035783,2974.2441598111695,6285.535770071851,18,A10G,aws,A10G,g5xlarge,us-east-1,3,C:\Users\FarhadBillimoria\OneDrive - Aurora Energy Research\Documents\Personal\Endog_demand_AI\pyai\data\original\prices\A10G\EC2_g5xlarge_us-east-1.csv
2026-01-31,0.46873757455268383,0.4506958250497018,0.4837972166998012,2946.2667916276155,6285.535770071851,22,A10G,aws,A10G,g5xlarge,us-east-1,3,C:\Users\FarhadBillimoria\OneDrive - Aurora Energy Research\Documents\Personal\Endog_demand_AI\pyai\data\original\prices\A10G\EC2_g5xlarge_us-east-1.csv
2026-02-01,0.45756019438922024,0.44244532803180914,0.47882703777335983,2876.0109687944732,6285.535770071851,18,A10G,aws,A10G,g5xlarge,us-east-1,3,C:\Users\FarhadBillimoria\OneDrive - Aurora Energy Research\Documents\Personal\Endog_demand_AI\pyai\data\original\prices\A10G\EC2_g5xlarge_us-east-1.csv
2026-02-02,0.45029821073558646,0.43369781312127237,0.470079522862823,2830.3655107778814,6285.535770071851,19,A10G,aws,A10G,g5xlarge,us-east-1,3,C:\Users\FarhadBillimoria\OneDrive - Aurora Energy Research\Documents\Personal\Endog_demand_AI\pyai\data\original\prices\A10G\EC2_g5xlarge_us-east-1.csv
2026-02-03,0.436610337972167,0.424155069582505,0.4518886679920477,2744.3298969072157,6285.535770071851,20,A10G,aws,A10G,g5xlarge,us-east-1,3,C:\Users\FarhadBillimoria\OneDrive - Aurora Energy Research\Documents\Personal\Endog_demand_AI\pyai\data\original\prices\A10G\EC2_g5xlarge_us-east-1.csv
2026-02-04,0.428495692511597,0.414910536779324,0.4430417495029821,2693.3250026033525,6285.535770071852,21,A10G,aws,A10G,g5xlarge,us-east-1,3,C:\Users\FarhadBillimoria\OneDrive - Aurora Energy Research\Documents\Personal\Endog_demand_AI\pyai\data\original\prices\A10G\EC2_g5xlarge_us-east-1.csv
2026-02-05,0.4181411530815109,0.40308151093439365,0.43469184890656065,2628.2411746329262,6285.535770071851,20,A10G,aws,A10G,g5xlarge,us-east-1,3,C:\Users\FarhadBillimoria\OneDrive - Aurora Energy Research\Documents\Personal\Endog_demand_AI\pyai\data\original\prices\A10G\EC2_g5xlarge_us-east-1.csv
2026-02-06,0.40982341246637816,0.3943339960238568,0.42574552683896616,2575.9597184703302,6285.535770071851,17,A10G,aws,A10G,g5xlarge,us-east-1,3,C:\Users\FarhadBillimoria\OneDrive - Aurora Energy Research\Documents\Personal\Endog_demand_AI\pyai\data\original\prices\A10G\EC2_g5xlarge_us-east-1.csv
2026-02-07,0.4006520874751491,0.3871769383697813,0.4246520874751491,2518.3130271790055,6285.5357700718505,25,A10G,aws,A10G,g5xlarge,us-east-1,3,C:\Users\FarhadBillimoria\OneDrive - Aurora Energy Research\Documents\Personal\Endog_demand_AI\pyai\data\original\prices\A10G\EC2_g5xlarge_us-east-1.csv
2026-02-08,0.39775789706207193,0.3819085487077534,0.4269383697813121,2500.1214898122107,6285.535770071851,18,A10G,aws,A10G,g5xlarge,us-east-1,3,C:\Users\FarhadBillimoria\OneDrive - Aurora Energy Research\Documents\Personal\Endog_demand_AI\pyai\data\original\prices\A10G\EC2_g5xlarge_us-east-1.csv
2026-02-09,0.3918606010992866,0.3750497017892644,0.4311133200795228,2463.053825091423,6285.535770071851,17,A10G,aws,A10G,g5xlarge,us-east-1,3,C:\Users\FarhadBillimoria\OneDrive - Aurora Energy Research\Documents\Personal\Endog_demand_AI\pyai\data\original\prices\A10G\EC2_g5xlarge_us-east-1.csv
2026-02-10,0.3918347060494177,0.37166998011928426,0.43051689860834985,2462.891060829204,6285.535770071851,14,A10G,aws,A10G,g5xlarge,us-east-1,3,C:\Users\FarhadBillimoria\OneDrive - Aurora Energy Research\Documents\Personal\Endog_demand_AI\pyai\data\original\prices\A10G\EC2_g5xlarge_us-east-1.csv
2026-02-11,0.39220303180914506,0.3749502982107355,0.4292246520874751,2465.2061855670095,6285.535770071851,16,A10G,aws,A10G,g5xlarge,us-east-1,3,C:\Users\FarhadBillimoria\OneDrive - Aurora Energy Research\Documents\Personal\Endog_demand_AI\pyai\data\original\prices\A10G\EC2_g5xlarge_us-east-1.csv
2026-02-12,0.39952390917651975,0.37942345924453275,0.4288270377733598,2511.2218221279527,6285.535770071851,19,A10G,aws,A10G,g5xlarge,us-east-1,3,C:\Users\FarhadBillimoria\OneDrive - Aurora Energy Research\Documents\Personal\Endog_demand_AI\pyai\data\original\prices\A10G\EC2_g5xlarge_us-east-1.csv
2026-02-13,0.40141650099403575,0.38628230616302184,0.4307157057654075,2523.1177756950947,6285.535770071851,16,A10G,aws,A10G,g5xlarge,us-east-1,3,C:\Users\FarhadBillimoria\OneDrive - Aurora Energy Research\Documents\Personal\Endog_demand_AI\pyai\data\original\prices\A10G\EC2_g5xlarge_us-east-1.csv
2026-02-14,0.4091340843825933,0.39970178926441347,0.4339960238568588,2571.626922142385,6285.535770071851,18,A10G,aws,A10G,g5xlarge,us-east-1,3,C:\Users\FarhadBillimoria\OneDrive - Aurora Energy Research\Documents\Personal\Endog_demand_AI\pyai\data\original\prices\A10G\EC2_g5xlarge_us-east-1.csv
2026-02-15,0.41465910419833935,0.3972166998011928,0.44721669980119283,2606.3546318246126,6285.535770071851,17,A10G,aws,A10G,g5xlarge,us-east-1,3,C:\Users\FarhadBillimoria\OneDrive - Aurora Energy Research\Documents\Personal\Endog_demand_AI\pyai\data\original\prices\A10G\EC2_g5xlarge_us-east-1.csv
2026-02-16,0.4162787978014267,0.3985089463220675,0.45258449304174947,2616.535273903375,6285.535770071851,17,A10G,aws,A10G,g5xlarge,us-east-1,3,C:\Users\FarhadBillimoria\OneDrive - Aurora Energy Research\Documents\Personal\Endog_demand_AI\pyai\data\original\prices\A10G\EC2_g5xlarge_us-east-1.csv
2026-02-17,0.4200795228628231,0.3993041749502982,0.4516898608349901,2640.42486722899,6285.535770071851,17,A10G,aws,A10G,g5xlarge,us-east-1,3,C:\Users\FarhadBillimoria\OneDrive - Aurora Energy Research\Documents\Personal\Endog_demand_AI\pyai\data\original\prices\A10G\EC2_g5xlarge_us-east-1.csv
2026-02-18,0.4263861276783742,0.4090457256461232,0.4602385685884692,2680.0652573848442,6285.535770071851,18,A10G,aws,A10G,g5xlarge,us-east-1,3,C:\Users\FarhadBillimoria\OneDrive - Aurora Energy Research\Documents\Personal\Endog_demand_AI\pyai\data\original\prices\A10G\EC2_g5xlarge_us-east-1.csv
2026-02-19,0.4327979491472219,0.4150099403578528,0.47435387673956264,2720.3669905786014,6285.535770071851,19,A10G,aws,A10G,g5xlarge,us-east-1,3,C:\Users\FarhadBillimoria\OneDrive - Aurora Energy Research\Documents\Personal\Endog_demand_AI\pyai\data\original\prices\A10G\EC2_g5xlarge_us-east-1.csv
2026-02-20,0.4396123260437375,0.42127236580516897,0.4742544731610338,2763.199000312402,6285.535770071851,18,A10G,aws,A10G,g5xlarge,us-east-1,3,C:\Users\FarhadBillimoria\OneDrive - Aurora Energy Research\Documents\Personal\Endog_demand_AI\pyai\data\original\prices\A10G\EC2_g5xlarge_us-east-1.csv
2026-02-21,0.43824698865629746,0.42087475149105363,0.46868787276341944,2754.617123325431,6285.535770071851,17,A10G,aws,A10G,g5xlarge,us-east-1,3,C:\Users\FarhadBillimoria\OneDrive - Aurora Energy Research\Documents\Personal\Endog_demand_AI\pyai\data\original\prices\A10G\EC2_g5xlarge_us-east-1.csv
2026-02-22,0.4444854681435198,0.42793240556660034,0.47743538767395627,2793.8293092932263,6285.535770071852,21,A10G,aws,A10G,g5xlarge,us-east-1,3,C:\Users\FarhadBillimoria\OneDrive - Aurora Energy Research\Documents\Personal\Endog_demand_AI\pyai\data\original\prices\A10G\EC2_g5xlarge_us-east-1.csv
2026-02-23,0.44139374280631993,0.4259443339960238,0.4753479125248509,2774.396159095019,6285.535770071851,19,A10G,aws,A10G,g5xlarge,us-east-1,3,C:\Users\FarhadBillimoria\OneDrive - Aurora Energy Research\Documents\Personal\Endog_demand_AI\pyai\data\original\prices\A10G\EC2_g5xlarge_us-east-1.csv
2026-02-24,0.43389662027833,0.42524850894632205,0.4590457256461232,2727.2727272727266,6285.535770071851,20,A10G,aws,A10G,g5xlarge,us-east-1,3,C:\Users\FarhadBillimoria\OneDrive - Aurora Energy Research\Documents\Personal\Endog_demand_AI\pyai\data\original\prices\A10G\EC2_g5xlarge_us-east-1.csv
2026-02-25,0.4324055666003976,0.4235586481113319,0.45536779324055665,2717.900656044985,6285.535770071851,18,A10G,aws,A10G,g5xlarge,us-east-1,3,C:\Users\FarhadBillimoria\OneDrive - Aurora Energy Research\Documents\Personal\Endog_demand_AI\pyai\data\original\prices\A10G\EC2_g5xlarge_us-east-1.csv
2026-02-26,0.43103048376408215,0.4225646123260437,0.449403578528827,2709.2575236905127,6285.535770071851,18,A10G,aws,A10G,g5xlarge,us-east-1,3,C:\Users\FarhadBillimoria\OneDrive - Aurora Energy Research\Documents\Personal\Endog_demand_AI\pyai\data\original\prices\A10G\EC2_g5xlarge_us-east-1.csv
2026-02-27,0.43253603379721667,0.42475149105367793,0.4492047713717694,2718.7207122774125,6285.535770071851,16,A10G,aws,A10G,g5xlarge,us-east-1,3,C:\Users\FarhadBillimoria\OneDrive - Aurora Energy Research\Documents\Personal\Endog_demand_AI\pyai\data\original\prices\A10G\EC2_g5xlarge_us-east-1.csv
2026-02-28,0.4383145571018334,0.4283300198807157,0.449403578528827,2755.041827206775,6285.535770071851,18,A10G,aws,A10G,g5xlarge,us-east-1,3,C:\Users\FarhadBillimoria\OneDrive - Aurora Energy Research\Documents\Personal\Endog_demand_AI\pyai\data\original\prices\A10G\EC2_g5xlarge_us-east-1.csv
2026-03-01,0.4337030448885633,0.42017892644135185,0.4484095427435387,2726.0560022361424,6285.535770071851,19,A10G,aws,A10G,g5xlarge,us-east-1,3,C:\Users\FarhadBillimoria\OneDrive - Aurora Energy Research\Documents\Personal\Endog_demand_AI\pyai\data\original\prices\A10G\EC2_g5xlarge_us-east-1.csv
2026-03-02,0.42902111142667804,0.4156063618290258,0.4392644135188867,2696.627541988366,6285.535770071852,21,A10G,aws,A10G,g5xlarge,us-east-1,3,C:\Users\FarhadBillimoria\OneDrive - Aurora Energy Research\Documents\Personal\Endog_demand_AI\pyai\data\original\prices\A10G\EC2_g5xlarge_us-east-1.csv
2026-03-03,0.4287861068880833,0.4162027833001988,0.438469184890656,2695.1504125548995,6285.535770071851,17,A10G,aws,A10G,g5xlarge,us-east-1,3,C:\Users\FarhadBillimoria\OneDrive - Aurora Energy Research\Documents\Personal\Endog_demand_AI\pyai\data\original\prices\A10G\EC2_g5xlarge_us-east-1.csv
2026-03-04,0.4287100923868553,0.4163021868787276,0.4383697813121272,2694.672620688387,6285.535770071851,17,A10G,aws,A10G,g5xlarge,us-east-1,3,C:\Users\FarhadBillimoria\OneDrive - Aurora Energy Research\Documents\Personal\Endog_demand_AI\pyai\data\original\prices\A10G\EC2_g5xlarge_us-east-1.csv
2026-03-05,0.4320655017264832,0.4192842942345924,0.4505964214711729,2715.763166115851,6285.535770071851,19,A10G,aws,A10G,g5xlarge,us-east-1,3,C:\Users\FarhadBillimoria\OneDrive - Aurora Energy Research\Documents\Personal\Endog_demand_AI\pyai\data\original\prices\A10G\EC2_g5xlarge_us-east-1.csv
2026-03-06,0.4386784555822956,0.4235586481113319,0.4501988071570577,2757.329124122395,6285.535770071851,19,A10G,aws,A10G,g5xlarge,us-east-1,3,C:\Users\FarhadBillimoria\OneDrive - Aurora Energy Research\Documents\Personal\Endog_demand_AI\pyai\data\original\prices\A10G\EC2_g5xlarge_us-east-1.csv
2026-03-07,0.43904351667771147,0.42574552683896616,0.44999999999999996,2759.623728695893,6285.535770071851,18,A10G,aws,A10G,g5xlarge,us-east-1,3,C:\Users\FarhadBillimoria\OneDrive - Aurora Energy Research\Documents\Personal\Endog_demand_AI\pyai\data\original\prices\A10G\EC2_g5xlarge_us-east-1.csv
2026-03-08,0.4368566379500773,0.4245526838966202,0.4482107355864811,2745.878024228539,6285.535770071851,18,A10G,aws,A10G,g5xlarge,us-east-1,3,C:\Users\FarhadBillimoria\OneDrive - Aurora Energy Research\Documents\Personal\Endog_demand_AI\pyai\data\original\prices\A10G\EC2_g5xlarge_us-east-1.csv
2026-03-09,0.43295849900596417,0.41838966202783295,0.44681908548707755,2721.3761324586058,6285.535770071851,16,A10G,aws,A10G,g5xlarge,us-east-1,3,C:\Users\FarhadBillimoria\OneDrive - Aurora Energy Research\Documents\Personal\Endog_demand_AI\pyai\data\original\prices\A10G\EC2_g5xlarge_us-east-1.csv
2026-03-10,0.4399204771371769,0.41819085487077534,0.45675944333996027,2765.1358950328017,6285.535770071851,20,A10G,aws,A10G,g5xlarge,us-east-1,3,C:\Users\FarhadBillimoria\OneDrive - Aurora Energy Research\Documents\Personal\Endog_demand_AI\pyai\data\original\prices\A10G\EC2_g5xlarge_us-east-1.csv
2026-03-11,0.44267921880481814,0.4207753479125248,0.4659045725646123,2782.4760644651483,6285.535770071851,17,A10G,aws,A10G,g5xlarge,us-east-1,3,C:\Users\FarhadBillimoria\OneDrive - Aurora Energy Research\Documents\Personal\Endog_demand_AI\pyai\data\original\prices\A10G\EC2_g5xlarge_us-east-1.csv
2026-03-12,0.45342680757559906,0.42982107355864807,0.47634194831013915,2850.030418125914,6285.535770071851,19,A10G,aws,A10G,g5xlarge,us-east-1,3,C:\Users\FarhadBillimoria\OneDrive - Aurora Energy Research\Documents\Personal\Endog_demand_AI\pyai\data\original\prices\A10G\EC2_g5xlarge_us-east-1.csv
2026-03-13,0.45719681908548704,0.4401590457256461,0.4769383697813121,2873.726960324898,6285.535770071851,15,A10G,aws,A10G,g5xlarge,us-east-1,3,C:\Users\FarhadBillimoria\OneDrive - Aurora Energy Research\Documents\Personal\Endog_demand_AI\pyai\data\original\prices\A10G\EC2_g5xlarge_us-east-1.csv
2026-03-14,0.456970675944334,0.44463220675944326,0.47554671968190854,2872.305529522024,6285.535770071851,16,A10G,aws,A10G,g5xlarge,us-east-1,3,C:\Users\FarhadBillimoria\OneDrive - Aurora Energy Research\Documents\Personal\Endog_demand_AI\pyai\data\original\prices\A10G\EC2_g5xlarge_us-east-1.csv
2026-03-15,0.453442502877472,0.43469184890656065,0.4736580516898608,2850.1290715072587,6285.535770071851,19,A10G,aws,A10G,g5xlarge,us-east-1,3,C:\Users\FarhadBillimoria\OneDrive - Aurora Energy Research\Documents\Personal\Endog_demand_AI\pyai\data\original\prices\A10G\EC2_g5xlarge_us-east-1.csv
2026-03-16,0.45579025844930415,0.4299204771371769,0.4739562624254473,2864.885973133395,6285.535770071851,16,A10G,aws,A10G,g5xlarge,us-east-1,3,C:\Users\FarhadBillimoria\OneDrive - Aurora Energy Research\Documents\Personal\Endog_demand_AI\pyai\data\original\prices\A10G\EC2_g5xlarge_us-east-1.csv
2026-03-17,0.4491786125353144,0.4240556660039761,0.46998011928429423,2823.328236241963,6285.535770071851,19,A10G,aws,A10G,g5xlarge,us-east-1,3,C:\Users\FarhadBillimoria\OneDrive - Aurora Energy Research\Documents\Personal\Endog_demand_AI\pyai\data\original\prices\A10G\EC2_g5xlarge_us-east-1.csv
2026-03-18,0.4381651268857443,0.4093439363817097,0.4613320079522863,2754.1025782384177,6285.535770071851,17,A10G,aws,A10G,g5xlarge,us-east-1,3,C:\Users\FarhadBillimoria\OneDrive - Aurora Energy Research\Documents\Personal\Endog_demand_AI\pyai\data\original\prices\A10G\EC2_g5xlarge_us-east-1.csv
2026-03-19,0.42712548239971926,0.39652087475149095,0.4420477137176938,2684.7124979326304,6285.535770071851,17,A10G,aws,A10G,g5xlarge,us-east-1,3,C:\Users\FarhadBillimoria\OneDrive - Aurora Energy Research\Documents\Personal\Endog_demand_AI\pyai\data\original\prices\A10G\EC2_g5xlarge_us-east-1.csv
2026-03-20,0.4192375160799906,0.39662027833001984,0.43001988071570574,2635.132403476854,6285.535770071851,17,A10G,aws,A10G,g5xlarge,us-east-1,3,C:\Users\FarhadBillimoria\OneDrive - Aurora Energy Research\Documents\Personal\Endog_demand_AI\pyai\data\original\prices\A10G\EC2_g5xlarge_us-east-1.csv
2026-03-21,0.41988623812679476,0.3985089463220675,0.4306163021868787,2639.2099691068756,6285.535770071851,18,A10G,aws,A10G,g5xlarge,us-east-1,3,C:\Users\FarhadBillimoria\OneDrive - Aurora Energy Research\Documents\Personal\Endog_demand_AI\pyai\data\original\prices\A10G\EC2_g5xlarge_us-east-1.csv
2026-03-22,0.4123155802029925,0.3927435387673956,0.4276341948310139,2591.6243279238392,6285.535770071851,19,A10G,aws,A10G,g5xlarge,us-east-1,3,C:\Users\FarhadBillimoria\OneDrive - Aurora Energy Research\Documents\Personal\Endog_demand_AI\pyai\data\original\prices\A10G\EC2_g5xlarge_us-east-1.csv
2026-03-23,0.4114138697228394,0.3969184890656063,0.42107355864811125,2585.9565944465876,6285.535770071851,17,A10G,aws,A10G,g5xlarge,us-east-1,3,C:\Users\FarhadBillimoria\OneDrive - Aurora Energy Research\Documents\Personal\Endog_demand_AI\pyai\data\original\prices\A10G\EC2_g5xlarge_us-east-1.csv
2026-03-24,0.4127178107823646,0.4050695825049701,0.4214711729622266,2594.152562618299,6285.535770071851,17,A10G,aws,A10G,g5xlarge,us-east-1,3,C:\Users\FarhadBillimoria\OneDrive - Aurora Energy Research\Documents\Personal\Endog_demand_AI\pyai\data\original\prices\A10G\EC2_g5xlarge_us-east-1.csv
2026-03-25,0.4106486083499006,0.40059642147117297,0.4184890656063618,2581.146516713526,6285.535770071851,16,A10G,aws,A10G,g5xlarge,us-east-1,3,C:\Users\FarhadBillimoria\OneDrive - Aurora Energy Research\Documents\Personal\Endog_demand_AI\pyai\data\original\prices\A10G\EC2_g5xlarge_us-east-1.csv
2026-03-26,0.40389330682571234,0.39353876739562615,0.4129224652087475,2538.6858273456205,6285.535770071851,18,A10G,aws,A10G,g5xlarge,us-east-1,3,C:\Users\FarhadBillimoria\OneDrive - Aurora Energy Research\Documents\Personal\Endog_demand_AI\pyai\data\original\prices\A10G\EC2_g5xlarge_us-east-1.csv
2026-03-27,0.4001988071570576,0.3899602385685884,0.40994035785288263,2515.4639175257726,6285.535770071851,18,A10G,aws,A10G,g5xlarge,us-east-1,3,C:\Users\FarhadBillimoria\OneDrive - Aurora Energy Research\Documents\Personal\Endog_demand_AI\pyai\data\original\prices\A10G\EC2_g5xlarge_us-east-1.csv
2026-03-28,0.3988284578244817,0.3845924453280318,0.4104373757455268,2506.850537778372,6285.535770071851,14,A10G,aws,A10G,g5xlarge,us-east-1,3,C:\Users\FarhadBillimoria\OneDrive - Aurora Energy Research\Documents\Personal\Endog_demand_AI\pyai\data\original\prices\A10G\EC2_g5xlarge_us-east-1.csv
2026-03-29,0.40842314533849533,0.39453280318091444,0.43001988071570574,2567.158289350367,6285.535770071851,19,A10G,aws,A10G,g5xlarge,us-east-1,3,C:\Users\FarhadBillimoria\OneDrive - Aurora Energy Research\Documents\Personal\Endog_demand_AI\pyai\data\original\prices\A10G\EC2_g5xlarge_us-east-1.csv
2026-03-30,0.42879942566821294,0.4081510934393638,0.4482107355864811,2695.234128223818,6285.535770071851,18,A10G,aws,A10G,g5xlarge,us-east-1,3,C:\Users\FarhadBillimoria\OneDrive - Aurora Energy Research\Documents\Personal\Endog_demand_AI\pyai\data\original\prices\A10G\EC2_g5xlarge_us-east-1.csv
2026-03-31,0.4377628963063723,0.4217693836978131,0.4489065606361829,2751.5743435439576,6285.535770071851,19,A10G,aws,A10G,g5xlarge,us-east-1,3,C:\Users\FarhadBillimoria\OneDrive - Aurora Energy Research\Documents\Personal\Endog_demand_AI\pyai\data\original\prices\A10G\EC2_g5xlarge_us-east-1.csv
2026-04-01,0.43921923007410074,0.428727634194831,0.44413518886679915,2760.728181534179,6285.535770071851,11,A10G,aws,A10G,g5xlarge,us-east-1,3,C:\Users\FarhadBillimoria\OneDrive - Aurora Energy Research\Documents\Personal\Endog_demand_AI\pyai\data\original\prices\A10G\EC2_g5xlarge_us-east-1.csv
2026-04-02,0.4387736083499006,0.4253479125248509,0.4478131212723658,2757.927210246797,6285.535770071851,16,A10G,aws,A10G,g5xlarge,us-east-1,3,C:\Users\FarhadBillimoria\OneDrive - Aurora Energy Research\Documents\Personal\Endog_demand_AI\pyai\data\original\prices\A10G\EC2_g5xlarge_us-east-1.csv
2026-04-03,0.4425314777998674,0.4251491053677932,0.4547713717693837,2781.547433093824,6285.535770071851,15,A10G,aws,A10G,g5xlarge,us-east-1,3,C:\Users\FarhadBillimoria\OneDrive - Aurora Energy Research\Documents\Personal\Endog_demand_AI\pyai\data\original\prices\A10G\EC2_g5xlarge_us-east-1.csv
2026-04-04,0.4457256461232604,0.42664015904572566,0.4659045725646123,2801.6244923461413,6285.535770071851,15,A10G,aws,A10G,g5xlarge,us-east-1,3,C:\Users\FarhadBillimoria\OneDrive - Aurora Energy Research\Documents\Personal\Endog_demand_AI\pyai\data\original\prices\A10G\EC2_g5xlarge_us-east-1.csv
2026-04-05,0.4578479125248509,0.4418489065606362,0.4724652087475149,2877.819431427678,6285.535770071851,20,A10G,aws,A10G,g5xlarge,us-east-1,3,C:\Users\FarhadBillimoria\OneDrive - Aurora Energy Research\Documents\Personal\Endog_demand_AI\pyai\data\original\prices\A10G\EC2_g5xlarge_us-east-1.csv
2026-04-06,0.4701838966202783,0.4613320079522863,0.48260437375745524,2955.357700718525,6285.535770071851,20,A10G,aws,A10G,g5xlarge,us-east-1,3,C:\Users\FarhadBillimoria\OneDrive - Aurora Energy Research\Documents\Personal\Endog_demand_AI\pyai\data\original\prices\A10G\EC2_g5xlarge_us-east-1.csv
2026-04-07,0.4839060872858089,0.46341948310139164,0.5060636182902584,3041.6090209904637,6285.535770071852,21,A10G,aws,A10G,g5xlarge,us-east-1,3,C:\Users\FarhadBillimoria\OneDrive - Aurora Energy Research\Documents\Personal\Endog_demand_AI\pyai\data\original\prices\A10G\EC2_g5xlarge_us-east-1.csv
2026-04-08,0.4864535012149326,0.4554671968190855,0.5129224652087475,3057.6208823631496,6285.535770071851,18,A10G,aws,A10G,g5xlarge,us-east-1,3,C:\Users\FarhadBillimoria\OneDrive - Aurora Energy Research\Documents\Personal\Endog_demand_AI\pyai\data\original\prices\A10G\EC2_g5xlarge_us-east-1.csv
2026-04-09,0.4846183766963436,0.4513916500994036,0.5172962226640159,3046.0861415590234,6285.535770071851,23,A10G,aws,A10G,g5xlarge,us-east-1,3,C:\Users\FarhadBillimoria\OneDrive - Aurora Energy Research\Documents\Personal\Endog_demand_AI\pyai\data\original\prices\A10G\EC2_g5xlarge_us-east-1.csv
2026-04-10,0.47670477137176936,0.4409542743538767,0.4987077534791252,2996.34489222118,6285.535770071851,20,A10G,aws,A10G,g5xlarge,us-east-1,3,C:\Users\FarhadBillimoria\OneDrive - Aurora Energy Research\Documents\Personal\Endog_demand_AI\pyai\data\original\prices\A10G\EC2_g5xlarge_us-east-1.csv
2025-07-28,0.10000017554207392,0.10000017554207392,0.10000017554207392,1322.802740044119,13228.004179728314,1,B200,aws,B200,p6b20048xlarge,us-west-2,0,C:\Users\FarhadBillimoria\OneDrive - Aurora Energy Research\Documents\Personal\Endog_demand_AI\pyai\data\original\prices\B200\EC2_p6b20048xlarge_us-west-2.csv
2025-07-29,0.10264760079124335,0.10014938630490955,0.10570090439276486,1357.8228923056506,13228.004179728314,7,B200,aws,B200,p6b20048xlarge,us-west-2,0,C:\Users\FarhadBillimoria\OneDrive - Aurora Energy Research\Documents\Personal\Endog_demand_AI\pyai\data\original\prices\B200\EC2_p6b20048xlarge_us-west-2.csv
2025-07-30,0.10636671040172051,0.10362687478934951,0.10952684389394449,1407.0192897779102,13228.004179728314,7,B200,aws,B200,p6b20048xlarge,us-west-2,0,C:\Users\FarhadBillimoria\OneDrive - Aurora Energy Research\Documents\Personal\Endog_demand_AI\pyai\data\original\prices\B200\EC2_p6b20048xlarge_us-west-2.csv
2025-07-31,0.11047005339989889,0.10737294264689361,0.11435512863723177,1461.2983281086724,13228.004179728314,8,B200,aws,B200,p6b20048xlarge,us-west-2,0,C:\Users\FarhadBillimoria\OneDrive - Aurora Energy Research\Documents\Personal\Endog_demand_AI\pyai\data\original\prices\B200\EC2_p6b20048xlarge_us-west-2.csv
2025-08-01,0.11776556004943264,0.1128463445118526,0.12474370857207057,1557.8033205619408,13228.004179728314,10,B200,aws,B200,p6b20048xlarge,us-west-2,0,C:\Users\FarhadBillimoria\OneDrive - Aurora Energy Research\Documents\Personal\Endog_demand_AI\pyai\data\original\prices\B200\EC2_p6b20048xlarge_us-west-2.csv
2025-08-02,0.1248237752624549,0.1207782131221211,0.1291164616335243,1651.1694209012212,13228.004179728314,9,B200,aws,B200,p6b20048xlarge,us-west-2,0,C:\Users\FarhadBillimoria\OneDrive - Aurora Energy Research\Documents\Personal\Endog_demand_AI\pyai\data\original\prices\B200\EC2_p6b20048xlarge_us-west-2.csv
2025-08-03,0.12883935593111528,0.12532650825749916,0.13440466661049322,1704.287538770297,13228.004179728314,7,B200,aws,B200,p6b20048xlarge,us-west-2,0,C:\Users\FarhadBillimoria\OneDrive - Aurora Energy Research\Documents\Personal\Endog_demand_AI\pyai\data\original\prices\B200\EC2_p6b20048xlarge_us-west-2.csv
2025-08-04,0.13517814887372204,0.12850996376811596,0.13993248651836873,1788.1371183095316,13228.004179728314,8,B200,aws,B200,p6b20048xlarge,us-west-2,0,C:\Users\FarhadBillimoria\OneDrive - Aurora Energy Research\Documents\Personal\Endog_demand_AI\pyai\data\original\prices\B200\EC2_p6b20048xlarge_us-west-2.csv
2025-08-05,0.14175071231072664,0.13783651415571285,0.1457253749578699,1875.079014925758,13228.004179728314,9,B200,aws,B200,p6b20048xlarge,us-west-2,0,C:\Users\FarhadBillimoria\OneDrive - Aurora Energy Research\Documents\Personal\Endog_demand_AI\pyai\data\original\prices\B200\EC2_p6b20048xlarge_us-west-2.csv
2025-08-06,0.14977425289293336,0.1479415936411639,0.1520606884057971,1981.2144432834082,13228.004179728314,7,B200,aws,B200,p6b20048xlarge,us-west-2,0,C:\Users\FarhadBillimoria\OneDrive - Aurora Energy Research\Documents\Personal\Endog_demand_AI\pyai\data\original\prices\B200\EC2_p6b20048xlarge_us-west-2.csv
2025-08-07,0.1536398356458076,0.1493933265925177,0.15834597236265588,2032.3483880955139,13228.004179728314,6,B200,aws,B200,p6b20048xlarge,us-west-2,0,C:\Users\FarhadBillimoria\OneDrive - Aurora Energy Research\Documents\Personal\Endog_demand_AI\pyai\data\original\prices\B200\EC2_p6b20048xlarge_us-west-2.csv
2025-08-08,0.15835011014011266,0.1531367613189529,0.16402739158521512,2094.655918793849,13228.004179728314,7,B200,aws,B200,p6b20048xlarge,us-west-2,0,C:\Users\FarhadBillimoria\OneDrive - Aurora Energy Research\Documents\Personal\Endog_demand_AI\pyai\data\original\prices\B200\EC2_p6b20048xlarge_us-west-2.csv
2025-08-09,0.1674886911895043,0.1605218163689473,0.17492943208628245,2215.5411071119875,13228.004179728314,9,B200,aws,B200,p6b20048xlarge,us-west-2,0,C:\Users\FarhadBillimoria\OneDrive - Aurora Energy Research\Documents\Personal\Endog_demand_AI\pyai\data\original\prices\B200\EC2_p6b20048xlarge_us-west-2.csv
2025-08-10,0.17766467016814588,0.16713009774182674,0.18778174502864847,2350.1489995742863,13228.004179728314,9,B200,aws,B200,p6b20048xlarge,us-west-2,0,C:\Users\FarhadBillimoria\OneDrive - Aurora Energy Research\Documents\Personal\Endog_demand_AI\pyai\data\original\prices\B200\EC2_p6b20048xlarge_us-west-2.csv
2025-08-11,0.18490095331048947,0.1744896991911021,0.1949851140321312,2445.8705832269043,13228.004179728314,6,B200,aws,B200,p6b20048xlarge,us-west-2,0,C:\Users\FarhadBillimoria\OneDrive - Aurora Energy Research\Documents\Personal\Endog_demand_AI\pyai\data\original\prices\B200\EC2_p6b20048xlarge_us-west-2.csv
2025-08-12,0.19024372261543648,0.18115415402763735,0.19780168660824626,2516.5447579240677,13228.004179728314,8,B200,aws,B200,p6b20048xlarge,us-west-2,0,C:\Users\FarhadBillimoria\OneDrive - Aurora Energy Research\Documents\Personal\Endog_demand_AI\pyai\data\original\prices\B200\EC2_p6b20048xlarge_us-west-2.csv
2025-08-13,0.19465609803071884,0.18876916919447254,0.20249041540276375,2574.9116783599534,13228.004179728314,7,B200,aws,B200,p6b20048xlarge,us-west-2,0,C:\Users\FarhadBillimoria\OneDrive - Aurora Energy Research\Documents\Personal\Endog_demand_AI\pyai\data\original\prices\B200\EC2_p6b20048xlarge_us-west-2.csv
2025-08-14,0.20163953789301362,0.19356673407482305,0.20895124143354682,2667.28865004727,13228.004179728314,7,B200,aws,B200,p6b20048xlarge,us-west-2,0,C:\Users\FarhadBillimoria\OneDrive - Aurora Energy Research\Documents\Personal\Endog_demand_AI\pyai\data\original\prices\B200\EC2_p6b20048xlarge_us-west-2.csv
2025-08-15,0.20557927324021022,0.1966185330299966,0.21332399449500056,2719.40348568701,13228.004179728314,9,B200,aws,B200,p6b20048xlarge,us-west-2,0,C:\Users\FarhadBillimoria\OneDrive - Aurora Energy Research\Documents\Personal\Endog_demand_AI\pyai\data\original\prices\B200\EC2_p6b20048xlarge_us-west-2.csv
2025-08-16,0.2124899188694689,0.20541143551286373,0.21700072323334457,2810.8175349554654,13228.004179728314,7,B200,aws,B200,p6b20048xlarge,us-west-2,0,C:\Users\FarhadBillimoria\OneDrive - Aurora Energy Research\Documents\Personal\Endog_demand_AI\pyai\data\original\prices\B200\EC2_p6b20048xlarge_us-west-2.csv
2025-08-17,0.21617128693405235,0.2106259128187844,0.21899312577238514,2859.514687100893,13228.004179728314,9,B200,aws,B200,p6b20048xlarge,us-west-2,0,C:\Users\FarhadBillimoria\OneDrive - Aurora Energy Research\Documents\Personal\Endog_demand_AI\pyai\data\original\prices\B200\EC2_p6b20048xlarge_us-west-2.csv
2025-08-18,0.22122589556550626,0.2202482516009437,0.2231148536681272,2926.3770712046567,13228.004179728314,7,B200,aws,B200,p6b20048xlarge,us-west-2,0,C:\Users\FarhadBillimoria\OneDrive - Aurora Energy Research\Documents\Personal\Endog_demand_AI\pyai\data\original\prices\B200\EC2_p6b20048xlarge_us-west-2.csv
2025-08-19,0.22430841438361662,0.22274007134029886,0.22808269436018427,2967.152643014711,13228.004179728314,7,B200,aws,B200,p6b20048xlarge,us-west-2,0,C:\Users\FarhadBillimoria\OneDrive - Aurora Energy Research\Documents\Personal\Endog_demand_AI\pyai\data\original\prices\B200\EC2_p6b20048xlarge_us-west-2.csv
2025-08-20,0.2310316914883159,0.2267266318391192,0.23502275025278058,3056.088180657145,13228.004179728314,8,B200,aws,B200,p6b20048xlarge,us-west-2,0,C:\Users\FarhadBillimoria\OneDrive - Aurora Energy Research\Documents\Personal\Endog_demand_AI\pyai\data\original\prices\B200\EC2_p6b20048xlarge_us-west-2.csv
2025-08-21,0.23802912769632628,0.23600490815638694,0.2406479960116841,3148.6502960640883,13228.004179728314,8,B200,aws,B200,p6b20048xlarge,us-west-2,0,C:\Users\FarhadBillimoria\OneDrive - Aurora Energy Research\Documents\Personal\Endog_demand_AI\pyai\data\original\prices\B200\EC2_p6b20048xlarge_us-west-2.csv
2025-08-22,0.24441561653497107,0.23933845214020896,0.24894762526682393,3233.13079711547,13228.004179728314,9,B200,aws,B200,p6b20048xlarge,us-west-2,0,C:\Users\FarhadBillimoria\OneDrive - Aurora Energy Research\Documents\Personal\Endog_demand_AI\pyai\data\original\prices\B200\EC2_p6b20048xlarge_us-west-2.csv
2025-08-23,0.24864725327366463,0.2448864593865858,0.25200469048421525,3289.1069055820003,13228.004179728314,9,B200,aws,B200,p6b20048xlarge,us-west-2,0,C:\Users\FarhadBillimoria\OneDrive - Aurora Energy Research\Documents\Personal\Endog_demand_AI\pyai\data\original\prices\B200\EC2_p6b20048xlarge_us-west-2.csv
2025-08-24,0.2535939731892083,0.2520064459049545,0.2564906681833502,3354.5421373007566,13228.004179728314,7,B200,aws,B200,p6b20048xlarge,us-west-2,0,C:\Users\FarhadBillimoria\OneDrive - Aurora Energy Research\Documents\Personal\Endog_demand_AI\pyai\data\original\prices\B200\EC2_p6b20048xlarge_us-west-2.csv
2025-08-25,0.2570435160024155,0.2553592995169082,0.25983825553308615,3400.1727040520136,13228.004179728314,8,B200,aws,B200,p6b20048xlarge,us-west-2,0,C:\Users\FarhadBillimoria\OneDrive - Aurora Energy Research\Documents\Personal\Endog_demand_AI\pyai\data\original\prices\B200\EC2_p6b20048xlarge_us-west-2.csv
2025-08-26,0.2623783493427705,0.2589052494101786,0.26450328614762386,3470.7419017763837,13228.004179728314,6,B200,aws,B200,p6b20048xlarge,us-west-2,0,C:\Users\FarhadBillimoria\OneDrive - Aurora Energy Research\Documents\Personal\Endog_demand_AI\pyai\data\original\prices\B200\EC2_p6b20048xlarge_us-west-2.csv
2025-08-27,0.26760014090177137,0.2653353555780249,0.2692227348050781,3539.8157823445167,13228.004179728314,6,B200,aws,B200,p6b20048xlarge,us-west-2,0,C:\Users\FarhadBillimoria\OneDrive - Aurora Energy Research\Documents\Personal\Endog_demand_AI\pyai\data\original\prices\B200\EC2_p6b20048xlarge_us-west-2.csv
2025-08-28,0.2726458930176384,0.2698090453319852,0.2761487473317605,3606.5610124230807,13228.004179728314,10,B200,aws,B200,p6b20048xlarge,us-west-2,0,C:\Users\FarhadBillimoria\OneDrive - Aurora Energy Research\Documents\Personal\Endog_demand_AI\pyai\data\original\prices\B200\EC2_p6b20048xlarge_us-west-2.csv
2025-08-29,0.27838991806699087,0.27592756431861587,0.28132548309178745,3682.542999784378,13228.004179728314,7,B200,aws,B200,p6b20048xlarge,us-west-2,0,C:\Users\FarhadBillimoria\OneDrive - Aurora Energy Research\Documents\Personal\Endog_demand_AI\pyai\data\original\prices\B200\EC2_p6b20048xlarge_us-west-2.csv
2025-08-30,0.28262286440528356,0.27904870239298957,0.2849872907538479,3738.5364316398786,13228.004179728314,7,B200,aws,B200,p6b20048xlarge,us-west-2,0,C:\Users\FarhadBillimoria\OneDrive - Aurora Energy Research\Documents\Personal\Endog_demand_AI\pyai\data\original\prices\B200\EC2_p6b20048xlarge_us-west-2.csv
2025-08-31,0.28811145205282807,0.2852936116728457,0.2915235998764184,3811.1394919824024,13228.004179728314,9,B200,aws,B200,p6b20048xlarge,us-west-2,0,C:\Users\FarhadBillimoria\OneDrive - Aurora Energy Research\Documents\Personal\Endog_demand_AI\pyai\data\original\prices\B200\EC2_p6b20048xlarge_us-west-2.csv
2025-09-01,0.2890005726572545,0.28735359791034715,0.2904887793506348,3822.900783054038,13228.004179728314,9,B200,aws,B200,p6b20048xlarge,us-west-2,0,C:\Users\FarhadBillimoria\OneDrive - Aurora Energy Research\Documents\Personal\Endog_demand_AI\pyai\data\original\prices\B200\EC2_p6b20048xlarge_us-west-2.csv
2025-09-02,0.28889460654501103,0.28686295781372884,0.29105665795977975,3821.499062878372,13228.004179728314,7,B200,aws,B200,p6b20048xlarge,us-west-2,0,C:\Users\FarhadBillimoria\OneDrive - Aurora Energy Research\Documents\Personal\Endog_demand_AI\pyai\data\original\prices\B200\EC2_p6b20048xlarge_us-west-2.csv
2025-09-03,0.29098136991474116,0.2867602657004831,0.2972971786877878,3849.1027774552663,13228.004179728314,9,B200,aws,B200,p6b20048xlarge,us-west-2,0,C:\Users\FarhadBillimoria\OneDrive - Aurora Energy Research\Documents\Personal\Endog_demand_AI\pyai\data\original\prices\B200\EC2_p6b20048xlarge_us-west-2.csv
2025-09-04,0.29570468293590607,0.2885016430738119,0.30565034827547466,3911.5827818414014,13228.004179728314,8,B200,aws,B200,p6b20048xlarge,us-west-2,0,C:\Users\FarhadBillimoria\OneDrive - Aurora Energy Research\Documents\Personal\Endog_demand_AI\pyai\data\original\prices\B200\EC2_p6b20048xlarge_us-west-2.csv
2025-09-05,0.29980316718025257,0.2905607516009437,0.3083212209302325,3965.7975485561683,13228.004179728314,7,B200,aws,B200,p6b20048xlarge,us-west-2,0,C:\Users\FarhadBillimoria\OneDrive - Aurora Energy Research\Documents\Personal\Endog_demand_AI\pyai\data\original\prices\B200\EC2_p6b20048xlarge_us-west-2.csv
2025-09-06,0.30212173316200425,0.29132962588473205,0.31099560442646895,3996.4675490537547,13228.004179728314,8,B200,aws,B200,p6b20048xlarge,us-west-2,0,C:\Users\FarhadBillimoria\OneDrive - Aurora Energy Research\Documents\Personal\Endog_demand_AI\pyai\data\original\prices\B200\EC2_p6b20048xlarge_us-west-2.csv
2025-09-07,0.30417729950085864,0.2968627120548253,0.31360679277609255,4023.658589175829,13228.004179728314,7,B200,aws,B200,p6b20048xlarge,us-west-2,0,C:\Users\FarhadBillimoria\OneDrive - Aurora Energy Research\Documents\Personal\Endog_demand_AI\pyai\data\original\prices\B200\EC2_p6b20048xlarge_us-west-2.csv
2025-09-08,0.3060287668319771,0.2968179488259746,0.31551844596112794,4048.149806770495,13228.004179728314,7,B200,aws,B200,p6b20048xlarge,us-west-2,0,C:\Users\FarhadBillimoria\OneDrive - Aurora Energy Research\Documents\Personal\Endog_demand_AI\pyai\data\original\prices\B200\EC2_p6b20048xlarge_us-west-2.csv
2025-09-09,0.3129421465986968,0.3014338276598135,0.31997721463880463,4139.600023220712,13228.004179728314,8,B200,aws,B200,p6b20048xlarge,us-west-2,0,C:\Users\FarhadBillimoria\OneDrive - Aurora Energy Research\Documents\Personal\Endog_demand_AI\pyai\data\original\prices\B200\EC2_p6b20048xlarge_us-west-2.csv
2025-09-10,0.31316464617739576,0.3035271668913605,0.32241373862487355,4142.54324857773,13228.004179728314,8,B200,aws,B200,p6b20048xlarge,us-west-2,0,C:\Users\FarhadBillimoria\OneDrive - Aurora Energy Research\Documents\Personal\Endog_demand_AI\pyai\data\original\prices\B200\EC2_p6b20048xlarge_us-west-2.csv
2025-09-11,0.31899088761094263,0.30773929895517355,0.3261176763846759,4219.612794612794,13228.004179728314,8,B200,aws,B200,p6b20048xlarge,us-west-2,0,C:\Users\FarhadBillimoria\OneDrive - Aurora Energy Research\Documents\Personal\Endog_demand_AI\pyai\data\original\prices\B200\EC2_p6b20048xlarge_us-west-2.csv
2025-09-12,0.3213579784374147,0.31430193938883266,0.32898778929333783,4250.9246819591635,13228.004179728314,7,B200,aws,B200,p6b20048xlarge,us-west-2,0,C:\Users\FarhadBillimoria\OneDrive - Aurora Energy Research\Documents\Personal\Endog_demand_AI\pyai\data\original\prices\B200\EC2_p6b20048xlarge_us-west-2.csv
2025-09-13,0.3264241226908694,0.31802869761824515,0.33275755533086165,4317.939659318969,13228.004179728314,7,B200,aws,B200,p6b20048xlarge,us-west-2,0,C:\Users\FarhadBillimoria\OneDrive - Aurora Energy Research\Documents\Personal\Endog_demand_AI\pyai\data\original\prices\B200\EC2_p6b20048xlarge_us-west-2.csv
2025-09-14,0.32576668976020173,0.3212929024828671,0.33061681973935514,4309.243133764206,13228.004179728314,9,B200,aws,B200,p6b20048xlarge,us-west-2,0,C:\Users\FarhadBillimoria\OneDrive - Aurora Energy Research\Documents\Personal\Endog_demand_AI\pyai\data\original\prices\B200\EC2_p6b20048xlarge_us-west-2.csv
2025-09-15,0.3285490803935887,0.32612030951578475,0.33058171132457026,4346.048608692286,13228.004179728314,6,B200,aws,B200,p6b20048xlarge,us-west-2,0,C:\Users\FarhadBillimoria\OneDrive - Aurora Energy Research\Documents\Personal\Endog_demand_AI\pyai\data\original\prices\B200\EC2_p6b20048xlarge_us-west-2.csv
2025-09-16,0.3276208651064487,0.32505915767891247,0.33080552746882375,4333.770172994309,13228.004179728314,8,B200,aws,B200,p6b20048xlarge,us-west-2,0,C:\Users\FarhadBillimoria\OneDrive - Aurora Energy Research\Documents\Personal\Endog_demand_AI\pyai\data\original\prices\B200\EC2_p6b20048xlarge_us-west-2.csv
2025-09-17,0.32940344784695136,0.3248994143916414,0.3324819542748006,4357.35018493639,13228.004179728314,7,B200,aws,B200,p6b20048xlarge,us-west-2,0,C:\Users\FarhadBillimoria\OneDrive - Aurora Energy Research\Documents\Personal\Endog_demand_AI\pyai\data\original\prices\B200\EC2_p6b20048xlarge_us-west-2.csv
2025-09-18,0.3275261821003258,0.32373030417930565,0.3342689725873497,4332.517705793566,13228.004179728314,8,B200,aws,B200,p6b20048xlarge,us-west-2,0,C:\Users\FarhadBillimoria\OneDrive - Aurora Energy Research\Documents\Personal\Endog_demand_AI\pyai\data\original\prices\B200\EC2_p6b20048xlarge_us-west-2.csv
2025-09-19,0.3331912539672509,0.32637835636445345,0.34018298505785866,4407.455300127713,13228.004179728314,8,B200,aws,B200,p6b20048xlarge,us-west-2,0,C:\Users\FarhadBillimoria\OneDrive - Aurora Energy Research\Documents\Personal\Endog_demand_AI\pyai\data\original\prices\B200\EC2_p6b20048xlarge_us-west-2.csv
2025-09-20,0.3355911805655865,0.32866215874620824,0.34321108583305243,4439.201539201538,13228.004179728314,7,B200,aws,B200,p6b20048xlarge,us-west-2,0,C:\Users\FarhadBillimoria\OneDrive - Aurora Energy Research\Documents\Personal\Endog_demand_AI\pyai\data\original\prices\B200\EC2_p6b20048xlarge_us-west-2.csv
2025-09-21,0.33660631530165147,0.33060102095270194,0.34265461745871245,4452.629745733193,13228.004179728314,9,B200,aws,B200,p6b20048xlarge,us-west-2,0,C:\Users\FarhadBillimoria\OneDrive - Aurora Energy Research\Documents\Personal\Endog_demand_AI\pyai\data\original\prices\B200\EC2_p6b20048xlarge_us-west-2.csv
2025-09-22,0.3359568096281317,0.33047901921132455,0.3419471829007977,4444.038081969115,13228.004179728314,9,B200,aws,B200,p6b20048xlarge,us-west-2,0,C:\Users\FarhadBillimoria\OneDrive - Aurora Energy Research\Documents\Personal\Endog_demand_AI\pyai\data\original\prices\B200\EC2_p6b20048xlarge_us-west-2.csv
2025-09-23,0.3418748205569911,0.3343646430176385,0.3497456395348837,4522.321555271746,13228.004179728314,9,B200,aws,B200,p6b20048xlarge,us-west-2,0,C:\Users\FarhadBillimoria\OneDrive - Aurora Energy Research\Documents\Personal\Endog_demand_AI\pyai\data\original\prices\B200\EC2_p6b20048xlarge_us-west-2.csv
2025-09-24,0.34453818391192004,0.338941902595214,0.3526666596449837,4557.5525368628805,13228.004179728314,7,B200,aws,B200,p6b20048xlarge,us-west-2,0,C:\Users\FarhadBillimoria\OneDrive - Aurora Energy Research\Documents\Personal\Endog_demand_AI\pyai\data\original\prices\B200\EC2_p6b20048xlarge_us-west-2.csv
2025-09-25,0.34633683188686665,0.3361665824064712,0.35845691495337606,4581.345059793334,13228.004179728314,8,B200,aws,B200,p6b20048xlarge,us-west-2,0,C:\Users\FarhadBillimoria\OneDrive - Aurora Energy Research\Documents\Personal\Endog_demand_AI\pyai\data\original\prices\B200\EC2_p6b20048xlarge_us-west-2.csv
2025-09-26,0.35203218476154363,0.33665897792382876,0.3696292902482867,4656.683211424589,13228.004179728314,8,B200,aws,B200,p6b20048xlarge,us-west-2,0,C:\Users\FarhadBillimoria\OneDrive - Aurora Energy Research\Documents\Personal\Endog_demand_AI\pyai\data\original\prices\B200\EC2_p6b20048xlarge_us-west-2.csv
2025-09-27,0.3599265312535108,0.3436701283563644,0.376319198685541,4761.109659816555,13228.004179728314,8,B200,aws,B200,p6b20048xlarge,us-west-2,0,C:\Users\FarhadBillimoria\OneDrive - Aurora Energy Research\Documents\Personal\Endog_demand_AI\pyai\data\original\prices\B200\EC2_p6b20048xlarge_us-west-2.csv
2025-09-28,0.3655700051759835,0.34592935484776993,0.38134672368273226,4835.761556451211,13228.004179728314,7,B200,aws,B200,p6b20048xlarge,us-west-2,0,C:\Users\FarhadBillimoria\OneDrive - Aurora Energy Research\Documents\Personal\Endog_demand_AI\pyai\data\original\prices\B200\EC2_p6b20048xlarge_us-west-2.csv
2025-09-29,0.3622435769155151,0.3476031485226379,0.38547810639254015,4791.759549518169,13228.004179728314,8,B200,aws,B200,p6b20048xlarge,us-west-2,0,C:\Users\FarhadBillimoria\OneDrive - Aurora Energy Research\Documents\Personal\Endog_demand_AI\pyai\data\original\prices\B200\EC2_p6b20048xlarge_us-west-2.csv
2025-09-30,0.3675603074794967,0.348196480732502,0.3882086633524323,4862.089283641006,13228.004179728314,8,B200,aws,B200,p6b20048xlarge,us-west-2,0,C:\Users\FarhadBillimoria\OneDrive - Aurora Energy Research\Documents\Personal\Endog_demand_AI\pyai\data\original\prices\B200\EC2_p6b20048xlarge_us-west-2.csv
2025-10-01,0.3696661540838108,0.3467912664307381,0.3877469876980115,4889.945431324741,13228.004179728314,7,B200,aws,B200,p6b20048xlarge,us-west-2,0,C:\Users\FarhadBillimoria\OneDrive - Aurora Energy Research\Documents\Personal\Endog_demand_AI\pyai\data\original\prices\B200\EC2_p6b20048xlarge_us-west-2.csv
2025-10-02,0.36816790248286707,0.34697470789798895,0.38733709695539825,4870.126552885172,13228.004179728314,8,B200,aws,B200,p6b20048xlarge,us-west-2,0,C:\Users\FarhadBillimoria\OneDrive - Aurora Energy Research\Documents\Personal\Endog_demand_AI\pyai\data\original\prices\B200\EC2_p6b20048xlarge_us-west-2.csv
2025-10-03,0.36890947022182274,0.34912246517245255,0.39432630462869334,4879.936014035629,13228.004179728314,9,B200,aws,B200,p6b20048xlarge,us-west-2,0,C:\Users\FarhadBillimoria\OneDrive - Aurora Energy Research\Documents\Personal\Endog_demand_AI\pyai\data\original\prices\B200\EC2_p6b20048xlarge_us-west-2.csv
2025-10-04,0.3725525673279086,0.35325648101336926,0.3975869986518369,4928.126917782089,13228.004179728314,7,B200,aws,B200,p6b20048xlarge,us-west-2,0,C:\Users\FarhadBillimoria\OneDrive - Aurora Energy Research\Documents\Personal\Endog_demand_AI\pyai\data\original\prices\B200\EC2_p6b20048xlarge_us-west-2.csv
2025-10-05,0.3836376940325057,0.35598264942141333,0.3980135658914729,5074.761020163318,13228.004179728314,6,B200,aws,B200,p6b20048xlarge,us-west-2,0,C:\Users\FarhadBillimoria\OneDrive - Aurora Energy Research\Documents\Personal\Endog_demand_AI\pyai\data\original\prices\B200\EC2_p6b20048xlarge_us-west-2.csv
2025-10-06,0.38468641163914163,0.35705521149309066,0.4057795472418829,5088.633461047253,13228.004179728314,10,B200,aws,B200,p6b20048xlarge,us-west-2,0,C:\Users\FarhadBillimoria\OneDrive - Aurora Energy Research\Documents\Personal\Endog_demand_AI\pyai\data\original\prices\B200\EC2_p6b20048xlarge_us-west-2.csv
2025-10-07,0.3812531378145714,0.35528925822941243,0.40805106167846306,5043.218100545685,13228.004179728314,8,B200,aws,B200,p6b20048xlarge,us-west-2,0,C:\Users\FarhadBillimoria\OneDrive - Aurora Energy Research\Documents\Personal\Endog_demand_AI\pyai\data\original\prices\B200\EC2_p6b20048xlarge_us-west-2.csv
2025-10-08,0.38676541493465155,0.36059765054488263,0.4134639015279182,5116.134525329926,13228.004179728314,6,B200,aws,B200,p6b20048xlarge,us-west-2,0,C:\Users\FarhadBillimoria\OneDrive - Aurora Energy Research\Documents\Personal\Endog_demand_AI\pyai\data\original\prices\B200\EC2_p6b20048xlarge_us-west-2.csv
2025-10-09,0.38784978952505333,0.36266904701718905,0.41356659364116394,5130.478636944153,13228.004179728314,8,B200,aws,B200,p6b20048xlarge,us-west-2,0,C:\Users\FarhadBillimoria\OneDrive - Aurora Energy Research\Documents\Personal\Endog_demand_AI\pyai\data\original\prices\B200\EC2_p6b20048xlarge_us-west-2.csv
2025-10-10,0.39122021301779897,0.36459649898887764,0.4127942085158971,5175.062612993645,13228.004179728314,7,B200,aws,B200,p6b20048xlarge,us-west-2,0,C:\Users\FarhadBillimoria\OneDrive - Aurora Energy Research\Documents\Personal\Endog_demand_AI\pyai\data\original\prices\B200\EC2_p6b20048xlarge_us-west-2.csv
2025-10-11,0.3898425838990804,0.36058272946859904,0.4128187844062465,5156.83932925312,13228.004179728314,7,B200,aws,B200,p6b20048xlarge,us-west-2,0,C:\Users\FarhadBillimoria\OneDrive - Aurora Energy Research\Documents\Personal\Endog_demand_AI\pyai\data\original\prices\B200\EC2_p6b20048xlarge_us-west-2.csv
2025-10-12,0.38945627988116194,0.36306050584204025,0.4129767722727783,5151.72929808945,13228.004179728314,9,B200,aws,B200,p6b20048xlarge,us-west-2,0,C:\Users\FarhadBillimoria\OneDrive - Aurora Energy Research\Documents\Personal\Endog_demand_AI\pyai\data\original\prices\B200\EC2_p6b20048xlarge_us-west-2.csv
2025-10-13,0.3931971302381755,0.3717261403213122,0.4109044980901022,5201.213282247763,13228.004179728314,8,B200,aws,B200,p6b20048xlarge,us-west-2,0,C:\Users\FarhadBillimoria\OneDrive - Aurora Energy Research\Documents\Personal\Endog_demand_AI\pyai\data\original\prices\B200\EC2_p6b20048xlarge_us-west-2.csv
2025-10-14,0.4019140132506959,0.38695353752387374,0.4137474019773059,5316.520247171587,13228.004179728314,9,B200,aws,B200,p6b20048xlarge,us-west-2,0,C:\Users\FarhadBillimoria\OneDrive - Aurora Energy Research\Documents\Personal\Endog_demand_AI\pyai\data\original\prices\B200\EC2_p6b20048xlarge_us-west-2.csv
2025-10-15,0.4110932058195708,0.4031630926300416,0.41813419840467364,5437.942644839195,13228.004179728314,7,B200,aws,B200,p6b20048xlarge,us-west-2,0,C:\Users\FarhadBillimoria\OneDrive - Aurora Energy Research\Documents\Personal\Endog_demand_AI\pyai\data\original\prices\B200\EC2_p6b20048xlarge_us-west-2.csv
2025-10-16,0.4210489648283901,0.4142187324457926,0.4268428406920571,5569.637466620224,13228.004179728314,8,B200,aws,B200,p6b20048xlarge,us-west-2,0,C:\Users\FarhadBillimoria\OneDrive - Aurora Energy Research\Documents\Personal\Endog_demand_AI\pyai\data\original\prices\B200\EC2_p6b20048xlarge_us-west-2.csv
2025-10-17,0.42650592529731807,0.42166347180092123,0.4313454948882148,5641.822162511816,13228.004179728314,7,B200,aws,B200,p6b20048xlarge,us-west-2,0,C:\Users\FarhadBillimoria\OneDrive - Aurora Energy Research\Documents\Personal\Endog_demand_AI\pyai\data\original\prices\B200\EC2_p6b20048xlarge_us-west-2.csv
2025-10-18,0.4301836257864285,0.42463978766430743,0.4361026850915627,5690.470799953557,13228.004179728314,8,B200,aws,B200,p6b20048xlarge,us-west-2,0,C:\Users\FarhadBillimoria\OneDrive - Aurora Energy Research\Documents\Personal\Endog_demand_AI\pyai\data\original\prices\B200\EC2_p6b20048xlarge_us-west-2.csv
2025-10-19,0.4336715370815077,0.4279136473429952,0.43853130968430515,5736.608905143386,13228.004179728314,8,B200,aws,B200,p6b20048xlarge,us-west-2,0,C:\Users\FarhadBillimoria\OneDrive - Aurora Energy Research\Documents\Personal\Endog_demand_AI\pyai\data\original\prices\B200\EC2_p6b20048xlarge_us-west-2.csv
2025-10-20,0.435884887532701,0.4300464835411752,0.4424397539602292,5765.887114162974,13228.004179728314,7,B200,aws,B200,p6b20048xlarge,us-west-2,0,C:\Users\FarhadBillimoria\OneDrive - Aurora Energy Research\Documents\Personal\Endog_demand_AI\pyai\data\original\prices\B200\EC2_p6b20048xlarge_us-west-2.csv
2025-10-21,0.43431829991012244,0.4268656611616672,0.4444277679474216,5745.164286543595,13228.004179728314,7,B200,aws,B200,p6b20048xlarge,us-west-2,0,C:\Users\FarhadBillimoria\OneDrive - Aurora Energy Research\Documents\Personal\Endog_demand_AI\pyai\data\original\prices\B200\EC2_p6b20048xlarge_us-west-2.csv
2025-10-22,0.4350343861845379,0.4296146500393214,0.43916501657117174,5754.636678774608,13228.004179728314,7,B200,aws,B200,p6b20048xlarge,us-west-2,0,C:\Users\FarhadBillimoria\OneDrive - Aurora Energy Research\Documents\Personal\Endog_demand_AI\pyai\data\original\prices\B200\EC2_p6b20048xlarge_us-west-2.csv
2025-10-23,0.4347182066972812,0.4315219146725087,0.4383039826985732,5750.454255195633,13228.004179728314,8,B200,aws,B200,p6b20048xlarge,us-west-2,0,C:\Users\FarhadBillimoria\OneDrive - Aurora Energy Research\Documents\Personal\Endog_demand_AI\pyai\data\original\prices\B200\EC2_p6b20048xlarge_us-west-2.csv
2025-10-24,0.42602970472820073,0.4223182437366588,0.4296164054600607,5635.522714833059,13228.004179728314,7,B200,aws,B200,p6b20048xlarge,us-west-2,0,C:\Users\FarhadBillimoria\OneDrive - Aurora Energy Research\Documents\Personal\Endog_demand_AI\pyai\data\original\prices\B200\EC2_p6b20048xlarge_us-west-2.csv
2025-10-25,0.42517920338003756,0.4219065975733064,0.4288958052466015,5624.272279444691,13228.004179728314,7,B200,aws,B200,p6b20048xlarge,us-west-2,0,C:\Users\FarhadBillimoria\OneDrive - Aurora Energy Research\Documents\Personal\Endog_demand_AI\pyai\data\original\prices\B200\EC2_p6b20048xlarge_us-west-2.csv
2025-10-26,0.4253039949865184,0.4222137962026738,0.42962781569486574,5625.923023336814,13228.004179728314,8,B200,aws,B200,p6b20048xlarge,us-west-2,0,C:\Users\FarhadBillimoria\OneDrive - Aurora Energy Research\Documents\Personal\Endog_demand_AI\pyai\data\original\prices\B200\EC2_p6b20048xlarge_us-west-2.csv
2025-10-27,0.4250884230503796,0.4187029547241883,0.4319827126165599,5623.0714368645395,13228.004179728314,7,B200,aws,B200,p6b20048xlarge,us-west-2,0,C:\Users\FarhadBillimoria\OneDrive - Aurora Energy Research\Documents\Personal\Endog_demand_AI\pyai\data\original\prices\B200\EC2_p6b20048xlarge_us-west-2.csv
2025-10-28,0.4240108454908758,0.4220329878665318,0.4264461156049882,5608.817236403442,13228.004179728314,7,B200,aws,B200,p6b20048xlarge,us-west-2,0,C:\Users\FarhadBillimoria\OneDrive - Aurora Energy Research\Documents\Personal\Endog_demand_AI\pyai\data\original\prices\B200\EC2_p6b20048xlarge_us-west-2.csv
2025-10-29,0.4238896378684043,0.4161935807774408,0.4336845930232558,5607.213901466774,13228.004179728314,9,B200,aws,B200,p6b20048xlarge,us-west-2,0,C:\Users\FarhadBillimoria\OneDrive - Aurora Energy Research\Documents\Personal\Endog_demand_AI\pyai\data\original\prices\B200\EC2_p6b20048xlarge_us-west-2.csv
2025-10-30,0.42106512410323077,0.4101601996966633,0.4339233302437928,5569.851221575358,13228.004179728314,7,B200,aws,B200,p6b20048xlarge,us-west-2,0,C:\Users\FarhadBillimoria\OneDrive - Aurora Energy Research\Documents\Personal\Endog_demand_AI\pyai\data\original\prices\B200\EC2_p6b20048xlarge_us-west-2.csv
2025-10-31,0.4160615341284999,0.4001191930681946,0.4391588725985844,5503.663712475971,13228.004179728314,9,B200,aws,B200,p6b20048xlarge,us-west-2,0,C:\Users\FarhadBillimoria\OneDrive - Aurora Energy Research\Documents\Personal\Endog_demand_AI\pyai\data\original\prices\B200\EC2_p6b20048xlarge_us-west-2.csv
2025-11-01,0.41849932591843614,0.40318327996854286,0.43283760251657116,5535.910832462555,13228.004179728314,8,B200,aws,B200,p6b20048xlarge,us-west-2,0,C:\Users\FarhadBillimoria\OneDrive - Aurora Energy Research\Documents\Personal\Endog_demand_AI\pyai\data\original\prices\B200\EC2_p6b20048xlarge_us-west-2.csv
2025-11-02,0.4170511038085608,0.4131110619593304,0.42366991770587575,5516.75374433995,13228.004179728314,8,B200,aws,B200,p6b20048xlarge,us-west-2,0,C:\Users\FarhadBillimoria\OneDrive - Aurora Energy Research\Documents\Personal\Endog_demand_AI\pyai\data\original\prices\B200\EC2_p6b20048xlarge_us-west-2.csv
2025-11-03,0.4096600144997753,0.40319907875519606,0.4144759015840917,5418.984384070589,13228.004179728314,8,B200,aws,B200,p6b20048xlarge,us-west-2,0,C:\Users\FarhadBillimoria\OneDrive - Aurora Energy Research\Documents\Personal\Endog_demand_AI\pyai\data\original\prices\B200\EC2_p6b20048xlarge_us-west-2.csv
2025-11-04,0.40258716834250835,0.392078488372093,0.41108179558476576,5325.424745539686,13228.004179728314,6,B200,aws,B200,p6b20048xlarge,us-west-2,0,C:\Users\FarhadBillimoria\OneDrive - Aurora Energy Research\Documents\Personal\Endog_demand_AI\pyai\data\original\prices\B200\EC2_p6b20048xlarge_us-west-2.csv
2025-11-05,0.3954011236698926,0.3813923646219526,0.4107842517694641,5230.367716574612,13228.004179728314,7,B200,aws,B200,p6b20048xlarge,us-west-2,0,C:\Users\FarhadBillimoria\OneDrive - Aurora Energy Research\Documents\Personal\Endog_demand_AI\pyai\data\original\prices\B200\EC2_p6b20048xlarge_us-west-2.csv
2025-11-06,0.3864526940442085,0.37458572070553864,0.40392757836198184,5111.997852084058,13228.004179728314,8,B200,aws,B200,p6b20048xlarge,us-west-2,0,C:\Users\FarhadBillimoria\OneDrive - Aurora Energy Research\Documents\Personal\Endog_demand_AI\pyai\data\original\prices\B200\EC2_p6b20048xlarge_us-west-2.csv
2025-11-07,0.3853179869436821,0.37601200005617347,0.39789244186046513,5096.987941815526,13228.004179728314,7,B200,aws,B200,p6b20048xlarge,us-west-2,0,C:\Users\FarhadBillimoria\OneDrive - Aurora Energy Research\Documents\Personal\Endog_demand_AI\pyai\data\original\prices\B200\EC2_p6b20048xlarge_us-west-2.csv
2025-11-08,0.38771702015824866,0.37973436973373775,0.3983769379844961,5128.72236320512,13228.004179728314,7,B200,aws,B200,p6b20048xlarge,us-west-2,0,C:\Users\FarhadBillimoria\OneDrive - Aurora Energy Research\Documents\Personal\Endog_demand_AI\pyai\data\original\prices\B200\EC2_p6b20048xlarge_us-west-2.csv
2025-11-09,0.3962504965332948,0.3854473865296035,0.40727604342208734,5241.603224361844,13228.004179728314,7,B200,aws,B200,p6b20048xlarge,us-west-2,0,C:\Users\FarhadBillimoria\OneDrive - Aurora Energy Research\Documents\Personal\Endog_demand_AI\pyai\data\original\prices\B200\EC2_p6b20048xlarge_us-west-2.csv
2025-11-10,0.4072392893003595,0.3905512723289518,0.43309038310302217,5386.963021014743,13228.004179728314,8,B200,aws,B200,p6b20048xlarge,us-west-2,0,C:\Users\FarhadBillimoria\OneDrive - Aurora Energy Research\Documents\Personal\Endog_demand_AI\pyai\data\original\prices\B200\EC2_p6b20048xlarge_us-west-2.csv
2025-11-11,0.4172560491798674,0.3935267104819683,0.44111528901247055,5519.464762568209,13228.004179728314,8,B200,aws,B200,p6b20048xlarge,us-west-2,0,C:\Users\FarhadBillimoria\OneDrive - Aurora Energy Research\Documents\Personal\Endog_demand_AI\pyai\data\original\prices\B200\EC2_p6b20048xlarge_us-west-2.csv
2025-11-12,0.4157118431717142,0.39481870014605097,0.4425521008875407,5499.037999037997,13228.004179728314,7,B200,aws,B200,p6b20048xlarge,us-west-2,0,C:\Users\FarhadBillimoria\OneDrive - Aurora Energy Research\Documents\Personal\Endog_demand_AI\pyai\data\original\prices\B200\EC2_p6b20048xlarge_us-west-2.csv
2025-11-13,0.41884415637990113,0.394500968992248,0.4425705328053028,5540.472251248111,13228.004179728314,8,B200,aws,B200,p6b20048xlarge,us-west-2,0,C:\Users\FarhadBillimoria\OneDrive - Aurora Energy Research\Documents\Personal\Endog_demand_AI\pyai\data\original\prices\B200\EC2_p6b20048xlarge_us-west-2.csv
2025-11-14,0.42451364814547327,0.3992546483541175,0.44248188405797106,5615.468312020034,13228.004179728314,7,B200,aws,B200,p6b20048xlarge,us-west-2,0,C:\Users\FarhadBillimoria\OneDrive - Aurora Energy Research\Documents\Personal\Endog_demand_AI\pyai\data\original\prices\B200\EC2_p6b20048xlarge_us-west-2.csv
2025-11-15,0.4264042780773696,0.4043936425682508,0.43985401921132455,5640.477572661479,13228.004179728314,6,B200,aws,B200,p6b20048xlarge,us-west-2,0,C:\Users\FarhadBillimoria\OneDrive - Aurora Energy Research\Documents\Personal\Endog_demand_AI\pyai\data\original\prices\B200\EC2_p6b20048xlarge_us-west-2.csv
2025-11-16,0.42018321326255476,0.4100355648241771,0.43157808813616444,5558.185301288748,13228.004179728314,8,B200,aws,B200,p6b20048xlarge,us-west-2,0,C:\Users\FarhadBillimoria\OneDrive - Aurora Energy Research\Documents\Personal\Endog_demand_AI\pyai\data\original\prices\B200\EC2_p6b20048xlarge_us-west-2.csv
2025-11-17,0.41980667551398715,0.4146900629142793,0.4235628370407819,5553.20445837687,13228.004179728314,6,B200,aws,B200,p6b20048xlarge,us-west-2,0,C:\Users\FarhadBillimoria\OneDrive - Aurora Energy Research\Documents\Personal\Endog_demand_AI\pyai\data\original\prices\B200\EC2_p6b20048xlarge_us-west-2.csv
2025-11-18,0.4194214703755196,0.409901275137625,0.42692007920458375,5548.108963195168,13228.004179728314,8,B200,aws,B200,p6b20048xlarge,us-west-2,0,C:\Users\FarhadBillimoria\OneDrive - Aurora Energy Research\Documents\Personal\Endog_demand_AI\pyai\data\original\prices\B200\EC2_p6b20048xlarge_us-west-2.csv
2025-11-19,0.41000067583698463,0.3933178154139984,0.427851329906752,5423.490653663066,13228.004179728314,8,B200,aws,B200,p6b20048xlarge,us-west-2,0,C:\Users\FarhadBillimoria\OneDrive - Aurora Energy Research\Documents\Personal\Endog_demand_AI\pyai\data\original\prices\B200\EC2_p6b20048xlarge_us-west-2.csv
2025-11-20,0.40831678849286596,0.3831258426019548,0.43236978288956296,5401.216184836872,13228.004179728314,8,B200,aws,B200,p6b20048xlarge,us-west-2,0,C:\Users\FarhadBillimoria\OneDrive - Aurora Energy Research\Documents\Personal\Endog_demand_AI\pyai\data\original\prices\B200\EC2_p6b20048xlarge_us-west-2.csv
2025-11-21,0.39565896153990193,0.3739344596112797,0.43871211802044713,5233.778396996786,13228.004179728314,3,B200,aws,B200,p6b20048xlarge,us-west-2,0,C:\Users\FarhadBillimoria\OneDrive - Aurora Energy Research\Documents\Personal\Endog_demand_AI\pyai\data\original\prices\B200\EC2_p6b20048xlarge_us-west-2.csv
2025-11-22,0.40423492327641086,0.3704762807549714,0.4379528985507246,5347.2212546925175,13228.004179728314,6,B200,aws,B200,p6b20048xlarge,us-west-2,0,C:\Users\FarhadBillimoria\OneDrive - Aurora Energy Research\Documents\Personal\Endog_demand_AI\pyai\data\original\prices\B200\EC2_p6b20048xlarge_us-west-2.csv
2025-11-23,0.4001232054584557,0.3600561032468262,0.4302781990787552,5292.831434210742,13228.004179728314,7,B200,aws,B200,p6b20048xlarge,us-west-2,0,C:\Users\FarhadBillimoria\OneDrive - Aurora Energy Research\Documents\Personal\Endog_demand_AI\pyai\data\original\prices\B200\EC2_p6b20048xlarge_us-west-2.csv
2025-11-24,0.39526858940407983,0.35162042888439504,0.4325672677227278,5228.614552752483,13228.004179728314,7,B200,aws,B200,p6b20048xlarge,us-west-2,0,C:\Users\FarhadBillimoria\OneDrive - Aurora Energy Research\Documents\Personal\Endog_demand_AI\pyai\data\original\prices\B200\EC2_p6b20048xlarge_us-west-2.csv
2025-11-25,0.3857216083265123,0.34125291399842717,0.44261792916526227,5102.327047154632,13228.004179728314,7,B200,aws,B200,p6b20048xlarge,us-west-2,0,C:\Users\FarhadBillimoria\OneDrive - Aurora Energy Research\Documents\Personal\Endog_demand_AI\pyai\data\original\prices\B200\EC2_p6b20048xlarge_us-west-2.csv
2025-11-26,0.39382191373628433,0.33684066397034046,0.4496571663296259,5209.477920972172,13228.004179728314,6,B200,aws,B200,p6b20048xlarge,us-west-2,0,C:\Users\FarhadBillimoria\OneDrive - Aurora Energy Research\Documents\Personal\Endog_demand_AI\pyai\data\original\prices\B200\EC2_p6b20048xlarge_us-west-2.csv
2025-11-27,0.39775576981719546,0.329726821424559,0.4486811523986069,5261.514985652915,13228.004179728314,7,B200,aws,B200,p6b20048xlarge,us-west-2,0,C:\Users\FarhadBillimoria\OneDrive - Aurora Energy Research\Documents\Personal\Endog_demand_AI\pyai\data\original\prices\B200\EC2_p6b20048xlarge_us-west-2.csv
2025-11-28,0.38547547326143133,0.32116826761038086,0.44752608555218515,5099.071171484963,13228.004179728314,6,B200,aws,B200,p6b20048xlarge,us-west-2,0,C:\Users\FarhadBillimoria\OneDrive - Aurora Energy Research\Documents\Personal\Endog_demand_AI\pyai\data\original\prices\B200\EC2_p6b20048xlarge_us-west-2.csv
2025-11-29,0.37239788132419577,0.31313370688686665,0.4455047185709471,4926.08073067843,13228.004179728314,9,B200,aws,B200,p6b20048xlarge,us-west-2,0,C:\Users\FarhadBillimoria\OneDrive - Aurora Energy Research\Documents\Personal\Endog_demand_AI\pyai\data\original\prices\B200\EC2_p6b20048xlarge_us-west-2.csv
2025-11-30,0.381320266984448,0.30698622345803844,0.43979696803729923,5044.106085485394,13228.004179728314,7,B200,aws,B200,p6b20048xlarge,us-west-2,0,C:\Users\FarhadBillimoria\OneDrive - Aurora Energy Research\Documents\Personal\Endog_demand_AI\pyai\data\original\prices\B200\EC2_p6b20048xlarge_us-west-2.csv
2025-12-01,0.3562299129712552,0.3029548997303674,0.42943384170317944,4712.210777728018,13228.004179728314,7,B200,aws,B200,p6b20048xlarge,us-west-2,0,C:\Users\FarhadBillimoria\OneDrive - Aurora Energy Research\Documents\Personal\Endog_demand_AI\pyai\data\original\prices\B200\EC2_p6b20048xlarge_us-west-2.csv
2025-12-02,0.3696651509862455,0.30371938546230764,0.4211473781035839,4889.932162345954,13228.004179728314,7,B200,aws,B200,p6b20048xlarge,us-west-2,0,C:\Users\FarhadBillimoria\OneDrive - Aurora Energy Research\Documents\Personal\Endog_demand_AI\pyai\data\original\prices\B200\EC2_p6b20048xlarge_us-west-2.csv
2025-12-03,0.3594523482263229,0.30726094680372995,0.41464442197505896,4754.837164750957,13228.004179728314,8,B200,aws,B200,p6b20048xlarge,us-west-2,0,C:\Users\FarhadBillimoria\OneDrive - Aurora Energy Research\Documents\Personal\Endog_demand_AI\pyai\data\original\prices\B200\EC2_p6b20048xlarge_us-west-2.csv
2025-12-04,0.36543800380575214,0.30930864509605666,0.4028128861925626,4834.0154417740605,13228.004179728314,8,B200,aws,B200,p6b20048xlarge,us-west-2,0,C:\Users\FarhadBillimoria\OneDrive - Aurora Energy Research\Documents\Personal\Endog_demand_AI\pyai\data\original\prices\B200\EC2_p6b20048xlarge_us-west-2.csv
2025-12-05,0.35184263589297077,0.3145389211886305,0.3914763790585327,4654.175858198845,13228.004179728314,6,B200,aws,B200,p6b20048xlarge,us-west-2,0,C:\Users\FarhadBillimoria\OneDrive - Aurora Energy Research\Documents\Personal\Endog_demand_AI\pyai\data\original\prices\B200\EC2_p6b20048xlarge_us-west-2.csv
2025-12-06,0.34783574177058757,0.3147214849455117,0.3854500196607123,4601.172646000231,13228.004179728314,8,B200,aws,B200,p6b20048xlarge,us-west-2,0,C:\Users\FarhadBillimoria\OneDrive - Aurora Energy Research\Documents\Personal\Endog_demand_AI\pyai\data\original\prices\B200\EC2_p6b20048xlarge_us-west-2.csv
2025-12-07,0.34236212047803616,0.3162759100101112,0.3737404856195933,4528.767560664111,13228.004179728314,8,B200,aws,B200,p6b20048xlarge,us-west-2,0,C:\Users\FarhadBillimoria\OneDrive - Aurora Energy Research\Documents\Personal\Endog_demand_AI\pyai\data\original\prices\B200\EC2_p6b20048xlarge_us-west-2.csv
2025-12-08,0.3402309665580646,0.31695262470508934,0.363142132906415,4500.576647703083,13228.004179728314,9,B200,aws,B200,p6b20048xlarge,us-west-2,0,C:\Users\FarhadBillimoria\OneDrive - Aurora Energy Research\Documents\Personal\Endog_demand_AI\pyai\data\original\prices\B200\EC2_p6b20048xlarge_us-west-2.csv
2025-12-09,0.33404230388439504,0.3183789040557241,0.35394899449500056,4418.712991988853,13228.004179728314,8,B200,aws,B200,p6b20048xlarge,us-west-2,0,C:\Users\FarhadBillimoria\OneDrive - Aurora Energy Research\Documents\Personal\Endog_demand_AI\pyai\data\original\prices\B200\EC2_p6b20048xlarge_us-west-2.csv
2025-12-11,0.3220222798000224,0.3196770376923941,0.3243675219076508,4259.7120631603375,13228.004179728314,2,B200,aws,B200,p6b20048xlarge,us-west-2,0,C:\Users\FarhadBillimoria\OneDrive - Aurora Energy Research\Documents\Personal\Endog_demand_AI\pyai\data\original\prices\B200\EC2_p6b20048xlarge_us-west-2.csv
2025-12-12,0.31777611207854295,0.3124868343444557,0.3213359102909785,4203.54373879278,13228.004179728314,9,B200,aws,B200,p6b20048xlarge,us-west-2,0,C:\Users\FarhadBillimoria\OneDrive - Aurora Energy Research\Documents\Personal\Endog_demand_AI\pyai\data\original\prices\B200\EC2_p6b20048xlarge_us-west-2.csv
2025-12-13,0.31363517207804364,0.30412839849455114,0.320764520840355,4148.76736715817,13228.004179728314,6,B200,aws,B200,p6b20048xlarge,us-west-2,0,C:\Users\FarhadBillimoria\OneDrive - Aurora Energy Research\Documents\Personal\Endog_demand_AI\pyai\data\original\prices\B200\EC2_p6b20048xlarge_us-west-2.csv
2025-12-14,0.30723812633411973,0.2940988021008875,0.3200930724075946,4064.1472193196323,13228.004179728314,9,B200,aws,B200,p6b20048xlarge,us-west-2,0,C:\Users\FarhadBillimoria\OneDrive - Aurora Energy Research\Documents\Personal\Endog_demand_AI\pyai\data\original\prices\B200\EC2_p6b20048xlarge_us-west-2.csv
2025-12-15,0.30505413216011046,0.289192401134704,0.32025895966745305,4035.257335257334,13228.004179728314,7,B200,aws,B200,p6b20048xlarge,us-west-2,0,C:\Users\FarhadBillimoria\OneDrive - Aurora Energy Research\Documents\Personal\Endog_demand_AI\pyai\data\original\prices\B200\EC2_p6b20048xlarge_us-west-2.csv
2025-12-16,0.31516955608920344,0.30441892062689585,0.320189620548253,4169.064205271101,13228.004179728314,8,B200,aws,B200,p6b20048xlarge,us-west-2,0,C:\Users\FarhadBillimoria\OneDrive - Aurora Energy Research\Documents\Personal\Endog_demand_AI\pyai\data\original\prices\B200\EC2_p6b20048xlarge_us-west-2.csv
2025-12-17,0.3223650256993596,0.3172773775418492,0.3311917200314572,4264.245907349355,13228.004179728314,8,B200,aws,B200,p6b20048xlarge,us-west-2,0,C:\Users\FarhadBillimoria\OneDrive - Aurora Energy Research\Documents\Personal\Endog_demand_AI\pyai\data\original\prices\B200\EC2_p6b20048xlarge_us-west-2.csv
2025-12-18,0.3314410994902258,0.3185641009437142,0.34975529434894953,4384.304249390455,13228.004179728314,8,B200,aws,B200,p6b20048xlarge,us-west-2,0,C:\Users\FarhadBillimoria\OneDrive - Aurora Energy Research\Documents\Personal\Endog_demand_AI\pyai\data\original\prices\B200\EC2_p6b20048xlarge_us-west-2.csv
2025-12-19,0.3418014829794405,0.31864660571845854,0.36710587293562524,4521.351445489375,13228.004179728314,7,B200,aws,B200,p6b20048xlarge,us-west-2,0,C:\Users\FarhadBillimoria\OneDrive - Aurora Energy Research\Documents\Personal\Endog_demand_AI\pyai\data\original\prices\B200\EC2_p6b20048xlarge_us-west-2.csv
2025-12-20,0.34534842029687673,0.3189476603752387,0.37126973092910903,4568.270347149656,13228.004179728314,8,B200,aws,B200,p6b20048xlarge,us-west-2,0,C:\Users\FarhadBillimoria\OneDrive - Aurora Energy Research\Documents\Personal\Endog_demand_AI\pyai\data\original\prices\B200\EC2_p6b20048xlarge_us-west-2.csv
2025-12-21,0.3444627008201326,0.32228910375238734,0.368912200876306,4556.554046209217,13228.004179728314,6,B200,aws,B200,p6b20048xlarge,us-west-2,0,C:\Users\FarhadBillimoria\OneDrive - Aurora Energy Research\Documents\Personal\Endog_demand_AI\pyai\data\original\prices\B200\EC2_p6b20048xlarge_us-west-2.csv
2025-12-22,0.3445324161009196,0.32317997977755303,0.3619756558251882,4557.47624023486,13228.004179728314,7,B200,aws,B200,p6b20048xlarge,us-west-2,0,C:\Users\FarhadBillimoria\OneDrive - Aurora Energy Research\Documents\Personal\Endog_demand_AI\pyai\data\original\prices\B200\EC2_p6b20048xlarge_us-west-2.csv
2025-12-23,0.37244571653934017,0.32786519773059203,0.5287537917087968,4926.713495104298,13228.004179728314,12,B200,aws,B200,p6b20048xlarge,us-west-2,0,C:\Users\FarhadBillimoria\OneDrive - Aurora Energy Research\Documents\Personal\Endog_demand_AI\pyai\data\original\prices\B200\EC2_p6b20048xlarge_us-west-2.csv
2025-12-24,0.40595604681802866,0.332596934333221,0.5215846534097293,5369.988284094866,13228.004179728312,11,B200,aws,B200,p6b20048xlarge,us-west-2,0,C:\Users\FarhadBillimoria\OneDrive - Aurora Energy Research\Documents\Personal\Endog_demand_AI\pyai\data\original\prices\B200\EC2_p6b20048xlarge_us-west-2.csv
2025-12-25,0.39662992863629554,0.33842580889787666,0.5031378145713965,5246.62235380626,13228.004179728314,12,B200,aws,B200,p6b20048xlarge,us-west-2,0,C:\Users\FarhadBillimoria\OneDrive - Aurora Energy Research\Documents\Personal\Endog_demand_AI\pyai\data\original\prices\B200\EC2_p6b20048xlarge_us-west-2.csv
2025-12-26,0.38880524309066394,0.34084916722840125,0.4977311186945287,5143.117380703586,13228.004179728314,10,B200,aws,B200,p6b20048xlarge,us-west-2,0,C:\Users\FarhadBillimoria\OneDrive - Aurora Energy Research\Documents\Personal\Endog_demand_AI\pyai\data\original\prices\B200\EC2_p6b20048xlarge_us-west-2.csv
2025-12-27,0.39334175296953355,0.3400504507920458,0.48383959667453097,5203.126352342652,13228.004179728312,11,B200,aws,B200,p6b20048xlarge,us-west-2,0,C:\Users\FarhadBillimoria\OneDrive - Aurora Energy Research\Documents\Personal\Endog_demand_AI\pyai\data\original\prices\B200\EC2_p6b20048xlarge_us-west-2.csv
2025-12-28,0.39058382740447956,0.33969410038197956,0.47170437310414565,5166.644501440738,13228.004179728312,11,B200,aws,B200,p6b20048xlarge,us-west-2,0,C:\Users\FarhadBillimoria\OneDrive - Aurora Energy Research\Documents\Personal\Endog_demand_AI\pyai\data\original\prices\B200\EC2_p6b20048xlarge_us-west-2.csv
2025-12-29,0.3867869321373492,0.33944834147848557,0.46427982108751825,5116.419154977147,13228.004179728312,11,B200,aws,B200,p6b20048xlarge,us-west-2,0,C:\Users\FarhadBillimoria\OneDrive - Aurora Energy Research\Documents\Personal\Endog_demand_AI\pyai\data\original\prices\B200\EC2_p6b20048xlarge_us-west-2.csv
2025-12-30,0.3830913725219842,0.3405007162116616,0.4540132428940568,5067.534276938663,13228.004179728312,11,B200,aws,B200,p6b20048xlarge,us-west-2,0,C:\Users\FarhadBillimoria\OneDrive - Aurora Energy Research\Documents\Personal\Endog_demand_AI\pyai\data\original\prices\B200\EC2_p6b20048xlarge_us-west-2.csv
2025-12-31,0.37759379372593477,0.34048316200426915,0.4396925205033142,4994.812281646136,13228.004179728312,11,B200,aws,B200,p6b20048xlarge,us-west-2,0,C:\Users\FarhadBillimoria\OneDrive - Aurora Energy Research\Documents\Personal\Endog_demand_AI\pyai\data\original\prices\B200\EC2_p6b20048xlarge_us-west-2.csv
2026-01-01,0.36580103678340536,0.33840562155937537,0.42660234805078084,4838.817643519837,13228.004179728312,11,B200,aws,B200,p6b20048xlarge,us-west-2,0,C:\Users\FarhadBillimoria\OneDrive - Aurora Energy Research\Documents\Personal\Endog_demand_AI\pyai\data\original\prices\B200\EC2_p6b20048xlarge_us-west-2.csv
2026-01-02,0.37072136449664256,0.33676781400966177,0.4200335636445343,4903.903759076171,13228.004179728314,13,B200,aws,B200,p6b20048xlarge,us-west-2,0,C:\Users\FarhadBillimoria\OneDrive - Aurora Energy Research\Documents\Personal\Endog_demand_AI\pyai\data\original\prices\B200\EC2_p6b20048xlarge_us-west-2.csv
2026-01-03,0.36043032703169203,0.33075813110886415,0.4095045500505561,4767.773872476065,13228.004179728312,11,B200,aws,B200,p6b20048xlarge,us-west-2,0,C:\Users\FarhadBillimoria\OneDrive - Aurora Energy Research\Documents\Personal\Endog_demand_AI\pyai\data\original\prices\B200\EC2_p6b20048xlarge_us-west-2.csv
2026-01-04,0.3478016460985369,0.3221960664532075,0.40056858077744073,4600.721628307834,13228.004179728314,13,B200,aws,B200,p6b20048xlarge,us-west-2,0,C:\Users\FarhadBillimoria\OneDrive - Aurora Energy Research\Documents\Personal\Endog_demand_AI\pyai\data\original\prices\B200\EC2_p6b20048xlarge_us-west-2.csv
2026-01-05,0.3429967782178032,0.3151348865296034,0.39288685962251435,4537.162815898447,13228.004179728314,12,B200,aws,B200,p6b20048xlarge,us-west-2,0,C:\Users\FarhadBillimoria\OneDrive - Aurora Energy Research\Documents\Personal\Endog_demand_AI\pyai\data\original\prices\B200\EC2_p6b20048xlarge_us-west-2.csv
2026-01-06,0.3418689203928398,0.3060040655544321,0.3822823629367486,4522.243507875691,13228.004179728314,12,B200,aws,B200,p6b20048xlarge,us-west-2,0,C:\Users\FarhadBillimoria\OneDrive - Aurora Energy Research\Documents\Personal\Endog_demand_AI\pyai\data\original\prices\B200\EC2_p6b20048xlarge_us-west-2.csv
2026-01-07,0.3205901940577117,0.2966511838557465,0.3709783310863947,4240.768426975322,13228.004179728314,13,B200,aws,B200,p6b20048xlarge,us-west-2,0,C:\Users\FarhadBillimoria\OneDrive - Aurora Energy Research\Documents\Personal\Endog_demand_AI\pyai\data\original\prices\B200\EC2_p6b20048xlarge_us-west-2.csv
2026-01-08,0.3226581410668873,0.2931965158409167,0.3610549376474554,4268.123238656152,13228.004179728312,11,B200,aws,B200,p6b20048xlarge,us-west-2,0,C:\Users\FarhadBillimoria\OneDrive - Aurora Energy Research\Documents\Personal\Endog_demand_AI\pyai\data\original\prices\B200\EC2_p6b20048xlarge_us-west-2.csv
2026-01-09,0.3087036832237951,0.2862871798112572,0.3488345761712167,4083.5336119818867,13228.004179728314,4,B200,aws,B200,p6b20048xlarge,us-west-2,0,C:\Users\FarhadBillimoria\OneDrive - Aurora Energy Research\Documents\Personal\Endog_demand_AI\pyai\data\original\prices\B200\EC2_p6b20048xlarge_us-west-2.csv
2026-01-10,0.3091956837714863,0.28093929052915406,0.34515258117065495,4090.0417972831756,13228.004179728314,10,B200,aws,B200,p6b20048xlarge,us-west-2,0,C:\Users\FarhadBillimoria\OneDrive - Aurora Energy Research\Documents\Personal\Endog_demand_AI\pyai\data\original\prices\B200\EC2_p6b20048xlarge_us-west-2.csv
2026-01-11,0.30788134174999066,0.2748207715425233,0.34149428435007306,4072.655675529237,13228.004179728314,12,B200,aws,B200,p6b20048xlarge,us-west-2,0,C:\Users\FarhadBillimoria\OneDrive - Aurora Energy Research\Documents\Personal\Endog_demand_AI\pyai\data\original\prices\B200\EC2_p6b20048xlarge_us-west-2.csv
2026-01-12,0.296914131253979,0.26957381895292665,0.3318763341197618,3927.5813692480347,13228.004179728314,12,B200,aws,B200,p6b20048xlarge,us-west-2,0,C:\Users\FarhadBillimoria\OneDrive - Aurora Energy Research\Documents\Personal\Endog_demand_AI\pyai\data\original\prices\B200\EC2_p6b20048xlarge_us-west-2.csv
2026-01-13,0.2866656080129285,0.2597952477249747,0.322883313672621,3792.013860979377,13228.004179728314,13,B200,aws,B200,p6b20048xlarge,us-west-2,0,C:\Users\FarhadBillimoria\OneDrive - Aurora Energy Research\Documents\Personal\Endog_demand_AI\pyai\data\original\prices\B200\EC2_p6b20048xlarge_us-west-2.csv
2026-01-14,0.28366920915423194,0.2542375856645321,0.3150067408156387,3752.3774843524047,13228.004179728312,11,B200,aws,B200,p6b20048xlarge,us-west-2,0,C:\Users\FarhadBillimoria\OneDrive - Aurora Energy Research\Documents\Personal\Endog_demand_AI\pyai\data\original\prices\B200\EC2_p6b20048xlarge_us-west-2.csv
2026-01-15,0.27322740805425333,0.24815593051342547,0.3084721871138074,3614.253295757997,13228.004179728312,11,B200,aws,B200,p6b20048xlarge,us-west-2,0,C:\Users\FarhadBillimoria\OneDrive - Aurora Energy Research\Documents\Personal\Endog_demand_AI\pyai\data\original\prices\B200\EC2_p6b20048xlarge_us-west-2.csv
2026-01-16,0.2693272701101,0.2442764506796989,0.3025608077744074,3562.662254731219,13228.004179728314,10,B200,aws,B200,p6b20048xlarge,us-west-2,0,C:\Users\FarhadBillimoria\OneDrive - Aurora Energy Research\Documents\Personal\Endog_demand_AI\pyai\data\original\prices\B200\EC2_p6b20048xlarge_us-west-2.csv
2026-01-17,0.266946156654827,0.23980012779462984,0.2980923842826649,3531.1648759924615,13228.004179728314,13,B200,aws,B200,p6b20048xlarge,us-west-2,0,C:\Users\FarhadBillimoria\OneDrive - Aurora Energy Research\Documents\Personal\Endog_demand_AI\pyai\data\original\prices\B200\EC2_p6b20048xlarge_us-west-2.csv
2026-01-18,0.26280482881136946,0.23741451100999886,0.2890800542073924,3476.383373969579,13228.004179728314,10,B200,aws,B200,p6b20048xlarge,us-west-2,0,C:\Users\FarhadBillimoria\OneDrive - Aurora Energy Research\Documents\Personal\Endog_demand_AI\pyai\data\original\prices\B200\EC2_p6b20048xlarge_us-west-2.csv
2026-01-19,0.2539783476375046,0.2303989720256151,0.28179769127064375,3359.6266441094017,13228.004179728314,14,B200,aws,B200,p6b20048xlarge,us-west-2,0,C:\Users\FarhadBillimoria\OneDrive - Aurora Energy Research\Documents\Personal\Endog_demand_AI\pyai\data\original\prices\B200\EC2_p6b20048xlarge_us-west-2.csv
2026-01-20,0.24373823868104708,0.22350016852039098,0.27078944781485226,3224.170440032508,13228.004179728314,10,B200,aws,B200,p6b20048xlarge,us-west-2,0,C:\Users\FarhadBillimoria\OneDrive - Aurora Energy Research\Documents\Personal\Endog_demand_AI\pyai\data\original\prices\B200\EC2_p6b20048xlarge_us-west-2.csv
2026-01-21,0.2409241822079916,0.21930207982249186,0.2664948109762948,3186.946089244939,13228.004179728314,12,B200,aws,B200,p6b20048xlarge,us-west-2,0,C:\Users\FarhadBillimoria\OneDrive - Aurora Energy Research\Documents\Personal\Endog_demand_AI\pyai\data\original\prices\B200\EC2_p6b20048xlarge_us-west-2.csv
2026-01-22,0.2372001900961077,0.21548842826648693,0.26301030080889787,3137.685106023663,13228.004179728312,11,B200,aws,B200,p6b20048xlarge,us-west-2,0,C:\Users\FarhadBillimoria\OneDrive - Aurora Energy Research\Documents\Personal\Endog_demand_AI\pyai\data\original\prices\B200\EC2_p6b20048xlarge_us-west-2.csv
2026-01-23,0.23009592257254036,0.20898283900685313,0.25719985816200425,3043.7098255280066,13228.004179728312,11,B200,aws,B200,p6b20048xlarge,us-west-2,0,C:\Users\FarhadBillimoria\OneDrive - Aurora Energy Research\Documents\Personal\Endog_demand_AI\pyai\data\original\prices\B200\EC2_p6b20048xlarge_us-west-2.csv
2026-01-24,0.22722897474066583,0.20259837377822718,0.255343500730255,3005.7858276249067,13228.004179728314,12,B200,aws,B200,p6b20048xlarge,us-west-2,0,C:\Users\FarhadBillimoria\OneDrive - Aurora Energy Research\Documents\Personal\Endog_demand_AI\pyai\data\original\prices\B200\EC2_p6b20048xlarge_us-west-2.csv
2026-01-25,0.22327614982759064,0.1961454471407707,0.24963838332771598,2953.497843153015,13228.004179728314,13,B200,aws,B200,p6b20048xlarge,us-west-2,0,C:\Users\FarhadBillimoria\OneDrive - Aurora Energy Research\Documents\Personal\Endog_demand_AI\pyai\data\original\prices\B200\EC2_p6b20048xlarge_us-west-2.csv
2026-01-26,0.214509868975396,0.19339206971126838,0.24243062577238514,2837.5374433995116,13228.004179728314,10,B200,aws,B200,p6b20048xlarge,us-west-2,0,C:\Users\FarhadBillimoria\OneDrive - Aurora Energy Research\Documents\Personal\Endog_demand_AI\pyai\data\original\prices\B200\EC2_p6b20048xlarge_us-west-2.csv
2026-01-27,0.20976378180822378,0.1852486729019211,0.24062868638355242,2774.7561825148023,13228.004179728314,12,B200,aws,B200,p6b20048xlarge,us-west-2,0,C:\Users\FarhadBillimoria\OneDrive - Aurora Energy Research\Documents\Personal\Endog_demand_AI\pyai\data\original\prices\B200\EC2_p6b20048xlarge_us-west-2.csv
2026-01-28,0.20557234908062763,0.18319921918885518,0.231240696270082,2719.3118928751105,13228.004179728314,12,B200,aws,B200,p6b20048xlarge,us-west-2,0,C:\Users\FarhadBillimoria\OneDrive - Aurora Energy Research\Documents\Personal\Endog_demand_AI\pyai\data\original\prices\B200\EC2_p6b20048xlarge_us-west-2.csv
2026-01-29,0.19654324498495798,0.18175538563082796,0.22245130462869342,2599.8748661583904,13228.004179728314,9,B200,aws,B200,p6b20048xlarge,us-west-2,0,C:\Users\FarhadBillimoria\OneDrive - Aurora Energy Research\Documents\Personal\Endog_demand_AI\pyai\data\original\prices\B200\EC2_p6b20048xlarge_us-west-2.csv
2026-01-30,0.1996408555452571,0.18105409504550052,0.21956100438153017,2640.8500715971973,13228.004179728314,12,B200,aws,B200,p6b20048xlarge,us-west-2,0,C:\Users\FarhadBillimoria\OneDrive - Aurora Energy Research\Documents\Personal\Endog_demand_AI\pyai\data\original\prices\B200\EC2_p6b20048xlarge_us-west-2.csv
2026-01-31,0.1952715176773569,0.1821626432423323,0.21447379507920458,2583.0524520179683,13228.004179728314,13,B200,aws,B200,p6b20048xlarge,us-west-2,0,C:\Users\FarhadBillimoria\OneDrive - Aurora Energy Research\Documents\Personal\Endog_demand_AI\pyai\data\original\prices\B200\EC2_p6b20048xlarge_us-west-2.csv
2026-02-01,0.18853410239911755,0.18135866054375915,0.20432044152342435,2493.929894556853,13228.004179728312,11,B200,aws,B200,p6b20048xlarge,us-west-2,0,C:\Users\FarhadBillimoria\OneDrive - Aurora Energy Research\Documents\Personal\Endog_demand_AI\pyai\data\original\prices\B200\EC2_p6b20048xlarge_us-west-2.csv
2026-02-02,0.1860510464648167,0.17829018509156272,0.2014055653859117,2461.084020279422,13228.004179728314,12,B200,aws,B200,p6b20048xlarge,us-west-2,0,C:\Users\FarhadBillimoria\OneDrive - Aurora Energy Research\Documents\Personal\Endog_demand_AI\pyai\data\original\prices\B200\EC2_p6b20048xlarge_us-west-2.csv
2026-02-03,0.18471268443620567,0.17324071733513088,0.19907787748567576,2443.3801617709655,13228.004179728314,12,B200,aws,B200,p6b20048xlarge,us-west-2,0,C:\Users\FarhadBillimoria\OneDrive - Aurora Energy Research\Documents\Personal\Endog_demand_AI\pyai\data\original\prices\B200\EC2_p6b20048xlarge_us-west-2.csv
2026-02-04,0.18234871784069207,0.1714019141107741,0.1947297003145714,2412.1096017647733,13228.004179728314,10,B200,aws,B200,p6b20048xlarge,us-west-2,0,C:\Users\FarhadBillimoria\OneDrive - Aurora Energy Research\Documents\Personal\Endog_demand_AI\pyai\data\original\prices\B200\EC2_p6b20048xlarge_us-west-2.csv
2026-02-05,0.17561519816944726,0.15006389731490843,0.19041136529603417,2323.0385754092645,13228.004179728314,16,B200,aws,B200,p6b20048xlarge,us-west-2,0,C:\Users\FarhadBillimoria\OneDrive - Aurora Energy Research\Documents\Personal\Endog_demand_AI\pyai\data\original\prices\B200\EC2_p6b20048xlarge_us-west-2.csv
2026-02-06,0.16794473835203108,0.14821807240759466,0.18777823418717,2221.573700884045,13228.004179728314,21,B200,aws,B200,p6b20048xlarge,us-west-2,0,C:\Users\FarhadBillimoria\OneDrive - Aurora Energy Research\Documents\Personal\Endog_demand_AI\pyai\data\original\prices\B200\EC2_p6b20048xlarge_us-west-2.csv
2026-02-07,0.16545616363329962,0.14331167144141108,0.1877413703516459,2188.654824103099,13228.004179728312,25,B200,aws,B200,p6b20048xlarge,us-west-2,0,C:\Users\FarhadBillimoria\OneDrive - Aurora Energy Research\Documents\Personal\Endog_demand_AI\pyai\data\original\prices\B200\EC2_p6b20048xlarge_us-west-2.csv
2026-02-08,0.16310816169897863,0.14176865661161667,0.1885830945961128,2157.5954447018908,13228.004179728314,23,B200,aws,B200,p6b20048xlarge,us-west-2,0,C:\Users\FarhadBillimoria\OneDrive - Aurora Energy Research\Documents\Personal\Endog_demand_AI\pyai\data\original\prices\B200\EC2_p6b20048xlarge_us-west-2.csv
2026-02-09,0.1609129241096506,0.13850181861588587,0.19016560639254015,2128.556832694763,13228.004179728312,25,B200,aws,B200,p6b20048xlarge,us-west-2,0,C:\Users\FarhadBillimoria\OneDrive - Aurora Energy Research\Documents\Personal\Endog_demand_AI\pyai\data\original\prices\B200\EC2_p6b20048xlarge_us-west-2.csv
2026-02-10,0.16132808874674562,0.13490232839006852,0.19064483625435347,2134.0486322495312,13228.004179728314,23,B200,aws,B200,p6b20048xlarge,us-west-2,0,C:\Users\FarhadBillimoria\OneDrive - Aurora Energy Research\Documents\Personal\Endog_demand_AI\pyai\data\original\prices\B200\EC2_p6b20048xlarge_us-west-2.csv
2026-02-11,0.1541267483990563,0.13067176440849343,0.18821796708235028,2038.7892720306509,13228.004179728312,25,B200,aws,B200,p6b20048xlarge,us-west-2,0,C:\Users\FarhadBillimoria\OneDrive - Aurora Energy Research\Documents\Personal\Endog_demand_AI\pyai\data\original\prices\B200\EC2_p6b20048xlarge_us-west-2.csv
2026-02-12,0.15751368350466238,0.12924372963711941,0.18570157145264576,2083.591663764077,13228.004179728314,20,B200,aws,B200,p6b20048xlarge,us-west-2,0,C:\Users\FarhadBillimoria\OneDrive - Aurora Energy Research\Documents\Personal\Endog_demand_AI\pyai\data\original\prices\B200\EC2_p6b20048xlarge_us-west-2.csv
2026-02-13,0.15541713645069308,0.1272776584091675,0.18363719666329625,2055.8585305711736,13228.004179728314,21,B200,aws,B200,p6b20048xlarge,us-west-2,0,C:\Users\FarhadBillimoria\OneDrive - Aurora Energy Research\Documents\Personal\Endog_demand_AI\pyai\data\original\prices\B200\EC2_p6b20048xlarge_us-west-2.csv
2026-02-14,0.1538271759279612,0.12324545697112685,0.18104970649365243,2034.8265261308732,13228.004179728314,23,B200,aws,B200,p6b20048xlarge,us-west-2,0,C:\Users\FarhadBillimoria\OneDrive - Aurora Energy Research\Documents\Personal\Endog_demand_AI\pyai\data\original\prices\B200\EC2_p6b20048xlarge_us-west-2.csv
2026-02-15,0.157320472285083,0.12155235366812718,0.18102249747219415,2081.0358649439104,13228.004179728314,21,B200,aws,B200,p6b20048xlarge,us-west-2,0,C:\Users\FarhadBillimoria\OneDrive - Aurora Energy Research\Documents\Personal\Endog_demand_AI\pyai\data\original\prices\B200\EC2_p6b20048xlarge_us-west-2.csv
2026-02-16,0.1548314445006179,0.11760441242557015,0.18196954696101558,2048.110995007546,13228.004179728312,25,B200,aws,B200,p6b20048xlarge,us-west-2,0,C:\Users\FarhadBillimoria\OneDrive - Aurora Energy Research\Documents\Personal\Endog_demand_AI\pyai\data\original\prices\B200\EC2_p6b20048xlarge_us-west-2.csv
2026-02-17,0.1585389589301764,0.1141637877766543,0.18340021486349847,2097.154011378149,13228.004179728314,24,B200,aws,B200,p6b20048xlarge,us-west-2,0,C:\Users\FarhadBillimoria\OneDrive - Aurora Energy Research\Documents\Personal\Endog_demand_AI\pyai\data\original\prices\B200\EC2_p6b20048xlarge_us-west-2.csv
2026-02-18,0.1602407096751131,0.11413745646556565,0.18251284967981124,2119.6647773450272,13228.004179728312,22,B200,aws,B200,p6b20048xlarge,us-west-2,0,C:\Users\FarhadBillimoria\OneDrive - Aurora Energy Research\Documents\Personal\Endog_demand_AI\pyai\data\original\prices\B200\EC2_p6b20048xlarge_us-west-2.csv
2026-02-19,0.1609552526462586,0.1152223064824177,0.18300963374901696,2129.1167547539358,13228.004179728314,23,B200,aws,B200,p6b20048xlarge,us-west-2,0,C:\Users\FarhadBillimoria\OneDrive - Aurora Energy Research\Documents\Personal\Endog_demand_AI\pyai\data\original\prices\B200\EC2_p6b20048xlarge_us-west-2.csv
2026-02-20,0.16248832645208403,0.11796251825637569,0.18432093304123132,2149.3962614652264,13228.004179728312,22,B200,aws,B200,p6b20048xlarge,us-west-2,0,C:\Users\FarhadBillimoria\OneDrive - Aurora Energy Research\Documents\Personal\Endog_demand_AI\pyai\data\original\prices\B200\EC2_p6b20048xlarge_us-west-2.csv
2026-02-21,0.16385288680536406,0.11961085833052465,0.18597102853611952,2167.446671521906,13228.004179728312,22,B200,aws,B200,p6b20048xlarge,us-west-2,0,C:\Users\FarhadBillimoria\OneDrive - Aurora Energy Research\Documents\Personal\Endog_demand_AI\pyai\data\original\prices\B200\EC2_p6b20048xlarge_us-west-2.csv
2026-02-22,0.16719776921132457,0.12138822182900798,0.18655821677339623,2211.6927899686516,13228.004179728314,20,B200,aws,B200,p6b20048xlarge,us-west-2,0,C:\Users\FarhadBillimoria\OneDrive - Aurora Energy Research\Documents\Personal\Endog_demand_AI\pyai\data\original\prices\B200\EC2_p6b20048xlarge_us-west-2.csv
2025-11-20,0.494025952140209,0.494025952140209,0.494025952140209,7480.829346092504,15142.583732057416,1,B300,aws,B300,p6b30048xlarge,us-west-2,0,C:\Users\FarhadBillimoria\OneDrive - Aurora Energy Research\Documents\Personal\Endog_demand_AI\pyai\data\original\prices\B300\EC2_p6b30048xlarge_us-west-2.csv
2025-11-21,0.515374677002584,0.515374677002584,0.515374677002584,7804.1041998936735,15142.583732057416,1,B300,aws,B300,p6b30048xlarge,us-west-2,0,C:\Users\FarhadBillimoria\OneDrive - Aurora Energy Research\Documents\Personal\Endog_demand_AI\pyai\data\original\prices\B300\EC2_p6b30048xlarge_us-west-2.csv
2025-11-22,0.5383982487922706,0.5279252331198743,0.5428020728008089,8152.7405635300365,15142.583732057416,4,B300,aws,B300,p6b30048xlarge,us-west-2,0,C:\Users\FarhadBillimoria\OneDrive - Aurora Energy Research\Documents\Personal\Endog_demand_AI\pyai\data\original\prices\B300\EC2_p6b30048xlarge_us-west-2.csv
2025-11-23,0.5509300219076508,0.5456430457251994,0.5550043534434334,8342.503987240829,15142.583732057416,4,B300,aws,B300,p6b30048xlarge,us-west-2,0,C:\Users\FarhadBillimoria\OneDrive - Aurora Energy Research\Documents\Personal\Endog_demand_AI\pyai\data\original\prices\B300\EC2_p6b30048xlarge_us-west-2.csv
2025-11-24,0.5757657145264578,0.5611300696550949,0.5944353162566004,8718.580542264752,15142.583732057416,4,B300,aws,B300,p6b30048xlarge,us-west-2,0,C:\Users\FarhadBillimoria\OneDrive - Aurora Energy Research\Documents\Personal\Endog_demand_AI\pyai\data\original\prices\B300\EC2_p6b30048xlarge_us-west-2.csv
2025-11-25,0.6020861420065161,0.5963129142792944,0.6129051511066173,9117.139819245082,15142.583732057416,5,B300,aws,B300,p6b30048xlarge,us-west-2,0,C:\Users\FarhadBillimoria\OneDrive - Aurora Energy Research\Documents\Personal\Endog_demand_AI\pyai\data\original\prices\B300\EC2_p6b30048xlarge_us-west-2.csv
2025-11-26,0.6188616447590158,0.614229440512302,0.6214357937310415,9371.16427432217,15142.583732057416,3,B300,aws,B300,p6b30048xlarge,us-west-2,0,C:\Users\FarhadBillimoria\OneDrive - Aurora Energy Research\Documents\Personal\Endog_demand_AI\pyai\data\original\prices\B300\EC2_p6b30048xlarge_us-west-2.csv
2025-11-27,0.656460369621391,0.6304460173014269,0.6828137287945175,9940.506113769272,15142.583732057416,5,B300,aws,B300,p6b30048xlarge,us-west-2,0,C:\Users\FarhadBillimoria\OneDrive - Aurora Energy Research\Documents\Personal\Endog_demand_AI\pyai\data\original\prices\B300\EC2_p6b30048xlarge_us-west-2.csv
2025-11-28,0.6910613975957757,0.6854672227839568,0.7005210088754072,10464.455077086655,15142.583732057416,3,B300,aws,B300,p6b30048xlarge,us-west-2,0,C:\Users\FarhadBillimoria\OneDrive - Aurora Energy Research\Documents\Personal\Endog_demand_AI\pyai\data\original\prices\B300\EC2_p6b30048xlarge_us-west-2.csv
2025-11-29,0.7208149014155714,0.7177009605662286,0.7232726659925851,10915.0,15142.583732057416,4,B300,aws,B300,p6b30048xlarge,us-west-2,0,C:\Users\FarhadBillimoria\OneDrive - Aurora Energy Research\Documents\Personal\Endog_demand_AI\pyai\data\original\prices\B300\EC2_p6b30048xlarge_us-west-2.csv
2025-11-30,0.7416747416020673,0.7284378159757331,0.7486637737332884,11230.87187666135,15142.583732057416,4,B300,aws,B300,p6b30048xlarge,us-west-2,0,C:\Users\FarhadBillimoria\OneDrive - Aurora Energy Research\Documents\Personal\Endog_demand_AI\pyai\data\original\prices\B300\EC2_p6b30048xlarge_us-west-2.csv
2025-12-01,0.768126474553421,0.7611441130210089,0.7786962139085496,11631.419457735246,15142.583732057416,3,B300,aws,B300,p6b30048xlarge,us-west-2,0,C:\Users\FarhadBillimoria\OneDrive - Aurora Energy Research\Documents\Personal\Endog_demand_AI\pyai\data\original\prices\B300\EC2_p6b30048xlarge_us-west-2.csv
2025-12-02,0.7969553982698574,0.7825869284350074,0.8111546455454444,12067.96384901648,15142.583732057416,4,B300,aws,B300,p6b30048xlarge,us-west-2,0,C:\Users\FarhadBillimoria\OneDrive - Aurora Energy Research\Documents\Personal\Endog_demand_AI\pyai\data\original\prices\B300\EC2_p6b30048xlarge_us-west-2.csv
2025-12-03,0.8345774000112347,0.8284673070441524,0.8412355353331087,12637.658160552897,15142.583732057416,4,B300,aws,B300,p6b30048xlarge,us-west-2,0,C:\Users\FarhadBillimoria\OneDrive - Aurora Energy Research\Documents\Personal\Endog_demand_AI\pyai\data\original\prices\B300\EC2_p6b30048xlarge_us-west-2.csv
2025-12-04,0.8642729749466352,0.8552739860689811,0.873984664644422,13087.325890483786,15142.583732057416,4,B300,aws,B300,p6b30048xlarge,us-west-2,0,C:\Users\FarhadBillimoria\OneDrive - Aurora Energy Research\Documents\Personal\Endog_demand_AI\pyai\data\original\prices\B300\EC2_p6b30048xlarge_us-west-2.csv
2025-12-05,0.8588977011009999,0.8533697056510505,0.86431299853949,13005.930356193514,15142.583732057416,4,B300,aws,B300,p6b30048xlarge,us-west-2,0,C:\Users\FarhadBillimoria\OneDrive - Aurora Energy Research\Documents\Personal\Endog_demand_AI\pyai\data\original\prices\B300\EC2_p6b30048xlarge_us-west-2.csv
2025-12-06,0.8314487136276822,0.8211556285810584,0.8431208572070554,12590.281765018608,15142.583732057416,5,B300,aws,B300,p6b30048xlarge,us-west-2,0,C:\Users\FarhadBillimoria\OneDrive - Aurora Energy Research\Documents\Personal\Endog_demand_AI\pyai\data\original\prices\B300\EC2_p6b30048xlarge_us-west-2.csv
2025-12-07,0.810668745084822,0.8080854679249523,0.8137168576564432,12275.619351408825,15142.583732057416,3,B300,aws,B300,p6b30048xlarge,us-west-2,0,C:\Users\FarhadBillimoria\OneDrive - Aurora Energy Research\Documents\Personal\Endog_demand_AI\pyai\data\original\prices\B300\EC2_p6b30048xlarge_us-west-2.csv
2025-12-08,0.7879909560723515,0.7747633692843502,0.7995751881811033,11932.219032429557,15142.583732057416,5,B300,aws,B300,p6b30048xlarge,us-west-2,0,C:\Users\FarhadBillimoria\OneDrive - Aurora Energy Research\Documents\Personal\Endog_demand_AI\pyai\data\original\prices\B300\EC2_p6b30048xlarge_us-west-2.csv
2025-12-09,0.7582452112122233,0.7507478092349175,0.7657032917649702,11481.791600212653,15142.583732057416,4,B300,aws,B300,p6b30048xlarge,us-west-2,0,C:\Users\FarhadBillimoria\OneDrive - Aurora Energy Research\Documents\Personal\Endog_demand_AI\pyai\data\original\prices\B300\EC2_p6b30048xlarge_us-west-2.csv
2025-12-11,0.7023979047298058,0.7023979047298058,0.7023979047298058,10636.11908559277,15142.583732057416,1,B300,aws,B300,p6b30048xlarge,us-west-2,0,C:\Users\FarhadBillimoria\OneDrive - Aurora Energy Research\Documents\Personal\Endog_demand_AI\pyai\data\original\prices\B300\EC2_p6b30048xlarge_us-west-2.csv
2025-12-12,0.6928041793056959,0.6898796483541175,0.6975304741040332,10490.84529505582,15142.583732057416,3,B300,aws,B300,p6b30048xlarge,us-west-2,0,C:\Users\FarhadBillimoria\OneDrive - Aurora Energy Research\Documents\Personal\Endog_demand_AI\pyai\data\original\prices\B300\EC2_p6b30048xlarge_us-west-2.csv
2025-12-13,0.6775497486237503,0.6687064655656668,0.6848057802494102,10259.853801169591,15142.583732057416,4,B300,aws,B300,p6b30048xlarge,us-west-2,0,C:\Users\FarhadBillimoria\OneDrive - Aurora Energy Research\Documents\Personal\Endog_demand_AI\pyai\data\original\prices\B300\EC2_p6b30048xlarge_us-west-2.csv
2025-12-14,0.6587476126277947,0.6524140546006066,0.6627471632400854,9975.140882509304,15142.583732057416,5,B300,aws,B300,p6b30048xlarge,us-west-2,0,C:\Users\FarhadBillimoria\OneDrive - Aurora Energy Research\Documents\Personal\Endog_demand_AI\pyai\data\original\prices\B300\EC2_p6b30048xlarge_us-west-2.csv
2025-12-15,0.6367256488035052,0.6302318559712392,0.645702027862038,9641.671451355662,15142.583732057416,5,B300,aws,B300,p6b30048xlarge,us-west-2,0,C:\Users\FarhadBillimoria\OneDrive - Aurora Energy Research\Documents\Personal\Endog_demand_AI\pyai\data\original\prices\B300\EC2_p6b30048xlarge_us-west-2.csv
2025-12-16,0.6152968767554208,0.6041638579934839,0.6241454611841367,9317.18447634237,15142.583732057416,5,B300,aws,B300,p6b30048xlarge,us-west-2,0,C:\Users\FarhadBillimoria\OneDrive - Aurora Energy Research\Documents\Personal\Endog_demand_AI\pyai\data\original\prices\B300\EC2_p6b30048xlarge_us-west-2.csv
2025-12-17,0.5914407440175261,0.5817773283900686,0.5997114088304685,8955.940988835726,15142.583732057416,4,B300,aws,B300,p6b30048xlarge,us-west-2,0,C:\Users\FarhadBillimoria\OneDrive - Aurora Energy Research\Documents\Personal\Endog_demand_AI\pyai\data\original\prices\B300\EC2_p6b30048xlarge_us-west-2.csv
2025-12-18,0.5709532285698236,0.5680042972699696,0.576423295135378,8645.70707070707,15142.583732057416,4,B300,aws,B300,p6b30048xlarge,us-west-2,0,C:\Users\FarhadBillimoria\OneDrive - Aurora Energy Research\Documents\Personal\Endog_demand_AI\pyai\data\original\prices\B300\EC2_p6b30048xlarge_us-west-2.csv
2025-12-19,0.5543799502864847,0.5452961745871251,0.5614207673295135,8394.744816586921,15142.583732057416,4,B300,aws,B300,p6b30048xlarge,us-west-2,0,C:\Users\FarhadBillimoria\OneDrive - Aurora Energy Research\Documents\Personal\Endog_demand_AI\pyai\data\original\prices\B300\EC2_p6b30048xlarge_us-west-2.csv
2025-12-20,0.5358992318278846,0.5306559656218403,0.5422880856083587,8114.89898989899,15142.583732057416,4,B300,aws,B300,p6b30048xlarge,us-west-2,0,C:\Users\FarhadBillimoria\OneDrive - Aurora Energy Research\Documents\Personal\Endog_demand_AI\pyai\data\original\prices\B300\EC2_p6b30048xlarge_us-west-2.csv
2025-12-21,0.5170881080777441,0.5095431693068194,0.5252970171890798,7830.049973418395,15142.583732057416,5,B300,aws,B300,p6b30048xlarge,us-west-2,0,C:\Users\FarhadBillimoria\OneDrive - Aurora Energy Research\Documents\Personal\Endog_demand_AI\pyai\data\original\prices\B300\EC2_p6b30048xlarge_us-west-2.csv
2025-12-22,0.5026612178406921,0.49733035613975957,0.5066088079991012,7611.589580010632,15142.583732057416,4,B300,aws,B300,p6b30048xlarge,us-west-2,0,C:\Users\FarhadBillimoria\OneDrive - Aurora Energy Research\Documents\Personal\Endog_demand_AI\pyai\data\original\prices\B300\EC2_p6b30048xlarge_us-west-2.csv
2025-12-23,0.49119200089877546,0.48501011122345805,0.4968205819570835,7437.916002126529,15142.583732057416,4,B300,aws,B300,p6b30048xlarge,us-west-2,0,C:\Users\FarhadBillimoria\OneDrive - Aurora Energy Research\Documents\Personal\Endog_demand_AI\pyai\data\original\prices\B300\EC2_p6b30048xlarge_us-west-2.csv
2025-12-24,0.4744386866644197,0.4710762835636446,0.4797305078081114,7184.227538543329,15142.583732057416,5,B300,aws,B300,p6b30048xlarge,us-west-2,0,C:\Users\FarhadBillimoria\OneDrive - Aurora Energy Research\Documents\Personal\Endog_demand_AI\pyai\data\original\prices\B300\EC2_p6b30048xlarge_us-west-2.csv
2025-12-25,0.46725321124967234,0.4635729131558252,0.47052718795640935,7075.420875420875,15142.583732057416,3,B300,aws,B300,p6b30048xlarge,us-west-2,0,C:\Users\FarhadBillimoria\OneDrive - Aurora Energy Research\Documents\Personal\Endog_demand_AI\pyai\data\original\prices\B300\EC2_p6b30048xlarge_us-west-2.csv
2025-12-26,0.45550640377485674,0.453043899561847,0.4582357319402314,6897.543859649122,15142.583732057416,4,B300,aws,B300,p6b30048xlarge,us-west-2,0,C:\Users\FarhadBillimoria\OneDrive - Aurora Energy Research\Documents\Personal\Endog_demand_AI\pyai\data\original\prices\B300\EC2_p6b30048xlarge_us-west-2.csv
2025-12-27,0.4458383889450624,0.44225929670823505,0.44989397258734976,6751.1451355661875,15142.583732057416,5,B300,aws,B300,p6b30048xlarge,us-west-2,0,C:\Users\FarhadBillimoria\OneDrive - Aurora Energy Research\Documents\Personal\Endog_demand_AI\pyai\data\original\prices\B300\EC2_p6b30048xlarge_us-west-2.csv
2025-12-28,0.43887765419615776,0.4366258004718571,0.4421034153465903,6645.741626794258,15142.583732057416,4,B300,aws,B300,p6b30048xlarge,us-west-2,0,C:\Users\FarhadBillimoria\OneDrive - Aurora Energy Research\Documents\Personal\Endog_demand_AI\pyai\data\original\prices\B300\EC2_p6b30048xlarge_us-west-2.csv
2025-12-29,0.42558970434033633,0.4177423884956747,0.43386417256488036,6444.527733475102,15142.583732057416,6,B300,aws,B300,p6b30048xlarge,us-west-2,0,C:\Users\FarhadBillimoria\OneDrive - Aurora Energy Research\Documents\Personal\Endog_demand_AI\pyai\data\original\prices\B300\EC2_p6b30048xlarge_us-west-2.csv
2025-12-30,0.4150530839231547,0.4132414897202562,0.416797972137962,6284.976076555024,15142.583732057416,3,B300,aws,B300,p6b30048xlarge,us-west-2,0,C:\Users\FarhadBillimoria\OneDrive - Aurora Energy Research\Documents\Personal\Endog_demand_AI\pyai\data\original\prices\B300\EC2_p6b30048xlarge_us-west-2.csv
2025-12-31,0.4101437572557391,0.40942169419166385,0.41098120997640714,6210.636186425659,15142.583732057416,3,B300,aws,B300,p6b30048xlarge,us-west-2,0,C:\Users\FarhadBillimoria\OneDrive - Aurora Energy Research\Documents\Personal\Endog_demand_AI\pyai\data\original\prices\B300\EC2_p6b30048xlarge_us-west-2.csv
2026-01-01,0.40549200932479496,0.4028669531513313,0.40933743399618017,6140.196703880914,15142.583732057416,4,B300,aws,B300,p6b30048xlarge,us-west-2,0,C:\Users\FarhadBillimoria\OneDrive - Aurora Energy Research\Documents\Personal\Endog_demand_AI\pyai\data\original\prices\B300\EC2_p6b30048xlarge_us-west-2.csv
2026-01-02,0.40105676328502415,0.3998504381530165,0.40220480844848894,6073.035619351409,15142.583732057416,3,B300,aws,B300,p6b30048xlarge,us-west-2,0,C:\Users\FarhadBillimoria\OneDrive - Aurora Energy Research\Documents\Personal\Endog_demand_AI\pyai\data\original\prices\B300\EC2_p6b30048xlarge_us-west-2.csv
2026-01-03,0.3916049928846946,0.38654715762273906,0.39551314459049547,5929.911394648237,15142.583732057416,6,B300,aws,B300,p6b30048xlarge,us-west-2,0,C:\Users\FarhadBillimoria\OneDrive - Aurora Energy Research\Documents\Personal\Endog_demand_AI\pyai\data\original\prices\B300\EC2_p6b30048xlarge_us-west-2.csv
2026-01-04,0.38133285585889226,0.3787945174699472,0.3838466183574879,5774.364699627857,15142.583732057416,4,B300,aws,B300,p6b30048xlarge,us-west-2,0,C:\Users\FarhadBillimoria\OneDrive - Aurora Energy Research\Documents\Personal\Endog_demand_AI\pyai\data\original\prices\B300\EC2_p6b30048xlarge_us-west-2.csv
2026-01-05,0.3693565329738232,0.3637484552297495,0.37510883608583306,5593.012227538543,15142.583732057416,5,B300,aws,B300,p6b30048xlarge,us-west-2,0,C:\Users\FarhadBillimoria\OneDrive - Aurora Energy Research\Documents\Personal\Endog_demand_AI\pyai\data\original\prices\B300\EC2_p6b30048xlarge_us-west-2.csv
2026-01-06,0.35943959948320414,0.3558925963374902,0.3636712167172228,5442.8442317916,15142.583732057416,4,B300,aws,B300,p6b30048xlarge,us-west-2,0,C:\Users\FarhadBillimoria\OneDrive - Aurora Energy Research\Documents\Personal\Endog_demand_AI\pyai\data\original\prices\B300\EC2_p6b30048xlarge_us-west-2.csv
2026-01-07,0.350401113638917,0.34556018986630715,0.35475367936186947,5305.978203083466,15142.583732057416,4,B300,aws,B300,p6b30048xlarge,us-west-2,0,C:\Users\FarhadBillimoria\OneDrive - Aurora Energy Research\Documents\Personal\Endog_demand_AI\pyai\data\original\prices\B300\EC2_p6b30048xlarge_us-west-2.csv
2026-01-08,0.3405970302962214,0.3385736153241209,0.3422213796202674,5157.519050150629,15142.583732057416,3,B300,aws,B300,p6b30048xlarge,us-west-2,0,C:\Users\FarhadBillimoria\OneDrive - Aurora Energy Research\Documents\Personal\Endog_demand_AI\pyai\data\original\prices\B300\EC2_p6b30048xlarge_us-west-2.csv
2026-01-09,0.32967503651275143,0.32967503651275143,0.32967503651275143,4992.131844763424,15142.583732057416,1,B300,aws,B300,p6b30048xlarge,us-west-2,0,C:\Users\FarhadBillimoria\OneDrive - Aurora Energy Research\Documents\Personal\Endog_demand_AI\pyai\data\original\prices\B300\EC2_p6b30048xlarge_us-west-2.csv
2026-01-10,0.3273290922368273,0.325961970565105,0.3295198573194023,4956.608187134502,15142.583732057416,3,B300,aws,B300,p6b30048xlarge,us-west-2,0,C:\Users\FarhadBillimoria\OneDrive - Aurora Energy Research\Documents\Personal\Endog_demand_AI\pyai\data\original\prices\B300\EC2_p6b30048xlarge_us-west-2.csv
2026-01-11,0.3202238512526683,0.31561060554993825,0.32458993371531286,4849.016480595428,15142.583732057416,4,B300,aws,B300,p6b30048xlarge,us-west-2,0,C:\Users\FarhadBillimoria\OneDrive - Aurora Energy Research\Documents\Personal\Endog_demand_AI\pyai\data\original\prices\B300\EC2_p6b30048xlarge_us-west-2.csv
2026-01-12,0.31272609819121444,0.31067717110437026,0.315553027749691,4735.481127060074,15142.583732057416,3,B300,aws,B300,p6b30048xlarge,us-west-2,0,C:\Users\FarhadBillimoria\OneDrive - Aurora Energy Research\Documents\Personal\Endog_demand_AI\pyai\data\original\prices\B300\EC2_p6b30048xlarge_us-west-2.csv
2026-01-13,0.30385925738681047,0.30182423323222113,0.30750407257611506,4601.214247740563,15142.583732057416,5,B300,aws,B300,p6b30048xlarge,us-west-2,0,C:\Users\FarhadBillimoria\OneDrive - Aurora Energy Research\Documents\Personal\Endog_demand_AI\pyai\data\original\prices\B300\EC2_p6b30048xlarge_us-west-2.csv
2026-01-14,0.2976714343893945,0.294433911920009,0.3017884226491406,4507.514619883041,15142.583732057416,4,B300,aws,B300,p6b30048xlarge,us-west-2,0,C:\Users\FarhadBillimoria\OneDrive - Aurora Energy Research\Documents\Personal\Endog_demand_AI\pyai\data\original\prices\B300\EC2_p6b30048xlarge_us-west-2.csv
2026-01-15,0.28913517441860465,0.2868708572070554,0.2908690034827548,4378.253588516746,15142.583732057416,4,B300,aws,B300,p6b30048xlarge,us-west-2,0,C:\Users\FarhadBillimoria\OneDrive - Aurora Energy Research\Documents\Personal\Endog_demand_AI\pyai\data\original\prices\B300\EC2_p6b30048xlarge_us-west-2.csv
2026-01-16,0.28322221520053925,0.28123806313897315,0.2848036737445231,4288.716108452951,15142.583732057416,4,B300,aws,B300,p6b30048xlarge,us-west-2,0,C:\Users\FarhadBillimoria\OneDrive - Aurora Energy Research\Documents\Personal\Endog_demand_AI\pyai\data\original\prices\B300\EC2_p6b30048xlarge_us-west-2.csv
2026-01-17,0.2774001867767667,0.27464470284237724,0.28105269070890915,4200.555555555556,15142.583732057416,4,B300,aws,B300,p6b30048xlarge,us-west-2,0,C:\Users\FarhadBillimoria\OneDrive - Aurora Energy Research\Documents\Personal\Endog_demand_AI\pyai\data\original\prices\B300\EC2_p6b30048xlarge_us-west-2.csv
2026-01-18,0.2720616012245815,0.27049278170992025,0.2744916301539153,4119.7155768208395,15142.583732057416,4,B300,aws,B300,p6b30048xlarge,us-west-2,0,C:\Users\FarhadBillimoria\OneDrive - Aurora Energy Research\Documents\Personal\Endog_demand_AI\pyai\data\original\prices\B300\EC2_p6b30048xlarge_us-west-2.csv
2026-01-19,0.2654331325132008,0.2624389113582744,0.26864537692394114,4019.3434343434346,15142.583732057416,4,B300,aws,B300,p6b30048xlarge,us-west-2,0,C:\Users\FarhadBillimoria\OneDrive - Aurora Energy Research\Documents\Personal\Endog_demand_AI\pyai\data\original\prices\B300\EC2_p6b30048xlarge_us-west-2.csv
2026-01-20,0.2571653934014905,0.2558645096056623,0.25925808897876645,3894.148502569555,15142.583732057416,3,B300,aws,B300,p6b30048xlarge,us-west-2,0,C:\Users\FarhadBillimoria\OneDrive - Aurora Energy Research\Documents\Personal\Endog_demand_AI\pyai\data\original\prices\B300\EC2_p6b30048xlarge_us-west-2.csv
2026-01-21,0.2544104946073475,0.25196958206943043,0.2555688967531738,3852.4322169059014,15142.583732057416,4,B300,aws,B300,p6b30048xlarge,us-west-2,0,C:\Users\FarhadBillimoria\OneDrive - Aurora Energy Research\Documents\Personal\Endog_demand_AI\pyai\data\original\prices\B300\EC2_p6b30048xlarge_us-west-2.csv
2026-01-22,0.2487940259521402,0.24762737332883947,0.2507758959667453,3767.3843700159487,15142.583732057416,4,B300,aws,B300,p6b30048xlarge,us-west-2,0,C:\Users\FarhadBillimoria\OneDrive - Aurora Energy Research\Documents\Personal\Endog_demand_AI\pyai\data\original\prices\B300\EC2_p6b30048xlarge_us-west-2.csv
2026-01-23,0.24287685372430065,0.24009240534771376,0.24466281878440624,3677.7830940988833,15142.583732057416,4,B300,aws,B300,p6b30048xlarge,us-west-2,0,C:\Users\FarhadBillimoria\OneDrive - Aurora Energy Research\Documents\Personal\Endog_demand_AI\pyai\data\original\prices\B300\EC2_p6b30048xlarge_us-west-2.csv
2026-01-24,0.23822042467138524,0.23697688461970565,0.23909321986293675,3607.2727272727266,15142.583732057416,3,B300,aws,B300,p6b30048xlarge,us-west-2,0,C:\Users\FarhadBillimoria\OneDrive - Aurora Energy Research\Documents\Personal\Endog_demand_AI\pyai\data\original\prices\B300\EC2_p6b30048xlarge_us-west-2.csv
2026-01-25,0.2320402904168071,0.22987585664532076,0.23474047859791033,3513.6895268474213,15142.583732057416,4,B300,aws,B300,p6b30048xlarge,us-west-2,0,C:\Users\FarhadBillimoria\OneDrive - Aurora Energy Research\Documents\Personal\Endog_demand_AI\pyai\data\original\prices\B300\EC2_p6b30048xlarge_us-west-2.csv
2026-01-26,0.2270468205819571,0.2254374508482193,0.22844764633187284,3438.0754917597023,15142.583732057416,3,B300,aws,B300,p6b30048xlarge,us-west-2,0,C:\Users\FarhadBillimoria\OneDrive - Aurora Energy Research\Documents\Personal\Endog_demand_AI\pyai\data\original\prices\B300\EC2_p6b30048xlarge_us-west-2.csv
2026-01-27,0.22120309515784742,0.21993596225143242,0.22362796315020783,3349.586390217969,15142.583732057416,5,B300,aws,B300,p6b30048xlarge,us-west-2,0,C:\Users\FarhadBillimoria\OneDrive - Aurora Energy Research\Documents\Personal\Endog_demand_AI\pyai\data\original\prices\B300\EC2_p6b30048xlarge_us-west-2.csv
2026-01-28,0.21708913792457776,0.21526443658015953,0.2180703010897652,3287.29044834308,15142.583732057416,3,B300,aws,B300,p6b30048xlarge,us-west-2,0,C:\Users\FarhadBillimoria\OneDrive - Aurora Energy Research\Documents\Personal\Endog_demand_AI\pyai\data\original\prices\B300\EC2_p6b30048xlarge_us-west-2.csv
2026-01-29,0.21131316003819794,0.20959934277047523,0.21422944051230197,3199.8272195640616,15142.583732057416,4,B300,aws,B300,p6b30048xlarge,us-west-2,0,C:\Users\FarhadBillimoria\OneDrive - Aurora Energy Research\Documents\Personal\Endog_demand_AI\pyai\data\original\prices\B300\EC2_p6b30048xlarge_us-west-2.csv
2026-01-30,0.20554759764820432,0.20433097404785983,0.2072906134142231,3112.521708311182,15142.583732057416,3,B300,aws,B300,p6b30048xlarge,us-west-2,0,C:\Users\FarhadBillimoria\OneDrive - Aurora Energy Research\Documents\Personal\Endog_demand_AI\pyai\data\original\prices\B300\EC2_p6b30048xlarge_us-west-2.csv
2026-01-31,0.2029285099052541,0.20127513762498594,0.20404448938321537,3072.861952861953,15142.583732057416,3,B300,aws,B300,p6b30048xlarge,us-west-2,0,C:\Users\FarhadBillimoria\OneDrive - Aurora Energy Research\Documents\Personal\Endog_demand_AI\pyai\data\original\prices\B300\EC2_p6b30048xlarge_us-west-2.csv
2026-02-01,0.19821579036063364,0.19610858330524658,0.19903802943489496,3001.499202551834,15142.583732057416,5,B300,aws,B300,p6b30048xlarge,us-west-2,0,C:\Users\FarhadBillimoria\OneDrive - Aurora Energy Research\Documents\Personal\Endog_demand_AI\pyai\data\original\prices\B300\EC2_p6b30048xlarge_us-west-2.csv
2026-02-02,0.19257404364678127,0.19081704302887317,0.1943306931805415,2916.0685805422645,15142.583732057416,4,B300,aws,B300,p6b30048xlarge,us-west-2,0,C:\Users\FarhadBillimoria\OneDrive - Aurora Energy Research\Documents\Personal\Endog_demand_AI\pyai\data\original\prices\B300\EC2_p6b30048xlarge_us-west-2.csv
2026-02-03,0.18744677564318618,0.18469553982698572,0.18983190091001012,2838.4284954811274,15142.583732057416,5,B300,aws,B300,p6b30048xlarge,us-west-2,0,C:\Users\FarhadBillimoria\OneDrive - Aurora Energy Research\Documents\Personal\Endog_demand_AI\pyai\data\original\prices\B300\EC2_p6b30048xlarge_us-west-2.csv
2026-02-04,0.18252162678350747,0.18075216267835076,0.1833213964723065,2763.8490164805953,15142.583732057416,4,B300,aws,B300,p6b30048xlarge,us-west-2,0,C:\Users\FarhadBillimoria\OneDrive - Aurora Energy Research\Documents\Personal\Endog_demand_AI\pyai\data\original\prices\B300\EC2_p6b30048xlarge_us-west-2.csv
2026-02-05,0.1782847432872711,0.1780614537692394,0.17862248623750143,2699.6916533758636,15142.583732057416,3,B300,aws,B300,p6b30048xlarge,us-west-2,0,C:\Users\FarhadBillimoria\OneDrive - Aurora Energy Research\Documents\Personal\Endog_demand_AI\pyai\data\original\prices\B300\EC2_p6b30048xlarge_us-west-2.csv
2026-02-06,0.17650334232108753,0.17466436355465678,0.17805021907650825,2672.716640085061,15142.583732057416,4,B300,aws,B300,p6b30048xlarge,us-west-2,0,C:\Users\FarhadBillimoria\OneDrive - Aurora Energy Research\Documents\Personal\Endog_demand_AI\pyai\data\original\prices\B300\EC2_p6b30048xlarge_us-west-2.csv
2026-02-07,0.17164981462756992,0.1702020840355016,0.17326423997303675,2599.2216905901114,15142.583732057416,5,B300,aws,B300,p6b30048xlarge,us-west-2,0,C:\Users\FarhadBillimoria\OneDrive - Aurora Energy Research\Documents\Personal\Endog_demand_AI\pyai\data\original\prices\B300\EC2_p6b30048xlarge_us-west-2.csv
2026-02-08,0.16853537055761525,0.16712307605886978,0.1696972250308954,2552.060960482013,15142.583732057416,3,B300,aws,B300,p6b30048xlarge,us-west-2,0,C:\Users\FarhadBillimoria\OneDrive - Aurora Energy Research\Documents\Personal\Endog_demand_AI\pyai\data\original\prices\B300\EC2_p6b30048xlarge_us-west-2.csv
2026-02-09,0.1642705173576003,0.16302171104370297,0.16626923941130212,2487.4800637958533,15142.583732057416,4,B300,aws,B300,p6b30048xlarge,us-west-2,0,C:\Users\FarhadBillimoria\OneDrive - Aurora Energy Research\Documents\Personal\Endog_demand_AI\pyai\data\original\prices\B300\EC2_p6b30048xlarge_us-west-2.csv
2026-02-10,0.1604124536568925,0.15918787214919672,0.1616981238063139,2429.059011164274,15142.583732057416,3,B300,aws,B300,p6b30048xlarge,us-west-2,0,C:\Users\FarhadBillimoria\OneDrive - Aurora Energy Research\Documents\Personal\Endog_demand_AI\pyai\data\original\prices\B300\EC2_p6b30048xlarge_us-west-2.csv
2026-02-11,0.15623016374564658,0.15382751937984496,0.15845480844848897,2365.728335991494,15142.583732057416,4,B300,aws,B300,p6b30048xlarge,us-west-2,0,C:\Users\FarhadBillimoria\OneDrive - Aurora Energy Research\Documents\Personal\Endog_demand_AI\pyai\data\original\prices\B300\EC2_p6b30048xlarge_us-west-2.csv
2026-02-12,0.15185077519379847,0.15144365801595328,0.153189950567352,2299.4130781499202,15142.583732057416,5,B300,aws,B300,p6b30048xlarge,us-west-2,0,C:\Users\FarhadBillimoria\OneDrive - Aurora Energy Research\Documents\Personal\Endog_demand_AI\pyai\data\original\prices\B300\EC2_p6b30048xlarge_us-west-2.csv
2026-02-13,0.1510161779575329,0.15065301651499832,0.15150404448938323,2286.775119617225,15142.583732057416,5,B300,aws,B300,p6b30048xlarge,us-west-2,0,C:\Users\FarhadBillimoria\OneDrive - Aurora Energy Research\Documents\Personal\Endog_demand_AI\pyai\data\original\prices\B300\EC2_p6b30048xlarge_us-west-2.csv
2026-02-14,0.15061299292214358,0.15044306819458486,0.15087279519155153,2280.66985645933,15142.583732057416,4,B300,aws,B300,p6b30048xlarge,us-west-2,0,C:\Users\FarhadBillimoria\OneDrive - Aurora Energy Research\Documents\Personal\Endog_demand_AI\pyai\data\original\prices\B300\EC2_p6b30048xlarge_us-west-2.csv
2026-02-15,0.15134558851065424,0.1510932760364004,0.15175682507583418,2291.7632465000884,15142.583732057416,3,B300,aws,B300,p6b30048xlarge,us-west-2,0,C:\Users\FarhadBillimoria\OneDrive - Aurora Energy Research\Documents\Personal\Endog_demand_AI\pyai\data\original\prices\B300\EC2_p6b30048xlarge_us-west-2.csv
2026-02-16,0.1523933406358836,0.1520903550162903,0.15269632625547694,2307.628920786816,15142.583732057416,2,B300,aws,B300,p6b30048xlarge,us-west-2,0,C:\Users\FarhadBillimoria\OneDrive - Aurora Energy Research\Documents\Personal\Endog_demand_AI\pyai\data\original\prices\B300\EC2_p6b30048xlarge_us-west-2.csv
2026-02-17,0.15391318391192002,0.15353822604201775,0.15419756207167737,2330.6432748538014,15142.583732057416,3,B300,aws,B300,p6b30048xlarge,us-west-2,0,C:\Users\FarhadBillimoria\OneDrive - Aurora Energy Research\Documents\Personal\Endog_demand_AI\pyai\data\original\prices\B300\EC2_p6b30048xlarge_us-west-2.csv
2026-02-18,0.15528680064037748,0.15441453207504774,0.15614116391416694,2351.4433811802232,15142.583732057416,4,B300,aws,B300,p6b30048xlarge,us-west-2,0,C:\Users\FarhadBillimoria\OneDrive - Aurora Energy Research\Documents\Personal\Endog_demand_AI\pyai\data\original\prices\B300\EC2_p6b30048xlarge_us-west-2.csv
2026-02-19,0.1564211535220762,0.1561629311313336,0.15665866194809575,2368.6204146730465,15142.583732057416,4,B300,aws,B300,p6b30048xlarge,us-west-2,0,C:\Users\FarhadBillimoria\OneDrive - Aurora Energy Research\Documents\Personal\Endog_demand_AI\pyai\data\original\prices\B300\EC2_p6b30048xlarge_us-west-2.csv
2026-02-20,0.15696480732501966,0.15665725761150434,0.1572196944163577,2376.8527379053694,15142.583732057416,3,B300,aws,B300,p6b30048xlarge,us-west-2,0,C:\Users\FarhadBillimoria\OneDrive - Aurora Energy Research\Documents\Personal\Endog_demand_AI\pyai\data\original\prices\B300\EC2_p6b30048xlarge_us-west-2.csv
2026-02-21,0.15782794770250536,0.15752654196157737,0.1580503595101674,2389.9229133439662,15142.583732057416,4,B300,aws,B300,p6b30048xlarge,us-west-2,0,C:\Users\FarhadBillimoria\OneDrive - Aurora Energy Research\Documents\Personal\Endog_demand_AI\pyai\data\original\prices\B300\EC2_p6b30048xlarge_us-west-2.csv
2026-02-22,0.15777388074373666,0.15757499157398044,0.1579780361757106,2389.1041998936735,15142.583732057416,4,B300,aws,B300,p6b30048xlarge,us-west-2,0,C:\Users\FarhadBillimoria\OneDrive - Aurora Energy Research\Documents\Personal\Endog_demand_AI\pyai\data\original\prices\B300\EC2_p6b30048xlarge_us-west-2.csv
2026-02-23,0.15693349061903156,0.15642694641051566,0.15735170205594878,2376.3785220627324,15142.583732057416,5,B300,aws,B300,p6b30048xlarge,us-west-2,0,C:\Users\FarhadBillimoria\OneDrive - Aurora Energy Research\Documents\Personal\Endog_demand_AI\pyai\data\original\prices\B300\EC2_p6b30048xlarge_us-west-2.csv
2026-02-24,0.15639417855671647,0.15625983035613977,0.15658493427704753,2368.2119440014176,15142.583732057416,3,B300,aws,B300,p6b30048xlarge,us-west-2,0,C:\Users\FarhadBillimoria\OneDrive - Aurora Energy Research\Documents\Personal\Endog_demand_AI\pyai\data\original\prices\B300\EC2_p6b30048xlarge_us-west-2.csv
2026-02-25,0.15685281148185598,0.15665234243343445,0.1571059431524548,2375.156831472621,15142.583732057416,4,B300,aws,B300,p6b30048xlarge,us-west-2,0,C:\Users\FarhadBillimoria\OneDrive - Aurora Energy Research\Documents\Personal\Endog_demand_AI\pyai\data\original\prices\B300\EC2_p6b30048xlarge_us-west-2.csv
2026-02-26,0.1563483035613976,0.15611799236040894,0.15657861476238624,2367.5172780435937,15142.583732057416,2,B300,aws,B300,p6b30048xlarge,us-west-2,0,C:\Users\FarhadBillimoria\OneDrive - Aurora Energy Research\Documents\Personal\Endog_demand_AI\pyai\data\original\prices\B300\EC2_p6b30048xlarge_us-west-2.csv
2026-02-27,0.15551956943040107,0.15536597011571732,0.15580131445904954,2354.968102073365,15142.583732057416,4,B300,aws,B300,p6b30048xlarge,us-west-2,0,C:\Users\FarhadBillimoria\OneDrive - Aurora Energy Research\Documents\Personal\Endog_demand_AI\pyai\data\original\prices\B300\EC2_p6b30048xlarge_us-west-2.csv
2026-02-28,0.1544168726360334,0.1536688293450174,0.15516163914166947,2338.2704235335814,15142.583732057416,3,B300,aws,B300,p6b30048xlarge,us-west-2,0,C:\Users\FarhadBillimoria\OneDrive - Aurora Energy Research\Documents\Personal\Endog_demand_AI\pyai\data\original\prices\B300\EC2_p6b30048xlarge_us-west-2.csv
2026-03-01,0.15267210144927537,0.15234734861251545,0.15314852263790585,2311.8500797448164,15142.583732057416,4,B300,aws,B300,p6b30048xlarge,us-west-2,0,C:\Users\FarhadBillimoria\OneDrive - Aurora Energy Research\Documents\Personal\Endog_demand_AI\pyai\data\original\prices\B300\EC2_p6b30048xlarge_us-west-2.csv
2026-03-02,0.15167274042242446,0.15130182002022244,0.15203418155263454,2296.717171717172,15142.583732057416,4,B300,aws,B300,p6b30048xlarge,us-west-2,0,C:\Users\FarhadBillimoria\OneDrive - Aurora Energy Research\Documents\Personal\Endog_demand_AI\pyai\data\original\prices\B300\EC2_p6b30048xlarge_us-west-2.csv
2026-03-03,0.14984879976032656,0.14879929221435795,0.1507990675205033,2269.09799751905,15142.583732057416,3,B300,aws,B300,p6b30048xlarge,us-west-2,0,C:\Users\FarhadBillimoria\OneDrive - Aurora Energy Research\Documents\Personal\Endog_demand_AI\pyai\data\original\prices\B300\EC2_p6b30048xlarge_us-west-2.csv
2026-03-04,0.147073596599633,0.1464259633749017,0.14799530951578474,2227.074251284778,15142.583732057416,3,B300,aws,B300,p6b30048xlarge,us-west-2,0,C:\Users\FarhadBillimoria\OneDrive - Aurora Energy Research\Documents\Personal\Endog_demand_AI\pyai\data\original\prices\B300\EC2_p6b30048xlarge_us-west-2.csv
2026-03-05,0.1456969371418942,0.145333389506797,0.14615773508594543,2206.2280701754385,15142.583732057416,4,B300,aws,B300,p6b30048xlarge,us-west-2,0,C:\Users\FarhadBillimoria\OneDrive - Aurora Energy Research\Documents\Personal\Endog_demand_AI\pyai\data\original\prices\B300\EC2_p6b30048xlarge_us-west-2.csv
2026-03-06,0.14150534350073024,0.13930457251994158,0.14336872261543646,2142.7565124933544,15142.583732057416,4,B300,aws,B300,p6b30048xlarge,us-west-2,0,C:\Users\FarhadBillimoria\OneDrive - Aurora Energy Research\Documents\Personal\Endog_demand_AI\pyai\data\original\prices\B300\EC2_p6b30048xlarge_us-west-2.csv
2026-03-07,0.13565083979328166,0.13306370070778564,0.13894436018424897,2054.1041998936735,15142.583732057416,4,B300,aws,B300,p6b30048xlarge,us-west-2,0,C:\Users\FarhadBillimoria\OneDrive - Aurora Energy Research\Documents\Personal\Endog_demand_AI\pyai\data\original\prices\B300\EC2_p6b30048xlarge_us-west-2.csv
2026-03-08,0.1328174151780699,0.13245351645882483,0.13307985057858668,2011.1988304093566,15142.583732057416,4,B300,aws,B300,p6b30048xlarge,us-west-2,0,C:\Users\FarhadBillimoria\OneDrive - Aurora Energy Research\Documents\Personal\Endog_demand_AI\pyai\data\original\prices\B300\EC2_p6b30048xlarge_us-west-2.csv
2026-03-09,0.1315356069542748,0.13080903831030222,0.1322274182676104,1991.7889420520999,15142.583732057416,4,B300,aws,B300,p6b30048xlarge,us-west-2,0,C:\Users\FarhadBillimoria\OneDrive - Aurora Energy Research\Documents\Personal\Endog_demand_AI\pyai\data\original\prices\B300\EC2_p6b30048xlarge_us-west-2.csv
2026-03-10,0.12950323933640415,0.12835144927536232,0.13059698348500168,1961.0136452241713,15142.583732057416,3,B300,aws,B300,p6b30048xlarge,us-west-2,0,C:\Users\FarhadBillimoria\OneDrive - Aurora Energy Research\Documents\Personal\Endog_demand_AI\pyai\data\original\prices\B300\EC2_p6b30048xlarge_us-west-2.csv
2026-03-11,0.12738614341085272,0.1264134647792383,0.1283331928996742,1928.9553429027112,15142.583732057416,4,B300,aws,B300,p6b30048xlarge,us-west-2,0,C:\Users\FarhadBillimoria\OneDrive - Aurora Energy Research\Documents\Personal\Endog_demand_AI\pyai\data\original\prices\B300\EC2_p6b30048xlarge_us-west-2.csv
2026-03-12,0.1253057942927761,0.12481462756993597,0.12607993483878216,1897.4534821903244,15142.583732057416,4,B300,aws,B300,p6b30048xlarge,us-west-2,0,C:\Users\FarhadBillimoria\OneDrive - Aurora Energy Research\Documents\Personal\Endog_demand_AI\pyai\data\original\prices\B300\EC2_p6b30048xlarge_us-west-2.csv
2026-03-13,0.1247433574879227,0.12459133805190428,0.12481111672845746,1888.936735778841,15142.583732057416,4,B300,aws,B300,p6b30048xlarge,us-west-2,0,C:\Users\FarhadBillimoria\OneDrive - Aurora Energy Research\Documents\Personal\Endog_demand_AI\pyai\data\original\prices\B300\EC2_p6b30048xlarge_us-west-2.csv
2026-03-14,0.12423323222109875,0.1241974216380182,0.1243181945848781,1881.212121212121,15142.583732057416,4,B300,aws,B300,p6b30048xlarge,us-west-2,0,C:\Users\FarhadBillimoria\OneDrive - Aurora Energy Research\Documents\Personal\Endog_demand_AI\pyai\data\original\prices\B300\EC2_p6b30048xlarge_us-west-2.csv
2026-03-15,0.12527899486949032,0.12495435906077969,0.12559263004156834,1897.0476696792484,15142.583732057416,3,B300,aws,B300,p6b30048xlarge,us-west-2,0,C:\Users\FarhadBillimoria\OneDrive - Aurora Energy Research\Documents\Personal\Endog_demand_AI\pyai\data\original\prices\B300\EC2_p6b30048xlarge_us-west-2.csv
2026-03-16,0.12594020334793843,0.12583417593528817,0.12601533535557802,1907.0600744284952,15142.583732057416,4,B300,aws,B300,p6b30048xlarge,us-west-2,0,C:\Users\FarhadBillimoria\OneDrive - Aurora Energy Research\Documents\Personal\Endog_demand_AI\pyai\data\original\prices\B300\EC2_p6b30048xlarge_us-west-2.csv
2026-03-17,0.12597671609931468,0.12579625884732054,0.12612487360970678,1907.6129718234981,15142.583732057416,4,B300,aws,B300,p6b30048xlarge,us-west-2,0,C:\Users\FarhadBillimoria\OneDrive - Aurora Energy Research\Documents\Personal\Endog_demand_AI\pyai\data\original\prices\B300\EC2_p6b30048xlarge_us-west-2.csv
2026-03-18,0.12578699022581732,0.12549292214357938,0.12595494888214806,1904.7400318979264,15142.583732057416,5,B300,aws,B300,p6b30048xlarge,us-west-2,0,C:\Users\FarhadBillimoria\OneDrive - Aurora Energy Research\Documents\Personal\Endog_demand_AI\pyai\data\original\prices\B300\EC2_p6b30048xlarge_us-west-2.csv
2026-03-19,0.12543651462382505,0.12528718683294013,0.125537860914504,1899.4329257487152,15142.583732057416,3,B300,aws,B300,p6b30048xlarge,us-west-2,0,C:\Users\FarhadBillimoria\OneDrive - Aurora Energy Research\Documents\Personal\Endog_demand_AI\pyai\data\original\prices\B300\EC2_p6b30048xlarge_us-west-2.csv
2026-03-20,0.12497865408381081,0.1245112908661948,0.12554979777553082,1892.4997341839448,15142.583732057416,5,B300,aws,B300,p6b30048xlarge,us-west-2,0,C:\Users\FarhadBillimoria\OneDrive - Aurora Energy Research\Documents\Personal\Endog_demand_AI\pyai\data\original\prices\B300\EC2_p6b30048xlarge_us-west-2.csv
2026-03-21,0.12391702243193647,0.12372767104819682,0.12418267610380856,1876.4238880028352,15142.583732057416,3,B300,aws,B300,p6b30048xlarge,us-west-2,0,C:\Users\FarhadBillimoria\OneDrive - Aurora Energy Research\Documents\Personal\Endog_demand_AI\pyai\data\original\prices\B300\EC2_p6b30048xlarge_us-west-2.csv
2026-03-22,0.12337202280642624,0.12302339624761262,0.12363498483316483,1868.1711855396065,15142.583732057416,4,B300,aws,B300,p6b30048xlarge,us-west-2,0,C:\Users\FarhadBillimoria\OneDrive - Aurora Energy Research\Documents\Personal\Endog_demand_AI\pyai\data\original\prices\B300\EC2_p6b30048xlarge_us-west-2.csv
2026-03-23,0.1225321124967232,0.1222517132906415,0.12277623300752723,1855.45277334751,15142.583732057416,3,B300,aws,B300,p6b30048xlarge,us-west-2,0,C:\Users\FarhadBillimoria\OneDrive - Aurora Energy Research\Documents\Personal\Endog_demand_AI\pyai\data\original\prices\B300\EC2_p6b30048xlarge_us-west-2.csv
2026-03-24,0.1214451559749841,0.1212082912032356,0.12166470059543873,1838.9934432039697,15142.583732057416,3,B300,aws,B300,p6b30048xlarge,us-west-2,0,C:\Users\FarhadBillimoria\OneDrive - Aurora Energy Research\Documents\Personal\Endog_demand_AI\pyai\data\original\prices\B300\EC2_p6b30048xlarge_us-west-2.csv
2026-03-25,0.12063017263977831,0.12037130659476465,0.1211078811369509,1826.6524898103844,15142.583732057416,3,B300,aws,B300,p6b30048xlarge,us-west-2,0,C:\Users\FarhadBillimoria\OneDrive - Aurora Energy Research\Documents\Personal\Endog_demand_AI\pyai\data\original\prices\B300\EC2_p6b30048xlarge_us-west-2.csv
2026-03-26,0.11939581928996743,0.11895784181552636,0.11973514211886305,1807.9611908559277,15142.583732057416,4,B300,aws,B300,p6b30048xlarge,us-west-2,0,C:\Users\FarhadBillimoria\OneDrive - Aurora Energy Research\Documents\Personal\Endog_demand_AI\pyai\data\original\prices\B300\EC2_p6b30048xlarge_us-west-2.csv
2026-03-27,0.11811330889787665,0.11769674755645435,0.11851407145264577,1788.5406698564593,15142.583732057416,4,B300,aws,B300,p6b30048xlarge,us-west-2,0,C:\Users\FarhadBillimoria\OneDrive - Aurora Energy Research\Documents\Personal\Endog_demand_AI\pyai\data\original\prices\B300\EC2_p6b30048xlarge_us-west-2.csv
2026-03-28,0.11689533947496537,0.11645250533647906,0.11739621952589599,1770.0974658869397,15142.583732057416,3,B300,aws,B300,p6b30048xlarge,us-west-2,0,C:\Users\FarhadBillimoria\OneDrive - Aurora Energy Research\Documents\Personal\Endog_demand_AI\pyai\data\original\prices\B300\EC2_p6b30048xlarge_us-west-2.csv
2026-03-29,0.11570516421375876,0.11515138748455231,0.11604735422986183,1752.0751373382955,15142.583732057416,3,B300,aws,B300,p6b30048xlarge,us-west-2,0,C:\Users\FarhadBillimoria\OneDrive - Aurora Energy Research\Documents\Personal\Endog_demand_AI\pyai\data\original\prices\B300\EC2_p6b30048xlarge_us-west-2.csv
2026-03-30,0.11367936186945286,0.11266220087630602,0.11509029884282665,1721.399255715045,15142.583732057416,5,B300,aws,B300,p6b30048xlarge,us-west-2,0,C:\Users\FarhadBillimoria\OneDrive - Aurora Energy Research\Documents\Personal\Endog_demand_AI\pyai\data\original\prices\B300\EC2_p6b30048xlarge_us-west-2.csv
2026-03-31,0.11218285398644347,0.11195933041231322,0.11237220537018312,1698.7382597908916,15142.583732057416,3,B300,aws,B300,p6b30048xlarge,us-west-2,0,C:\Users\FarhadBillimoria\OneDrive - Aurora Energy Research\Documents\Personal\Endog_demand_AI\pyai\data\original\prices\B300\EC2_p6b30048xlarge_us-west-2.csv
2026-04-01,0.11148864359809758,0.11131193124368048,0.11171427367711494,1688.2261208577,15142.583732057416,3,B300,aws,B300,p6b30048xlarge,us-west-2,0,C:\Users\FarhadBillimoria\OneDrive - Aurora Energy Research\Documents\Personal\Endog_demand_AI\pyai\data\original\prices\B300\EC2_p6b30048xlarge_us-west-2.csv
2026-04-02,0.11079536943414599,0.11049109650601056,0.11110830243792834,1677.7281587807902,15142.583732057416,3,B300,aws,B300,p6b30048xlarge,us-west-2,0,C:\Users\FarhadBillimoria\OneDrive - Aurora Energy Research\Documents\Personal\Endog_demand_AI\pyai\data\original\prices\B300\EC2_p6b30048xlarge_us-west-2.csv
2026-04-03,0.11076072913155825,0.11061467812605326,0.11085833052466015,1677.203615098352,15142.583732057416,4,B300,aws,B300,p6b30048xlarge,us-west-2,0,C:\Users\FarhadBillimoria\OneDrive - Aurora Energy Research\Documents\Personal\Endog_demand_AI\pyai\data\original\prices\B300\EC2_p6b30048xlarge_us-west-2.csv
2026-04-04,0.11120262704565032,0.11116728457476689,0.11123960790922369,1683.8950912635125,15142.583732057416,3,B300,aws,B300,p6b30048xlarge,us-west-2,0,C:\Users\FarhadBillimoria\OneDrive - Aurora Energy Research\Documents\Personal\Endog_demand_AI\pyai\data\original\prices\B300\EC2_p6b30048xlarge_us-west-2.csv
2026-04-05,0.10861349848331649,0.10725269632625548,0.11094329288843952,1644.688995215311,15142.583732057416,4,B300,aws,B300,p6b30048xlarge,us-west-2,0,C:\Users\FarhadBillimoria\OneDrive - Aurora Energy Research\Documents\Personal\Endog_demand_AI\pyai\data\original\prices\B300\EC2_p6b30048xlarge_us-west-2.csv
2026-04-06,0.10757569374227616,0.10743385574654533,0.10776106617234019,1628.9739500265814,15142.583732057416,4,B300,aws,B300,p6b30048xlarge,us-west-2,0,C:\Users\FarhadBillimoria\OneDrive - Aurora Energy Research\Documents\Personal\Endog_demand_AI\pyai\data\original\prices\B300\EC2_p6b30048xlarge_us-west-2.csv
2026-04-07,0.10795533273414974,0.10787200876306033,0.10800612290753848,1634.722665248981,15142.583732057416,3,B300,aws,B300,p6b30048xlarge,us-west-2,0,C:\Users\FarhadBillimoria\OneDrive - Aurora Energy Research\Documents\Personal\Endog_demand_AI\pyai\data\original\prices\B300\EC2_p6b30048xlarge_us-west-2.csv
2026-04-08,0.10802531550762089,0.10795837546343108,0.10810091562745759,1635.7823852560696,15142.583732057416,3,B300,aws,B300,p6b30048xlarge,us-west-2,0,C:\Users\FarhadBillimoria\OneDrive - Aurora Energy Research\Documents\Personal\Endog_demand_AI\pyai\data\original\prices\B300\EC2_p6b30048xlarge_us-west-2.csv
2026-04-09,0.10773063887952665,0.1075153072688462,0.10788886080215707,1631.3202197412722,15142.583732057416,3,B300,aws,B300,p6b30048xlarge,us-west-2,0,C:\Users\FarhadBillimoria\OneDrive - Aurora Energy Research\Documents\Personal\Endog_demand_AI\pyai\data\original\prices\B300\EC2_p6b30048xlarge_us-west-2.csv
2026-04-10,0.10731963637044528,0.10718879901134705,0.10744860128075498,1625.0965798334219,15142.583732057416,3,B300,aws,B300,p6b30048xlarge,us-west-2,0,C:\Users\FarhadBillimoria\OneDrive - Aurora Energy Research\Documents\Personal\Endog_demand_AI\pyai\data\original\prices\B300\EC2_p6b30048xlarge_us-west-2.csv
2026-04-11,0.10731185400516796,0.10724637681159421,0.10740225817323897,1624.9787347155768,15142.583732057416,4,B300,aws,B300,p6b30048xlarge,us-west-2,0,C:\Users\FarhadBillimoria\OneDrive - Aurora Energy Research\Documents\Personal\Endog_demand_AI\pyai\data\original\prices\B300\EC2_p6b30048xlarge_us-west-2.csv
2026-04-12,0.10757054450810771,0.10748019885406135,0.10766486911582969,1628.89597731703,15142.583732057416,3,B300,aws,B300,p6b30048xlarge,us-west-2,0,C:\Users\FarhadBillimoria\OneDrive - Aurora Energy Research\Documents\Personal\Endog_demand_AI\pyai\data\original\prices\B300\EC2_p6b30048xlarge_us-west-2.csv
2026-04-13,0.10779711081151931,0.10772385125266824,0.1078811369509044,1632.3267765373027,15142.583732057416,3,B300,aws,B300,p6b30048xlarge,us-west-2,0,C:\Users\FarhadBillimoria\OneDrive - Aurora Energy Research\Documents\Personal\Endog_demand_AI\pyai\data\original\prices\B300\EC2_p6b30048xlarge_us-west-2.csv
2026-04-14,0.10800518668314422,0.10795767329513538,0.10803210313447928,1635.477582846004,15142.583732057416,3,B300,aws,B300,p6b30048xlarge,us-west-2,0,C:\Users\FarhadBillimoria\OneDrive - Aurora Energy Research\Documents\Personal\Endog_demand_AI\pyai\data\original\prices\B300\EC2_p6b30048xlarge_us-west-2.csv
2026-04-15,0.10783760251657118,0.10771753173800697,0.10793239523649029,1632.9399255715043,15142.583732057416,4,B300,aws,B300,p6b30048xlarge,us-west-2,0,C:\Users\FarhadBillimoria\OneDrive - Aurora Energy Research\Documents\Personal\Endog_demand_AI\pyai\data\original\prices\B300\EC2_p6b30048xlarge_us-west-2.csv
2026-04-16,0.10753192525184437,0.10745562296371194,0.10758833277159871,1628.3111819953926,15142.583732057416,3,B300,aws,B300,p6b30048xlarge,us-west-2,0,C:\Users\FarhadBillimoria\OneDrive - Aurora Energy Research\Documents\Personal\Endog_demand_AI\pyai\data\original\prices\B300\EC2_p6b30048xlarge_us-west-2.csv
2026-04-17,0.1046918885518481,0.10314079878665319,0.10594315245478036,1585.305688463583,15142.583732057416,4,B300,aws,B300,p6b30048xlarge,us-west-2,0,C:\Users\FarhadBillimoria\OneDrive - Aurora Energy Research\Documents\Personal\Endog_demand_AI\pyai\data\original\prices\B300\EC2_p6b30048xlarge_us-west-2.csv
2026-04-18,0.10306449649852077,0.10276022357038536,0.10326367823840019,1560.6627680311892,15142.583732057416,3,B300,aws,B300,p6b30048xlarge,us-west-2,0,C:\Users\FarhadBillimoria\OneDrive - Aurora Energy Research\Documents\Personal\Endog_demand_AI\pyai\data\original\prices\B300\EC2_p6b30048xlarge_us-west-2.csv
2026-04-19,0.10323722989926225,0.1029912369396697,0.10349047859791034,1563.2783980152399,15142.583732057416,3,B300,aws,B300,p6b30048xlarge,us-west-2,0,C:\Users\FarhadBillimoria\OneDrive - Aurora Energy Research\Documents\Personal\Endog_demand_AI\pyai\data\original\prices\B300\EC2_p6b30048xlarge_us-west-2.csv
2026-04-20,0.10325609482080664,0.10215003932142457,0.1048856870014605,1563.564061669325,15142.583732057416,5,B300,aws,B300,p6b30048xlarge,us-west-2,0,C:\Users\FarhadBillimoria\OneDrive - Aurora Energy Research\Documents\Personal\Endog_demand_AI\pyai\data\original\prices\B300\EC2_p6b30048xlarge_us-west-2.csv
2026-04-21,0.10757446494775869,0.10578095157847434,0.10931426244242219,1628.9553429027114,15142.583732057416,4,B300,aws,B300,p6b30048xlarge,us-west-2,0,C:\Users\FarhadBillimoria\OneDrive - Aurora Energy Research\Documents\Personal\Endog_demand_AI\pyai\data\original\prices\B300\EC2_p6b30048xlarge_us-west-2.csv
2026-04-22,0.11330661582968206,0.1114530670711156,0.11564641613301876,1715.7549175970228,15142.583732057416,4,B300,aws,B300,p6b30048xlarge,us-west-2,0,C:\Users\FarhadBillimoria\OneDrive - Aurora Energy Research\Documents\Personal\Endog_demand_AI\pyai\data\original\prices\B300\EC2_p6b30048xlarge_us-west-2.csv
2026-04-23,0.12113667003707448,0.11821213908549602,0.12427395798224918,1834.322169059011,15142.583732057416,4,B300,aws,B300,p6b30048xlarge,us-west-2,0,C:\Users\FarhadBillimoria\OneDrive - Aurora Energy Research\Documents\Personal\Endog_demand_AI\pyai\data\original\prices\B300\EC2_p6b30048xlarge_us-west-2.csv
2026-04-24,0.1268589905628581,0.12484130996517245,0.1278999550612291,1920.9728867623603,15142.583732057416,4,B300,aws,B300,p6b30048xlarge,us-west-2,0,C:\Users\FarhadBillimoria\OneDrive - Aurora Energy Research\Documents\Personal\Endog_demand_AI\pyai\data\original\prices\B300\EC2_p6b30048xlarge_us-west-2.csv
2026-04-25,0.1320446789686552,0.12946017301426807,0.13387891809909,1999.4976076555024,15142.583732057416,4,B300,aws,B300,p6b30048xlarge,us-west-2,0,C:\Users\FarhadBillimoria\OneDrive - Aurora Energy Research\Documents\Personal\Endog_demand_AI\pyai\data\original\prices\B300\EC2_p6b30048xlarge_us-west-2.csv
2026-04-26,0.13769924025390406,0.1362866531850354,0.14034307942927762,2085.1222753854336,15142.583732057416,4,B300,aws,B300,p6b30048xlarge,us-west-2,0,C:\Users\FarhadBillimoria\OneDrive - Aurora Energy Research\Documents\Personal\Endog_demand_AI\pyai\data\original\prices\B300\EC2_p6b30048xlarge_us-west-2.csv
2026-04-27,0.14339944247837322,0.14101154364678126,0.14495983597348613,2171.4380648591173,15142.583732057416,4,B300,aws,B300,p6b30048xlarge,us-west-2,0,C:\Users\FarhadBillimoria\OneDrive - Aurora Energy Research\Documents\Personal\Endog_demand_AI\pyai\data\original\prices\B300\EC2_p6b30048xlarge_us-west-2.csv
2026-04-28,0.14673257686402277,0.1458684417481182,0.14826494214133246,2221.9103313840155,15142.583732057416,3,B300,aws,B300,p6b30048xlarge,us-west-2,0,C:\Users\FarhadBillimoria\OneDrive - Aurora Energy Research\Documents\Personal\Endog_demand_AI\pyai\data\original\prices\B300\EC2_p6b30048xlarge_us-west-2.csv
2026-04-29,0.15341183574879227,0.15093669250645994,0.15577463206381303,2323.051568314726,15142.583732057416,5,B300,aws,B300,p6b30048xlarge,us-west-2,0,C:\Users\FarhadBillimoria\OneDrive - Aurora Energy Research\Documents\Personal\Endog_demand_AI\pyai\data\original\prices\B300\EC2_p6b30048xlarge_us-west-2.csv
2026-04-30,0.1548884956746433,0.15317450286484666,0.15599160206718346,2345.412014885699,15142.583732057416,4,B300,aws,B300,p6b30048xlarge,us-west-2,0,C:\Users\FarhadBillimoria\OneDrive - Aurora Energy Research\Documents\Personal\Endog_demand_AI\pyai\data\original\prices\B300\EC2_p6b30048xlarge_us-west-2.csv
2026-05-01,0.15115834363180167,0.14998385012919896,0.15201241433546794,2288.9278752436644,15142.583732057416,3,B300,aws,B300,p6b30048xlarge,us-west-2,0,C:\Users\FarhadBillimoria\OneDrive - Aurora Energy Research\Documents\Personal\Endog_demand_AI\pyai\data\original\prices\B300\EC2_p6b30048xlarge_us-west-2.csv
2026-05-02,0.14785347152005393,0.1471814964610718,0.14886950904392765,2238.883572567783,15142.583732057416,3,B300,aws,B300,p6b30048xlarge,us-west-2,0,C:\Users\FarhadBillimoria\OneDrive - Aurora Energy Research\Documents\Personal\Endog_demand_AI\pyai\data\original\prices\B300\EC2_p6b30048xlarge_us-west-2.csv
2026-05-03,0.15053575440961692,0.1489994101786316,0.1538001348163128,2279.500265816055,15142.583732057416,4,B300,aws,B300,p6b30048xlarge,us-west-2,0,C:\Users\FarhadBillimoria\OneDrive - Aurora Energy Research\Documents\Personal\Endog_demand_AI\pyai\data\original\prices\B300\EC2_p6b30048xlarge_us-west-2.csv
2026-05-04,0.15914837518256375,0.15763256937422762,0.16037172789574206,2409.9175970228603,15142.583732057416,4,B300,aws,B300,p6b30048xlarge,us-west-2,0,C:\Users\FarhadBillimoria\OneDrive - Aurora Energy Research\Documents\Personal\Endog_demand_AI\pyai\data\original\prices\B300\EC2_p6b30048xlarge_us-west-2.csv
2026-05-05,0.1633842054263566,0.16158296820581958,0.16482136838557465,2474.059011164274,15142.583732057416,4,B300,aws,B300,p6b30048xlarge,us-west-2,0,C:\Users\FarhadBillimoria\OneDrive - Aurora Energy Research\Documents\Personal\Endog_demand_AI\pyai\data\original\prices\B300\EC2_p6b30048xlarge_us-west-2.csv
2026-05-06,0.16581353218739467,0.16513734411863837,0.16668281653746772,2510.845295055821,15142.583732057416,4,B300,aws,B300,p6b30048xlarge,us-west-2,0,C:\Users\FarhadBillimoria\OneDrive - Aurora Energy Research\Documents\Personal\Endog_demand_AI\pyai\data\original\prices\B300\EC2_p6b30048xlarge_us-west-2.csv
2026-05-07,0.16790353611953712,0.16732951353780476,0.16847755870126951,2542.4933545986178,15142.583732057416,2,B300,aws,B300,p6b30048xlarge,us-west-2,0,C:\Users\FarhadBillimoria\OneDrive - Aurora Energy Research\Documents\Personal\Endog_demand_AI\pyai\data\original\prices\B300\EC2_p6b30048xlarge_us-west-2.csv
2026-05-08,0.16961507134029885,0.16847755870126951,0.17075258397932816,2568.4104199893673,15142.583732057416,2,B300,aws,B300,p6b30048xlarge,us-west-2,0,C:\Users\FarhadBillimoria\OneDrive - Aurora Energy Research\Documents\Personal\Endog_demand_AI\pyai\data\original\prices\B300\EC2_p6b30048xlarge_us-west-2.csv
2026-05-09,0.17447463768115942,0.17293000786428492,0.17625617908100216,2641.9968102073367,15142.583732057416,5,B300,aws,B300,p6b30048xlarge,us-west-2,0,C:\Users\FarhadBillimoria\OneDrive - Aurora Energy Research\Documents\Personal\Endog_demand_AI\pyai\data\original\prices\B300\EC2_p6b30048xlarge_us-west-2.csv
2026-05-10,0.17685676702992173,0.176798955173576,0.17696466689136053,2678.068403331561,15142.583732057416,3,B300,aws,B300,p6b30048xlarge,us-west-2,0,C:\Users\FarhadBillimoria\OneDrive - Aurora Energy Research\Documents\Personal\Endog_demand_AI\pyai\data\original\prices\B300\EC2_p6b30048xlarge_us-west-2.csv
2026-05-11,0.1772712803804816,0.17703418155263453,0.17751867767666557,2684.3452064504695,15142.583732057416,3,B300,aws,B300,p6b30048xlarge,us-west-2,0,C:\Users\FarhadBillimoria\OneDrive - Aurora Energy Research\Documents\Personal\Endog_demand_AI\pyai\data\original\prices\B300\EC2_p6b30048xlarge_us-west-2.csv
2026-05-12,0.1785993146837434,0.17787537917087967,0.1799186889113583,2704.4550770866563,15142.583732057416,5,B300,aws,B300,p6b30048xlarge,us-west-2,0,C:\Users\FarhadBillimoria\OneDrive - Aurora Energy Research\Documents\Personal\Endog_demand_AI\pyai\data\original\prices\B300\EC2_p6b30048xlarge_us-west-2.csv
2026-05-13,0.18043811790810022,0.18031822267160993,0.18053519267498033,2732.299308878256,15142.583732057416,4,B300,aws,B300,p6b30048xlarge,us-west-2,0,C:\Users\FarhadBillimoria\OneDrive - Aurora Energy Research\Documents\Personal\Endog_demand_AI\pyai\data\original\prices\B300\EC2_p6b30048xlarge_us-west-2.csv
2026-05-14,0.17879662397483428,0.17833810807774406,0.1792319683181665,2707.4428495481125,15142.583732057416,3,B300,aws,B300,p6b30048xlarge,us-west-2,0,C:\Users\FarhadBillimoria\OneDrive - Aurora Energy Research\Documents\Personal\Endog_demand_AI\pyai\data\original\prices\B300\EC2_p6b30048xlarge_us-west-2.csv
2026-05-15,0.1780869658839831,0.1778458881024604,0.17833178856308282,2696.696792486266,15142.583732057416,3,B300,aws,B300,p6b30048xlarge,us-west-2,0,C:\Users\FarhadBillimoria\OneDrive - Aurora Energy Research\Documents\Personal\Endog_demand_AI\pyai\data\original\prices\B300\EC2_p6b30048xlarge_us-west-2.csv
2026-05-16,0.1792537355353331,0.1785740366250983,0.17986953713065948,2714.364699627857,15142.583732057416,3,B300,aws,B300,p6b30048xlarge,us-west-2,0,C:\Users\FarhadBillimoria\OneDrive - Aurora Energy Research\Documents\Personal\Endog_demand_AI\pyai\data\original\prices\B300\EC2_p6b30048xlarge_us-west-2.csv
2026-05-17,0.18280407398045162,0.18131951466127402,0.18395756094820806,2768.125996810207,15142.583732057416,4,B300,aws,B300,p6b30048xlarge,us-west-2,0,C:\Users\FarhadBillimoria\OneDrive - Aurora Energy Research\Documents\Personal\Endog_demand_AI\pyai\data\original\prices\B300\EC2_p6b30048xlarge_us-west-2.csv
2026-05-18,0.18506207167733962,0.18448559150657232,0.18584007414897202,2802.3179160021264,15142.583732057416,4,B300,aws,B300,p6b30048xlarge,us-west-2,0,C:\Users\FarhadBillimoria\OneDrive - Aurora Energy Research\Documents\Personal\Endog_demand_AI\pyai\data\original\prices\B300\EC2_p6b30048xlarge_us-west-2.csv
2026-05-19,0.18586271907650825,0.18539841029097856,0.1860444051230199,2814.4417862838914,15142.583732057416,4,B300,aws,B300,p6b30048xlarge,us-west-2,0,C:\Users\FarhadBillimoria\OneDrive - Aurora Energy Research\Documents\Personal\Endog_demand_AI\pyai\data\original\prices\B300\EC2_p6b30048xlarge_us-west-2.csv
2024-12-19,0.2232921511627907,0.2232921511627907,0.2232921511627907,2015.2826971008783,9025.318116227205,1,H100,aws,H100,p548xlarge,us-west-1,1,C:\Users\FarhadBillimoria\OneDrive - Aurora Energy Research\Documents\Personal\Endog_demand_AI\pyai\data\original\prices\H100\EC2_p548xlarge_us-west-1.csv
2024-12-20,0.2263435683139535,0.22534156976744185,0.22734556686046514,2042.8227075954344,9025.318116227205,2,H100,aws,H100,p548xlarge,us-west-1,1,C:\Users\FarhadBillimoria\OneDrive - Aurora Energy Research\Documents\Personal\Endog_demand_AI\pyai\data\original\prices\H100\EC2_p548xlarge_us-west-1.csv
2024-12-21,0.2381620639534884,0.22979287790697678,0.2474091569767442,2149.488390397481,9025.318116227205,5,H100,aws,H100,p548xlarge,us-west-1,1,C:\Users\FarhadBillimoria\OneDrive - Aurora Energy Research\Documents\Personal\Endog_demand_AI\pyai\data\original\prices\H100\EC2_p548xlarge_us-west-1.csv
2024-12-22,0.25680414244186045,0.2524890988372093,0.2615388808139535,2317.739079102715,9025.318116227205,4,H100,aws,H100,p548xlarge,us-west-1,1,C:\Users\FarhadBillimoria\OneDrive - Aurora Energy Research\Documents\Personal\Endog_demand_AI\pyai\data\original\prices\H100\EC2_p548xlarge_us-west-1.csv
2024-12-23,0.2662758902616279,0.26331940406976745,0.268859011627907,2403.2246162927977,9025.318116227205,4,H100,aws,H100,p548xlarge,us-west-1,1,C:\Users\FarhadBillimoria\OneDrive - Aurora Energy Research\Documents\Personal\Endog_demand_AI\pyai\data\original\prices\H100\EC2_p548xlarge_us-west-1.csv
2024-12-24,0.2740970203488372,0.26924236918604655,0.27758175872093027,2473.8128033582575,9025.318116227205,4,H100,aws,H100,p548xlarge,us-west-1,1,C:\Users\FarhadBillimoria\OneDrive - Aurora Energy Research\Documents\Personal\Endog_demand_AI\pyai\data\original\prices\H100\EC2_p548xlarge_us-west-1.csv
2024-12-25,0.2811755087209302,0.27806140988372097,0.28408066860465114,2537.698412698412,9025.318116227205,3,H100,aws,H100,p548xlarge,us-west-1,1,C:\Users\FarhadBillimoria\OneDrive - Aurora Energy Research\Documents\Personal\Endog_demand_AI\pyai\data\original\prices\H100\EC2_p548xlarge_us-west-1.csv
2024-12-26,0.2939389534883721,0.2851435319767442,0.3038026889534884,2652.8925619834704,9025.318116227205,6,H100,aws,H100,p548xlarge,us-west-1,1,C:\Users\FarhadBillimoria\OneDrive - Aurora Energy Research\Documents\Personal\Endog_demand_AI\pyai\data\original\prices\H100\EC2_p548xlarge_us-west-1.csv
2024-12-27,0.30534429505813954,0.3050545058139535,0.3056340843023256,2755.8293978748516,9025.318116227205,2,H100,aws,H100,p548xlarge,us-west-1,1,C:\Users\FarhadBillimoria\OneDrive - Aurora Energy Research\Documents\Personal\Endog_demand_AI\pyai\data\original\prices\H100\EC2_p548xlarge_us-west-1.csv
2024-12-28,0.3193899890988372,0.3116660610465116,0.3259047965116279,2882.596254755345,9025.318116227205,4,H100,aws,H100,p548xlarge,us-west-1,1,C:\Users\FarhadBillimoria\OneDrive - Aurora Energy Research\Documents\Personal\Endog_demand_AI\pyai\data\original\prices\H100\EC2_p548xlarge_us-west-1.csv
2024-12-29,0.3354742005813953,0.33013989825581397,0.34072129360465114,3027.7613800341064,9025.318116227205,4,H100,aws,H100,p548xlarge,us-west-1,1,C:\Users\FarhadBillimoria\OneDrive - Aurora Energy Research\Documents\Personal\Endog_demand_AI\pyai\data\original\prices\H100\EC2_p548xlarge_us-west-1.csv
2024-12-30,0.3478370276162791,0.3433957122093023,0.3516733284883722,3139.3398268398264,9025.318116227205,4,H100,aws,H100,p548xlarge,us-west-1,1,C:\Users\FarhadBillimoria\OneDrive - Aurora Energy Research\Documents\Personal\Endog_demand_AI\pyai\data\original\prices\H100\EC2_p548xlarge_us-west-1.csv
2024-12-31,0.3582358284883721,0.3520312500000001,0.36431140988372096,3233.1923127377668,9025.318116227205,4,H100,aws,H100,p548xlarge,us-west-1,1,C:\Users\FarhadBillimoria\OneDrive - Aurora Energy Research\Documents\Personal\Endog_demand_AI\pyai\data\original\prices\H100\EC2_p548xlarge_us-west-1.csv
2025-01-01,0.3720398800872093,0.36551598837209304,0.37601199127906976,3357.778269710087,9025.318116227205,4,H100,aws,H100,p548xlarge,us-west-1,1,C:\Users\FarhadBillimoria\OneDrive - Aurora Energy Research\Documents\Personal\Endog_demand_AI\pyai\data\original\prices\H100\EC2_p548xlarge_us-west-1.csv
2025-01-02,0.38055959302325587,0.3772420058139535,0.3835882994186047,3434.671389216843,9025.318116227205,3,H100,aws,H100,p548xlarge,us-west-1,1,C:\Users\FarhadBillimoria\OneDrive - Aurora Energy Research\Documents\Personal\Endog_demand_AI\pyai\data\original\prices\H100\EC2_p548xlarge_us-west-1.csv
2025-01-03,0.38699612403100775,0.3854469476744186,0.3892732558139535,3492.763129126765,9025.318116227205,3,H100,aws,H100,p548xlarge,us-west-1,1,C:\Users\FarhadBillimoria\OneDrive - Aurora Energy Research\Documents\Personal\Endog_demand_AI\pyai\data\original\prices\H100\EC2_p548xlarge_us-west-1.csv
2025-01-04,0.3982388565891473,0.39264716569767444,0.4053070494186047,3594.232366959639,9025.318116227205,6,H100,aws,H100,p548xlarge,us-west-1,1,C:\Users\FarhadBillimoria\OneDrive - Aurora Energy Research\Documents\Personal\Endog_demand_AI\pyai\data\original\prices\H100\EC2_p548xlarge_us-west-1.csv
2025-01-05,0.412835210755814,0.4096166424418605,0.4150236191860465,3725.969106650924,9025.318116227205,4,H100,aws,H100,p548xlarge,us-west-1,1,C:\Users\FarhadBillimoria\OneDrive - Aurora Energy Research\Documents\Personal\Endog_demand_AI\pyai\data\original\prices\H100\EC2_p548xlarge_us-west-1.csv
2025-01-06,0.4255323401162791,0.41958393895348844,0.43073037790697677,3840.56473829201,9025.318116227205,4,H100,aws,H100,p548xlarge,us-west-1,1,C:\Users\FarhadBillimoria\OneDrive - Aurora Energy Research\Documents\Personal\Endog_demand_AI\pyai\data\original\prices\H100\EC2_p548xlarge_us-west-1.csv
2025-01-07,0.43940089026162793,0.43400072674418605,0.44452943313953486,3965.7328151646325,9025.318116227205,4,H100,aws,H100,p548xlarge,us-west-1,1,C:\Users\FarhadBillimoria\OneDrive - Aurora Energy Research\Documents\Personal\Endog_demand_AI\pyai\data\original\prices\H100\EC2_p548xlarge_us-west-1.csv
2025-01-08,0.45447946947674417,0.44892078488372095,0.46002543604651164,4101.821789321788,9025.318116227205,4,H100,aws,H100,p548xlarge,us-west-1,1,C:\Users\FarhadBillimoria\OneDrive - Aurora Energy Research\Documents\Personal\Endog_demand_AI\pyai\data\original\prices\H100\EC2_p548xlarge_us-west-1.csv
2025-01-09,0.4691336603682171,0.4639117005813953,0.47303234011627904,4234.08052385325,9025.318116227205,6,H100,aws,H100,p548xlarge,us-west-1,1,C:\Users\FarhadBillimoria\OneDrive - Aurora Energy Research\Documents\Personal\Endog_demand_AI\pyai\data\original\prices\H100\EC2_p548xlarge_us-west-1.csv
2025-01-10,0.48002134811046515,0.4774127906976745,0.4835319767441861,4332.345369277187,9025.318116227205,4,H100,aws,H100,p548xlarge,us-west-1,1,C:\Users\FarhadBillimoria\OneDrive - Aurora Energy Research\Documents\Personal\Endog_demand_AI\pyai\data\original\prices\H100\EC2_p548xlarge_us-west-1.csv
2025-01-11,0.4919304142441861,0.48481468023255814,0.50484375,4439.828479601207,9025.318116227205,4,H100,aws,H100,p548xlarge,us-west-1,1,C:\Users\FarhadBillimoria\OneDrive - Aurora Energy Research\Documents\Personal\Endog_demand_AI\pyai\data\original\prices\H100\EC2_p548xlarge_us-west-1.csv
2025-01-12,0.5209152434593023,0.5143350290697675,0.5286210029069768,4701.425783812147,9025.318116227205,4,H100,aws,H100,p548xlarge,us-west-1,1,C:\Users\FarhadBillimoria\OneDrive - Aurora Energy Research\Documents\Personal\Endog_demand_AI\pyai\data\original\prices\H100\EC2_p548xlarge_us-west-1.csv
2025-01-13,0.545452398255814,0.5361845930232558,0.5590352470930233,4922.881411517775,9025.318116227205,4,H100,aws,H100,p548xlarge,us-west-1,1,C:\Users\FarhadBillimoria\OneDrive - Aurora Energy Research\Documents\Personal\Endog_demand_AI\pyai\data\original\prices\H100\EC2_p548xlarge_us-west-1.csv
2025-01-14,0.5781899527616279,0.568984375,0.5861973110465116,5218.348255280072,9025.318116227205,4,H100,aws,H100,p548xlarge,us-west-1,1,C:\Users\FarhadBillimoria\OneDrive - Aurora Energy Research\Documents\Personal\Endog_demand_AI\pyai\data\original\prices\H100\EC2_p548xlarge_us-west-1.csv
2025-01-15,0.5944843750000001,0.5891805959302325,0.5982449127906977,5365.410599501507,9025.318116227205,5,H100,aws,H100,p548xlarge,us-west-1,1,C:\Users\FarhadBillimoria\OneDrive - Aurora Energy Research\Documents\Personal\Endog_demand_AI\pyai\data\original\prices\H100\EC2_p548xlarge_us-west-1.csv
2025-01-16,0.5957267441860465,0.5948328488372094,0.5970148982558139,5376.623376623375,9025.318116227205,3,H100,aws,H100,p548xlarge,us-west-1,1,C:\Users\FarhadBillimoria\OneDrive - Aurora Energy Research\Documents\Personal\Endog_demand_AI\pyai\data\original\prices\H100\EC2_p548xlarge_us-west-1.csv
2025-01-17,0.5949178779069768,0.5934120639534884,0.5962009447674419,5369.323101141282,9025.318116227205,5,H100,aws,H100,p548xlarge,us-west-1,1,C:\Users\FarhadBillimoria\OneDrive - Aurora Energy Research\Documents\Personal\Endog_demand_AI\pyai\data\original\prices\H100\EC2_p548xlarge_us-west-1.csv
2025-01-18,0.6005105377906977,0.5961954941860466,0.6046148255813953,5419.798635707725,9025.318116227205,3,H100,aws,H100,p548xlarge,us-west-1,1,C:\Users\FarhadBillimoria\OneDrive - Aurora Energy Research\Documents\Personal\Endog_demand_AI\pyai\data\original\prices\H100\EC2_p548xlarge_us-west-1.csv
2025-01-19,0.6021798691860465,0.5964607558139535,0.6053034156976744,5434.864882592154,9025.318116227205,5,H100,aws,H100,p548xlarge,us-west-1,1,C:\Users\FarhadBillimoria\OneDrive - Aurora Energy Research\Documents\Personal\Endog_demand_AI\pyai\data\original\prices\H100\EC2_p548xlarge_us-west-1.csv
2025-01-20,0.602593386627907,0.5993568313953488,0.6057667151162791,5438.597009051553,9025.318116227205,5,H100,aws,H100,p548xlarge,us-west-1,1,C:\Users\FarhadBillimoria\OneDrive - Aurora Energy Research\Documents\Personal\Endog_demand_AI\pyai\data\original\prices\H100\EC2_p548xlarge_us-west-1.csv
2025-01-21,0.5954742005813954,0.590748546511628,0.6069404069767442,5374.34409025318,9025.318116227205,5,H100,aws,H100,p548xlarge,us-west-1,1,C:\Users\FarhadBillimoria\OneDrive - Aurora Energy Research\Documents\Personal\Endog_demand_AI\pyai\data\original\prices\H100\EC2_p548xlarge_us-west-1.csv
2025-01-22,0.5877761627906978,0.5865952034883721,0.5890806686046512,5304.866850321395,9025.318116227205,3,H100,aws,H100,p548xlarge,us-west-1,1,C:\Users\FarhadBillimoria\OneDrive - Aurora Energy Research\Documents\Personal\Endog_demand_AI\pyai\data\original\prices\H100\EC2_p548xlarge_us-west-1.csv
2025-01-23,0.5830341569767443,0.5810374273255815,0.5855559593023256,5262.0687393414655,9025.318116227205,4,H100,aws,H100,p548xlarge,us-west-1,1,C:\Users\FarhadBillimoria\OneDrive - Aurora Energy Research\Documents\Personal\Endog_demand_AI\pyai\data\original\prices\H100\EC2_p548xlarge_us-west-1.csv
2025-01-24,0.585756722383721,0.5813444767441861,0.5890261627906977,5286.640758231666,9025.318116227205,4,H100,aws,H100,p548xlarge,us-west-1,1,C:\Users\FarhadBillimoria\OneDrive - Aurora Energy Research\Documents\Personal\Endog_demand_AI\pyai\data\original\prices\H100\EC2_p548xlarge_us-west-1.csv
2025-01-25,0.5830963844476744,0.5805577761627908,0.5850454215116279,5262.630362062179,9025.318116227205,4,H100,aws,H100,p548xlarge,us-west-1,1,C:\Users\FarhadBillimoria\OneDrive - Aurora Energy Research\Documents\Personal\Endog_demand_AI\pyai\data\original\prices\H100\EC2_p548xlarge_us-west-1.csv
2025-01-26,0.5808763323643411,0.5775072674418605,0.584969113372093,5242.593685775503,9025.318116227205,3,H100,aws,H100,p548xlarge,us-west-1,1,C:\Users\FarhadBillimoria\OneDrive - Aurora Energy Research\Documents\Personal\Endog_demand_AI\pyai\data\original\prices\H100\EC2_p548xlarge_us-west-1.csv
2025-01-27,0.5808621002906977,0.5786518895348838,0.5841805959302325,5242.465236783418,9025.318116227205,4,H100,aws,H100,p548xlarge,us-west-1,1,C:\Users\FarhadBillimoria\OneDrive - Aurora Energy Research\Documents\Personal\Endog_demand_AI\pyai\data\original\prices\H100\EC2_p548xlarge_us-west-1.csv
2025-01-28,0.5821481346899225,0.5767841569767442,0.5884102470930233,5254.072106344833,9025.318116227205,3,H100,aws,H100,p548xlarge,us-west-1,1,C:\Users\FarhadBillimoria\OneDrive - Aurora Energy Research\Documents\Personal\Endog_demand_AI\pyai\data\original\prices\H100\EC2_p548xlarge_us-west-1.csv
2025-01-29,0.5623444767441861,0.5590225290697675,0.5686482558139535,5075.33779351961,9025.318116227205,5,H100,aws,H100,p548xlarge,us-west-1,1,C:\Users\FarhadBillimoria\OneDrive - Aurora Energy Research\Documents\Personal\Endog_demand_AI\pyai\data\original\prices\H100\EC2_p548xlarge_us-west-1.csv
2025-01-30,0.5623496547965117,0.5598473837209302,0.5648455668604652,5075.3845270890715,9025.318116227205,4,H100,aws,H100,p548xlarge,us-west-1,1,C:\Users\FarhadBillimoria\OneDrive - Aurora Energy Research\Documents\Personal\Endog_demand_AI\pyai\data\original\prices\H100\EC2_p548xlarge_us-west-1.csv
2025-01-31,0.553225835755814,0.5459556686046512,0.5607685319767443,4993.039157811884,9025.318116227205,4,H100,aws,H100,p548xlarge,us-west-1,1,C:\Users\FarhadBillimoria\OneDrive - Aurora Energy Research\Documents\Personal\Endog_demand_AI\pyai\data\original\prices\H100\EC2_p548xlarge_us-west-1.csv
2025-02-01,0.5409205426356589,0.5350835755813954,0.5502198401162791,4881.979972889063,9025.318116227205,3,H100,aws,H100,p548xlarge,us-west-1,1,C:\Users\FarhadBillimoria\OneDrive - Aurora Energy Research\Documents\Personal\Endog_demand_AI\pyai\data\original\prices\H100\EC2_p548xlarge_us-west-1.csv
2025-02-02,0.5307244731104651,0.5245657703488372,0.537952398255814,4789.957201889019,9025.318116227205,4,H100,aws,H100,p548xlarge,us-west-1,1,C:\Users\FarhadBillimoria\OneDrive - Aurora Energy Research\Documents\Personal\Endog_demand_AI\pyai\data\original\prices\H100\EC2_p548xlarge_us-west-1.csv
2025-02-03,0.5155492974806202,0.5090188953488373,0.5195021802325581,4652.996414360049,9025.318116227205,3,H100,aws,H100,p548xlarge,us-west-1,1,C:\Users\FarhadBillimoria\OneDrive - Aurora Energy Research\Documents\Personal\Endog_demand_AI\pyai\data\original\prices\H100\EC2_p548xlarge_us-west-1.csv
2025-02-04,0.5010624091569768,0.4944930959302326,0.5089898255813954,4522.247638724911,9025.318116227205,4,H100,aws,H100,p548xlarge,us-west-1,1,C:\Users\FarhadBillimoria\OneDrive - Aurora Energy Research\Documents\Personal\Endog_demand_AI\pyai\data\original\prices\H100\EC2_p548xlarge_us-west-1.csv
2025-02-05,0.482217659883721,0.4747619912790698,0.48811773255813956,4352.167781713235,9025.318116227205,5,H100,aws,H100,p548xlarge,us-west-1,1,C:\Users\FarhadBillimoria\OneDrive - Aurora Energy Research\Documents\Personal\Endog_demand_AI\pyai\data\original\prices\H100\EC2_p548xlarge_us-west-1.csv
2025-02-06,0.45310728561046515,0.4468695494186047,0.4637063953488373,4089.4373934146656,9025.318116227205,4,H100,aws,H100,p548xlarge,us-west-1,1,C:\Users\FarhadBillimoria\OneDrive - Aurora Energy Research\Documents\Personal\Endog_demand_AI\pyai\data\original\prices\H100\EC2_p548xlarge_us-west-1.csv
2025-02-07,0.4271431686046512,0.4175218023255814,0.43667696220930236,3855.10297783025,9025.318116227205,5,H100,aws,H100,p548xlarge,us-west-1,1,C:\Users\FarhadBillimoria\OneDrive - Aurora Energy Research\Documents\Personal\Endog_demand_AI\pyai\data\original\prices\H100\EC2_p548xlarge_us-west-1.csv
2025-02-08,0.40439226017441865,0.39605196220930233,0.4122728924418605,3649.7687918142456,9025.318116227205,4,H100,aws,H100,p548xlarge,us-west-1,1,C:\Users\FarhadBillimoria\OneDrive - Aurora Energy Research\Documents\Personal\Endog_demand_AI\pyai\data\original\prices\H100\EC2_p548xlarge_us-west-1.csv
2025-02-09,0.37793195857558143,0.36705668604651165,0.3874981831395349,3410.9561524334244,9025.318116227205,4,H100,aws,H100,p548xlarge,us-west-1,1,C:\Users\FarhadBillimoria\OneDrive - Aurora Energy Research\Documents\Personal\Endog_demand_AI\pyai\data\original\prices\H100\EC2_p548xlarge_us-west-1.csv
2025-02-10,0.3603306686046512,0.35249091569767443,0.3659356831395349,3252.09891118982,9025.318116227205,4,H100,aws,H100,p548xlarge,us-west-1,1,C:\Users\FarhadBillimoria\OneDrive - Aurora Energy Research\Documents\Personal\Endog_demand_AI\pyai\data\original\prices\H100\EC2_p548xlarge_us-west-1.csv
2025-02-11,0.34209605135658916,0.33573037790697674,0.3483539244186047,3087.525689798417,9025.318116227205,3,H100,aws,H100,p548xlarge,us-west-1,1,C:\Users\FarhadBillimoria\OneDrive - Aurora Energy Research\Documents\Personal\Endog_demand_AI\pyai\data\original\prices\H100\EC2_p548xlarge_us-west-1.csv
2025-02-12,0.32143804505813955,0.3162736191860465,0.32751816860465116,2901.0806113078834,9025.318116227205,4,H100,aws,H100,p548xlarge,us-west-1,1,C:\Users\FarhadBillimoria\OneDrive - Aurora Energy Research\Documents\Personal\Endog_demand_AI\pyai\data\original\prices\H100\EC2_p548xlarge_us-west-1.csv
2025-02-13,0.3124242974806202,0.3095421511627907,0.3156268168604651,2819.7286720013985,9025.318116227205,3,H100,aws,H100,p548xlarge,us-west-1,1,C:\Users\FarhadBillimoria\OneDrive - Aurora Energy Research\Documents\Personal\Endog_demand_AI\pyai\data\original\prices\H100\EC2_p548xlarge_us-west-1.csv
2025-02-14,0.30039425872093023,0.2954015261627907,0.30297056686046514,2711.1537452446537,9025.318116227205,3,H100,aws,H100,p548xlarge,us-west-1,1,C:\Users\FarhadBillimoria\OneDrive - Aurora Energy Research\Documents\Personal\Endog_demand_AI\pyai\data\original\prices\H100\EC2_p548xlarge_us-west-1.csv
2025-02-15,0.28803824491279073,0.28509447674418603,0.2919349563953489,2599.6367899776988,9025.318116227205,4,H100,aws,H100,p548xlarge,us-west-1,1,C:\Users\FarhadBillimoria\OneDrive - Aurora Energy Research\Documents\Personal\Endog_demand_AI\pyai\data\original\prices\H100\EC2_p548xlarge_us-west-1.csv
2025-02-16,0.2761119186046512,0.27275436046511625,0.27816678779069764,2491.9979010888096,9025.318116227205,3,H100,aws,H100,p548xlarge,us-west-1,1,C:\Users\FarhadBillimoria\OneDrive - Aurora Energy Research\Documents\Personal\Endog_demand_AI\pyai\data\original\prices\H100\EC2_p548xlarge_us-west-1.csv
2025-02-17,0.26387490915697676,0.25850835755813956,0.26981104651162796,2381.5549980322703,9025.318116227205,4,H100,aws,H100,p548xlarge,us-west-1,1,C:\Users\FarhadBillimoria\OneDrive - Aurora Energy Research\Documents\Personal\Endog_demand_AI\pyai\data\original\prices\H100\EC2_p548xlarge_us-west-1.csv
2025-02-18,0.25894667514534886,0.25640806686046513,0.2620839389534884,2337.076118326118,9025.318116227205,4,H100,aws,H100,p548xlarge,us-west-1,1,C:\Users\FarhadBillimoria\OneDrive - Aurora Energy Research\Documents\Personal\Endog_demand_AI\pyai\data\original\prices\H100\EC2_p548xlarge_us-west-1.csv
2025-02-19,0.2679752906976744,0.2614007994186046,0.2731867732558139,2418.5622458349726,9025.318116227205,5,H100,aws,H100,p548xlarge,us-west-1,1,C:\Users\FarhadBillimoria\OneDrive - Aurora Energy Research\Documents\Personal\Endog_demand_AI\pyai\data\original\prices\H100\EC2_p548xlarge_us-west-1.csv
2025-02-20,0.2766183684593023,0.27227652616279074,0.2787390988372093,2496.568772136953,9025.318116227205,4,H100,aws,H100,p548xlarge,us-west-1,1,C:\Users\FarhadBillimoria\OneDrive - Aurora Energy Research\Documents\Personal\Endog_demand_AI\pyai\data\original\prices\H100\EC2_p548xlarge_us-west-1.csv
2025-02-21,0.2788172238372093,0.27592659883720927,0.2819967296511628,2516.414141414141,9025.318116227205,4,H100,aws,H100,p548xlarge,us-west-1,1,C:\Users\FarhadBillimoria\OneDrive - Aurora Energy Research\Documents\Personal\Endog_demand_AI\pyai\data\original\prices\H100\EC2_p548xlarge_us-west-1.csv
2025-02-22,0.28713045058139536,0.2825072674418605,0.2906795058139535,2591.443657352748,9025.318116227205,5,H100,aws,H100,p548xlarge,us-west-1,1,C:\Users\FarhadBillimoria\OneDrive - Aurora Energy Research\Documents\Personal\Endog_demand_AI\pyai\data\original\prices\H100\EC2_p548xlarge_us-west-1.csv
2025-02-23,0.2947598110465116,0.2882358284883721,0.3018768168604652,2660.3010625737893,9025.318116227205,5,H100,aws,H100,p548xlarge,us-west-1,1,C:\Users\FarhadBillimoria\OneDrive - Aurora Energy Research\Documents\Personal\Endog_demand_AI\pyai\data\original\prices\H100\EC2_p548xlarge_us-west-1.csv
2025-02-24,0.3074515503875969,0.3060737645348837,0.30933866279069766,2774.84804757532,9025.318116227205,3,H100,aws,H100,p548xlarge,us-west-1,1,C:\Users\FarhadBillimoria\OneDrive - Aurora Energy Research\Documents\Personal\Endog_demand_AI\pyai\data\original\prices\H100\EC2_p548xlarge_us-west-1.csv
2025-02-25,0.3144703851744186,0.3121257267441861,0.3191079215116279,2838.195264331627,9025.318116227205,4,H100,aws,H100,p548xlarge,us-west-1,1,C:\Users\FarhadBillimoria\OneDrive - Aurora Energy Research\Documents\Personal\Endog_demand_AI\pyai\data\original\prices\H100\EC2_p548xlarge_us-west-1.csv
2025-02-26,0.33307376453488374,0.3255559593023256,0.33990007267441863,3006.0966810966806,9025.318116227205,5,H100,aws,H100,p548xlarge,us-west-1,1,C:\Users\FarhadBillimoria\OneDrive - Aurora Energy Research\Documents\Personal\Endog_demand_AI\pyai\data\original\prices\H100\EC2_p548xlarge_us-west-1.csv
2025-02-27,0.3500537790697675,0.34152434593023256,0.3615116279069768,3159.346713892168,9025.318116227205,5,H100,aws,H100,p548xlarge,us-west-1,1,C:\Users\FarhadBillimoria\OneDrive - Aurora Energy Research\Documents\Personal\Endog_demand_AI\pyai\data\original\prices\H100\EC2_p548xlarge_us-west-1.csv
2025-02-28,0.3725260416666667,0.36550145348837215,0.3805759447674419,3362.166032620577,9025.318116227205,3,H100,aws,H100,p548xlarge,us-west-1,1,C:\Users\FarhadBillimoria\OneDrive - Aurora Energy Research\Documents\Personal\Endog_demand_AI\pyai\data\original\prices\H100\EC2_p548xlarge_us-west-1.csv
2025-03-01,0.39093604651162794,0.38751453488372095,0.39906068313953497,3528.322182867637,9025.318116227205,5,H100,aws,H100,p548xlarge,us-west-1,1,C:\Users\FarhadBillimoria\OneDrive - Aurora Energy Research\Documents\Personal\Endog_demand_AI\pyai\data\original\prices\H100\EC2_p548xlarge_us-west-1.csv
2025-03-02,0.4112678052325582,0.4024745639534884,0.417218386627907,3711.8227731864085,9025.318116227205,5,H100,aws,H100,p548xlarge,us-west-1,1,C:\Users\FarhadBillimoria\OneDrive - Aurora Energy Research\Documents\Personal\Endog_demand_AI\pyai\data\original\prices\H100\EC2_p548xlarge_us-west-1.csv
2025-03-03,0.43427507267441867,0.4253179505813954,0.4396148255813954,3919.4706808343167,9025.318116227205,4,H100,aws,H100,p548xlarge,us-west-1,1,C:\Users\FarhadBillimoria\OneDrive - Aurora Energy Research\Documents\Personal\Endog_demand_AI\pyai\data\original\prices\H100\EC2_p548xlarge_us-west-1.csv
2025-03-04,0.4516038335755814,0.44327034883720934,0.4563226744186047,4075.8682605273507,9025.318116227205,4,H100,aws,H100,p548xlarge,us-west-1,1,C:\Users\FarhadBillimoria\OneDrive - Aurora Energy Research\Documents\Personal\Endog_demand_AI\pyai\data\original\prices\H100\EC2_p548xlarge_us-west-1.csv
2025-03-05,0.4744690225290698,0.46750545058139537,0.4784029796511628,4282.233864620228,9025.318116227205,4,H100,aws,H100,p548xlarge,us-west-1,1,C:\Users\FarhadBillimoria\OneDrive - Aurora Energy Research\Documents\Personal\Endog_demand_AI\pyai\data\original\prices\H100\EC2_p548xlarge_us-west-1.csv
2025-03-06,0.4564256298449612,0.4524545784883721,0.46324672965116276,4119.386505750142,9025.318116227205,3,H100,aws,H100,p548xlarge,us-west-1,1,C:\Users\FarhadBillimoria\OneDrive - Aurora Energy Research\Documents\Personal\Endog_demand_AI\pyai\data\original\prices\H100\EC2_p548xlarge_us-west-1.csv
2025-03-07,0.43988977713178296,0.4335574127906977,0.4483757267441861,3970.145174690628,9025.318116227205,3,H100,aws,H100,p548xlarge,us-west-1,1,C:\Users\FarhadBillimoria\OneDrive - Aurora Energy Research\Documents\Personal\Endog_demand_AI\pyai\data\original\prices\H100\EC2_p548xlarge_us-west-1.csv
2025-03-08,0.4198019622093024,0.41047601744186046,0.4256486191860465,3788.846254755345,9025.318116227205,5,H100,aws,H100,p548xlarge,us-west-1,1,C:\Users\FarhadBillimoria\OneDrive - Aurora Energy Research\Documents\Personal\Endog_demand_AI\pyai\data\original\prices\H100\EC2_p548xlarge_us-west-1.csv
2025-03-09,0.39824763808139535,0.388546511627907,0.4056377180232558,3594.311622720713,9025.318116227205,4,H100,aws,H100,p548xlarge,us-west-1,1,C:\Users\FarhadBillimoria\OneDrive - Aurora Energy Research\Documents\Personal\Endog_demand_AI\pyai\data\original\prices\H100\EC2_p548xlarge_us-west-1.csv
2025-03-10,0.37499563953488374,0.3683048691860465,0.38607194767441866,3384.454939000393,9025.318116227205,5,H100,aws,H100,p548xlarge,us-west-1,1,C:\Users\FarhadBillimoria\OneDrive - Aurora Energy Research\Documents\Personal\Endog_demand_AI\pyai\data\original\prices\H100\EC2_p548xlarge_us-west-1.csv
2025-03-11,0.35517078488372095,0.35113553779069767,0.36147165697674416,3205.529319165682,9025.318116227205,4,H100,aws,H100,p548xlarge,us-west-1,1,C:\Users\FarhadBillimoria\OneDrive - Aurora Energy Research\Documents\Personal\Endog_demand_AI\pyai\data\original\prices\H100\EC2_p548xlarge_us-west-1.csv
2025-03-12,0.3458448401162791,0.3438481104651163,0.3474981831395349,3121.3597009051546,9025.318116227205,4,H100,aws,H100,p548xlarge,us-west-1,1,C:\Users\FarhadBillimoria\OneDrive - Aurora Energy Research\Documents\Personal\Endog_demand_AI\pyai\data\original\prices\H100\EC2_p548xlarge_us-west-1.csv
2025-03-13,0.3324364098837209,0.3253161337209302,0.3389262354651163,3000.344352617079,9025.318116227205,4,H100,aws,H100,p548xlarge,us-west-1,1,C:\Users\FarhadBillimoria\OneDrive - Aurora Energy Research\Documents\Personal\Endog_demand_AI\pyai\data\original\prices\H100\EC2_p548xlarge_us-west-1.csv
2025-03-14,0.316674691133721,0.3089825581395349,0.3247056686046512,2858.0898268398264,9025.318116227205,4,H100,aws,H100,p548xlarge,us-west-1,1,C:\Users\FarhadBillimoria\OneDrive - Aurora Energy Research\Documents\Personal\Endog_demand_AI\pyai\data\original\prices\H100\EC2_p548xlarge_us-west-1.csv
2025-03-15,0.30683639171511634,0.3042696220930233,0.3096002906976745,2769.296044864226,9025.318116227205,4,H100,aws,H100,p548xlarge,us-west-1,1,C:\Users\FarhadBillimoria\OneDrive - Aurora Energy Research\Documents\Personal\Endog_demand_AI\pyai\data\original\prices\H100\EC2_p548xlarge_us-west-1.csv
2025-03-16,0.306651980377907,0.30467841569767445,0.30794149709302326,2767.631673881673,9025.318116227205,4,H100,aws,H100,p548xlarge,us-west-1,1,C:\Users\FarhadBillimoria\OneDrive - Aurora Energy Research\Documents\Personal\Endog_demand_AI\pyai\data\original\prices\H100\EC2_p548xlarge_us-west-1.csv
2025-03-17,0.30188529554263566,0.3011736918604651,0.30325763081395346,2724.6108268835537,9025.318116227205,3,H100,aws,H100,p548xlarge,us-west-1,1,C:\Users\FarhadBillimoria\OneDrive - Aurora Energy Research\Documents\Personal\Endog_demand_AI\pyai\data\original\prices\H100\EC2_p548xlarge_us-west-1.csv
2025-03-18,0.3006013808139535,0.29753270348837213,0.3013390261627907,2713.0230880230874,9025.318116227205,6,H100,aws,H100,p548xlarge,us-west-1,1,C:\Users\FarhadBillimoria\OneDrive - Aurora Energy Research\Documents\Personal\Endog_demand_AI\pyai\data\original\prices\H100\EC2_p548xlarge_us-west-1.csv
2025-03-19,0.2970396075581395,0.29328306686046507,0.30340479651162794,2680.876951331496,9025.318116227205,5,H100,aws,H100,p548xlarge,us-west-1,1,C:\Users\FarhadBillimoria\OneDrive - Aurora Energy Research\Documents\Personal\Endog_demand_AI\pyai\data\original\prices\H100\EC2_p548xlarge_us-west-1.csv
2025-03-20,0.31124591206395347,0.305843023255814,0.3192641715116279,2809.0933687524594,9025.318116227205,4,H100,aws,H100,p548xlarge,us-west-1,1,C:\Users\FarhadBillimoria\OneDrive - Aurora Energy Research\Documents\Personal\Endog_demand_AI\pyai\data\original\prices\H100\EC2_p548xlarge_us-west-1.csv
2025-03-21,0.32495594113372095,0.3224491279069768,0.32604106104651165,2932.830742489833,9025.318116227205,4,H100,aws,H100,p548xlarge,us-west-1,1,C:\Users\FarhadBillimoria\OneDrive - Aurora Energy Research\Documents\Personal\Endog_demand_AI\pyai\data\original\prices\H100\EC2_p548xlarge_us-west-1.csv
2025-03-22,0.32634720203488377,0.3255450581395349,0.32684229651162794,2945.387314705496,9025.318116227205,4,H100,aws,H100,p548xlarge,us-west-1,1,C:\Users\FarhadBillimoria\OneDrive - Aurora Energy Research\Documents\Personal\Endog_demand_AI\pyai\data\original\prices\H100\EC2_p548xlarge_us-west-1.csv
2025-03-23,0.3254972141472869,0.32512354651162795,0.3258266715116279,2937.715903624994,9025.318116227205,3,H100,aws,H100,p548xlarge,us-west-1,1,C:\Users\FarhadBillimoria\OneDrive - Aurora Energy Research\Documents\Personal\Endog_demand_AI\pyai\data\original\prices\H100\EC2_p548xlarge_us-west-1.csv
2025-03-24,0.32402480014534885,0.3207903343023256,0.32556140988372095,2924.4268988587164,9025.318116227205,4,H100,aws,H100,p548xlarge,us-west-1,1,C:\Users\FarhadBillimoria\OneDrive - Aurora Energy Research\Documents\Personal\Endog_demand_AI\pyai\data\original\prices\H100\EC2_p548xlarge_us-west-1.csv
2025-03-25,0.3144198158914729,0.30989462209302326,0.32011446220930234,2837.7388604661323,9025.318116227205,3,H100,aws,H100,p548xlarge,us-west-1,1,C:\Users\FarhadBillimoria\OneDrive - Aurora Energy Research\Documents\Personal\Endog_demand_AI\pyai\data\original\prices\H100\EC2_p548xlarge_us-west-1.csv
2025-03-26,0.30306686046511633,0.3007594476744186,0.30485828488372096,2735.2748261839165,9025.318116227205,4,H100,aws,H100,p548xlarge,us-west-1,1,C:\Users\FarhadBillimoria\OneDrive - Aurora Energy Research\Documents\Personal\Endog_demand_AI\pyai\data\original\prices\H100\EC2_p548xlarge_us-west-1.csv
2025-03-27,0.29073083212209305,0.28517078488372094,0.2971184593023256,2623.9382460973366,9025.318116227205,4,H100,aws,H100,p548xlarge,us-west-1,1,C:\Users\FarhadBillimoria\OneDrive - Aurora Energy Research\Documents\Personal\Endog_demand_AI\pyai\data\original\prices\H100\EC2_p548xlarge_us-west-1.csv
2025-03-28,0.29325263444767447,0.29065588662790703,0.2950236191860465,2646.69831431195,9025.318116227205,4,H100,aws,H100,p548xlarge,us-west-1,1,C:\Users\FarhadBillimoria\OneDrive - Aurora Energy Research\Documents\Personal\Endog_demand_AI\pyai\data\original\prices\H100\EC2_p548xlarge_us-west-1.csv
2025-03-29,0.2932026707848837,0.29248909883720936,0.294249636627907,2646.2473763610124,9025.318116227205,4,H100,aws,H100,p548xlarge,us-west-1,1,C:\Users\FarhadBillimoria\OneDrive - Aurora Energy Research\Documents\Personal\Endog_demand_AI\pyai\data\original\prices\H100\EC2_p548xlarge_us-west-1.csv
2025-03-30,0.2956528585271318,0.2953760901162791,0.29587209302325584,2668.3611001792815,9025.318116227205,3,H100,aws,H100,p548xlarge,us-west-1,1,C:\Users\FarhadBillimoria\OneDrive - Aurora Energy Research\Documents\Personal\Endog_demand_AI\pyai\data\original\prices\H100\EC2_p548xlarge_us-west-1.csv
2025-03-31,0.29365643168604655,0.29161882267441863,0.2946493459302326,2650.3427128427124,9025.318116227205,4,H100,aws,H100,p548xlarge,us-west-1,1,C:\Users\FarhadBillimoria\OneDrive - Aurora Energy Research\Documents\Personal\Endog_demand_AI\pyai\data\original\prices\H100\EC2_p548xlarge_us-west-1.csv
2025-04-01,0.2879236918604652,0.28649527616279075,0.2890515988372093,2598.602912239275,9025.318116227205,5,H100,aws,H100,p548xlarge,us-west-1,1,C:\Users\FarhadBillimoria\OneDrive - Aurora Energy Research\Documents\Personal\Endog_demand_AI\pyai\data\original\prices\H100\EC2_p548xlarge_us-west-1.csv
2025-04-02,0.29153070494186045,0.28972747093023254,0.29555414244186046,2631.1573527482615,9025.318116227205,4,H100,aws,H100,p548xlarge,us-west-1,1,C:\Users\FarhadBillimoria\OneDrive - Aurora Energy Research\Documents\Personal\Endog_demand_AI\pyai\data\original\prices\H100\EC2_p548xlarge_us-west-1.csv
2025-04-03,0.300055414244186,0.2979887354651163,0.30199854651162794,2708.095566050111,9025.318116227205,4,H100,aws,H100,p548xlarge,us-west-1,1,C:\Users\FarhadBillimoria\OneDrive - Aurora Energy Research\Documents\Personal\Endog_demand_AI\pyai\data\original\prices\H100\EC2_p548xlarge_us-west-1.csv
2025-04-04,0.29844522165697673,0.29612281976744187,0.3027725290697675,2693.5630657221564,9025.318116227205,4,H100,aws,H100,p548xlarge,us-west-1,1,C:\Users\FarhadBillimoria\OneDrive - Aurora Energy Research\Documents\Personal\Endog_demand_AI\pyai\data\original\prices\H100\EC2_p548xlarge_us-west-1.csv
2025-04-05,0.30931383236434107,0.3090461482558139,0.30969295058139534,2791.6557348375522,9025.318116227205,3,H100,aws,H100,p548xlarge,us-west-1,1,C:\Users\FarhadBillimoria\OneDrive - Aurora Energy Research\Documents\Personal\Endog_demand_AI\pyai\data\original\prices\H100\EC2_p548xlarge_us-west-1.csv
2025-04-06,0.30719976380813957,0.30590479651162794,0.3079196947674419,2772.57559359832,9025.318116227205,4,H100,aws,H100,p548xlarge,us-west-1,1,C:\Users\FarhadBillimoria\OneDrive - Aurora Energy Research\Documents\Personal\Endog_demand_AI\pyai\data\original\prices\H100\EC2_p548xlarge_us-west-1.csv
2025-04-07,0.30506722383720936,0.3048382994186047,0.3053106831395349,2753.3287419651047,9025.318116227205,3,H100,aws,H100,p548xlarge,us-west-1,1,C:\Users\FarhadBillimoria\OneDrive - Aurora Energy Research\Documents\Personal\Endog_demand_AI\pyai\data\original\prices\H100\EC2_p548xlarge_us-west-1.csv
2025-04-08,0.3035652858527132,0.302405523255814,0.30423146802325585,2739.7732738641826,9025.318116227205,3,H100,aws,H100,p548xlarge,us-west-1,1,C:\Users\FarhadBillimoria\OneDrive - Aurora Energy Research\Documents\Personal\Endog_demand_AI\pyai\data\original\prices\H100\EC2_p548xlarge_us-west-1.csv
2025-04-09,0.3018217054263566,0.3001744186046512,0.3034702034883721,2724.0369058550873,9025.318116227205,3,H100,aws,H100,p548xlarge,us-west-1,1,C:\Users\FarhadBillimoria\OneDrive - Aurora Energy Research\Documents\Personal\Endog_demand_AI\pyai\data\original\prices\H100\EC2_p548xlarge_us-west-1.csv
2025-04-10,0.30853015988372096,0.3079269622093023,0.30910065406976744,2784.5828414010225,9025.318116227205,4,H100,aws,H100,p548xlarge,us-west-1,1,C:\Users\FarhadBillimoria\OneDrive - Aurora Energy Research\Documents\Personal\Endog_demand_AI\pyai\data\original\prices\H100\EC2_p548xlarge_us-west-1.csv
2025-04-11,0.3053003875968992,0.30496184593023257,0.3055559593023256,2755.4331190694816,9025.318116227205,3,H100,aws,H100,p548xlarge,us-west-1,1,C:\Users\FarhadBillimoria\OneDrive - Aurora Energy Research\Documents\Personal\Endog_demand_AI\pyai\data\original\prices\H100\EC2_p548xlarge_us-west-1.csv
2025-04-12,0.3053620094476744,0.30479287790697673,0.3059393168604651,2755.9892758756387,9025.318116227205,4,H100,aws,H100,p548xlarge,us-west-1,1,C:\Users\FarhadBillimoria\OneDrive - Aurora Energy Research\Documents\Personal\Endog_demand_AI\pyai\data\original\prices\H100\EC2_p548xlarge_us-west-1.csv
2025-04-13,0.30320009689922484,0.30232013081395354,0.3040843023255814,2736.477327386418,9025.318116227205,3,H100,aws,H100,p548xlarge,us-west-1,1,C:\Users\FarhadBillimoria\OneDrive - Aurora Energy Research\Documents\Personal\Endog_demand_AI\pyai\data\original\prices\H100\EC2_p548xlarge_us-west-1.csv
2025-04-14,0.3021638808139535,0.30172238372093024,0.30266170058139535,2727.1251475796926,9025.318116227205,3,H100,aws,H100,p548xlarge,us-west-1,1,C:\Users\FarhadBillimoria\OneDrive - Aurora Energy Research\Documents\Personal\Endog_demand_AI\pyai\data\original\prices\H100\EC2_p548xlarge_us-west-1.csv
2025-04-15,0.3024005268895349,0.3021057412790698,0.3030941133720931,2729.2609536927716,9025.318116227205,4,H100,aws,H100,p548xlarge,us-west-1,1,C:\Users\FarhadBillimoria\OneDrive - Aurora Energy Research\Documents\Personal\Endog_demand_AI\pyai\data\original\prices\H100\EC2_p548xlarge_us-west-1.csv
2025-04-16,0.30035746729651164,0.295047238372093,0.3039571220930233,2710.821690935327,9025.318116227205,4,H100,aws,H100,p548xlarge,us-west-1,1,C:\Users\FarhadBillimoria\OneDrive - Aurora Energy Research\Documents\Personal\Endog_demand_AI\pyai\data\original\prices\H100\EC2_p548xlarge_us-west-1.csv
2025-04-17,0.28922722868217055,0.28823037790697675,0.2904451308139535,2610.3677467313823,9025.318116227205,3,H100,aws,H100,p548xlarge,us-west-1,1,C:\Users\FarhadBillimoria\OneDrive - Aurora Energy Research\Documents\Personal\Endog_demand_AI\pyai\data\original\prices\H100\EC2_p548xlarge_us-west-1.csv
2025-04-18,0.2948815406976744,0.28954941860465117,0.3047111191860465,2661.3997113997107,9025.318116227205,5,H100,aws,H100,p548xlarge,us-west-1,1,C:\Users\FarhadBillimoria\OneDrive - Aurora Energy Research\Documents\Personal\Endog_demand_AI\pyai\data\original\prices\H100\EC2_p548xlarge_us-west-1.csv
2025-04-19,0.31613417514534886,0.3084593023255814,0.3238372093023256,2853.2114980978613,9025.318116227205,4,H100,aws,H100,p548xlarge,us-west-1,1,C:\Users\FarhadBillimoria\OneDrive - Aurora Energy Research\Documents\Personal\Endog_demand_AI\pyai\data\original\prices\H100\EC2_p548xlarge_us-west-1.csv
2025-04-20,0.3374909156976744,0.32982376453488377,0.34303052325581396,3045.9628755083295,9025.318116227205,4,H100,aws,H100,p548xlarge,us-west-1,1,C:\Users\FarhadBillimoria\OneDrive - Aurora Energy Research\Documents\Personal\Endog_demand_AI\pyai\data\original\prices\H100\EC2_p548xlarge_us-west-1.csv
2025-04-21,0.35026208212209303,0.3467859738372093,0.3548819040697674,3161.226715203987,9025.318116227205,4,H100,aws,H100,p548xlarge,us-west-1,1,C:\Users\FarhadBillimoria\OneDrive - Aurora Energy Research\Documents\Personal\Endog_demand_AI\pyai\data\original\prices\H100\EC2_p548xlarge_us-west-1.csv
2025-04-22,0.36997420058139535,0.3595512354651163,0.37882994186046515,3339.1348550439448,9025.318116227205,5,H100,aws,H100,p548xlarge,us-west-1,1,C:\Users\FarhadBillimoria\OneDrive - Aurora Energy Research\Documents\Personal\Endog_demand_AI\pyai\data\original\prices\H100\EC2_p548xlarge_us-west-1.csv
2025-04-23,0.3885822432170543,0.38277616279069776,0.39203125,3507.078359351086,9025.318116227205,3,H100,aws,H100,p548xlarge,us-west-1,1,C:\Users\FarhadBillimoria\OneDrive - Aurora Energy Research\Documents\Personal\Endog_demand_AI\pyai\data\original\prices\H100\EC2_p548xlarge_us-west-1.csv
2025-04-24,0.3992823401162791,0.3951635174418605,0.40652979651162796,3603.650137741046,9025.318116227205,4,H100,aws,H100,p548xlarge,us-west-1,1,C:\Users\FarhadBillimoria\OneDrive - Aurora Energy Research\Documents\Personal\Endog_demand_AI\pyai\data\original\prices\H100\EC2_p548xlarge_us-west-1.csv
2025-04-25,0.4163708212209302,0.4070803052325581,0.4213226744186046,3757.8791158336603,9025.318116227205,4,H100,aws,H100,p548xlarge,us-west-1,1,C:\Users\FarhadBillimoria\OneDrive - Aurora Energy Research\Documents\Personal\Endog_demand_AI\pyai\data\original\prices\H100\EC2_p548xlarge_us-west-1.csv
2025-04-26,0.43233194040697676,0.426796875,0.4395912063953489,3901.9332939787478,9025.318116227205,4,H100,aws,H100,p548xlarge,us-west-1,1,C:\Users\FarhadBillimoria\OneDrive - Aurora Energy Research\Documents\Personal\Endog_demand_AI\pyai\data\original\prices\H100\EC2_p548xlarge_us-west-1.csv
2025-04-27,0.45482073643410853,0.44732921511627904,0.46119549418604655,4104.901832174558,9025.318116227205,3,H100,aws,H100,p548xlarge,us-west-1,1,C:\Users\FarhadBillimoria\OneDrive - Aurora Energy Research\Documents\Personal\Endog_demand_AI\pyai\data\original\prices\H100\EC2_p548xlarge_us-west-1.csv
2025-04-28,0.4705146257267442,0.4642732558139535,0.4750399709302326,4246.544175521447,9025.318116227205,4,H100,aws,H100,p548xlarge,us-west-1,1,C:\Users\FarhadBillimoria\OneDrive - Aurora Energy Research\Documents\Personal\Endog_demand_AI\pyai\data\original\prices\H100\EC2_p548xlarge_us-west-1.csv
2025-04-29,0.48594416182170547,0.478172238372093,0.4945585029069768,4385.800647164283,9025.318116227205,3,H100,aws,H100,p548xlarge,us-west-1,1,C:\Users\FarhadBillimoria\OneDrive - Aurora Energy Research\Documents\Personal\Endog_demand_AI\pyai\data\original\prices\H100\EC2_p548xlarge_us-west-1.csv
2025-04-30,0.5106377180232559,0.5069004360465117,0.513092296511628,4608.66784730421,9025.318116227205,4,H100,aws,H100,p548xlarge,us-west-1,1,C:\Users\FarhadBillimoria\OneDrive - Aurora Energy Research\Documents\Personal\Endog_demand_AI\pyai\data\original\prices\H100\EC2_p548xlarge_us-west-1.csv
2025-05-01,0.49040833938953493,0.48651526162790704,0.49847565406976746,4426.091269841269,9025.318116227205,4,H100,aws,H100,p548xlarge,us-west-1,1,C:\Users\FarhadBillimoria\OneDrive - Aurora Energy Research\Documents\Personal\Endog_demand_AI\pyai\data\original\prices\H100\EC2_p548xlarge_us-west-1.csv
2025-05-02,0.46896484375,0.4622311046511628,0.47677870639534886,4232.556900170535,9025.318116227205,4,H100,aws,H100,p548xlarge,us-west-1,1,C:\Users\FarhadBillimoria\OneDrive - Aurora Energy Research\Documents\Personal\Endog_demand_AI\pyai\data\original\prices\H100\EC2_p548xlarge_us-west-1.csv
2025-05-03,0.4471407158430233,0.4417060319767442,0.4513626453488372,4035.5872032008388,9025.318116227205,4,H100,aws,H100,p548xlarge,us-west-1,1,C:\Users\FarhadBillimoria\OneDrive - Aurora Energy Research\Documents\Personal\Endog_demand_AI\pyai\data\original\prices\H100\EC2_p548xlarge_us-west-1.csv
2025-05-04,0.4341188226744186,0.4298855377906977,0.4380686773255814,3918.060474878656,9025.318116227205,3,H100,aws,H100,p548xlarge,us-west-1,1,C:\Users\FarhadBillimoria\OneDrive - Aurora Energy Research\Documents\Personal\Endog_demand_AI\pyai\data\original\prices\H100\EC2_p548xlarge_us-west-1.csv
2025-05-05,0.41999672965116275,0.40550690406976747,0.4295239825581395,3790.604092876819,9025.318116227205,5,H100,aws,H100,p548xlarge,us-west-1,1,C:\Users\FarhadBillimoria\OneDrive - Aurora Energy Research\Documents\Personal\Endog_demand_AI\pyai\data\original\prices\H100\EC2_p548xlarge_us-west-1.csv
2025-05-06,0.39329623909883726,0.389545784883721,0.3972347383720931,3549.6236717827624,9025.318116227205,4,H100,aws,H100,p548xlarge,us-west-1,1,C:\Users\FarhadBillimoria\OneDrive - Aurora Energy Research\Documents\Personal\Endog_demand_AI\pyai\data\original\prices\H100\EC2_p548xlarge_us-west-1.csv
2025-05-07,0.38135174418604656,0.3739462209302326,0.3871475290697674,3441.8208054571687,9025.318116227205,4,H100,aws,H100,p548xlarge,us-west-1,1,C:\Users\FarhadBillimoria\OneDrive - Aurora Energy Research\Documents\Personal\Endog_demand_AI\pyai\data\original\prices\H100\EC2_p548xlarge_us-west-1.csv
2025-05-08,0.3652189316860465,0.35844476744186043,0.3723637354651163,3296.2170405352217,9025.318116227205,4,H100,aws,H100,p548xlarge,us-west-1,1,C:\Users\FarhadBillimoria\OneDrive - Aurora Energy Research\Documents\Personal\Endog_demand_AI\pyai\data\original\prices\H100\EC2_p548xlarge_us-west-1.csv
2025-05-09,0.34726289970930235,0.3383575581395349,0.35811228197674416,3134.1581398399576,9025.318116227205,4,H100,aws,H100,p548xlarge,us-west-1,1,C:\Users\FarhadBillimoria\OneDrive - Aurora Energy Research\Documents\Personal\Endog_demand_AI\pyai\data\original\prices\H100\EC2_p548xlarge_us-west-1.csv
2025-05-10,0.3287518168604651,0.3275363372093023,0.3310646802325582,2967.089728453364,9025.318116227205,3,H100,aws,H100,p548xlarge,us-west-1,1,C:\Users\FarhadBillimoria\OneDrive - Aurora Energy Research\Documents\Personal\Endog_demand_AI\pyai\data\original\prices\H100\EC2_p548xlarge_us-west-1.csv
2025-05-11,0.3171529796511628,0.31341569767441857,0.3201835029069768,2862.4065328610777,9025.318116227205,3,H100,aws,H100,p548xlarge,us-west-1,1,C:\Users\FarhadBillimoria\OneDrive - Aurora Energy Research\Documents\Personal\Endog_demand_AI\pyai\data\original\prices\H100\EC2_p548xlarge_us-west-1.csv
2025-05-16,0.2947438226744186,0.2947438226744186,0.2947438226744186,2660.156762429489,9025.318116227205,1,H100,aws,H100,p548xlarge,us-west-1,1,C:\Users\FarhadBillimoria\OneDrive - Aurora Energy Research\Documents\Personal\Endog_demand_AI\pyai\data\original\prices\H100\EC2_p548xlarge_us-west-1.csv
2025-05-17,0.2967405523255814,0.29634447674418607,0.2971366279069767,2678.1778827233366,9025.318116227205,2,H100,aws,H100,p548xlarge,us-west-1,1,C:\Users\FarhadBillimoria\OneDrive - Aurora Energy Research\Documents\Personal\Endog_demand_AI\pyai\data\original\prices\H100\EC2_p548xlarge_us-west-1.csv
2025-05-18,0.29450308866279074,0.29433684593023257,0.2946166424418605,2657.984061393152,9025.318116227205,4,H100,aws,H100,p548xlarge,us-west-1,1,C:\Users\FarhadBillimoria\OneDrive - Aurora Energy Research\Documents\Personal\Endog_demand_AI\pyai\data\original\prices\H100\EC2_p548xlarge_us-west-1.csv
2025-05-19,0.2945233769379845,0.29416787790697674,0.294718386627907,2658.167169530805,9025.318116227205,3,H100,aws,H100,p548xlarge,us-west-1,1,C:\Users\FarhadBillimoria\OneDrive - Aurora Energy Research\Documents\Personal\Endog_demand_AI\pyai\data\original\prices\H100\EC2_p548xlarge_us-west-1.csv
2025-05-20,0.29568949854651166,0.2943604651162791,0.2973001453488372,2668.6917880099695,9025.318116227205,4,H100,aws,H100,p548xlarge,us-west-1,1,C:\Users\FarhadBillimoria\OneDrive - Aurora Energy Research\Documents\Personal\Endog_demand_AI\pyai\data\original\prices\H100\EC2_p548xlarge_us-west-1.csv
2025-05-21,0.30477713178294574,0.301311773255814,0.3085228924418605,2750.710568892386,9025.318116227205,3,H100,aws,H100,p548xlarge,us-west-1,1,C:\Users\FarhadBillimoria\OneDrive - Aurora Energy Research\Documents\Personal\Endog_demand_AI\pyai\data\original\prices\H100\EC2_p548xlarge_us-west-1.csv
2025-05-22,0.306043332122093,0.30452943313953484,0.3076217296511628,2762.1384297520653,9025.318116227205,4,H100,aws,H100,p548xlarge,us-west-1,1,C:\Users\FarhadBillimoria\OneDrive - Aurora Energy Research\Documents\Personal\Endog_demand_AI\pyai\data\original\prices\H100\EC2_p548xlarge_us-west-1.csv
2025-05-23,0.30089662063953493,0.29819767441860473,0.3020730377906977,2715.687721369539,9025.318116227205,4,H100,aws,H100,p548xlarge,us-west-1,1,C:\Users\FarhadBillimoria\OneDrive - Aurora Energy Research\Documents\Personal\Endog_demand_AI\pyai\data\original\prices\H100\EC2_p548xlarge_us-west-1.csv
2025-05-24,0.2960065406976744,0.2958557412790698,0.2961573401162791,2671.5531942804664,9025.318116227205,2,H100,aws,H100,p548xlarge,us-west-1,1,C:\Users\FarhadBillimoria\OneDrive - Aurora Energy Research\Documents\Personal\Endog_demand_AI\pyai\data\original\prices\H100\EC2_p548xlarge_us-west-1.csv
2025-05-25,0.29342069404069765,0.29187136627906973,0.29518350290697676,2648.2151056014686,9025.318116227205,4,H100,aws,H100,p548xlarge,us-west-1,1,C:\Users\FarhadBillimoria\OneDrive - Aurora Energy Research\Documents\Personal\Endog_demand_AI\pyai\data\original\prices\H100\EC2_p548xlarge_us-west-1.csv
2025-05-26,0.289265382751938,0.2882122093023256,0.2913244912790698,2610.7120993484627,9025.318116227205,3,H100,aws,H100,p548xlarge,us-west-1,1,C:\Users\FarhadBillimoria\OneDrive - Aurora Energy Research\Documents\Personal\Endog_demand_AI\pyai\data\original\prices\H100\EC2_p548xlarge_us-west-1.csv
2025-05-27,0.28970869670542637,0.2887300145348838,0.2903415697674419,2614.7131488040577,9025.318116227205,3,H100,aws,H100,p548xlarge,us-west-1,1,C:\Users\FarhadBillimoria\OneDrive - Aurora Energy Research\Documents\Personal\Endog_demand_AI\pyai\data\original\prices\H100\EC2_p548xlarge_us-west-1.csv
2025-05-28,0.2961709665697675,0.2916678779069768,0.3023891715116279,2673.037190082644,9025.318116227205,4,H100,aws,H100,p548xlarge,us-west-1,1,C:\Users\FarhadBillimoria\OneDrive - Aurora Energy Research\Documents\Personal\Endog_demand_AI\pyai\data\original\prices\H100\EC2_p548xlarge_us-west-1.csv
2025-05-29,0.3097214147286822,0.3074255087209302,0.31229106104651166,2795.3342953342944,9025.318116227205,3,H100,aws,H100,p548xlarge,us-west-1,1,C:\Users\FarhadBillimoria\OneDrive - Aurora Energy Research\Documents\Personal\Endog_demand_AI\pyai\data\original\prices\H100\EC2_p548xlarge_us-west-1.csv
2025-05-30,0.32455668604651167,0.31510901162790694,0.3329851017441861,2929.227338318247,9025.318116227205,5,H100,aws,H100,p548xlarge,us-west-1,1,C:\Users\FarhadBillimoria\OneDrive - Aurora Energy Research\Documents\Personal\Endog_demand_AI\pyai\data\original\prices\H100\EC2_p548xlarge_us-west-1.csv
2025-05-31,0.33672828851744185,0.3332158430232558,0.3424491279069768,3039.0799226026493,9025.318116227205,4,H100,aws,H100,p548xlarge,us-west-1,1,C:\Users\FarhadBillimoria\OneDrive - Aurora Energy Research\Documents\Personal\Endog_demand_AI\pyai\data\original\prices\H100\EC2_p548xlarge_us-west-1.csv
2025-06-01,0.3528302143895349,0.3457231104651163,0.36140625000000004,3184.404925882198,9025.318116227205,4,H100,aws,H100,p548xlarge,us-west-1,1,C:\Users\FarhadBillimoria\OneDrive - Aurora Energy Research\Documents\Personal\Endog_demand_AI\pyai\data\original\prices\H100\EC2_p548xlarge_us-west-1.csv
2025-06-02,0.3815443313953488,0.3815443313953488,0.3815443313953488,3443.558966286238,9025.318116227205,1,H100,aws,H100,p548xlarge,us-west-1,1,C:\Users\FarhadBillimoria\OneDrive - Aurora Energy Research\Documents\Personal\Endog_demand_AI\pyai\data\original\prices\H100\EC2_p548xlarge_us-west-1.csv
2025-06-03,0.3953621608527132,0.39010537790697675,0.4027507267441861,3568.2692728147267,9025.318116227205,3,H100,aws,H100,p548xlarge,us-west-1,1,C:\Users\FarhadBillimoria\OneDrive - Aurora Energy Research\Documents\Personal\Endog_demand_AI\pyai\data\original\prices\H100\EC2_p548xlarge_us-west-1.csv
2025-06-04,0.4160239825581395,0.4067550872093023,0.42048328488372094,3754.7487865669673,9025.318116227205,5,H100,aws,H100,p548xlarge,us-west-1,1,C:\Users\FarhadBillimoria\OneDrive - Aurora Energy Research\Documents\Personal\Endog_demand_AI\pyai\data\original\prices\H100\EC2_p548xlarge_us-west-1.csv
2025-06-05,0.41970203488372093,0.4133866279069768,0.42861010174418607,3787.944378853469,9025.318116227205,4,H100,aws,H100,p548xlarge,us-west-1,1,C:\Users\FarhadBillimoria\OneDrive - Aurora Energy Research\Documents\Personal\Endog_demand_AI\pyai\data\original\prices\H100\EC2_p548xlarge_us-west-1.csv
2025-06-06,0.39755178052325585,0.3947892441860465,0.4034393168604652,3588.0312868949227,9025.318116227205,4,H100,aws,H100,p548xlarge,us-west-1,1,C:\Users\FarhadBillimoria\OneDrive - Aurora Energy Research\Documents\Personal\Endog_demand_AI\pyai\data\original\prices\H100\EC2_p548xlarge_us-west-1.csv
2025-06-07,0.3934302325581396,0.39231286337209303,0.39459302325581397,3550.8330053784593,9025.318116227205,3,H100,aws,H100,p548xlarge,us-west-1,1,C:\Users\FarhadBillimoria\OneDrive - Aurora Energy Research\Documents\Personal\Endog_demand_AI\pyai\data\original\prices\H100\EC2_p548xlarge_us-west-1.csv
2025-06-08,0.3867437318313953,0.38503815406976744,0.38813953488372094,3490.4852092352085,9025.318116227205,4,H100,aws,H100,p548xlarge,us-west-1,1,C:\Users\FarhadBillimoria\OneDrive - Aurora Energy Research\Documents\Personal\Endog_demand_AI\pyai\data\original\prices\H100\EC2_p548xlarge_us-west-1.csv
2025-06-09,0.3838331213662791,0.37993459302325583,0.3873619186046512,3464.216023875114,9025.318116227205,4,H100,aws,H100,p548xlarge,us-west-1,1,C:\Users\FarhadBillimoria\OneDrive - Aurora Energy Research\Documents\Personal\Endog_demand_AI\pyai\data\original\prices\H100\EC2_p548xlarge_us-west-1.csv
2025-06-10,0.3832399164244186,0.38094476744186045,0.3849491279069768,3458.8621605667054,9025.318116227205,4,H100,aws,H100,p548xlarge,us-west-1,1,C:\Users\FarhadBillimoria\OneDrive - Aurora Energy Research\Documents\Personal\Endog_demand_AI\pyai\data\original\prices\H100\EC2_p548xlarge_us-west-1.csv
2025-06-11,0.38145530523255816,0.37894985465116277,0.38418604651162797,3442.755476846385,9025.318116227205,4,H100,aws,H100,p548xlarge,us-west-1,1,C:\Users\FarhadBillimoria\OneDrive - Aurora Energy Research\Documents\Personal\Endog_demand_AI\pyai\data\original\prices\H100\EC2_p548xlarge_us-west-1.csv
2025-06-12,0.3871196705426357,0.38536518895348837,0.3890915697674419,3493.8781756963567,9025.318116227205,3,H100,aws,H100,p548xlarge,us-west-1,1,C:\Users\FarhadBillimoria\OneDrive - Aurora Energy Research\Documents\Personal\Endog_demand_AI\pyai\data\original\prices\H100\EC2_p548xlarge_us-west-1.csv
2025-06-13,0.3864104893410853,0.38564861918604654,0.3869785610465116,3487.4775897503164,9025.318116227205,3,H100,aws,H100,p548xlarge,us-west-1,1,C:\Users\FarhadBillimoria\OneDrive - Aurora Energy Research\Documents\Personal\Endog_demand_AI\pyai\data\original\prices\H100\EC2_p548xlarge_us-west-1.csv
2025-06-14,0.38794985465116283,0.38589934593023256,0.38922783430232566,3501.3708513708507,9025.318116227205,5,H100,aws,H100,p548xlarge,us-west-1,1,C:\Users\FarhadBillimoria\OneDrive - Aurora Energy Research\Documents\Personal\Endog_demand_AI\pyai\data\original\prices\H100\EC2_p548xlarge_us-west-1.csv
2025-06-15,0.3830559593023256,0.37920603197674424,0.38712754360465124,3457.20188902007,9025.318116227205,4,H100,aws,H100,p548xlarge,us-west-1,1,C:\Users\FarhadBillimoria\OneDrive - Aurora Energy Research\Documents\Personal\Endog_demand_AI\pyai\data\original\prices\H100\EC2_p548xlarge_us-west-1.csv
2025-06-16,0.37913744549418604,0.37728015988372093,0.3806904069767442,3421.836055358782,9025.318116227205,4,H100,aws,H100,p548xlarge,us-west-1,1,C:\Users\FarhadBillimoria\OneDrive - Aurora Energy Research\Documents\Personal\Endog_demand_AI\pyai\data\original\prices\H100\EC2_p548xlarge_us-west-1.csv
2025-06-17,0.3801495881782946,0.37930777616279066,0.38160065406976745,3430.9709650618734,9025.318116227205,3,H100,aws,H100,p548xlarge,us-west-1,1,C:\Users\FarhadBillimoria\OneDrive - Aurora Energy Research\Documents\Personal\Endog_demand_AI\pyai\data\original\prices\H100\EC2_p548xlarge_us-west-1.csv
2025-06-18,0.38044210271317835,0.37911700581395347,0.38175145348837214,3433.611001792819,9025.318116227205,3,H100,aws,H100,p548xlarge,us-west-1,1,C:\Users\FarhadBillimoria\OneDrive - Aurora Energy Research\Documents\Personal\Endog_demand_AI\pyai\data\original\prices\H100\EC2_p548xlarge_us-west-1.csv
2025-06-19,0.3779969113372093,0.3763353924418605,0.38019622093023253,3411.5423717696435,9025.318116227205,4,H100,aws,H100,p548xlarge,us-west-1,1,C:\Users\FarhadBillimoria\OneDrive - Aurora Energy Research\Documents\Personal\Endog_demand_AI\pyai\data\original\prices\H100\EC2_p548xlarge_us-west-1.csv
2025-06-20,0.3733639171511628,0.3695675872093024,0.37700036337209303,3369.728125409943,9025.318116227205,4,H100,aws,H100,p548xlarge,us-west-1,1,C:\Users\FarhadBillimoria\OneDrive - Aurora Energy Research\Documents\Personal\Endog_demand_AI\pyai\data\original\prices\H100\EC2_p548xlarge_us-west-1.csv
2025-06-21,0.36297904554263566,0.3603215843023256,0.3655486918604652,3276.00135554681,9025.318116227205,3,H100,aws,H100,p548xlarge,us-west-1,1,C:\Users\FarhadBillimoria\OneDrive - Aurora Energy Research\Documents\Personal\Endog_demand_AI\pyai\data\original\prices\H100\EC2_p548xlarge_us-west-1.csv
2025-06-22,0.35091606104651163,0.3433375726744186,0.3567042151162791,3167.129083038173,9025.318116227205,5,H100,aws,H100,p548xlarge,us-west-1,1,C:\Users\FarhadBillimoria\OneDrive - Aurora Energy Research\Documents\Personal\Endog_demand_AI\pyai\data\original\prices\H100\EC2_p548xlarge_us-west-1.csv
2025-06-23,0.3334302325581396,0.3278197674418605,0.34137536337209307,3009.313918404827,9025.318116227205,4,H100,aws,H100,p548xlarge,us-west-1,1,C:\Users\FarhadBillimoria\OneDrive - Aurora Energy Research\Documents\Personal\Endog_demand_AI\pyai\data\original\prices\H100\EC2_p548xlarge_us-west-1.csv
2025-06-24,0.3167229893410853,0.3134120639534884,0.3200981104651163,2858.5257335257324,9025.318116227205,3,H100,aws,H100,p548xlarge,us-west-1,1,C:\Users\FarhadBillimoria\OneDrive - Aurora Energy Research\Documents\Personal\Endog_demand_AI\pyai\data\original\prices\H100\EC2_p548xlarge_us-west-1.csv
2025-06-25,0.3131994912790698,0.31303779069767446,0.3133775436046512,2826.725042634133,9025.318116227205,3,H100,aws,H100,p548xlarge,us-west-1,1,C:\Users\FarhadBillimoria\OneDrive - Aurora Energy Research\Documents\Personal\Endog_demand_AI\pyai\data\original\prices\H100\EC2_p548xlarge_us-west-1.csv
2025-06-26,0.31274118822674424,0.31259084302325585,0.31288699127906977,2822.5887117932566,9025.318116227205,4,H100,aws,H100,p548xlarge,us-west-1,1,C:\Users\FarhadBillimoria\OneDrive - Aurora Energy Research\Documents\Personal\Endog_demand_AI\pyai\data\original\prices\H100\EC2_p548xlarge_us-west-1.csv
2025-06-27,0.3074006782945737,0.3029542151162791,0.31103379360465117,2774.3889107525465,9025.318116227205,3,H100,aws,H100,p548xlarge,us-west-1,1,C:\Users\FarhadBillimoria\OneDrive - Aurora Energy Research\Documents\Personal\Endog_demand_AI\pyai\data\original\prices\H100\EC2_p548xlarge_us-west-1.csv
2025-06-28,0.2936166424418605,0.2879651162790698,0.2991170058139535,2649.983602256329,9025.318116227205,5,H100,aws,H100,p548xlarge,us-west-1,1,C:\Users\FarhadBillimoria\OneDrive - Aurora Energy Research\Documents\Personal\Endog_demand_AI\pyai\data\original\prices\H100\EC2_p548xlarge_us-west-1.csv
2025-06-29,0.2853279433139535,0.28520348837209303,0.2855032703488372,2575.1754558572734,9025.318116227205,4,H100,aws,H100,p548xlarge,us-west-1,1,C:\Users\FarhadBillimoria\OneDrive - Aurora Energy Research\Documents\Personal\Endog_demand_AI\pyai\data\original\prices\H100\EC2_p548xlarge_us-west-1.csv
2025-06-30,0.2871647892441861,0.2854614825581395,0.2913935319767442,2591.7535747081197,9025.318116227205,4,H100,aws,H100,p548xlarge,us-west-1,1,C:\Users\FarhadBillimoria\OneDrive - Aurora Energy Research\Documents\Personal\Endog_demand_AI\pyai\data\original\prices\H100\EC2_p548xlarge_us-west-1.csv
2025-07-01,0.2941805959302326,0.29238008720930236,0.29567587209302326,2655.073461891643,9025.318116227205,3,H100,aws,H100,p548xlarge,us-west-1,1,C:\Users\FarhadBillimoria\OneDrive - Aurora Energy Research\Documents\Personal\Endog_demand_AI\pyai\data\original\prices\H100\EC2_p548xlarge_us-west-1.csv
2025-07-02,0.29774709302325586,0.2960864825581396,0.29910610465116283,2687.262232716778,9025.318116227205,4,H100,aws,H100,p548xlarge,us-west-1,1,C:\Users\FarhadBillimoria\OneDrive - Aurora Energy Research\Documents\Personal\Endog_demand_AI\pyai\data\original\prices\H100\EC2_p548xlarge_us-west-1.csv
2025-07-03,0.3029669331395349,0.3001471656976744,0.30469658430232555,2734.3729502820406,9025.318116227205,4,H100,aws,H100,p548xlarge,us-west-1,1,C:\Users\FarhadBillimoria\OneDrive - Aurora Energy Research\Documents\Personal\Endog_demand_AI\pyai\data\original\prices\H100\EC2_p548xlarge_us-west-1.csv
2025-07-04,0.30707267441860464,0.3054142441860465,0.30886264534883723,2771.428571428571,9025.318116227205,5,H100,aws,H100,p548xlarge,us-west-1,1,C:\Users\FarhadBillimoria\OneDrive - Aurora Energy Research\Documents\Personal\Endog_demand_AI\pyai\data\original\prices\H100\EC2_p548xlarge_us-west-1.csv
2025-07-05,0.3109229651162791,0.30874454941860474,0.3141642441860465,2806.1786698150327,9025.318116227205,4,H100,aws,H100,p548xlarge,us-west-1,1,C:\Users\FarhadBillimoria\OneDrive - Aurora Energy Research\Documents\Personal\Endog_demand_AI\pyai\data\original\prices\H100\EC2_p548xlarge_us-west-1.csv
2025-07-06,0.31599672965116277,0.3126707848837209,0.32094840116279066,2851.97100878919,9025.318116227205,5,H100,aws,H100,p548xlarge,us-west-1,1,C:\Users\FarhadBillimoria\OneDrive - Aurora Energy Research\Documents\Personal\Endog_demand_AI\pyai\data\original\prices\H100\EC2_p548xlarge_us-west-1.csv
2025-07-07,0.32472383720930237,0.32356649709302326,0.3254233284883721,2930.7359307359297,9025.318116227205,3,H100,aws,H100,p548xlarge,us-west-1,1,C:\Users\FarhadBillimoria\OneDrive - Aurora Energy Research\Documents\Personal\Endog_demand_AI\pyai\data\original\prices\H100\EC2_p548xlarge_us-west-1.csv
2025-07-08,0.3255261627906977,0.324311409883721,0.32733466569767444,2937.97717434081,9025.318116227205,5,H100,aws,H100,p548xlarge,us-west-1,1,C:\Users\FarhadBillimoria\OneDrive - Aurora Energy Research\Documents\Personal\Endog_demand_AI\pyai\data\original\prices\H100\EC2_p548xlarge_us-west-1.csv
2025-07-09,0.3285687681686047,0.3276435319767442,0.3300127180232559,2965.4376557785645,9025.318116227205,4,H100,aws,H100,p548xlarge,us-west-1,1,C:\Users\FarhadBillimoria\OneDrive - Aurora Energy Research\Documents\Personal\Endog_demand_AI\pyai\data\original\prices\H100\EC2_p548xlarge_us-west-1.csv
2025-07-10,0.33098246729651165,0.32742550872093024,0.33464752906976747,2987.222058244785,9025.318116227205,4,H100,aws,H100,p548xlarge,us-west-1,1,C:\Users\FarhadBillimoria\OneDrive - Aurora Energy Research\Documents\Personal\Endog_demand_AI\pyai\data\original\prices\H100\EC2_p548xlarge_us-west-1.csv
2025-07-11,0.3364437984496124,0.33501816860465117,0.3383212209302326,3036.512309239581,9025.318116227205,3,H100,aws,H100,p548xlarge,us-west-1,1,C:\Users\FarhadBillimoria\OneDrive - Aurora Energy Research\Documents\Personal\Endog_demand_AI\pyai\data\original\prices\H100\EC2_p548xlarge_us-west-1.csv
2025-07-12,0.3388385719476744,0.3381377180232558,0.3403869912790698,3058.1259018759015,9025.318116227205,4,H100,aws,H100,p548xlarge,us-west-1,1,C:\Users\FarhadBillimoria\OneDrive - Aurora Energy Research\Documents\Personal\Endog_demand_AI\pyai\data\original\prices\H100\EC2_p548xlarge_us-west-1.csv
2025-07-13,0.3436173691860465,0.3424037063953489,0.345452398255814,3101.2560671651577,9025.318116227205,3,H100,aws,H100,p548xlarge,us-west-1,1,C:\Users\FarhadBillimoria\OneDrive - Aurora Energy Research\Documents\Personal\Endog_demand_AI\pyai\data\original\prices\H100\EC2_p548xlarge_us-west-1.csv
2025-07-14,0.34880995639534884,0.3473964389534884,0.3504887354651163,3148.1208185753635,9025.318116227205,3,H100,aws,H100,p548xlarge,us-west-1,1,C:\Users\FarhadBillimoria\OneDrive - Aurora Energy Research\Documents\Personal\Endog_demand_AI\pyai\data\original\prices\H100\EC2_p548xlarge_us-west-1.csv
2025-07-15,0.34689589389534886,0.3452434593023256,0.34944404069767443,3130.845795618522,9025.318116227205,4,H100,aws,H100,p548xlarge,us-west-1,1,C:\Users\FarhadBillimoria\OneDrive - Aurora Energy Research\Documents\Personal\Endog_demand_AI\pyai\data\original\prices\H100\EC2_p548xlarge_us-west-1.csv
2025-07-16,0.3452307412790698,0.34316860465116283,0.34711119186046513,3115.8172635445358,9025.318116227205,4,H100,aws,H100,p548xlarge,us-west-1,1,C:\Users\FarhadBillimoria\OneDrive - Aurora Energy Research\Documents\Personal\Endog_demand_AI\pyai\data\original\prices\H100\EC2_p548xlarge_us-west-1.csv
2025-07-17,0.34728015988372096,0.34570312500000006,0.34970566860465124,3134.313918404827,9025.318116227205,4,H100,aws,H100,p548xlarge,us-west-1,1,C:\Users\FarhadBillimoria\OneDrive - Aurora Energy Research\Documents\Personal\Endog_demand_AI\pyai\data\original\prices\H100\EC2_p548xlarge_us-west-1.csv
2025-07-18,0.3531064680232558,0.3510101744186047,0.3548255813953488,3186.898202807293,9025.318116227205,5,H100,aws,H100,p548xlarge,us-west-1,1,C:\Users\FarhadBillimoria\OneDrive - Aurora Energy Research\Documents\Personal\Endog_demand_AI\pyai\data\original\prices\H100\EC2_p548xlarge_us-west-1.csv
2025-07-19,0.3549895530523256,0.35300145348837214,0.35713662790697676,3203.8936442345525,9025.318116227205,4,H100,aws,H100,p548xlarge,us-west-1,1,C:\Users\FarhadBillimoria\OneDrive - Aurora Energy Research\Documents\Personal\Endog_demand_AI\pyai\data\original\prices\H100\EC2_p548xlarge_us-west-1.csv
2025-07-20,0.35824612403100775,0.35626453488372095,0.359671148255814,3233.2852332852326,9025.318116227205,3,H100,aws,H100,p548xlarge,us-west-1,1,C:\Users\FarhadBillimoria\OneDrive - Aurora Energy Research\Documents\Personal\Endog_demand_AI\pyai\data\original\prices\H100\EC2_p548xlarge_us-west-1.csv
2025-07-21,0.3535090843023256,0.350172601744186,0.3571947674418605,3190.5319428046696,9025.318116227205,5,H100,aws,H100,p548xlarge,us-west-1,1,C:\Users\FarhadBillimoria\OneDrive - Aurora Energy Research\Documents\Personal\Endog_demand_AI\pyai\data\original\prices\H100\EC2_p548xlarge_us-west-1.csv
2025-07-22,0.3531640625,0.35093023255813954,0.35427688953488373,3187.418011281647,9025.318116227205,4,H100,aws,H100,p548xlarge,us-west-1,1,C:\Users\FarhadBillimoria\OneDrive - Aurora Energy Research\Documents\Personal\Endog_demand_AI\pyai\data\original\prices\H100\EC2_p548xlarge_us-west-1.csv
2025-07-23,0.3559381056201551,0.35459120639534886,0.3567514534883721,3212.4546329091777,9025.318116227205,3,H100,aws,H100,p548xlarge,us-west-1,1,C:\Users\FarhadBillimoria\OneDrive - Aurora Energy Research\Documents\Personal\Endog_demand_AI\pyai\data\original\prices\H100\EC2_p548xlarge_us-west-1.csv
2025-07-24,0.3590888444767442,0.35735828488372096,0.3615915697674419,3240.891053391053,9025.318116227205,4,H100,aws,H100,p548xlarge,us-west-1,1,C:\Users\FarhadBillimoria\OneDrive - Aurora Energy Research\Documents\Personal\Endog_demand_AI\pyai\data\original\prices\H100\EC2_p548xlarge_us-west-1.csv
2025-07-25,0.36081304505813955,0.3586609738372093,0.36352470930232567,3256.4525121343295,9025.318116227205,4,H100,aws,H100,p548xlarge,us-west-1,1,C:\Users\FarhadBillimoria\OneDrive - Aurora Energy Research\Documents\Personal\Endog_demand_AI\pyai\data\original\prices\H100\EC2_p548xlarge_us-west-1.csv
2025-07-26,0.3602520893895349,0.358108648255814,0.3633321220930233,3251.389708776072,9025.318116227205,4,H100,aws,H100,p548xlarge,us-west-1,1,C:\Users\FarhadBillimoria\OneDrive - Aurora Energy Research\Documents\Personal\Endog_demand_AI\pyai\data\original\prices\H100\EC2_p548xlarge_us-west-1.csv
2025-07-27,0.36146484375,0.3587518168604651,0.36559956395348836,3262.3352026761113,9025.318116227205,4,H100,aws,H100,p548xlarge,us-west-1,1,C:\Users\FarhadBillimoria\OneDrive - Aurora Energy Research\Documents\Personal\Endog_demand_AI\pyai\data\original\prices\H100\EC2_p548xlarge_us-west-1.csv
2025-07-28,0.359676144622093,0.3585810319767442,0.36046329941860467,3246.1916240325327,9025.318116227205,4,H100,aws,H100,p548xlarge,us-west-1,1,C:\Users\FarhadBillimoria\OneDrive - Aurora Energy Research\Documents\Personal\Endog_demand_AI\pyai\data\original\prices\H100\EC2_p548xlarge_us-west-1.csv
2025-07-29,0.36097565406976745,0.3587845203488372,0.36236010174418604,3257.9201101928365,9025.318116227205,4,H100,aws,H100,p548xlarge,us-west-1,1,C:\Users\FarhadBillimoria\OneDrive - Aurora Energy Research\Documents\Personal\Endog_demand_AI\pyai\data\original\prices\H100\EC2_p548xlarge_us-west-1.csv
2025-07-30,0.36575508720930233,0.36474200581395344,0.3669422238372093,3301.056014692377,9025.318116227205,5,H100,aws,H100,p548xlarge,us-west-1,1,C:\Users\FarhadBillimoria\OneDrive - Aurora Energy Research\Documents\Personal\Endog_demand_AI\pyai\data\original\prices\H100\EC2_p548xlarge_us-west-1.csv
2025-07-31,0.3693868095930233,0.3678161337209302,0.37126816860465117,3333.833464515282,9025.318116227205,4,H100,aws,H100,p548xlarge,us-west-1,1,C:\Users\FarhadBillimoria\OneDrive - Aurora Energy Research\Documents\Personal\Endog_demand_AI\pyai\data\original\prices\H100\EC2_p548xlarge_us-west-1.csv
2025-08-01,0.36580062984496126,0.36507994186046516,0.36673873546511637,3301.467051467051,9025.318116227205,3,H100,aws,H100,p548xlarge,us-west-1,1,C:\Users\FarhadBillimoria\OneDrive - Aurora Energy Research\Documents\Personal\Endog_demand_AI\pyai\data\original\prices\H100\EC2_p548xlarge_us-west-1.csv
2025-08-02,0.3716213662790698,0.369391351744186,0.3748546511627907,3354.0010494555945,9025.318116227205,5,H100,aws,H100,p548xlarge,us-west-1,1,C:\Users\FarhadBillimoria\OneDrive - Aurora Energy Research\Documents\Personal\Endog_demand_AI\pyai\data\original\prices\H100\EC2_p548xlarge_us-west-1.csv
2025-08-03,0.37015867248062023,0.36915152616279073,0.37092296511627915,3340.799772617954,9025.318116227205,3,H100,aws,H100,p548xlarge,us-west-1,1,C:\Users\FarhadBillimoria\OneDrive - Aurora Energy Research\Documents\Personal\Endog_demand_AI\pyai\data\original\prices\H100\EC2_p548xlarge_us-west-1.csv
2025-08-04,0.37051053779069765,0.3679396802325582,0.37292877906976746,3343.975468975468,9025.318116227205,3,H100,aws,H100,p548xlarge,us-west-1,1,C:\Users\FarhadBillimoria\OneDrive - Aurora Energy Research\Documents\Personal\Endog_demand_AI\pyai\data\original\prices\H100\EC2_p548xlarge_us-west-1.csv
2025-08-05,0.3751353561046512,0.3740697674418605,0.3763372093023256,3385.715925488652,9025.318116227205,4,H100,aws,H100,p548xlarge,us-west-1,1,C:\Users\FarhadBillimoria\OneDrive - Aurora Energy Research\Documents\Personal\Endog_demand_AI\pyai\data\original\prices\H100\EC2_p548xlarge_us-west-1.csv
2025-08-06,0.372374636627907,0.371796875,0.3728125,3360.7995539813714,9025.318116227205,3,H100,aws,H100,p548xlarge,us-west-1,1,C:\Users\FarhadBillimoria\OneDrive - Aurora Energy Research\Documents\Personal\Endog_demand_AI\pyai\data\original\prices\H100\EC2_p548xlarge_us-west-1.csv
2025-08-07,0.3712687742248062,0.37059593023255816,0.3724909156976744,3350.8187940006114,9025.318116227205,3,H100,aws,H100,p548xlarge,us-west-1,1,C:\Users\FarhadBillimoria\OneDrive - Aurora Energy Research\Documents\Personal\Endog_demand_AI\pyai\data\original\prices\H100\EC2_p548xlarge_us-west-1.csv
2025-08-08,0.37146802325581396,0.3698510174418605,0.3728579215116279,3352.6170798898065,9025.318116227205,4,H100,aws,H100,p548xlarge,us-west-1,1,C:\Users\FarhadBillimoria\OneDrive - Aurora Energy Research\Documents\Personal\Endog_demand_AI\pyai\data\original\prices\H100\EC2_p548xlarge_us-west-1.csv
2025-08-09,0.36978306686046514,0.36886446220930236,0.37067042151162793,3337.409812409812,9025.318116227205,5,H100,aws,H100,p548xlarge,us-west-1,1,C:\Users\FarhadBillimoria\OneDrive - Aurora Energy Research\Documents\Personal\Endog_demand_AI\pyai\data\original\prices\H100\EC2_p548xlarge_us-west-1.csv
2025-08-10,0.3696917393410853,0.3671965843023256,0.3711936773255814,3336.5855524946423,9025.318116227205,3,H100,aws,H100,p548xlarge,us-west-1,1,C:\Users\FarhadBillimoria\OneDrive - Aurora Energy Research\Documents\Personal\Endog_demand_AI\pyai\data\original\prices\H100\EC2_p548xlarge_us-west-1.csv
2025-08-11,0.35493686409883723,0.34770712209302324,0.359671148255814,3203.418109668109,9025.318116227205,4,H100,aws,H100,p548xlarge,us-west-1,1,C:\Users\FarhadBillimoria\OneDrive - Aurora Energy Research\Documents\Personal\Endog_demand_AI\pyai\data\original\prices\H100\EC2_p548xlarge_us-west-1.csv
2025-08-12,0.34668740915697677,0.3451380813953489,0.3499091569767442,3128.9641545323357,9025.318116227205,4,H100,aws,H100,p548xlarge,us-west-1,1,C:\Users\FarhadBillimoria\OneDrive - Aurora Energy Research\Documents\Personal\Endog_demand_AI\pyai\data\original\prices\H100\EC2_p548xlarge_us-west-1.csv
2025-08-13,0.34810910247093024,0.34773255813953485,0.3488008720930233,3141.795388954479,9025.318116227205,4,H100,aws,H100,p548xlarge,us-west-1,1,C:\Users\FarhadBillimoria\OneDrive - Aurora Energy Research\Documents\Personal\Endog_demand_AI\pyai\data\original\prices\H100\EC2_p548xlarge_us-west-1.csv
2025-08-14,0.34942514534883723,0.3481377180232558,0.3517042151162791,3153.6730945821846,9025.318116227205,5,H100,aws,H100,p548xlarge,us-west-1,1,C:\Users\FarhadBillimoria\OneDrive - Aurora Energy Research\Documents\Personal\Endog_demand_AI\pyai\data\original\prices\H100\EC2_p548xlarge_us-west-1.csv
2025-08-15,0.35077579941860465,0.34959302325581393,0.3521166424418605,3165.8631772268127,9025.318116227205,3,H100,aws,H100,p548xlarge,us-west-1,1,C:\Users\FarhadBillimoria\OneDrive - Aurora Energy Research\Documents\Personal\Endog_demand_AI\pyai\data\original\prices\H100\EC2_p548xlarge_us-west-1.csv
2025-08-16,0.3558130450581396,0.3524273255813954,0.35922420058139537,3211.3259215531934,9025.318116227205,4,H100,aws,H100,p548xlarge,us-west-1,1,C:\Users\FarhadBillimoria\OneDrive - Aurora Energy Research\Documents\Personal\Endog_demand_AI\pyai\data\original\prices\H100\EC2_p548xlarge_us-west-1.csv
2025-08-17,0.3618413880813954,0.3590806686046512,0.3641079215116279,3265.7336350518162,9025.318116227205,4,H100,aws,H100,p548xlarge,us-west-1,1,C:\Users\FarhadBillimoria\OneDrive - Aurora Energy Research\Documents\Personal\Endog_demand_AI\pyai\data\original\prices\H100\EC2_p548xlarge_us-west-1.csv
2025-08-18,0.3653588299418605,0.36322856104651163,0.3668513808139535,3297.479666797848,9025.318116227205,4,H100,aws,H100,p548xlarge,us-west-1,1,C:\Users\FarhadBillimoria\OneDrive - Aurora Energy Research\Documents\Personal\Endog_demand_AI\pyai\data\original\prices\H100\EC2_p548xlarge_us-west-1.csv
2025-08-19,0.36081213662790695,0.3564789244186047,0.3637718023255814,3256.4443132624947,9025.318116227205,3,H100,aws,H100,p548xlarge,us-west-1,1,C:\Users\FarhadBillimoria\OneDrive - Aurora Energy Research\Documents\Personal\Endog_demand_AI\pyai\data\original\prices\H100\EC2_p548xlarge_us-west-1.csv
2025-08-20,0.35595930232558143,0.35477470930232563,0.3579087936046512,3212.6459399186665,9025.318116227205,4,H100,aws,H100,p548xlarge,us-west-1,1,C:\Users\FarhadBillimoria\OneDrive - Aurora Energy Research\Documents\Personal\Endog_demand_AI\pyai\data\original\prices\H100\EC2_p548xlarge_us-west-1.csv
2025-08-21,0.35579305959302326,0.3546329941860465,0.35840661337209306,3211.1455463728184,9025.318116227205,4,H100,aws,H100,p548xlarge,us-west-1,1,C:\Users\FarhadBillimoria\OneDrive - Aurora Energy Research\Documents\Personal\Endog_demand_AI\pyai\data\original\prices\H100\EC2_p548xlarge_us-west-1.csv
2025-08-22,0.35807049418604653,0.3558539244186047,0.3599854651162791,3231.7001180637535,9025.318116227205,5,H100,aws,H100,p548xlarge,us-west-1,1,C:\Users\FarhadBillimoria\OneDrive - Aurora Energy Research\Documents\Personal\Endog_demand_AI\pyai\data\original\prices\H100\EC2_p548xlarge_us-west-1.csv
2025-08-23,0.36022483648255815,0.35955305232558143,0.3615207122093023,3251.143742621015,9025.318116227205,4,H100,aws,H100,p548xlarge,us-west-1,1,C:\Users\FarhadBillimoria\OneDrive - Aurora Energy Research\Documents\Personal\Endog_demand_AI\pyai\data\original\prices\H100\EC2_p548xlarge_us-west-1.csv
2025-08-24,0.36182321947674423,0.36067042151162787,0.3636991279069768,3265.5696576151113,9025.318116227205,4,H100,aws,H100,p548xlarge,us-west-1,1,C:\Users\FarhadBillimoria\OneDrive - Aurora Energy Research\Documents\Personal\Endog_demand_AI\pyai\data\original\prices\H100\EC2_p548xlarge_us-west-1.csv
2025-08-25,0.3595089934593023,0.3574618459302326,0.3623255813953488,3244.683031614849,9025.318116227205,4,H100,aws,H100,p548xlarge,us-west-1,1,C:\Users\FarhadBillimoria\OneDrive - Aurora Energy Research\Documents\Personal\Endog_demand_AI\pyai\data\original\prices\H100\EC2_p548xlarge_us-west-1.csv
2025-08-26,0.3595760658914729,0.3582739825581396,0.36146802325581395,3245.2883816520175,9025.318116227205,3,H100,aws,H100,p548xlarge,us-west-1,1,C:\Users\FarhadBillimoria\OneDrive - Aurora Energy Research\Documents\Personal\Endog_demand_AI\pyai\data\original\prices\H100\EC2_p548xlarge_us-west-1.csv
2025-08-27,0.36209484011627907,0.3592914244186047,0.36432231104651164,3268.021120293847,9025.318116227205,5,H100,aws,H100,p548xlarge,us-west-1,1,C:\Users\FarhadBillimoria\OneDrive - Aurora Energy Research\Documents\Personal\Endog_demand_AI\pyai\data\original\prices\H100\EC2_p548xlarge_us-west-1.csv
2025-08-28,0.36322674418604656,0.36096293604651164,0.36502543604651166,3278.236914600551,9025.318116227205,3,H100,aws,H100,p548xlarge,us-west-1,1,C:\Users\FarhadBillimoria\OneDrive - Aurora Energy Research\Documents\Personal\Endog_demand_AI\pyai\data\original\prices\H100\EC2_p548xlarge_us-west-1.csv
2025-08-29,0.36772847020348837,0.3659647529069768,0.3700508720930233,3318.8664239800596,9025.318116227205,4,H100,aws,H100,p548xlarge,us-west-1,1,C:\Users\FarhadBillimoria\OneDrive - Aurora Energy Research\Documents\Personal\Endog_demand_AI\pyai\data\original\prices\H100\EC2_p548xlarge_us-west-1.csv
2025-08-30,0.36531113735465115,0.364765625,0.36584484011627905,3297.0492260264978,9025.318116227205,4,H100,aws,H100,p548xlarge,us-west-1,1,C:\Users\FarhadBillimoria\OneDrive - Aurora Energy Research\Documents\Personal\Endog_demand_AI\pyai\data\original\prices\H100\EC2_p548xlarge_us-west-1.csv
2025-08-31,0.3678918362403101,0.36678960755813955,0.3693332122093023,3320.3408544317626,9025.318116227205,3,H100,aws,H100,p548xlarge,us-west-1,1,C:\Users\FarhadBillimoria\OneDrive - Aurora Energy Research\Documents\Personal\Endog_demand_AI\pyai\data\original\prices\H100\EC2_p548xlarge_us-west-1.csv
2025-09-01,0.3674336845930233,0.3667532703488372,0.36804324127906984,3316.2058900695256,9025.318116227205,4,H100,aws,H100,p548xlarge,us-west-1,1,C:\Users\FarhadBillimoria\OneDrive - Aurora Energy Research\Documents\Personal\Endog_demand_AI\pyai\data\original\prices\H100\EC2_p548xlarge_us-west-1.csv
2025-09-02,0.3673051417151163,0.3657630813953488,0.3688844476744186,3315.04574970484,9025.318116227205,4,H100,aws,H100,p548xlarge,us-west-1,1,C:\Users\FarhadBillimoria\OneDrive - Aurora Energy Research\Documents\Personal\Endog_demand_AI\pyai\data\original\prices\H100\EC2_p548xlarge_us-west-1.csv
2025-09-03,0.3671920421511628,0.36604469476744184,0.36911337209302325,3314.024990161353,9025.318116227205,4,H100,aws,H100,p548xlarge,us-west-1,1,C:\Users\FarhadBillimoria\OneDrive - Aurora Energy Research\Documents\Personal\Endog_demand_AI\pyai\data\original\prices\H100\EC2_p548xlarge_us-west-1.csv
2025-09-04,0.37125363372093023,0.370594113372093,0.3723055959302326,3350.682146136691,9025.318116227205,3,H100,aws,H100,p548xlarge,us-west-1,1,C:\Users\FarhadBillimoria\OneDrive - Aurora Energy Research\Documents\Personal\Endog_demand_AI\pyai\data\original\prices\H100\EC2_p548xlarge_us-west-1.csv
2025-09-05,0.3696566133720931,0.3668731831395349,0.3720603197674419,3336.2685294503467,9025.318116227205,3,H100,aws,H100,p548xlarge,us-west-1,1,C:\Users\FarhadBillimoria\OneDrive - Aurora Energy Research\Documents\Personal\Endog_demand_AI\pyai\data\original\prices\H100\EC2_p548xlarge_us-west-1.csv
2025-09-06,0.36656340843023255,0.3643077761627907,0.36799236918604655,3308.35137085137,9025.318116227205,4,H100,aws,H100,p548xlarge,us-west-1,1,C:\Users\FarhadBillimoria\OneDrive - Aurora Energy Research\Documents\Personal\Endog_demand_AI\pyai\data\original\prices\H100\EC2_p548xlarge_us-west-1.csv
2025-09-07,0.36752043968023257,0.3652906976744186,0.3699164244186047,3316.9888823297906,9025.318116227205,4,H100,aws,H100,p548xlarge,us-west-1,1,C:\Users\FarhadBillimoria\OneDrive - Aurora Energy Research\Documents\Personal\Endog_demand_AI\pyai\data\original\prices\H100\EC2_p548xlarge_us-west-1.csv
2025-09-08,0.36654905523255815,0.3651471656976744,0.3683521075581395,3308.221828676373,9025.318116227205,5,H100,aws,H100,p548xlarge,us-west-1,1,C:\Users\FarhadBillimoria\OneDrive - Aurora Energy Research\Documents\Personal\Endog_demand_AI\pyai\data\original\prices\H100\EC2_p548xlarge_us-west-1.csv
2025-09-09,0.36113417514534885,0.35893531976744186,0.3621257267441861,3259.3508133280857,9025.318116227205,4,H100,aws,H100,p548xlarge,us-west-1,1,C:\Users\FarhadBillimoria\OneDrive - Aurora Energy Research\Documents\Personal\Endog_demand_AI\pyai\data\original\prices\H100\EC2_p548xlarge_us-west-1.csv
2025-09-10,0.3617473655523256,0.36007267441860463,0.36285973837209307,3264.8850518168692,9025.318116227205,4,H100,aws,H100,p548xlarge,us-west-1,1,C:\Users\FarhadBillimoria\OneDrive - Aurora Energy Research\Documents\Personal\Endog_demand_AI\pyai\data\original\prices\H100\EC2_p548xlarge_us-west-1.csv
2025-09-11,0.35804097020348835,0.35435138081395345,0.36185864825581393,3231.4336547291086,9025.318116227205,4,H100,aws,H100,p548xlarge,us-west-1,1,C:\Users\FarhadBillimoria\OneDrive - Aurora Energy Research\Documents\Personal\Endog_demand_AI\pyai\data\original\prices\H100\EC2_p548xlarge_us-west-1.csv
2025-09-12,0.35101925872093026,0.34648982558139535,0.35380632267441864,3168.0604748786564,9025.318116227205,4,H100,aws,H100,p548xlarge,us-west-1,1,C:\Users\FarhadBillimoria\OneDrive - Aurora Energy Research\Documents\Personal\Endog_demand_AI\pyai\data\original\prices\H100\EC2_p548xlarge_us-west-1.csv
2025-09-13,0.3375377906976745,0.332062136627907,0.34703125,3046.3859372950274,9025.318116227205,5,H100,aws,H100,p548xlarge,us-west-1,1,C:\Users\FarhadBillimoria\OneDrive - Aurora Energy Research\Documents\Personal\Endog_demand_AI\pyai\data\original\prices\H100\EC2_p548xlarge_us-west-1.csv
2025-09-14,0.32836361434108524,0.3246348110465116,0.3318386627906977,2963.58607722244,9025.318116227205,3,H100,aws,H100,p548xlarge,us-west-1,1,C:\Users\FarhadBillimoria\OneDrive - Aurora Energy Research\Documents\Personal\Endog_demand_AI\pyai\data\original\prices\H100\EC2_p548xlarge_us-west-1.csv
2025-09-15,0.3194740188953489,0.31764898255813956,0.3214771075581396,2883.354650400104,9025.318116227205,4,H100,aws,H100,p548xlarge,us-west-1,1,C:\Users\FarhadBillimoria\OneDrive - Aurora Energy Research\Documents\Personal\Endog_demand_AI\pyai\data\original\prices\H100\EC2_p548xlarge_us-west-1.csv
2025-09-16,0.31873364825581396,0.31804869186046514,0.31938953488372096,2876.6725698543873,9025.318116227205,3,H100,aws,H100,p548xlarge,us-west-1,1,C:\Users\FarhadBillimoria\OneDrive - Aurora Energy Research\Documents\Personal\Endog_demand_AI\pyai\data\original\prices\H100\EC2_p548xlarge_us-west-1.csv
2025-09-17,0.3222197492732558,0.31957485465116287,0.324469476744186,2908.1357405221033,9025.318116227205,4,H100,aws,H100,p548xlarge,us-west-1,1,C:\Users\FarhadBillimoria\OneDrive - Aurora Energy Research\Documents\Personal\Endog_demand_AI\pyai\data\original\prices\H100\EC2_p548xlarge_us-west-1.csv
2025-09-18,0.3241999757751938,0.3239244186046512,0.3244022529069767,2926.007914644278,9025.318116227205,3,H100,aws,H100,p548xlarge,us-west-1,1,C:\Users\FarhadBillimoria\OneDrive - Aurora Energy Research\Documents\Personal\Endog_demand_AI\pyai\data\original\prices\H100\EC2_p548xlarge_us-west-1.csv
2025-09-19,0.3249109738372093,0.32424963662790696,0.3261337209302326,2932.424898333988,9025.318116227205,3,H100,aws,H100,p548xlarge,us-west-1,1,C:\Users\FarhadBillimoria\OneDrive - Aurora Energy Research\Documents\Personal\Endog_demand_AI\pyai\data\original\prices\H100\EC2_p548xlarge_us-west-1.csv
2025-09-20,0.32668332122093025,0.32413699127906975,0.3293059593023256,2948.420897284533,9025.318116227205,4,H100,aws,H100,p548xlarge,us-west-1,1,C:\Users\FarhadBillimoria\OneDrive - Aurora Energy Research\Documents\Personal\Endog_demand_AI\pyai\data\original\prices\H100\EC2_p548xlarge_us-west-1.csv
2025-09-21,0.32068980135658914,0.3185301598837209,0.32426962209302324,2894.3274738729283,9025.318116227205,3,H100,aws,H100,p548xlarge,us-west-1,1,C:\Users\FarhadBillimoria\OneDrive - Aurora Energy Research\Documents\Personal\Endog_demand_AI\pyai\data\original\prices\H100\EC2_p548xlarge_us-west-1.csv
2025-09-22,0.3177420966569768,0.3171620639534884,0.31825036337209306,2867.723501246228,9025.318116227205,4,H100,aws,H100,p548xlarge,us-west-1,1,C:\Users\FarhadBillimoria\OneDrive - Aurora Energy Research\Documents\Personal\Endog_demand_AI\pyai\data\original\prices\H100\EC2_p548xlarge_us-west-1.csv
2025-09-23,0.31653615552325587,0.31636082848837216,0.31680595930232563,2856.839498884953,9025.318116227205,4,H100,aws,H100,p548xlarge,us-west-1,1,C:\Users\FarhadBillimoria\OneDrive - Aurora Energy Research\Documents\Personal\Endog_demand_AI\pyai\data\original\prices\H100\EC2_p548xlarge_us-west-1.csv
2025-09-24,0.31656007751937987,0.3165479651162791,0.3165734011627907,2857.0554025099477,9025.318116227205,3,H100,aws,H100,p548xlarge,us-west-1,1,C:\Users\FarhadBillimoria\OneDrive - Aurora Energy Research\Documents\Personal\Endog_demand_AI\pyai\data\original\prices\H100\EC2_p548xlarge_us-west-1.csv
2025-09-25,0.31640534156976746,0.3163390261627907,0.3164861918604651,2855.658861340679,9025.318116227205,4,H100,aws,H100,p548xlarge,us-west-1,1,C:\Users\FarhadBillimoria\OneDrive - Aurora Energy Research\Documents\Personal\Endog_demand_AI\pyai\data\original\prices\H100\EC2_p548xlarge_us-west-1.csv
2025-09-26,0.31625863008720934,0.31619367732558146,0.3163154069767442,2854.3347435392884,9025.318116227205,4,H100,aws,H100,p548xlarge,us-west-1,1,C:\Users\FarhadBillimoria\OneDrive - Aurora Energy Research\Documents\Personal\Endog_demand_AI\pyai\data\original\prices\H100\EC2_p548xlarge_us-west-1.csv
2025-09-27,0.3159944282945737,0.31587027616279073,0.3161191860465117,2851.950238313874,9025.318116227205,3,H100,aws,H100,p548xlarge,us-west-1,1,C:\Users\FarhadBillimoria\OneDrive - Aurora Energy Research\Documents\Personal\Endog_demand_AI\pyai\data\original\prices\H100\EC2_p548xlarge_us-west-1.csv
2025-09-28,0.3152166606104651,0.3148346656976744,0.3156140988372093,2844.9306375442734,9025.318116227205,4,H100,aws,H100,p548xlarge,us-west-1,1,C:\Users\FarhadBillimoria\OneDrive - Aurora Energy Research\Documents\Personal\Endog_demand_AI\pyai\data\original\prices\H100\EC2_p548xlarge_us-west-1.csv
2025-09-29,0.3141983103197674,0.31380087209302326,0.31458938953488375,2835.7397022169744,9025.318116227205,4,H100,aws,H100,p548xlarge,us-west-1,1,C:\Users\FarhadBillimoria\OneDrive - Aurora Energy Research\Documents\Personal\Endog_demand_AI\pyai\data\original\prices\H100\EC2_p548xlarge_us-west-1.csv
2025-09-30,0.3131222747093023,0.3128343023255814,0.31353197674418604,2826.028138528138,9025.318116227205,4,H100,aws,H100,p548xlarge,us-west-1,1,C:\Users\FarhadBillimoria\OneDrive - Aurora Energy Research\Documents\Personal\Endog_demand_AI\pyai\data\original\prices\H100\EC2_p548xlarge_us-west-1.csv
2025-10-01,0.3126426235465116,0.31256359011627904,0.3127670784883721,2821.6991341991334,9025.318116227205,4,H100,aws,H100,p548xlarge,us-west-1,1,C:\Users\FarhadBillimoria\OneDrive - Aurora Energy Research\Documents\Personal\Endog_demand_AI\pyai\data\original\prices\H100\EC2_p548xlarge_us-west-1.csv
2025-10-02,0.31254224200581393,0.31192587209302325,0.3128125,2820.79315886134,9025.318116227205,4,H100,aws,H100,p548xlarge,us-west-1,1,C:\Users\FarhadBillimoria\OneDrive - Aurora Energy Research\Documents\Personal\Endog_demand_AI\pyai\data\original\prices\H100\EC2_p548xlarge_us-west-1.csv
2025-10-03,0.3125672238372093,0.312514534883721,0.3126526162790698,2821.018627836809,9025.318116227205,3,H100,aws,H100,p548xlarge,us-west-1,1,C:\Users\FarhadBillimoria\OneDrive - Aurora Energy Research\Documents\Personal\Endog_demand_AI\pyai\data\original\prices\H100\EC2_p548xlarge_us-west-1.csv
2025-10-04,0.31141775678294575,0.3106976744186047,0.31251816860465115,2810.6443220079577,9025.318116227205,3,H100,aws,H100,p548xlarge,us-west-1,1,C:\Users\FarhadBillimoria\OneDrive - Aurora Energy Research\Documents\Personal\Endog_demand_AI\pyai\data\original\prices\H100\EC2_p548xlarge_us-west-1.csv
2025-10-05,0.31045360949612405,0.3103888081395349,0.31049418604651163,2801.9425860334945,9025.318116227205,3,H100,aws,H100,p548xlarge,us-west-1,1,C:\Users\FarhadBillimoria\OneDrive - Aurora Energy Research\Documents\Personal\Endog_demand_AI\pyai\data\original\prices\H100\EC2_p548xlarge_us-west-1.csv
2025-10-06,0.3070017260174419,0.30378270348837205,0.30990734011627913,2770.788239538239,9025.318116227205,4,H100,aws,H100,p548xlarge,us-west-1,1,C:\Users\FarhadBillimoria\OneDrive - Aurora Energy Research\Documents\Personal\Endog_demand_AI\pyai\data\original\prices\H100\EC2_p548xlarge_us-west-1.csv
2025-10-07,0.3072762233527132,0.30135537790697675,0.309562136627907,2773.2656653111194,9025.318116227205,6,H100,aws,H100,p548xlarge,us-west-1,1,C:\Users\FarhadBillimoria\OneDrive - Aurora Energy Research\Documents\Personal\Endog_demand_AI\pyai\data\original\prices\H100\EC2_p548xlarge_us-west-1.csv
2025-10-08,0.3112413699127907,0.30933139534883725,0.3129905523255814,2809.0523743932827,9025.318116227205,4,H100,aws,H100,p548xlarge,us-west-1,1,C:\Users\FarhadBillimoria\OneDrive - Aurora Energy Research\Documents\Personal\Endog_demand_AI\pyai\data\original\prices\H100\EC2_p548xlarge_us-west-1.csv
2025-10-09,0.3122062742248062,0.3113935319767442,0.31269985465116273,2817.7609427609423,9025.318116227205,3,H100,aws,H100,p548xlarge,us-west-1,1,C:\Users\FarhadBillimoria\OneDrive - Aurora Energy Research\Documents\Personal\Endog_demand_AI\pyai\data\original\prices\H100\EC2_p548xlarge_us-west-1.csv
2025-10-10,0.3115888444767442,0.31015261627906976,0.31253088662790696,2812.18844287026,9025.318116227205,4,H100,aws,H100,p548xlarge,us-west-1,1,C:\Users\FarhadBillimoria\OneDrive - Aurora Energy Research\Documents\Personal\Endog_demand_AI\pyai\data\original\prices\H100\EC2_p548xlarge_us-west-1.csv
2025-10-11,0.308440679505814,0.30637536337209303,0.30919694767441863,2783.775252525252,9025.318116227205,4,H100,aws,H100,p548xlarge,us-west-1,1,C:\Users\FarhadBillimoria\OneDrive - Aurora Energy Research\Documents\Personal\Endog_demand_AI\pyai\data\original\prices\H100\EC2_p548xlarge_us-west-1.csv
2025-10-12,0.2990833938953489,0.29766170058139535,0.30134629360465115,2699.322773186409,9025.318116227205,4,H100,aws,H100,p548xlarge,us-west-1,1,C:\Users\FarhadBillimoria\OneDrive - Aurora Energy Research\Documents\Personal\Endog_demand_AI\pyai\data\original\prices\H100\EC2_p548xlarge_us-west-1.csv
2025-10-13,0.31076353561046516,0.30642805232558146,0.31456940406976747,2804.739767807949,9025.318116227205,4,H100,aws,H100,p548xlarge,us-west-1,1,C:\Users\FarhadBillimoria\OneDrive - Aurora Energy Research\Documents\Personal\Endog_demand_AI\pyai\data\original\prices\H100\EC2_p548xlarge_us-west-1.csv
2025-10-14,0.3207303779069768,0.31862463662790697,0.3222638081395349,2894.693690148235,9025.318116227205,3,H100,aws,H100,p548xlarge,us-west-1,1,C:\Users\FarhadBillimoria\OneDrive - Aurora Energy Research\Documents\Personal\Endog_demand_AI\pyai\data\original\prices\H100\EC2_p548xlarge_us-west-1.csv
2025-10-15,0.3223505632267442,0.3206013808139535,0.3241133720930233,2909.3163780663776,9025.318116227205,4,H100,aws,H100,p548xlarge,us-west-1,1,C:\Users\FarhadBillimoria\OneDrive - Aurora Energy Research\Documents\Personal\Endog_demand_AI\pyai\data\original\prices\H100\EC2_p548xlarge_us-west-1.csv
2025-10-16,0.31997047601744183,0.3170766715116279,0.32286882267441863,2887.8353338580605,9025.318116227205,4,H100,aws,H100,p548xlarge,us-west-1,1,C:\Users\FarhadBillimoria\OneDrive - Aurora Energy Research\Documents\Personal\Endog_demand_AI\pyai\data\original\prices\H100\EC2_p548xlarge_us-west-1.csv
2025-10-17,0.3217996002906977,0.3204887354651163,0.3241351744186047,2904.3437622983074,9025.318116227205,4,H100,aws,H100,p548xlarge,us-west-1,1,C:\Users\FarhadBillimoria\OneDrive - Aurora Energy Research\Documents\Personal\Endog_demand_AI\pyai\data\original\prices\H100\EC2_p548xlarge_us-west-1.csv
2025-10-18,0.324968023255814,0.32343750000000004,0.32747638081395347,2932.939787485241,9025.318116227205,5,H100,aws,H100,p548xlarge,us-west-1,1,C:\Users\FarhadBillimoria\OneDrive - Aurora Energy Research\Documents\Personal\Endog_demand_AI\pyai\data\original\prices\H100\EC2_p548xlarge_us-west-1.csv
2025-10-19,0.3257430959302326,0.3213608284883721,0.32856468023255814,2939.935064935064,9025.318116227205,3,H100,aws,H100,p548xlarge,us-west-1,1,C:\Users\FarhadBillimoria\OneDrive - Aurora Energy Research\Documents\Personal\Endog_demand_AI\pyai\data\original\prices\H100\EC2_p548xlarge_us-west-1.csv
2025-10-20,0.3254563953488372,0.32329760174418604,0.3269313226744186,2937.347500983864,9025.318116227205,5,H100,aws,H100,p548xlarge,us-west-1,1,C:\Users\FarhadBillimoria\OneDrive - Aurora Energy Research\Documents\Personal\Endog_demand_AI\pyai\data\original\prices\H100\EC2_p548xlarge_us-west-1.csv
2025-10-21,0.3306081940406977,0.32746366279069766,0.333733648255814,2983.844123048668,9025.318116227205,4,H100,aws,H100,p548xlarge,us-west-1,1,C:\Users\FarhadBillimoria\OneDrive - Aurora Energy Research\Documents\Personal\Endog_demand_AI\pyai\data\original\prices\H100\EC2_p548xlarge_us-west-1.csv
2025-10-22,0.33644758357558147,0.33558684593023264,0.3374909156976745,3036.546471205562,9025.318116227205,4,H100,aws,H100,p548xlarge,us-west-1,1,C:\Users\FarhadBillimoria\OneDrive - Aurora Energy Research\Documents\Personal\Endog_demand_AI\pyai\data\original\prices\H100\EC2_p548xlarge_us-west-1.csv
2025-10-23,0.3338894440406977,0.3321747819767442,0.3357921511627907,3013.4584481175384,9025.318116227205,4,H100,aws,H100,p548xlarge,us-west-1,1,C:\Users\FarhadBillimoria\OneDrive - Aurora Energy Research\Documents\Personal\Endog_demand_AI\pyai\data\original\prices\H100\EC2_p548xlarge_us-west-1.csv
2025-10-24,0.3360241036821705,0.3343931686046512,0.3374818313953488,3032.7244304517026,9025.318116227205,3,H100,aws,H100,p548xlarge,us-west-1,1,C:\Users\FarhadBillimoria\OneDrive - Aurora Energy Research\Documents\Personal\Endog_demand_AI\pyai\data\original\prices\H100\EC2_p548xlarge_us-west-1.csv
2025-10-25,0.3397286821705427,0.3390588662790698,0.3404324127906977,3066.1594297957927,9025.318116227205,3,H100,aws,H100,p548xlarge,us-west-1,1,C:\Users\FarhadBillimoria\OneDrive - Aurora Energy Research\Documents\Personal\Endog_demand_AI\pyai\data\original\prices\H100\EC2_p548xlarge_us-west-1.csv
2025-10-26,0.3384138808139535,0.33477107558139535,0.34212572674418606,3054.2929292929284,9025.318116227205,5,H100,aws,H100,p548xlarge,us-west-1,1,C:\Users\FarhadBillimoria\OneDrive - Aurora Energy Research\Documents\Personal\Endog_demand_AI\pyai\data\original\prices\H100\EC2_p548xlarge_us-west-1.csv
2025-10-27,0.32957243217054266,0.32742732558139537,0.33079578488372097,2974.4960426778603,9025.318116227205,3,H100,aws,H100,p548xlarge,us-west-1,1,C:\Users\FarhadBillimoria\OneDrive - Aurora Energy Research\Documents\Personal\Endog_demand_AI\pyai\data\original\prices\H100\EC2_p548xlarge_us-west-1.csv
2025-10-28,0.3293936228197674,0.3269077034883721,0.3340207122093023,2972.882231404958,9025.318116227205,4,H100,aws,H100,p548xlarge,us-west-1,1,C:\Users\FarhadBillimoria\OneDrive - Aurora Energy Research\Documents\Personal\Endog_demand_AI\pyai\data\original\prices\H100\EC2_p548xlarge_us-west-1.csv
2025-10-29,0.33529675387596897,0.3349345930232558,0.3354923691860465,3026.1598670689577,9025.318116227205,3,H100,aws,H100,p548xlarge,us-west-1,1,C:\Users\FarhadBillimoria\OneDrive - Aurora Energy Research\Documents\Personal\Endog_demand_AI\pyai\data\original\prices\H100\EC2_p548xlarge_us-west-1.csv
2025-10-30,0.3371947674418605,0.3355559593023256,0.33897710755813953,3043.290043290043,9025.318116227205,4,H100,aws,H100,p548xlarge,us-west-1,1,C:\Users\FarhadBillimoria\OneDrive - Aurora Energy Research\Documents\Personal\Endog_demand_AI\pyai\data\original\prices\H100\EC2_p548xlarge_us-west-1.csv
2025-10-31,0.3383230377906977,0.3369240552325582,0.3408139534883721,3053.473042109405,9025.318116227205,5,H100,aws,H100,p548xlarge,us-west-1,1,C:\Users\FarhadBillimoria\OneDrive - Aurora Energy Research\Documents\Personal\Endog_demand_AI\pyai\data\original\prices\H100\EC2_p548xlarge_us-west-1.csv
2025-11-01,0.3429699612403101,0.34244549418604653,0.3436827761627907,3095.413004503913,9025.318116227205,3,H100,aws,H100,p548xlarge,us-west-1,1,C:\Users\FarhadBillimoria\OneDrive - Aurora Energy Research\Documents\Personal\Endog_demand_AI\pyai\data\original\prices\H100\EC2_p548xlarge_us-west-1.csv
2025-11-02,0.3433298510174419,0.34168786337209306,0.3453125,3098.6611242293056,9025.318116227205,4,H100,aws,H100,p548xlarge,us-west-1,1,C:\Users\FarhadBillimoria\OneDrive - Aurora Energy Research\Documents\Personal\Endog_demand_AI\pyai\data\original\prices\H100\EC2_p548xlarge_us-west-1.csv
2025-11-03,0.3455991097383721,0.3439425872093023,0.3476071947674419,3119.1419060737235,9025.318116227205,4,H100,aws,H100,p548xlarge,us-west-1,1,C:\Users\FarhadBillimoria\OneDrive - Aurora Energy Research\Documents\Personal\Endog_demand_AI\pyai\data\original\prices\H100\EC2_p548xlarge_us-west-1.csv
2025-11-04,0.34559047965116285,0.3451362645348838,0.34593931686046514,3119.0640167912893,9025.318116227205,3,H100,aws,H100,p548xlarge,us-west-1,1,C:\Users\FarhadBillimoria\OneDrive - Aurora Energy Research\Documents\Personal\Endog_demand_AI\pyai\data\original\prices\H100\EC2_p548xlarge_us-west-1.csv
2025-11-05,0.3478822674418605,0.3460683139534884,0.3498891715116279,3139.7481306572213,9025.318116227205,5,H100,aws,H100,p548xlarge,us-west-1,1,C:\Users\FarhadBillimoria\OneDrive - Aurora Energy Research\Documents\Personal\Endog_demand_AI\pyai\data\original\prices\H100\EC2_p548xlarge_us-west-1.csv
2025-11-06,0.3532249273255814,0.3499146075581395,0.3561755087209303,3187.9673356946078,9025.318116227205,3,H100,aws,H100,p548xlarge,us-west-1,1,C:\Users\FarhadBillimoria\OneDrive - Aurora Energy Research\Documents\Personal\Endog_demand_AI\pyai\data\original\prices\H100\EC2_p548xlarge_us-west-1.csv
2025-11-07,0.3650267986918605,0.36109375,0.37204396802325584,3294.4829791420693,9025.318116227205,4,H100,aws,H100,p548xlarge,us-west-1,1,C:\Users\FarhadBillimoria\OneDrive - Aurora Energy Research\Documents\Personal\Endog_demand_AI\pyai\data\original\prices\H100\EC2_p548xlarge_us-west-1.csv
2025-11-08,0.3744743217054263,0.3736845930232558,0.3748800872093024,3379.7498797498793,9025.318116227205,3,H100,aws,H100,p548xlarge,us-west-1,1,C:\Users\FarhadBillimoria\OneDrive - Aurora Energy Research\Documents\Personal\Endog_demand_AI\pyai\data\original\prices\H100\EC2_p548xlarge_us-west-1.csv
2025-11-09,0.38001953125,0.37838662790697675,0.38126635174418605,3429.7971599107955,9025.318116227205,4,H100,aws,H100,p548xlarge,us-west-1,1,C:\Users\FarhadBillimoria\OneDrive - Aurora Energy Research\Documents\Personal\Endog_demand_AI\pyai\data\original\prices\H100\EC2_p548xlarge_us-west-1.csv
2025-11-10,0.38308957122093024,0.381969476744186,0.3848255813953489,3457.505247277974,9025.318116227205,4,H100,aws,H100,p548xlarge,us-west-1,1,C:\Users\FarhadBillimoria\OneDrive - Aurora Energy Research\Documents\Personal\Endog_demand_AI\pyai\data\original\prices\H100\EC2_p548xlarge_us-west-1.csv
2025-11-11,0.3887981468023256,0.38633720930232557,0.3911809593023256,3509.0269578905936,9025.318116227205,4,H100,aws,H100,p548xlarge,us-west-1,1,C:\Users\FarhadBillimoria\OneDrive - Aurora Energy Research\Documents\Personal\Endog_demand_AI\pyai\data\original\prices\H100\EC2_p548xlarge_us-west-1.csv
2025-11-12,0.3935507509689922,0.3924000726744186,0.3946947674418605,3551.9207223752674,9025.318116227205,3,H100,aws,H100,p548xlarge,us-west-1,1,C:\Users\FarhadBillimoria\OneDrive - Aurora Energy Research\Documents\Personal\Endog_demand_AI\pyai\data\original\prices\H100\EC2_p548xlarge_us-west-1.csv
2025-11-13,0.3985646802325582,0.396280886627907,0.39969840116279076,3597.1730289912102,9025.318116227205,4,H100,aws,H100,p548xlarge,us-west-1,1,C:\Users\FarhadBillimoria\OneDrive - Aurora Energy Research\Documents\Personal\Endog_demand_AI\pyai\data\original\prices\H100\EC2_p548xlarge_us-west-1.csv
2025-11-14,0.40148861434108524,0.4009047965116279,0.4021547965116279,3623.562464471555,9025.318116227205,3,H100,aws,H100,p548xlarge,us-west-1,1,C:\Users\FarhadBillimoria\OneDrive - Aurora Energy Research\Documents\Personal\Endog_demand_AI\pyai\data\original\prices\H100\EC2_p548xlarge_us-west-1.csv
2025-11-15,0.4060816375968992,0.40424236918604656,0.4080032703488372,3665.0159604705054,9025.318116227205,3,H100,aws,H100,p548xlarge,us-west-1,1,C:\Users\FarhadBillimoria\OneDrive - Aurora Energy Research\Documents\Personal\Endog_demand_AI\pyai\data\original\prices\H100\EC2_p548xlarge_us-west-1.csv
2025-11-16,0.41314180595930233,0.41136991279069773,0.4147801598837209,3728.7362258953162,9025.318116227205,4,H100,aws,H100,p548xlarge,us-west-1,1,C:\Users\FarhadBillimoria\OneDrive - Aurora Energy Research\Documents\Personal\Endog_demand_AI\pyai\data\original\prices\H100\EC2_p548xlarge_us-west-1.csv
2025-11-17,0.4181359011627907,0.4167351017441861,0.4201199127906977,3773.809523809523,9025.318116227205,3,H100,aws,H100,p548xlarge,us-west-1,1,C:\Users\FarhadBillimoria\OneDrive - Aurora Energy Research\Documents\Personal\Endog_demand_AI\pyai\data\original\prices\H100\EC2_p548xlarge_us-west-1.csv
2025-11-18,0.4224006782945737,0.4211155523255814,0.4236954941860466,3812.300494118675,9025.318116227205,3,H100,aws,H100,p548xlarge,us-west-1,1,C:\Users\FarhadBillimoria\OneDrive - Aurora Energy Research\Documents\Personal\Endog_demand_AI\pyai\data\original\prices\H100\EC2_p548xlarge_us-west-1.csv
2025-11-19,0.4281731468023256,0.42650436046511625,0.4297819767441861,3864.3988587170397,9025.318116227205,4,H100,aws,H100,p548xlarge,us-west-1,1,C:\Users\FarhadBillimoria\OneDrive - Aurora Energy Research\Documents\Personal\Endog_demand_AI\pyai\data\original\prices\H100\EC2_p548xlarge_us-west-1.csv
2025-11-20,0.4319464631782946,0.4303978924418605,0.43384811046511634,3898.4542393633296,9025.318116227205,3,H100,aws,H100,p548xlarge,us-west-1,1,C:\Users\FarhadBillimoria\OneDrive - Aurora Energy Research\Documents\Personal\Endog_demand_AI\pyai\data\original\prices\H100\EC2_p548xlarge_us-west-1.csv
2025-11-21,0.43844113372093024,0.4379178779069768,0.4389643895348837,3957.0707070707062,9025.318116227205,2,H100,aws,H100,p548xlarge,us-west-1,1,C:\Users\FarhadBillimoria\OneDrive - Aurora Energy Research\Documents\Personal\Endog_demand_AI\pyai\data\original\prices\H100\EC2_p548xlarge_us-west-1.csv
2025-11-22,0.4336705123546512,0.4262009447674419,0.4392260174418605,3914.0143316279673,9025.318116227205,4,H100,aws,H100,p548xlarge,us-west-1,1,C:\Users\FarhadBillimoria\OneDrive - Aurora Energy Research\Documents\Personal\Endog_demand_AI\pyai\data\original\prices\H100\EC2_p548xlarge_us-west-1.csv
2025-11-23,0.4152107558139535,0.4108157703488372,0.4196729651162791,3747.409156500065,9025.318116227205,4,H100,aws,H100,p548xlarge,us-west-1,1,C:\Users\FarhadBillimoria\OneDrive - Aurora Energy Research\Documents\Personal\Endog_demand_AI\pyai\data\original\prices\H100\EC2_p548xlarge_us-west-1.csv
2025-11-24,0.4108116824127907,0.41067223837209305,0.41093023255813954,3707.7061196379373,9025.318116227205,4,H100,aws,H100,p548xlarge,us-west-1,1,C:\Users\FarhadBillimoria\OneDrive - Aurora Energy Research\Documents\Personal\Endog_demand_AI\pyai\data\original\prices\H100\EC2_p548xlarge_us-west-1.csv
2025-11-25,0.4113190406976744,0.41112645348837207,0.41144077034883725,3712.2851895579165,9025.318116227205,3,H100,aws,H100,p548xlarge,us-west-1,1,C:\Users\FarhadBillimoria\OneDrive - Aurora Energy Research\Documents\Personal\Endog_demand_AI\pyai\data\original\prices\H100\EC2_p548xlarge_us-west-1.csv
2025-11-26,0.41294921875,0.4127834302325582,0.4130432412790697,3726.998065066246,9025.318116227205,4,H100,aws,H100,p548xlarge,us-west-1,1,C:\Users\FarhadBillimoria\OneDrive - Aurora Energy Research\Documents\Personal\Endog_demand_AI\pyai\data\original\prices\H100\EC2_p548xlarge_us-west-1.csv
2025-11-27,0.4121008963178295,0.41179505813953493,0.4125853924418605,3719.3416852507758,9025.318116227205,3,H100,aws,H100,p548xlarge,us-west-1,1,C:\Users\FarhadBillimoria\OneDrive - Aurora Energy Research\Documents\Personal\Endog_demand_AI\pyai\data\original\prices\H100\EC2_p548xlarge_us-west-1.csv
2025-11-28,0.411234253875969,0.4104160610465117,0.41191860465116287,3711.5199615199613,9025.318116227205,3,H100,aws,H100,p548xlarge,us-west-1,1,C:\Users\FarhadBillimoria\OneDrive - Aurora Energy Research\Documents\Personal\Endog_demand_AI\pyai\data\original\prices\H100\EC2_p548xlarge_us-west-1.csv
2025-11-29,0.41060380329457363,0.4096602470930233,0.41189135174418606,3705.8299444663076,9025.318116227205,3,H100,aws,H100,p548xlarge,us-west-1,1,C:\Users\FarhadBillimoria\OneDrive - Aurora Energy Research\Documents\Personal\Endog_demand_AI\pyai\data\original\prices\H100\EC2_p548xlarge_us-west-1.csv
2025-11-30,0.4143223110465117,0.41310319767441867,0.41543241279069776,3739.390659845205,9025.318116227205,3,H100,aws,H100,p548xlarge,us-west-1,1,C:\Users\FarhadBillimoria\OneDrive - Aurora Energy Research\Documents\Personal\Endog_demand_AI\pyai\data\original\prices\H100\EC2_p548xlarge_us-west-1.csv
2025-12-01,0.4155823037790698,0.4154124273255814,0.415686773255814,3750.762495080676,9025.318116227205,4,H100,aws,H100,p548xlarge,us-west-1,1,C:\Users\FarhadBillimoria\OneDrive - Aurora Energy Research\Documents\Personal\Endog_demand_AI\pyai\data\original\prices\H100\EC2_p548xlarge_us-west-1.csv
2025-12-02,0.4139830123546512,0.4134447674418605,0.4147020348837209,3736.328381214744,9025.318116227205,4,H100,aws,H100,p548xlarge,us-west-1,1,C:\Users\FarhadBillimoria\OneDrive - Aurora Energy Research\Documents\Personal\Endog_demand_AI\pyai\data\original\prices\H100\EC2_p548xlarge_us-west-1.csv
2025-12-03,0.4126317223837209,0.41247093023255815,0.4128324854651163,3724.1325593598312,9025.318116227205,4,H100,aws,H100,p548xlarge,us-west-1,1,C:\Users\FarhadBillimoria\OneDrive - Aurora Energy Research\Documents\Personal\Endog_demand_AI\pyai\data\original\prices\H100\EC2_p548xlarge_us-west-1.csv
2025-12-04,0.4132149345930233,0.4131104651162791,0.413390261627907,3729.3962350780525,9025.318116227205,4,H100,aws,H100,p548xlarge,us-west-1,1,C:\Users\FarhadBillimoria\OneDrive - Aurora Energy Research\Documents\Personal\Endog_demand_AI\pyai\data\original\prices\H100\EC2_p548xlarge_us-west-1.csv
2025-12-05,0.41309229651162793,0.41301780523255816,0.4132158430232558,3728.2893873802955,9025.318116227205,3,H100,aws,H100,p548xlarge,us-west-1,1,C:\Users\FarhadBillimoria\OneDrive - Aurora Energy Research\Documents\Personal\Endog_demand_AI\pyai\data\original\prices\H100\EC2_p548xlarge_us-west-1.csv
2025-12-06,0.41504678415697677,0.41324854651162796,0.41678052325581394,3745.9292601338047,9025.318116227205,4,H100,aws,H100,p548xlarge,us-west-1,1,C:\Users\FarhadBillimoria\OneDrive - Aurora Energy Research\Documents\Personal\Endog_demand_AI\pyai\data\original\prices\H100\EC2_p548xlarge_us-west-1.csv
2025-12-07,0.4195757630813954,0.4180559593023256,0.42093386627906976,3786.804735668371,9025.318116227205,4,H100,aws,H100,p548xlarge,us-west-1,1,C:\Users\FarhadBillimoria\OneDrive - Aurora Energy Research\Documents\Personal\Endog_demand_AI\pyai\data\original\prices\H100\EC2_p548xlarge_us-west-1.csv
2025-12-08,0.4211936773255814,0.42116097383720935,0.4212318313953488,3801.406926406926,9025.318116227205,3,H100,aws,H100,p548xlarge,us-west-1,1,C:\Users\FarhadBillimoria\OneDrive - Aurora Energy Research\Documents\Personal\Endog_demand_AI\pyai\data\original\prices\H100\EC2_p548xlarge_us-west-1.csv
2025-12-09,0.42082000968992256,0.42039607558139536,0.42131904069767445,3798.034457125366,9025.318116227205,3,H100,aws,H100,p548xlarge,us-west-1,1,C:\Users\FarhadBillimoria\OneDrive - Aurora Energy Research\Documents\Personal\Endog_demand_AI\pyai\data\original\prices\H100\EC2_p548xlarge_us-west-1.csv
2025-12-11,0.41827216569767445,0.41827216569767445,0.41827216569767445,3775.0393545848083,9025.318116227205,1,H100,aws,H100,p548xlarge,us-west-1,1,C:\Users\FarhadBillimoria\OneDrive - Aurora Energy Research\Documents\Personal\Endog_demand_AI\pyai\data\original\prices\H100\EC2_p548xlarge_us-west-1.csv
2025-12-12,0.41950036337209307,0.4186809593023256,0.4203034156976745,3786.124229306047,9025.318116227205,4,H100,aws,H100,p548xlarge,us-west-1,1,C:\Users\FarhadBillimoria\OneDrive - Aurora Energy Research\Documents\Personal\Endog_demand_AI\pyai\data\original\prices\H100\EC2_p548xlarge_us-west-1.csv
2025-12-13,0.41993459302325586,0.419484011627907,0.4202906976744186,3790.0432900432893,9025.318116227205,3,H100,aws,H100,p548xlarge,us-west-1,1,C:\Users\FarhadBillimoria\OneDrive - Aurora Energy Research\Documents\Personal\Endog_demand_AI\pyai\data\original\prices\H100\EC2_p548xlarge_us-west-1.csv
2025-12-14,0.4180704941860465,0.41770167151162796,0.41828488372093026,3773.2192050373865,9025.318116227205,3,H100,aws,H100,p548xlarge,us-west-1,1,C:\Users\FarhadBillimoria\OneDrive - Aurora Energy Research\Documents\Personal\Endog_demand_AI\pyai\data\original\prices\H100\EC2_p548xlarge_us-west-1.csv
2025-12-15,0.4187091206395349,0.4185010901162791,0.4190007267441861,3778.9830119375565,9025.318116227205,4,H100,aws,H100,p548xlarge,us-west-1,1,C:\Users\FarhadBillimoria\OneDrive - Aurora Energy Research\Documents\Personal\Endog_demand_AI\pyai\data\original\prices\H100\EC2_p548xlarge_us-west-1.csv
2025-12-16,0.419405281007752,0.41928960755813954,0.41956940406976745,3785.2660807206253,9025.318116227205,3,H100,aws,H100,p548xlarge,us-west-1,1,C:\Users\FarhadBillimoria\OneDrive - Aurora Energy Research\Documents\Personal\Endog_demand_AI\pyai\data\original\prices\H100\EC2_p548xlarge_us-west-1.csv
2025-12-17,0.4188072311046512,0.4183775436046512,0.4192369186046512,3779.8684900957624,9025.318116227205,2,H100,aws,H100,p548xlarge,us-west-1,1,C:\Users\FarhadBillimoria\OneDrive - Aurora Energy Research\Documents\Personal\Endog_demand_AI\pyai\data\original\prices\H100\EC2_p548xlarge_us-west-1.csv
2025-12-18,0.4171081637596899,0.41636082848837214,0.417890625,3764.533866806593,9025.318116227205,6,H100,aws,H100,p548xlarge,us-west-1,1,C:\Users\FarhadBillimoria\OneDrive - Aurora Energy Research\Documents\Personal\Endog_demand_AI\pyai\data\original\prices\H100\EC2_p548xlarge_us-west-1.csv
2025-12-19,0.414581667877907,0.41321220930232566,0.41575218023255817,3741.7314377541643,9025.318116227205,4,H100,aws,H100,p548xlarge,us-west-1,1,C:\Users\FarhadBillimoria\OneDrive - Aurora Energy Research\Documents\Personal\Endog_demand_AI\pyai\data\original\prices\H100\EC2_p548xlarge_us-west-1.csv
2025-12-20,0.41553779069767444,0.41293059593023257,0.4175744912790698,3750.3607503607495,9025.318116227205,3,H100,aws,H100,p548xlarge,us-west-1,1,C:\Users\FarhadBillimoria\OneDrive - Aurora Energy Research\Documents\Personal\Endog_demand_AI\pyai\data\original\prices\H100\EC2_p548xlarge_us-west-1.csv
2025-12-21,0.42263353924418606,0.4193513808139535,0.4266006540697675,3814.402138265774,9025.318116227205,4,H100,aws,H100,p548xlarge,us-west-1,1,C:\Users\FarhadBillimoria\OneDrive - Aurora Energy Research\Documents\Personal\Endog_demand_AI\pyai\data\original\prices\H100\EC2_p548xlarge_us-west-1.csv
2025-12-22,0.4244979408914729,0.42371184593023264,0.42539789244186055,3831.2289562289557,9025.318116227205,3,H100,aws,H100,p548xlarge,us-west-1,1,C:\Users\FarhadBillimoria\OneDrive - Aurora Energy Research\Documents\Personal\Endog_demand_AI\pyai\data\original\prices\H100\EC2_p548xlarge_us-west-1.csv
2025-12-23,0.42155159883720933,0.4205904796511628,0.4230523255813954,3804.6372819100084,9025.318116227205,4,H100,aws,H100,p548xlarge,us-west-1,1,C:\Users\FarhadBillimoria\OneDrive - Aurora Energy Research\Documents\Personal\Endog_demand_AI\pyai\data\original\prices\H100\EC2_p548xlarge_us-west-1.csv
2025-12-24,0.41965797601744187,0.4194095203488372,0.4199727470930233,3787.5467335694602,9025.318116227205,4,H100,aws,H100,p548xlarge,us-west-1,1,C:\Users\FarhadBillimoria\OneDrive - Aurora Energy Research\Documents\Personal\Endog_demand_AI\pyai\data\original\prices\H100\EC2_p548xlarge_us-west-1.csv
2025-12-25,0.4230863917151163,0.4212263808139535,0.4250018168604651,3818.4892758756387,9025.318116227205,4,H100,aws,H100,p548xlarge,us-west-1,1,C:\Users\FarhadBillimoria\OneDrive - Aurora Energy Research\Documents\Personal\Endog_demand_AI\pyai\data\original\prices\H100\EC2_p548xlarge_us-west-1.csv
2025-12-26,0.42780069040697677,0.4266460755813954,0.4290752180232558,3861.037321264593,9025.318116227205,4,H100,aws,H100,p548xlarge,us-west-1,1,C:\Users\FarhadBillimoria\OneDrive - Aurora Energy Research\Documents\Personal\Endog_demand_AI\pyai\data\original\prices\H100\EC2_p548xlarge_us-west-1.csv
2025-12-27,0.4318618277616279,0.430218023255814,0.43403524709302327,3897.690377804013,9025.318116227205,4,H100,aws,H100,p548xlarge,us-west-1,1,C:\Users\FarhadBillimoria\OneDrive - Aurora Energy Research\Documents\Personal\Endog_demand_AI\pyai\data\original\prices\H100\EC2_p548xlarge_us-west-1.csv
2025-12-28,0.4373623728197675,0.4342423691860466,0.439718386627907,3947.3345467663644,9025.318116227205,4,H100,aws,H100,p548xlarge,us-west-1,1,C:\Users\FarhadBillimoria\OneDrive - Aurora Energy Research\Documents\Personal\Endog_demand_AI\pyai\data\original\prices\H100\EC2_p548xlarge_us-west-1.csv
2025-12-29,0.4417211724806202,0.4411700581395349,0.4422383720930233,3986.674100310463,9025.318116227205,3,H100,aws,H100,p548xlarge,us-west-1,1,C:\Users\FarhadBillimoria\OneDrive - Aurora Energy Research\Documents\Personal\Endog_demand_AI\pyai\data\original\prices\H100\EC2_p548xlarge_us-west-1.csv
2025-12-30,0.4447624454941861,0.4422311046511628,0.44690952034883724,4014.1225567361926,9025.318116227205,4,H100,aws,H100,p548xlarge,us-west-1,1,C:\Users\FarhadBillimoria\OneDrive - Aurora Energy Research\Documents\Personal\Endog_demand_AI\pyai\data\original\prices\H100\EC2_p548xlarge_us-west-1.csv
2025-12-31,0.44610162306201556,0.44453125,0.44767805232558144,4026.2090602999688,9025.318116227205,3,H100,aws,H100,p548xlarge,us-west-1,1,C:\Users\FarhadBillimoria\OneDrive - Aurora Energy Research\Documents\Personal\Endog_demand_AI\pyai\data\original\prices\H100\EC2_p548xlarge_us-west-1.csv
2026-01-01,0.4428349079457365,0.44184956395348846,0.44334484011627917,3996.725917180462,9025.318116227205,3,H100,aws,H100,p548xlarge,us-west-1,1,C:\Users\FarhadBillimoria\OneDrive - Aurora Energy Research\Documents\Personal\Endog_demand_AI\pyai\data\original\prices\H100\EC2_p548xlarge_us-west-1.csv
2026-01-02,0.44187378875968997,0.44185501453488374,0.4418877180232558,3988.051510778783,9025.318116227205,3,H100,aws,H100,p548xlarge,us-west-1,1,C:\Users\FarhadBillimoria\OneDrive - Aurora Energy Research\Documents\Personal\Endog_demand_AI\pyai\data\original\prices\H100\EC2_p548xlarge_us-west-1.csv
2026-01-03,0.44237403100775197,0.44183866279069767,0.44333757267441865,3992.566356202719,9025.318116227205,3,H100,aws,H100,p548xlarge,us-west-1,1,C:\Users\FarhadBillimoria\OneDrive - Aurora Energy Research\Documents\Personal\Endog_demand_AI\pyai\data\original\prices\H100\EC2_p548xlarge_us-west-1.csv
2026-01-04,0.4462177507267442,0.44568677325581396,0.446468023255814,4027.2571494162394,9025.318116227205,4,H100,aws,H100,p548xlarge,us-west-1,1,C:\Users\FarhadBillimoria\OneDrive - Aurora Energy Research\Documents\Personal\Endog_demand_AI\pyai\data\original\prices\H100\EC2_p548xlarge_us-west-1.csv
2026-01-05,0.4503501998546512,0.44908793604651165,0.45113008720930237,4064.5538173947257,9025.318116227205,4,H100,aws,H100,p548xlarge,us-west-1,1,C:\Users\FarhadBillimoria\OneDrive - Aurora Energy Research\Documents\Personal\Endog_demand_AI\pyai\data\original\prices\H100\EC2_p548xlarge_us-west-1.csv
2026-01-06,0.45097504844961245,0.4509102470930233,0.45103197674418605,4070.1932747387286,9025.318116227205,3,H100,aws,H100,p548xlarge,us-west-1,1,C:\Users\FarhadBillimoria\OneDrive - Aurora Energy Research\Documents\Personal\Endog_demand_AI\pyai\data\original\prices\H100\EC2_p548xlarge_us-west-1.csv
2026-01-07,0.4559108527131783,0.45363008720930237,0.4578579215116279,4114.740478376841,9025.318116227205,3,H100,aws,H100,p548xlarge,us-west-1,1,C:\Users\FarhadBillimoria\OneDrive - Aurora Energy Research\Documents\Personal\Endog_demand_AI\pyai\data\original\prices\H100\EC2_p548xlarge_us-west-1.csv
2026-01-08,0.4598855377906977,0.45889171511627913,0.4609175145348838,4150.613275613275,9025.318116227205,3,H100,aws,H100,p548xlarge,us-west-1,1,C:\Users\FarhadBillimoria\OneDrive - Aurora Energy Research\Documents\Personal\Endog_demand_AI\pyai\data\original\prices\H100\EC2_p548xlarge_us-west-1.csv
2026-01-09,0.4597692587209303,0.4566769622093024,0.4628615552325582,4149.563820018365,9025.318116227205,2,H100,aws,H100,p548xlarge,us-west-1,1,C:\Users\FarhadBillimoria\OneDrive - Aurora Energy Research\Documents\Personal\Endog_demand_AI\pyai\data\original\prices\H100\EC2_p548xlarge_us-west-1.csv
2026-01-10,0.45148558624031004,0.4506667877906977,0.45237100290697674,4074.8010407101306,9025.318116227205,3,H100,aws,H100,p548xlarge,us-west-1,1,C:\Users\FarhadBillimoria\OneDrive - Aurora Energy Research\Documents\Personal\Endog_demand_AI\pyai\data\original\prices\H100\EC2_p548xlarge_us-west-1.csv
2026-01-11,0.45747698643410856,0.451593386627907,0.463452034883721,4128.875333420788,9025.318116227205,3,H100,aws,H100,p548xlarge,us-west-1,1,C:\Users\FarhadBillimoria\OneDrive - Aurora Energy Research\Documents\Personal\Endog_demand_AI\pyai\data\original\prices\H100\EC2_p548xlarge_us-west-1.csv
2026-01-12,0.44300735828488375,0.42994549418604655,0.4532358284883722,3998.2823363505177,9025.318116227205,4,H100,aws,H100,p548xlarge,us-west-1,1,C:\Users\FarhadBillimoria\OneDrive - Aurora Energy Research\Documents\Personal\Endog_demand_AI\pyai\data\original\prices\H100\EC2_p548xlarge_us-west-1.csv
2026-01-13,0.4149618459302326,0.40234556686046513,0.4266769622093024,3745.16266561721,9025.318116227205,4,H100,aws,H100,p548xlarge,us-west-1,1,C:\Users\FarhadBillimoria\OneDrive - Aurora Energy Research\Documents\Personal\Endog_demand_AI\pyai\data\original\prices\H100\EC2_p548xlarge_us-west-1.csv
2026-01-14,0.3905232558139535,0.38362100290697676,0.3988844476744186,3524.5966155057054,9025.318116227205,5,H100,aws,H100,p548xlarge,us-west-1,1,C:\Users\FarhadBillimoria\OneDrive - Aurora Energy Research\Documents\Personal\Endog_demand_AI\pyai\data\original\prices\H100\EC2_p548xlarge_us-west-1.csv
2026-01-15,0.37740552325581395,0.37680050872093024,0.37825399709302326,3406.204906204906,9025.318116227205,3,H100,aws,H100,p548xlarge,us-west-1,1,C:\Users\FarhadBillimoria\OneDrive - Aurora Energy Research\Documents\Personal\Endog_demand_AI\pyai\data\original\prices\H100\EC2_p548xlarge_us-west-1.csv
2026-01-16,0.3678274890988372,0.3569404069767442,0.3757757994186047,3319.7601010101002,9025.318116227205,4,H100,aws,H100,p548xlarge,us-west-1,1,C:\Users\FarhadBillimoria\OneDrive - Aurora Energy Research\Documents\Personal\Endog_demand_AI\pyai\data\original\prices\H100\EC2_p548xlarge_us-west-1.csv
2026-01-17,0.34555353682170536,0.3426925872093023,0.34873183139534886,3118.7305960033227,9025.318116227205,3,H100,aws,H100,p548xlarge,us-west-1,1,C:\Users\FarhadBillimoria\OneDrive - Aurora Energy Research\Documents\Personal\Endog_demand_AI\pyai\data\original\prices\H100\EC2_p548xlarge_us-west-1.csv
2026-01-18,0.336155523255814,0.33584120639534887,0.3364698401162791,3033.9105339105336,9025.318116227205,2,H100,aws,H100,p548xlarge,us-west-1,1,C:\Users\FarhadBillimoria\OneDrive - Aurora Energy Research\Documents\Personal\Endog_demand_AI\pyai\data\original\prices\H100\EC2_p548xlarge_us-west-1.csv
2026-01-19,0.3505268895348837,0.34563226744186043,0.35542151162790697,3163.6166863439585,9025.318116227205,2,H100,aws,H100,p548xlarge,us-west-1,1,C:\Users\FarhadBillimoria\OneDrive - Aurora Energy Research\Documents\Personal\Endog_demand_AI\pyai\data\original\prices\H100\EC2_p548xlarge_us-west-1.csv
2026-01-20,0.35542151162790697,0.35542151162790697,0.35542151162790697,3207.792207792207,9025.318116227205,1,H100,aws,H100,p548xlarge,us-west-1,1,C:\Users\FarhadBillimoria\OneDrive - Aurora Energy Research\Documents\Personal\Endog_demand_AI\pyai\data\original\prices\H100\EC2_p548xlarge_us-west-1.csv
2026-01-21,0.35542151162790697,0.35542151162790697,0.35542151162790697,3207.792207792207,9025.318116227205,1,H100,aws,H100,p548xlarge,us-west-1,1,C:\Users\FarhadBillimoria\OneDrive - Aurora Energy Research\Documents\Personal\Endog_demand_AI\pyai\data\original\prices\H100\EC2_p548xlarge_us-west-1.csv
2026-01-22,0.3590961119186047,0.35787609011627913,0.3603161337209303,3240.956644365735,9025.318116227205,2,H100,aws,H100,p548xlarge,us-west-1,1,C:\Users\FarhadBillimoria\OneDrive - Aurora Energy Research\Documents\Personal\Endog_demand_AI\pyai\data\original\prices\H100\EC2_p548xlarge_us-west-1.csv
2026-01-23,0.3652107558139535,0.3652107558139535,0.3652107558139535,3296.1432506887045,9025.318116227205,1,H100,aws,H100,p548xlarge,us-west-1,1,C:\Users\FarhadBillimoria\OneDrive - Aurora Energy Research\Documents\Personal\Endog_demand_AI\pyai\data\original\prices\H100\EC2_p548xlarge_us-west-1.csv
2026-01-24,0.36204851017441864,0.3603234011627907,0.3652107558139535,3267.60297783025,9025.318116227205,4,H100,aws,H100,p548xlarge,us-west-1,1,C:\Users\FarhadBillimoria\OneDrive - Aurora Energy Research\Documents\Personal\Endog_demand_AI\pyai\data\original\prices\H100\EC2_p548xlarge_us-west-1.csv
2026-01-25,0.3652107558139535,0.3652107558139535,0.3652107558139535,3296.1432506887045,9025.318116227205,1,H100,aws,H100,p548xlarge,us-west-1,1,C:\Users\FarhadBillimoria\OneDrive - Aurora Energy Research\Documents\Personal\Endog_demand_AI\pyai\data\original\prices\H100\EC2_p548xlarge_us-west-1.csv
2026-01-26,0.3652107558139535,0.3652107558139535,0.3652107558139535,3296.1432506887045,9025.318116227205,1,H100,aws,H100,p548xlarge,us-west-1,1,C:\Users\FarhadBillimoria\OneDrive - Aurora Energy Research\Documents\Personal\Endog_demand_AI\pyai\data\original\prices\H100\EC2_p548xlarge_us-west-1.csv
2026-01-27,0.3676653343023256,0.3652198401162791,0.3701108284883721,3318.2966023875106,9025.318116227205,2,H100,aws,H100,p548xlarge,us-west-1,1,C:\Users\FarhadBillimoria\OneDrive - Aurora Energy Research\Documents\Personal\Endog_demand_AI\pyai\data\original\prices\H100\EC2_p548xlarge_us-west-1.csv
2026-01-28,0.3652198401162791,0.3652198401162791,0.3652198401162791,3296.225239407057,9025.318116227205,1,H100,aws,H100,p548xlarge,us-west-1,1,C:\Users\FarhadBillimoria\OneDrive - Aurora Energy Research\Documents\Personal\Endog_demand_AI\pyai\data\original\prices\H100\EC2_p548xlarge_us-west-1.csv
2026-01-29,0.3652198401162791,0.3652198401162791,0.3652198401162791,3296.225239407057,9025.318116227205,1,H100,aws,H100,p548xlarge,us-west-1,1,C:\Users\FarhadBillimoria\OneDrive - Aurora Energy Research\Documents\Personal\Endog_demand_AI\pyai\data\original\prices\H100\EC2_p548xlarge_us-west-1.csv
2026-01-30,0.3578657945736434,0.3554396802325582,0.3603306686046511,3229.852638943548,9025.318116227205,3,H100,aws,H100,p548xlarge,us-west-1,1,C:\Users\FarhadBillimoria\OneDrive - Aurora Energy Research\Documents\Personal\Endog_demand_AI\pyai\data\original\prices\H100\EC2_p548xlarge_us-west-1.csv
2026-01-31,0.3554396802325582,0.3554396802325582,0.3554396802325582,3207.956185228912,9025.318116227205,1,H100,aws,H100,p548xlarge,us-west-1,1,C:\Users\FarhadBillimoria\OneDrive - Aurora Energy Research\Documents\Personal\Endog_demand_AI\pyai\data\original\prices\H100\EC2_p548xlarge_us-west-1.csv
2026-02-01,0.3603306686046511,0.3603306686046511,0.3603306686046511,3252.0989111898193,9025.318116227205,1,H100,aws,H100,p548xlarge,us-west-1,1,C:\Users\FarhadBillimoria\OneDrive - Aurora Energy Research\Documents\Personal\Endog_demand_AI\pyai\data\original\prices\H100\EC2_p548xlarge_us-west-1.csv
2026-02-02,0.3578851744186047,0.3554396802325582,0.3603306686046511,3230.0275482093657,9025.318116227205,2,H100,aws,H100,p548xlarge,us-west-1,1,C:\Users\FarhadBillimoria\OneDrive - Aurora Energy Research\Documents\Personal\Endog_demand_AI\pyai\data\original\prices\H100\EC2_p548xlarge_us-west-1.csv
2026-02-03,0.3571523740310078,0.35501271802325585,0.3603306686046511,3223.413791595609,9025.318116227205,3,H100,aws,H100,p548xlarge,us-west-1,1,C:\Users\FarhadBillimoria\OneDrive - Aurora Energy Research\Documents\Personal\Endog_demand_AI\pyai\data\original\prices\H100\EC2_p548xlarge_us-west-1.csv
2026-02-04,0.3469407703488372,0.3447692587209302,0.3496275436046512,3131.250819887183,9025.318116227205,5,H100,aws,H100,p548xlarge,us-west-1,1,C:\Users\FarhadBillimoria\OneDrive - Aurora Energy Research\Documents\Personal\Endog_demand_AI\pyai\data\original\prices\H100\EC2_p548xlarge_us-west-1.csv
2026-02-05,0.3466497093023256,0.3437881540697675,0.3505014534883721,3128.623901351173,9025.318116227205,3,H100,aws,H100,p548xlarge,us-west-1,1,C:\Users\FarhadBillimoria\OneDrive - Aurora Energy Research\Documents\Personal\Endog_demand_AI\pyai\data\original\prices\H100\EC2_p548xlarge_us-west-1.csv
2026-02-06,0.3492768895348837,0.34805232558139537,0.3505014534883721,3152.335038698674,9025.318116227205,2,H100,aws,H100,p548xlarge,us-west-1,1,C:\Users\FarhadBillimoria\OneDrive - Aurora Energy Research\Documents\Personal\Endog_demand_AI\pyai\data\original\prices\H100\EC2_p548xlarge_us-west-1.csv
2026-02-07,0.35049600290697674,0.3504905523255814,0.3505014534883721,3163.33792470156,9025.318116227205,2,H100,aws,H100,p548xlarge,us-west-1,1,C:\Users\FarhadBillimoria\OneDrive - Aurora Energy Research\Documents\Personal\Endog_demand_AI\pyai\data\original\prices\H100\EC2_p548xlarge_us-west-1.csv
2026-02-08,0.3457957848837209,0.3456031976744186,0.34598837209302324,3120.916961826052,9025.318116227205,2,H100,aws,H100,p548xlarge,us-west-1,1,C:\Users\FarhadBillimoria\OneDrive - Aurora Energy Research\Documents\Personal\Endog_demand_AI\pyai\data\original\prices\H100\EC2_p548xlarge_us-west-1.csv
2026-02-09,0.3442378270348837,0.34287245639534886,0.3456031976744186,3106.855896628623,9025.318116227205,2,H100,aws,H100,p548xlarge,us-west-1,1,C:\Users\FarhadBillimoria\OneDrive - Aurora Energy Research\Documents\Personal\Endog_demand_AI\pyai\data\original\prices\H100\EC2_p548xlarge_us-west-1.csv
2026-02-10,0.33495775799418603,0.33094658430232554,0.34073582848837214,3023.100321395775,9025.318116227205,4,H100,aws,H100,p548xlarge,us-west-1,1,C:\Users\FarhadBillimoria\OneDrive - Aurora Energy Research\Documents\Personal\Endog_demand_AI\pyai\data\original\prices\H100\EC2_p548xlarge_us-west-1.csv
2026-02-11,0.3390016351744186,0.33584120639534887,0.34563226744186043,3059.597599370326,9025.318116227205,4,H100,aws,H100,p548xlarge,us-west-1,1,C:\Users\FarhadBillimoria\OneDrive - Aurora Energy Research\Documents\Personal\Endog_demand_AI\pyai\data\original\prices\H100\EC2_p548xlarge_us-west-1.csv
2026-02-12,0.3467387354651163,0.3467387354651163,0.3467387354651163,3129.4273907910265,9025.318116227205,1,H100,aws,H100,p548xlarge,us-west-1,1,C:\Users\FarhadBillimoria\OneDrive - Aurora Energy Research\Documents\Personal\Endog_demand_AI\pyai\data\original\prices\H100\EC2_p548xlarge_us-west-1.csv
2026-02-13,0.3466256359011628,0.3424872819767442,0.35177688953488373,3128.4066312475397,9025.318116227205,4,H100,aws,H100,p548xlarge,us-west-1,1,C:\Users\FarhadBillimoria\OneDrive - Aurora Energy Research\Documents\Personal\Endog_demand_AI\pyai\data\original\prices\H100\EC2_p548xlarge_us-west-1.csv
2026-02-14,0.3587436409883721,0.3564207848837209,0.3610664970930233,3237.7754820936634,9025.318116227205,2,H100,aws,H100,p548xlarge,us-west-1,1,C:\Users\FarhadBillimoria\OneDrive - Aurora Energy Research\Documents\Personal\Endog_demand_AI\pyai\data\original\prices\H100\EC2_p548xlarge_us-west-1.csv
2026-02-15,0.3610664970930233,0.3610664970930233,0.3610664970930233,3258.7399973763604,9025.318116227205,1,H100,aws,H100,p548xlarge,us-west-1,1,C:\Users\FarhadBillimoria\OneDrive - Aurora Energy Research\Documents\Personal\Endog_demand_AI\pyai\data\original\prices\H100\EC2_p548xlarge_us-west-1.csv
2026-02-16,0.3610728561046512,0.3610664970930233,0.36107921511627905,3258.7973894792067,9025.318116227205,2,H100,aws,H100,p548xlarge,us-west-1,1,C:\Users\FarhadBillimoria\OneDrive - Aurora Energy Research\Documents\Personal\Endog_demand_AI\pyai\data\original\prices\H100\EC2_p548xlarge_us-west-1.csv
2026-02-17,0.36109193313953497,0.36109193313953497,0.36109193313953497,3258.9695657877473,9025.318116227205,1,H100,aws,H100,p548xlarge,us-west-1,1,C:\Users\FarhadBillimoria\OneDrive - Aurora Energy Research\Documents\Personal\Endog_demand_AI\pyai\data\original\prices\H100\EC2_p548xlarge_us-west-1.csv
2026-02-18,0.35955668604651164,0.35647347383720934,0.3611046511627907,3245.113472386199,9025.318116227205,3,H100,aws,H100,p548xlarge,us-west-1,1,C:\Users\FarhadBillimoria\OneDrive - Aurora Energy Research\Documents\Personal\Endog_demand_AI\pyai\data\original\prices\H100\EC2_p548xlarge_us-west-1.csv
2026-02-19,0.3657358284883721,0.3657358284883721,0.3657358284883721,3300.8821986094704,9025.318116227205,1,H100,aws,H100,p548xlarge,us-west-1,1,C:\Users\FarhadBillimoria\OneDrive - Aurora Energy Research\Documents\Personal\Endog_demand_AI\pyai\data\original\prices\H100\EC2_p548xlarge_us-west-1.csv
2026-02-20,0.3616106468023256,0.3611046511627907,0.3621166424418605,3263.6511216056665,9025.318116227205,2,H100,aws,H100,p548xlarge,us-west-1,1,C:\Users\FarhadBillimoria\OneDrive - Aurora Energy Research\Documents\Personal\Endog_demand_AI\pyai\data\original\prices\H100\EC2_p548xlarge_us-west-1.csv
2026-02-21,0.3437434593023256,0.33281068313953494,0.3572438226744186,3102.3940705758882,9025.318116227205,5,H100,aws,H100,p548xlarge,us-west-1,1,C:\Users\FarhadBillimoria\OneDrive - Aurora Energy Research\Documents\Personal\Endog_demand_AI\pyai\data\original\prices\H100\EC2_p548xlarge_us-west-1.csv
2026-02-22,0.3220326126453489,0.3128888081395349,0.32942405523255813,2906.446772924045,9025.318116227205,4,H100,aws,H100,p548xlarge,us-west-1,1,C:\Users\FarhadBillimoria\OneDrive - Aurora Energy Research\Documents\Personal\Endog_demand_AI\pyai\data\original\prices\H100\EC2_p548xlarge_us-west-1.csv
2024-04-04,0.1000248508946322,0.1000248508946322,0.1000248508946322,971.8700953760714,9716.286369672824,1,L4,aws,L4,g6xlarge,us-west-2,0,C:\Users\FarhadBillimoria\OneDrive - Aurora Energy Research\Documents\Personal\Endog_demand_AI\pyai\data\original\prices\L4\EC2_g6xlarge_us-west-2.csv
2024-04-05,0.10027335984095427,0.10014910536779324,0.10064612326043738,974.2846794639623,9716.286369672824,5,L4,aws,L4,g6xlarge,us-west-2,0,C:\Users\FarhadBillimoria\OneDrive - Aurora Energy Research\Documents\Personal\Endog_demand_AI\pyai\data\original\prices\L4\EC2_g6xlarge_us-west-2.csv
2024-04-06,0.1011707532582284,0.10027335984095427,0.10226143141153081,983.004010892457,9716.286369672824,9,L4,aws,L4,g6xlarge,us-west-2,0,C:\Users\FarhadBillimoria\OneDrive - Aurora Energy Research\Documents\Personal\Endog_demand_AI\pyai\data\original\prices\L4\EC2_g6xlarge_us-west-2.csv
2024-04-07,0.10187486193947426,0.10052186878727634,0.10387673956262423,989.8453324748144,9716.286369672824,9,L4,aws,L4,g6xlarge,us-west-2,0,C:\Users\FarhadBillimoria\OneDrive - Aurora Energy Research\Documents\Personal\Endog_demand_AI\pyai\data\original\prices\L4\EC2_g6xlarge_us-west-2.csv
2024-04-08,0.10240827760708476,0.10089463220675943,0.10474652087475149,995.0281518553883,9716.286369672824,11,L4,aws,L4,g6xlarge,us-west-2,0,C:\Users\FarhadBillimoria\OneDrive - Aurora Energy Research\Documents\Personal\Endog_demand_AI\pyai\data\original\prices\L4\EC2_g6xlarge_us-west-2.csv
2024-04-09,0.10218377236580517,0.10139165009940358,0.10487077534791252,992.8467946396232,9716.286369672824,8,L4,aws,L4,g6xlarge,us-west-2,0,C:\Users\FarhadBillimoria\OneDrive - Aurora Energy Research\Documents\Personal\Endog_demand_AI\pyai\data\original\prices\L4\EC2_g6xlarge_us-west-2.csv
2024-04-10,0.10346255798542081,0.10188866799204771,0.10598906560636183,1005.2718419252283,9716.286369672824,12,L4,aws,L4,g6xlarge,us-west-2,0,C:\Users\FarhadBillimoria\OneDrive - Aurora Energy Research\Documents\Personal\Endog_demand_AI\pyai\data\original\prices\L4\EC2_g6xlarge_us-west-2.csv
2024-04-11,0.10415009940357853,0.10238568588469184,0.10723161033797217,1011.9521912350598,9716.286369672824,10,L4,aws,L4,g6xlarge,us-west-2,0,C:\Users\FarhadBillimoria\OneDrive - Aurora Energy Research\Documents\Personal\Endog_demand_AI\pyai\data\original\prices\L4\EC2_g6xlarge_us-west-2.csv
2024-04-12,0.10464485812398337,0.10313121272365806,0.1084741550695825,1016.7594086464061,9716.286369672824,11,L4,aws,L4,g6xlarge,us-west-2,0,C:\Users\FarhadBillimoria\OneDrive - Aurora Energy Research\Documents\Personal\Endog_demand_AI\pyai\data\original\prices\L4\EC2_g6xlarge_us-west-2.csv
2024-04-13,0.10644466534128562,0.10375248508946322,0.1099652087475149,1034.2468509799187,9716.286369672824,12,L4,aws,L4,g6xlarge,us-west-2,0,C:\Users\FarhadBillimoria\OneDrive - Aurora Energy Research\Documents\Personal\Endog_demand_AI\pyai\data\original\prices\L4\EC2_g6xlarge_us-west-2.csv
2024-04-14,0.10668489065606361,0.1044980119284294,0.11083499005964215,1036.5809489315466,9716.286369672824,10,L4,aws,L4,g6xlarge,us-west-2,0,C:\Users\FarhadBillimoria\OneDrive - Aurora Energy Research\Documents\Personal\Endog_demand_AI\pyai\data\original\prices\L4\EC2_g6xlarge_us-west-2.csv
2024-04-15,0.10728486225504118,0.10524353876739563,0.11158051689860836,1042.4104448008832,9716.286369672822,7,L4,aws,L4,g6xlarge,us-west-2,0,C:\Users\FarhadBillimoria\OneDrive - Aurora Energy Research\Documents\Personal\Endog_demand_AI\pyai\data\original\prices\L4\EC2_g6xlarge_us-west-2.csv
2024-04-16,0.10877443671305499,0.10561630218687874,0.11245029821073557,1056.8835768038955,9716.286369672824,12,L4,aws,L4,g6xlarge,us-west-2,0,C:\Users\FarhadBillimoria\OneDrive - Aurora Energy Research\Documents\Personal\Endog_demand_AI\pyai\data\original\prices\L4\EC2_g6xlarge_us-west-2.csv
2024-04-17,0.10987823061630217,0.10636182902584491,0.11431411530815108,1067.608354460944,9716.286369672824,10,L4,aws,L4,g6xlarge,us-west-2,0,C:\Users\FarhadBillimoria\OneDrive - Aurora Energy Research\Documents\Personal\Endog_demand_AI\pyai\data\original\prices\L4\EC2_g6xlarge_us-west-2.csv
2024-04-18,0.10973929152358575,0.10673459244532803,0.11505964214711731,1066.2583824481687,9716.286369672824,11,L4,aws,L4,g6xlarge,us-west-2,0,C:\Users\FarhadBillimoria\OneDrive - Aurora Energy Research\Documents\Personal\Endog_demand_AI\pyai\data\original\prices\L4\EC2_g6xlarge_us-west-2.csv
2024-04-19,0.11204025844930417,0.10760437375745525,0.11642644135188868,1088.6152360255946,9716.286369672824,10,L4,aws,L4,g6xlarge,us-west-2,0,C:\Users\FarhadBillimoria\OneDrive - Aurora Energy Research\Documents\Personal\Endog_demand_AI\pyai\data\original\prices\L4\EC2_g6xlarge_us-west-2.csv
2024-04-20,0.11312891879492276,0.10797713717693837,0.11816600397614314,1099.1929717029318,9716.286369672824,13,L4,aws,L4,g6xlarge,us-west-2,0,C:\Users\FarhadBillimoria\OneDrive - Aurora Energy Research\Documents\Personal\Endog_demand_AI\pyai\data\original\prices\L4\EC2_g6xlarge_us-west-2.csv
2024-04-21,0.11383968913789987,0.10859840954274354,0.11978131212723657,1106.0990198983677,9716.286369672824,11,L4,aws,L4,g6xlarge,us-west-2,0,C:\Users\FarhadBillimoria\OneDrive - Aurora Energy Research\Documents\Personal\Endog_demand_AI\pyai\data\original\prices\L4\EC2_g6xlarge_us-west-2.csv
2024-04-22,0.11394135188866798,0.10909542743538767,0.12002982107355864,1107.0868042979596,9716.286369672824,9,L4,aws,L4,g6xlarge,us-west-2,0,C:\Users\FarhadBillimoria\OneDrive - Aurora Energy Research\Documents\Personal\Endog_demand_AI\pyai\data\original\prices\L4\EC2_g6xlarge_us-west-2.csv
2024-04-23,0.11531850563286945,0.1099652087475149,0.12077534791252485,1120.4676244516882,9716.286369672824,12,L4,aws,L4,g6xlarge,us-west-2,0,C:\Users\FarhadBillimoria\OneDrive - Aurora Energy Research\Documents\Personal\Endog_demand_AI\pyai\data\original\prices\L4\EC2_g6xlarge_us-west-2.csv
2024-04-24,0.11544483101391649,0.11120775347912525,0.12114811133200797,1121.6950380296994,9716.286369672824,10,L4,aws,L4,g6xlarge,us-west-2,0,C:\Users\FarhadBillimoria\OneDrive - Aurora Energy Research\Documents\Personal\Endog_demand_AI\pyai\data\original\prices\L4\EC2_g6xlarge_us-west-2.csv
2024-04-25,0.11829025844930416,0.11220178926441353,0.12176938369781312,1149.3420258360497,9716.286369672824,10,L4,aws,L4,g6xlarge,us-west-2,0,C:\Users\FarhadBillimoria\OneDrive - Aurora Energy Research\Documents\Personal\Endog_demand_AI\pyai\data\original\prices\L4\EC2_g6xlarge_us-west-2.csv
2024-04-26,0.11707877733598408,0.11307157057654074,0.12214214711729622,1137.5709284075817,9716.286369672824,8,L4,aws,L4,g6xlarge,us-west-2,0,C:\Users\FarhadBillimoria\OneDrive - Aurora Energy Research\Documents\Personal\Endog_demand_AI\pyai\data\original\prices\L4\EC2_g6xlarge_us-west-2.csv
2024-04-27,0.11929559009578891,0.11456262425447315,0.12276341948310139,1159.1101160097899,9716.286369672824,11,L4,aws,L4,g6xlarge,us-west-2,0,C:\Users\FarhadBillimoria\OneDrive - Aurora Energy Research\Documents\Personal\Endog_demand_AI\pyai\data\original\prices\L4\EC2_g6xlarge_us-west-2.csv
2024-04-28,0.12022185071389843,0.11568091451292248,0.12363320079522863,1168.1099294282924,9716.286369672824,11,L4,aws,L4,g6xlarge,us-west-2,0,C:\Users\FarhadBillimoria\OneDrive - Aurora Energy Research\Documents\Personal\Endog_demand_AI\pyai\data\original\prices\L4\EC2_g6xlarge_us-west-2.csv
2024-04-29,0.12134139606803622,0.11766898608349902,0.12413021868787276,1178.987752692932,9716.286369672824,9,L4,aws,L4,g6xlarge,us-west-2,0,C:\Users\FarhadBillimoria\OneDrive - Aurora Energy Research\Documents\Personal\Endog_demand_AI\pyai\data\original\prices\L4\EC2_g6xlarge_us-west-2.csv
2024-04-30,0.12287637809506596,0.11866302186878727,0.12487574552683896,1193.9020776398536,9716.286369672824,11,L4,aws,L4,g6xlarge,us-west-2,0,C:\Users\FarhadBillimoria\OneDrive - Aurora Energy Research\Documents\Personal\Endog_demand_AI\pyai\data\original\prices\L4\EC2_g6xlarge_us-west-2.csv
2024-05-01,0.12388170974155069,0.11978131212723657,0.12562127236580517,1203.670167813594,9716.286369672824,8,L4,aws,L4,g6xlarge,us-west-2,0,C:\Users\FarhadBillimoria\OneDrive - Aurora Energy Research\Documents\Personal\Endog_demand_AI\pyai\data\original\prices\L4\EC2_g6xlarge_us-west-2.csv
2024-05-02,0.12432224832821256,0.12015407554671968,0.12711232604373757,1207.9505668784916,9716.286369672824,11,L4,aws,L4,g6xlarge,us-west-2,0,C:\Users\FarhadBillimoria\OneDrive - Aurora Energy Research\Documents\Personal\Endog_demand_AI\pyai\data\original\prices\L4\EC2_g6xlarge_us-west-2.csv
2024-05-03,0.12605616302186878,0.1216451292246521,0.12885188866799205,1224.797778582639,9716.286369672824,12,L4,aws,L4,g6xlarge,us-west-2,0,C:\Users\FarhadBillimoria\OneDrive - Aurora Energy Research\Documents\Personal\Endog_demand_AI\pyai\data\original\prices\L4\EC2_g6xlarge_us-west-2.csv
2024-05-04,0.1268513916500994,0.12288767395626242,0.13009443339960236,1232.5244476638898,9716.286369672824,10,L4,aws,L4,g6xlarge,us-west-2,0,C:\Users\FarhadBillimoria\OneDrive - Aurora Energy Research\Documents\Personal\Endog_demand_AI\pyai\data\original\prices\L4\EC2_g6xlarge_us-west-2.csv
2024-05-05,0.1278804446050967,0.12400596421471172,0.1312127236580517,1242.5230208642015,9716.286369672824,11,L4,aws,L4,g6xlarge,us-west-2,0,C:\Users\FarhadBillimoria\OneDrive - Aurora Energy Research\Documents\Personal\Endog_demand_AI\pyai\data\original\prices\L4\EC2_g6xlarge_us-west-2.csv
2024-05-06,0.12757828031809146,0.12512425447316103,0.13146123260437376,1239.5871061209707,9716.286369672824,8,L4,aws,L4,g6xlarge,us-west-2,0,C:\Users\FarhadBillimoria\OneDrive - Aurora Energy Research\Documents\Personal\Endog_demand_AI\pyai\data\original\prices\L4\EC2_g6xlarge_us-west-2.csv
2024-05-07,0.12922465208747516,0.12562127236580517,0.13233101391650098,1255.5837257032476,9716.286369672824,12,L4,aws,L4,g6xlarge,us-west-2,0,C:\Users\FarhadBillimoria\OneDrive - Aurora Energy Research\Documents\Personal\Endog_demand_AI\pyai\data\original\prices\L4\EC2_g6xlarge_us-west-2.csv
2024-05-08,0.12900375524629998,0.12636679920477137,0.13282803180914513,1253.4374287362334,9716.286369672824,9,L4,aws,L4,g6xlarge,us-west-2,0,C:\Users\FarhadBillimoria\OneDrive - Aurora Energy Research\Documents\Personal\Endog_demand_AI\pyai\data\original\prices\L4\EC2_g6xlarge_us-west-2.csv
2024-05-09,0.1303015241882041,0.12723658051689862,0.1334493041749503,1266.0469234174413,9716.286369672824,6,L4,aws,L4,g6xlarge,us-west-2,0,C:\Users\FarhadBillimoria\OneDrive - Aurora Energy Research\Documents\Personal\Endog_demand_AI\pyai\data\original\prices\L4\EC2_g6xlarge_us-west-2.csv
2024-05-15,0.1356858846918489,0.13108846918489064,0.1382952286282306,1318.36291198841,9716.286369672824,5,L4,aws,L4,g6xlarge,us-west-2,0,C:\Users\FarhadBillimoria\OneDrive - Aurora Energy Research\Documents\Personal\Endog_demand_AI\pyai\data\original\prices\L4\EC2_g6xlarge_us-west-2.csv
2024-05-16,0.13633583116684508,0.1312127236580517,0.1394135188866799,1324.6779780644322,9716.286369672824,13,L4,aws,L4,g6xlarge,us-west-2,0,C:\Users\FarhadBillimoria\OneDrive - Aurora Energy Research\Documents\Personal\Endog_demand_AI\pyai\data\original\prices\L4\EC2_g6xlarge_us-west-2.csv
2024-05-17,0.1371079081069141,0.1319582504970179,0.14003479125248508,1332.179698713563,9716.286369672824,9,L4,aws,L4,g6xlarge,us-west-2,0,C:\Users\FarhadBillimoria\OneDrive - Aurora Energy Research\Documents\Personal\Endog_demand_AI\pyai\data\original\prices\L4\EC2_g6xlarge_us-west-2.csv
2024-05-18,0.13658327810912305,0.13233101391650098,0.14065606361829022,1327.0822434169047,9716.286369672824,9,L4,aws,L4,g6xlarge,us-west-2,0,C:\Users\FarhadBillimoria\OneDrive - Aurora Energy Research\Documents\Personal\Endog_demand_AI\pyai\data\original\prices\L4\EC2_g6xlarge_us-west-2.csv
2024-05-19,0.1382161575998554,0.13332504970178927,0.1416500994035785,1342.9477681560259,9716.286369672824,11,L4,aws,L4,g6xlarge,us-west-2,0,C:\Users\FarhadBillimoria\OneDrive - Aurora Energy Research\Documents\Personal\Endog_demand_AI\pyai\data\original\prices\L4\EC2_g6xlarge_us-west-2.csv
2024-05-20,0.1393083804863129,0.13407057654075547,0.14314115308151093,1353.5601185003575,9716.286369672824,13,L4,aws,L4,g6xlarge,us-west-2,0,C:\Users\FarhadBillimoria\OneDrive - Aurora Energy Research\Documents\Personal\Endog_demand_AI\pyai\data\original\prices\L4\EC2_g6xlarge_us-west-2.csv
2024-05-21,0.1397241550695825,0.13481610337972166,0.1442594433399602,1357.5999034166364,9716.286369672824,12,L4,aws,L4,g6xlarge,us-west-2,0,C:\Users\FarhadBillimoria\OneDrive - Aurora Energy Research\Documents\Personal\Endog_demand_AI\pyai\data\original\prices\L4\EC2_g6xlarge_us-west-2.csv
2024-05-22,0.14099776341948309,0.1356858846918489,0.14550198807157055,1369.9746468670771,9716.286369672824,12,L4,aws,L4,g6xlarge,us-west-2,0,C:\Users\FarhadBillimoria\OneDrive - Aurora Energy Research\Documents\Personal\Endog_demand_AI\pyai\data\original\prices\L4\EC2_g6xlarge_us-west-2.csv
2024-05-23,0.14205047492820852,0.13680417495029823,0.14699304174950298,1380.2030933505039,9716.286369672824,9,L4,aws,L4,g6xlarge,us-west-2,0,C:\Users\FarhadBillimoria\OneDrive - Aurora Energy Research\Documents\Personal\Endog_demand_AI\pyai\data\original\prices\L4\EC2_g6xlarge_us-west-2.csv
2024-05-24,0.14391153081510935,0.1379224652087475,0.14898111332007952,1398.2856452975975,9716.286369672824,10,L4,aws,L4,g6xlarge,us-west-2,0,C:\Users\FarhadBillimoria\OneDrive - Aurora Energy Research\Documents\Personal\Endog_demand_AI\pyai\data\original\prices\L4\EC2_g6xlarge_us-west-2.csv
2024-05-25,0.14550198807157055,0.1386679920477137,0.150720675944334,1413.738983460099,9716.286369672824,11,L4,aws,L4,g6xlarge,us-west-2,0,C:\Users\FarhadBillimoria\OneDrive - Aurora Energy Research\Documents\Personal\Endog_demand_AI\pyai\data\original\prices\L4\EC2_g6xlarge_us-west-2.csv
2024-05-26,0.14669934935839507,0.13953777335984094,0.15183896620278328,1425.3728886108458,9716.286369672824,11,L4,aws,L4,g6xlarge,us-west-2,0,C:\Users\FarhadBillimoria\OneDrive - Aurora Energy Research\Documents\Personal\Endog_demand_AI\pyai\data\original\prices\L4\EC2_g6xlarge_us-west-2.csv
2024-05-27,0.14671064521959154,0.14003479125248508,0.15233598409542745,1425.4826424330226,9716.286369672824,11,L4,aws,L4,g6xlarge,us-west-2,0,C:\Users\FarhadBillimoria\OneDrive - Aurora Energy Research\Documents\Personal\Endog_demand_AI\pyai\data\original\prices\L4\EC2_g6xlarge_us-west-2.csv
2024-05-28,0.1486911862160371,0.14214711729622267,0.154324055666004,1444.726145921365,9716.286369672824,9,L4,aws,L4,g6xlarge,us-west-2,0,C:\Users\FarhadBillimoria\OneDrive - Aurora Energy Research\Documents\Personal\Endog_demand_AI\pyai\data\original\prices\L4\EC2_g6xlarge_us-west-2.csv
2024-05-29,0.14979912193505632,0.14326540755467196,0.1555666003976143,1455.491166646545,9716.286369672824,12,L4,aws,L4,g6xlarge,us-west-2,0,C:\Users\FarhadBillimoria\OneDrive - Aurora Energy Research\Documents\Personal\Endog_demand_AI\pyai\data\original\prices\L4\EC2_g6xlarge_us-west-2.csv
2024-05-30,0.15349945779866256,0.14463220675944333,0.15730616302186878,1491.444689561314,9716.286369672824,11,L4,aws,L4,g6xlarge,us-west-2,0,C:\Users\FarhadBillimoria\OneDrive - Aurora Energy Research\Documents\Personal\Endog_demand_AI\pyai\data\original\prices\L4\EC2_g6xlarge_us-west-2.csv
2024-05-31,0.15169696109059924,0.14575049701789264,0.15904572564612326,1473.9311153653782,9716.286369672822,7,L4,aws,L4,g6xlarge,us-west-2,0,C:\Users\FarhadBillimoria\OneDrive - Aurora Energy Research\Documents\Personal\Endog_demand_AI\pyai\data\original\prices\L4\EC2_g6xlarge_us-west-2.csv
2024-06-01,0.1544731610337972,0.14823558648111332,0.16053677932405566,1500.905469032959,9716.286369672824,10,L4,aws,L4,g6xlarge,us-west-2,0,C:\Users\FarhadBillimoria\OneDrive - Aurora Energy Research\Documents\Personal\Endog_demand_AI\pyai\data\original\prices\L4\EC2_g6xlarge_us-west-2.csv
2024-06-02,0.15569085487077533,0.14922962226640157,0.16302186878727634,1512.736931063624,9716.286369672824,12,L4,aws,L4,g6xlarge,us-west-2,0,C:\Users\FarhadBillimoria\OneDrive - Aurora Energy Research\Documents\Personal\Endog_demand_AI\pyai\data\original\prices\L4\EC2_g6xlarge_us-west-2.csv
2024-06-03,0.15706894993674317,0.1504721669980119,0.16401590457256462,1526.1268973692008,9716.286369672824,11,L4,aws,L4,g6xlarge,us-west-2,0,C:\Users\FarhadBillimoria\OneDrive - Aurora Energy Research\Documents\Personal\Endog_demand_AI\pyai\data\original\prices\L4\EC2_g6xlarge_us-west-2.csv
2024-06-04,0.15823807157057654,0.15171471172962225,0.1647614314115308,1537.4864179645056,9716.286369672824,10,L4,aws,L4,g6xlarge,us-west-2,0,C:\Users\FarhadBillimoria\OneDrive - Aurora Energy Research\Documents\Personal\Endog_demand_AI\pyai\data\original\prices\L4\EC2_g6xlarge_us-west-2.csv
2024-06-05,0.1582225397614314,0.15295725646123262,0.16587972166998013,1537.3355064590123,9716.286369672824,8,L4,aws,L4,g6xlarge,us-west-2,0,C:\Users\FarhadBillimoria\OneDrive - Aurora Energy Research\Documents\Personal\Endog_demand_AI\pyai\data\original\prices\L4\EC2_g6xlarge_us-west-2.csv
2024-06-06,0.16029956623893005,0.15357852882703776,0.16848906560636184,1557.516490511782,9716.286369672824,11,L4,aws,L4,g6xlarge,us-west-2,0,C:\Users\FarhadBillimoria\OneDrive - Aurora Energy Research\Documents\Personal\Endog_demand_AI\pyai\data\original\prices\L4\EC2_g6xlarge_us-west-2.csv
2024-06-07,0.16182450750045183,0.15494532803180916,0.1706013916500994,1572.3332565056576,9716.286369672824,11,L4,aws,L4,g6xlarge,us-west-2,0,C:\Users\FarhadBillimoria\OneDrive - Aurora Energy Research\Documents\Personal\Endog_demand_AI\pyai\data\original\prices\L4\EC2_g6xlarge_us-west-2.csv
2024-06-08,0.16129611221559528,0.15618787276341947,0.17159542743538767,1567.199216601607,9716.286369672824,9,L4,aws,L4,g6xlarge,us-west-2,0,C:\Users\FarhadBillimoria\OneDrive - Aurora Energy Research\Documents\Personal\Endog_demand_AI\pyai\data\original\prices\L4\EC2_g6xlarge_us-west-2.csv
2024-06-09,0.16549315219792357,0.1576789264413519,0.17408051689860835,1607.9788589748748,9716.286369672824,9,L4,aws,L4,g6xlarge,us-west-2,0,C:\Users\FarhadBillimoria\OneDrive - Aurora Energy Research\Documents\Personal\Endog_demand_AI\pyai\data\original\prices\L4\EC2_g6xlarge_us-west-2.csv
2024-06-22,0.12705019880715707,0.121272365805169,0.13282803180914513,1234.4561149342026,9716.286369672824,2,L4,aws,L4,g6xlarge,us-west-2,0,C:\Users\FarhadBillimoria\OneDrive - Aurora Energy Research\Documents\Personal\Endog_demand_AI\pyai\data\original\prices\L4\EC2_g6xlarge_us-west-2.csv
2024-06-23,0.11938783962889331,0.10760437375745525,0.13071570576540753,1160.006438890901,9716.286369672824,12,L4,aws,L4,g6xlarge,us-west-2,0,C:\Users\FarhadBillimoria\OneDrive - Aurora Energy Research\Documents\Personal\Endog_demand_AI\pyai\data\original\prices\L4\EC2_g6xlarge_us-west-2.csv
2024-06-24,0.11131958250497016,0.10077037773359841,0.12288767395626242,1081.612942170711,9716.286369672824,10,L4,aws,L4,g6xlarge,us-west-2,0,C:\Users\FarhadBillimoria\OneDrive - Aurora Energy Research\Documents\Personal\Endog_demand_AI\pyai\data\original\prices\L4\EC2_g6xlarge_us-west-2.csv
2024-06-25,0.10886245029821073,0.10574055666003976,0.11394135188866798,1057.73874200169,9716.286369672824,8,L4,aws,L4,g6xlarge,us-west-2,0,C:\Users\FarhadBillimoria\OneDrive - Aurora Energy Research\Documents\Personal\Endog_demand_AI\pyai\data\original\prices\L4\EC2_g6xlarge_us-west-2.csv
2024-06-26,0.10302076430307046,0.1000248508946322,0.1062375745526839,1000.9792479912002,9716.286369672824,9,L4,aws,L4,g6xlarge,us-west-2,0,C:\Users\FarhadBillimoria\OneDrive - Aurora Energy Research\Documents\Personal\Endog_demand_AI\pyai\data\original\prices\L4\EC2_g6xlarge_us-west-2.csv
2024-06-27,0.10072895957587806,0.1000248508946322,0.10250994035785288,978.7114169584288,9716.286369672824,6,L4,aws,L4,g6xlarge,us-west-2,0,C:\Users\FarhadBillimoria\OneDrive - Aurora Energy Research\Documents\Personal\Endog_demand_AI\pyai\data\original\prices\L4\EC2_g6xlarge_us-west-2.csv
2024-06-28,0.1000248508946322,0.1000248508946322,0.1000248508946322,971.8700953760714,9716.286369672824,1,L4,aws,L4,g6xlarge,us-west-2,0,C:\Users\FarhadBillimoria\OneDrive - Aurora Energy Research\Documents\Personal\Endog_demand_AI\pyai\data\original\prices\L4\EC2_g6xlarge_us-west-2.csv
2024-06-29,0.1000248508946322,0.1000248508946322,0.1000248508946322,971.8700953760714,9716.286369672824,1,L4,aws,L4,g6xlarge,us-west-2,0,C:\Users\FarhadBillimoria\OneDrive - Aurora Energy Research\Documents\Personal\Endog_demand_AI\pyai\data\original\prices\L4\EC2_g6xlarge_us-west-2.csv
2024-06-30,0.1000248508946322,0.1000248508946322,0.1000248508946322,971.8700953760714,9716.286369672824,1,L4,aws,L4,g6xlarge,us-west-2,0,C:\Users\FarhadBillimoria\OneDrive - Aurora Energy Research\Documents\Personal\Endog_demand_AI\pyai\data\original\prices\L4\EC2_g6xlarge_us-west-2.csv
2024-07-01,0.1000248508946322,0.1000248508946322,0.1000248508946322,971.8700953760714,9716.286369672824,1,L4,aws,L4,g6xlarge,us-west-2,0,C:\Users\FarhadBillimoria\OneDrive - Aurora Energy Research\Documents\Personal\Endog_demand_AI\pyai\data\original\prices\L4\EC2_g6xlarge_us-west-2.csv
2024-07-02,0.1000248508946322,0.1000248508946322,0.1000248508946322,971.8700953760714,9716.286369672824,1,L4,aws,L4,g6xlarge,us-west-2,0,C:\Users\FarhadBillimoria\OneDrive - Aurora Energy Research\Documents\Personal\Endog_demand_AI\pyai\data\original\prices\L4\EC2_g6xlarge_us-west-2.csv
2024-07-03,0.1000248508946322,0.1000248508946322,0.1000248508946322,971.8700953760714,9716.286369672824,1,L4,aws,L4,g6xlarge,us-west-2,0,C:\Users\FarhadBillimoria\OneDrive - Aurora Energy Research\Documents\Personal\Endog_demand_AI\pyai\data\original\prices\L4\EC2_g6xlarge_us-west-2.csv
2024-07-04,0.1000248508946322,0.1000248508946322,0.1000248508946322,971.8700953760714,9716.286369672824,1,L4,aws,L4,g6xlarge,us-west-2,0,C:\Users\FarhadBillimoria\OneDrive - Aurora Energy Research\Documents\Personal\Endog_demand_AI\pyai\data\original\prices\L4\EC2_g6xlarge_us-west-2.csv
2024-07-05,0.1007703777335984,0.1000248508946322,0.10176441351888668,979.113847639744,9716.286369672824,5,L4,aws,L4,g6xlarge,us-west-2,0,C:\Users\FarhadBillimoria\OneDrive - Aurora Energy Research\Documents\Personal\Endog_demand_AI\pyai\data\original\prices\L4\EC2_g6xlarge_us-west-2.csv
2024-07-06,0.10083250497017891,0.1000248508946322,0.10213717693836977,979.7174936617166,9716.286369672824,6,L4,aws,L4,g6xlarge,us-west-2,0,C:\Users\FarhadBillimoria\OneDrive - Aurora Energy Research\Documents\Personal\Endog_demand_AI\pyai\data\original\prices\L4\EC2_g6xlarge_us-west-2.csv
2024-07-07,0.10190641863107072,0.1000248508946322,0.10474652087475149,990.1519463272451,9716.286369672822,7,L4,aws,L4,g6xlarge,us-west-2,0,C:\Users\FarhadBillimoria\OneDrive - Aurora Energy Research\Documents\Personal\Endog_demand_AI\pyai\data\original\prices\L4\EC2_g6xlarge_us-west-2.csv
2024-07-08,0.1000248508946322,0.1000248508946322,0.1000248508946322,971.8700953760714,9716.286369672824,2,L4,aws,L4,g6xlarge,us-west-2,0,C:\Users\FarhadBillimoria\OneDrive - Aurora Energy Research\Documents\Personal\Endog_demand_AI\pyai\data\original\prices\L4\EC2_g6xlarge_us-west-2.csv
2024-07-09,0.10027335984095427,0.1000248508946322,0.10089463220675943,974.2846794639622,9716.286369672824,6,L4,aws,L4,g6xlarge,us-west-2,0,C:\Users\FarhadBillimoria\OneDrive - Aurora Energy Research\Documents\Personal\Endog_demand_AI\pyai\data\original\prices\L4\EC2_g6xlarge_us-west-2.csv
2024-07-10,0.10059952783300198,0.1000248508946322,0.10188866799204771,977.453821079319,9716.286369672824,8,L4,aws,L4,g6xlarge,us-west-2,0,C:\Users\FarhadBillimoria\OneDrive - Aurora Energy Research\Documents\Personal\Endog_demand_AI\pyai\data\original\prices\L4\EC2_g6xlarge_us-west-2.csv
2024-07-11,0.1000248508946322,0.1000248508946322,0.1000248508946322,971.8700953760714,9716.286369672824,3,L4,aws,L4,g6xlarge,us-west-2,0,C:\Users\FarhadBillimoria\OneDrive - Aurora Energy Research\Documents\Personal\Endog_demand_AI\pyai\data\original\prices\L4\EC2_g6xlarge_us-west-2.csv
2024-07-12,0.1000248508946322,0.1000248508946322,0.1000248508946322,971.8700953760714,9716.286369672824,3,L4,aws,L4,g6xlarge,us-west-2,0,C:\Users\FarhadBillimoria\OneDrive - Aurora Energy Research\Documents\Personal\Endog_demand_AI\pyai\data\original\prices\L4\EC2_g6xlarge_us-west-2.csv
2024-07-13,0.10045974155069583,0.1000248508946322,0.10139165009940358,976.0956175298805,9716.286369672824,6,L4,aws,L4,g6xlarge,us-west-2,0,C:\Users\FarhadBillimoria\OneDrive - Aurora Energy Research\Documents\Personal\Endog_demand_AI\pyai\data\original\prices\L4\EC2_g6xlarge_us-west-2.csv
2024-07-14,0.10164015904572564,0.1000248508946322,0.10387673956262423,987.564891947362,9716.286369672824,8,L4,aws,L4,g6xlarge,us-west-2,0,C:\Users\FarhadBillimoria\OneDrive - Aurora Energy Research\Documents\Personal\Endog_demand_AI\pyai\data\original\prices\L4\EC2_g6xlarge_us-west-2.csv
2024-07-15,0.10193836978131213,0.1000248508946322,0.10362823061630219,990.462392852831,9716.286369672824,10,L4,aws,L4,g6xlarge,us-west-2,0,C:\Users\FarhadBillimoria\OneDrive - Aurora Energy Research\Documents\Personal\Endog_demand_AI\pyai\data\original\prices\L4\EC2_g6xlarge_us-west-2.csv
2024-07-16,0.10264972664015903,0.1000248508946322,0.10524353876739563,997.3741398044186,9716.286369672824,8,L4,aws,L4,g6xlarge,us-west-2,0,C:\Users\FarhadBillimoria\OneDrive - Aurora Energy Research\Documents\Personal\Endog_demand_AI\pyai\data\original\prices\L4\EC2_g6xlarge_us-west-2.csv
2024-07-17,0.10059952783300198,0.1000248508946322,0.1015159045725646,977.453821079319,9716.286369672824,8,L4,aws,L4,g6xlarge,us-west-2,0,C:\Users\FarhadBillimoria\OneDrive - Aurora Energy Research\Documents\Personal\Endog_demand_AI\pyai\data\original\prices\L4\EC2_g6xlarge_us-west-2.csv
2024-07-18,0.10066683233929753,0.1000248508946322,0.10188866799204771,978.1077709364562,9716.286369672824,6,L4,aws,L4,g6xlarge,us-west-2,0,C:\Users\FarhadBillimoria\OneDrive - Aurora Energy Research\Documents\Personal\Endog_demand_AI\pyai\data\original\prices\L4\EC2_g6xlarge_us-west-2.csv
2024-07-19,0.10110172299536117,0.1000248508946322,0.10313121272365806,982.3332930902652,9716.286369672824,6,L4,aws,L4,g6xlarge,us-west-2,0,C:\Users\FarhadBillimoria\OneDrive - Aurora Energy Research\Documents\Personal\Endog_demand_AI\pyai\data\original\prices\L4\EC2_g6xlarge_us-west-2.csv
2024-07-20,0.10115556660039762,0.1000248508946322,0.10288270377733598,982.8564529759748,9716.286369672824,10,L4,aws,L4,g6xlarge,us-west-2,0,C:\Users\FarhadBillimoria\OneDrive - Aurora Energy Research\Documents\Personal\Endog_demand_AI\pyai\data\original\prices\L4\EC2_g6xlarge_us-west-2.csv
2024-07-21,0.1013364258891098,0.1000248508946322,0.10325546719681908,984.6137336177176,9716.286369672824,9,L4,aws,L4,g6xlarge,us-west-2,0,C:\Users\FarhadBillimoria\OneDrive - Aurora Energy Research\Documents\Personal\Endog_demand_AI\pyai\data\original\prices\L4\EC2_g6xlarge_us-west-2.csv
2024-07-22,0.10176441351888667,0.1000248508946322,0.10387673956262423,988.7721839913074,9716.286369672824,8,L4,aws,L4,g6xlarge,us-west-2,0,C:\Users\FarhadBillimoria\OneDrive - Aurora Energy Research\Documents\Personal\Endog_demand_AI\pyai\data\original\prices\L4\EC2_g6xlarge_us-west-2.csv
2024-07-23,0.10260658272586702,0.1000248508946322,0.10611332007952287,996.9549411780487,9716.286369672824,9,L4,aws,L4,g6xlarge,us-west-2,0,C:\Users\FarhadBillimoria\OneDrive - Aurora Energy Research\Documents\Personal\Endog_demand_AI\pyai\data\original\prices\L4\EC2_g6xlarge_us-west-2.csv
2024-07-24,0.1000248508946322,0.1000248508946322,0.1000248508946322,971.8700953760714,9716.286369672824,3,L4,aws,L4,g6xlarge,us-west-2,0,C:\Users\FarhadBillimoria\OneDrive - Aurora Energy Research\Documents\Personal\Endog_demand_AI\pyai\data\original\prices\L4\EC2_g6xlarge_us-west-2.csv
2024-07-25,0.10081179589131874,0.1000248508946322,0.10238568588469184,979.5162783210591,9716.286369672824,3,L4,aws,L4,g6xlarge,us-west-2,0,C:\Users\FarhadBillimoria\OneDrive - Aurora Energy Research\Documents\Personal\Endog_demand_AI\pyai\data\original\prices\L4\EC2_g6xlarge_us-west-2.csv
2024-07-26,0.10342113982770046,0.1000248508946322,0.10685884691848906,1004.8694112439131,9716.286369672824,12,L4,aws,L4,g6xlarge,us-west-2,0,C:\Users\FarhadBillimoria\OneDrive - Aurora Energy Research\Documents\Personal\Endog_demand_AI\pyai\data\original\prices\L4\EC2_g6xlarge_us-west-2.csv
2024-07-27,0.10928745707572744,0.10474652087475149,0.11381709741550695,1061.8682295610945,9716.286369672824,11,L4,aws,L4,g6xlarge,us-west-2,0,C:\Users\FarhadBillimoria\OneDrive - Aurora Energy Research\Documents\Personal\Endog_demand_AI\pyai\data\original\prices\L4\EC2_g6xlarge_us-west-2.csv
2024-07-28,0.11371769383697812,0.10946819085487078,0.11829025844930417,1104.9136786188578,9716.286369672824,10,L4,aws,L4,g6xlarge,us-west-2,0,C:\Users\FarhadBillimoria\OneDrive - Aurora Energy Research\Documents\Personal\Endog_demand_AI\pyai\data\original\prices\L4\EC2_g6xlarge_us-west-2.csv
2024-07-29,0.12073984663447883,0.11493538767395627,0.1291003976143141,1173.1429261309738,9716.286369672822,14,L4,aws,L4,g6xlarge,us-west-2,0,C:\Users\FarhadBillimoria\OneDrive - Aurora Energy Research\Documents\Personal\Endog_demand_AI\pyai\data\original\prices\L4\EC2_g6xlarge_us-west-2.csv
2024-07-30,0.12589463220675945,0.11978131212723657,0.13307654075546718,1223.22829892551,9716.286369672824,10,L4,aws,L4,g6xlarge,us-west-2,0,C:\Users\FarhadBillimoria\OneDrive - Aurora Energy Research\Documents\Personal\Endog_demand_AI\pyai\data\original\prices\L4\EC2_g6xlarge_us-west-2.csv
2024-07-31,0.13210735586481112,0.12711232604373757,0.14003479125248508,1283.5929011227813,9716.286369672824,10,L4,aws,L4,g6xlarge,us-west-2,0,C:\Users\FarhadBillimoria\OneDrive - Aurora Energy Research\Documents\Personal\Endog_demand_AI\pyai\data\original\prices\L4\EC2_g6xlarge_us-west-2.csv
2024-08-01,0.13803542382071207,0.13071570576540753,0.1486083499005964,1341.1917070011962,9716.286369672824,11,L4,aws,L4,g6xlarge,us-west-2,0,C:\Users\FarhadBillimoria\OneDrive - Aurora Energy Research\Documents\Personal\Endog_demand_AI\pyai\data\original\prices\L4\EC2_g6xlarge_us-west-2.csv
2024-08-02,0.14681230797035966,0.14003479125248508,0.15643638170974156,1426.4704268326143,9716.286369672824,11,L4,aws,L4,g6xlarge,us-west-2,0,C:\Users\FarhadBillimoria\OneDrive - Aurora Energy Research\Documents\Personal\Endog_demand_AI\pyai\data\original\prices\L4\EC2_g6xlarge_us-west-2.csv
2024-08-03,0.1513080607265498,0.14463220675944333,0.16190357852882703,1470.1524480590035,9716.286369672824,11,L4,aws,L4,g6xlarge,us-west-2,0,C:\Users\FarhadBillimoria\OneDrive - Aurora Energy Research\Documents\Personal\Endog_demand_AI\pyai\data\original\prices\L4\EC2_g6xlarge_us-west-2.csv
2024-08-04,0.15622514910536778,0.1481113320079523,0.1666252485089463,1517.9282868525895,9716.286369672824,10,L4,aws,L4,g6xlarge,us-west-2,0,C:\Users\FarhadBillimoria\OneDrive - Aurora Energy Research\Documents\Personal\Endog_demand_AI\pyai\data\original\prices\L4\EC2_g6xlarge_us-west-2.csv
2024-08-05,0.16869239110789808,0.15494532803180916,0.18029324055666004,1639.0635803891869,9716.286369672824,11,L4,aws,L4,g6xlarge,us-west-2,0,C:\Users\FarhadBillimoria\OneDrive - Aurora Energy Research\Documents\Personal\Endog_demand_AI\pyai\data\original\prices\L4\EC2_g6xlarge_us-west-2.csv
2024-08-06,0.1733462859208386,0.1566848906560636,0.19445825049701787,1684.2821551260522,9716.286369672824,11,L4,aws,L4,g6xlarge,us-west-2,0,C:\Users\FarhadBillimoria\OneDrive - Aurora Energy Research\Documents\Personal\Endog_demand_AI\pyai\data\original\prices\L4\EC2_g6xlarge_us-west-2.csv
2024-08-07,0.17736290589794565,0.15954274353876738,0.19843439363817097,1723.308785061773,9716.286369672824,12,L4,aws,L4,g6xlarge,us-west-2,0,C:\Users\FarhadBillimoria\OneDrive - Aurora Energy Research\Documents\Personal\Endog_demand_AI\pyai\data\original\prices\L4\EC2_g6xlarge_us-west-2.csv
2024-08-08,0.1882579522862823,0.16824055666003976,0.20949304174950298,1829.1681757817216,9716.286369672824,10,L4,aws,L4,g6xlarge,us-west-2,0,C:\Users\FarhadBillimoria\OneDrive - Aurora Energy Research\Documents\Personal\Endog_demand_AI\pyai\data\original\prices\L4\EC2_g6xlarge_us-west-2.csv
2024-08-09,0.20136472829688534,0.17345924453280318,0.2216699801192843,1956.5173648838988,9716.286369672824,12,L4,aws,L4,g6xlarge,us-west-2,0,C:\Users\FarhadBillimoria\OneDrive - Aurora Energy Research\Documents\Personal\Endog_demand_AI\pyai\data\original\prices\L4\EC2_g6xlarge_us-west-2.csv
2024-08-10,0.21177480571118742,0.18824552683896617,0.22813121272365805,2057.664658171721,9716.286369672824,11,L4,aws,L4,g6xlarge,us-west-2,0,C:\Users\FarhadBillimoria\OneDrive - Aurora Energy Research\Documents\Personal\Endog_demand_AI\pyai\data\original\prices\L4\EC2_g6xlarge_us-west-2.csv
2024-08-11,0.2188121272365805,0.19681908548707755,0.23745029821073557,2126.0412893879025,9716.286369672824,9,L4,aws,L4,g6xlarge,us-west-2,0,C:\Users\FarhadBillimoria\OneDrive - Aurora Energy Research\Documents\Personal\Endog_demand_AI\pyai\data\original\prices\L4\EC2_g6xlarge_us-west-2.csv
2024-08-12,0.23234456894993674,0.20489562624254473,0.2504970178926441,2257.5263683557782,9716.286369672824,11,L4,aws,L4,g6xlarge,us-west-2,0,C:\Users\FarhadBillimoria\OneDrive - Aurora Energy Research\Documents\Personal\Endog_demand_AI\pyai\data\original\prices\L4\EC2_g6xlarge_us-west-2.csv
2024-08-13,0.2416231776010603,0.2135934393638171,0.26428926441351885,2347.679987122218,9716.286369672824,12,L4,aws,L4,g6xlarge,us-west-2,0,C:\Users\FarhadBillimoria\OneDrive - Aurora Energy Research\Documents\Personal\Endog_demand_AI\pyai\data\original\prices\L4\EC2_g6xlarge_us-west-2.csv
2024-08-14,0.2583043406229291,0.22800695825049702,0.2801938369781312,2509.758944021892,9716.286369672824,12,L4,aws,L4,g6xlarge,us-west-2,0,C:\Users\FarhadBillimoria\OneDrive - Aurora Energy Research\Documents\Personal\Endog_demand_AI\pyai\data\original\prices\L4\EC2_g6xlarge_us-west-2.csv
2024-08-15,0.27082956804626784,0.23943836978131214,0.29199801192842945,2631.4576405123307,9716.286369672824,11,L4,aws,L4,g6xlarge,us-west-2,0,C:\Users\FarhadBillimoria\OneDrive - Aurora Energy Research\Documents\Personal\Endog_demand_AI\pyai\data\original\prices\L4\EC2_g6xlarge_us-west-2.csv
2024-08-16,0.28274670160853066,0.2503727634194831,0.3039264413518887,2747.2479229089154,9716.286369672824,11,L4,aws,L4,g6xlarge,us-west-2,0,C:\Users\FarhadBillimoria\OneDrive - Aurora Energy Research\Documents\Personal\Endog_demand_AI\pyai\data\original\prices\L4\EC2_g6xlarge_us-west-2.csv
2024-08-17,0.297809298057807,0.2625497017892644,0.3312624254473161,2893.600423480901,9716.286369672824,13,L4,aws,L4,g6xlarge,us-west-2,0,C:\Users\FarhadBillimoria\OneDrive - Aurora Energy Research\Documents\Personal\Endog_demand_AI\pyai\data\original\prices\L4\EC2_g6xlarge_us-west-2.csv
2024-08-18,0.31627281763961684,0.2789512922465209,0.3446819085487077,3072.997267129828,9716.286369672824,11,L4,aws,L4,g6xlarge,us-west-2,0,C:\Users\FarhadBillimoria\OneDrive - Aurora Energy Research\Documents\Personal\Endog_demand_AI\pyai\data\original\prices\L4\EC2_g6xlarge_us-west-2.csv
2024-08-19,0.3425695825049702,0.290506958250497,0.37102385685884687,3328.5041651575516,9716.286369672824,13,L4,aws,L4,g6xlarge,us-west-2,0,C:\Users\FarhadBillimoria\OneDrive - Aurora Energy Research\Documents\Personal\Endog_demand_AI\pyai\data\original\prices\L4\EC2_g6xlarge_us-west-2.csv
2024-08-20,0.3446819085487077,0.30703280318091447,0.38009443339960236,3349.0281299046237,9716.286369672824,11,L4,aws,L4,g6xlarge,us-west-2,0,C:\Users\FarhadBillimoria\OneDrive - Aurora Energy Research\Documents\Personal\Endog_demand_AI\pyai\data\original\prices\L4\EC2_g6xlarge_us-west-2.csv
2024-08-21,0.3726956443159226,0.31958250497017887,0.4039512922465208,3621.2176089032296,9716.286369672824,11,L4,aws,L4,g6xlarge,us-west-2,0,C:\Users\FarhadBillimoria\OneDrive - Aurora Energy Research\Documents\Personal\Endog_demand_AI\pyai\data\original\prices\L4\EC2_g6xlarge_us-west-2.csv
2024-08-22,0.3846504307488403,0.33412027833001984,0.4163767395626242,3737.373737373737,9716.286369672824,12,L4,aws,L4,g6xlarge,us-west-2,0,C:\Users\FarhadBillimoria\OneDrive - Aurora Energy Research\Documents\Personal\Endog_demand_AI\pyai\data\original\prices\L4\EC2_g6xlarge_us-west-2.csv
2024-08-23,0.39817345924453285,0.3563618290258449,0.4346421471172962,3868.7673548231314,9716.286369672824,10,L4,aws,L4,g6xlarge,us-west-2,0,C:\Users\FarhadBillimoria\OneDrive - Aurora Energy Research\Documents\Personal\Endog_demand_AI\pyai\data\original\prices\L4\EC2_g6xlarge_us-west-2.csv
2024-08-24,0.42114811133200797,0.367917495029821,0.4617296222664016,4091.995653748642,9716.286369672824,10,L4,aws,L4,g6xlarge,us-west-2,0,C:\Users\FarhadBillimoria\OneDrive - Aurora Energy Research\Documents\Personal\Endog_demand_AI\pyai\data\original\prices\L4\EC2_g6xlarge_us-west-2.csv
2024-08-25,0.42798210735586484,0.38083996023856853,0.46993041749502984,4158.39671616564,9716.286369672824,10,L4,aws,L4,g6xlarge,us-west-2,0,C:\Users\FarhadBillimoria\OneDrive - Aurora Energy Research\Documents\Personal\Endog_demand_AI\pyai\data\original\prices\L4\EC2_g6xlarge_us-west-2.csv
2024-08-26,0.44343660260658274,0.40047216699801186,0.46843936381709733,4308.5570177203645,9716.286369672824,9,L4,aws,L4,g6xlarge,us-west-2,0,C:\Users\FarhadBillimoria\OneDrive - Aurora Energy Research\Documents\Personal\Endog_demand_AI\pyai\data\original\prices\L4\EC2_g6xlarge_us-west-2.csv
2024-08-27,0.44861042080848246,0.4114065606361829,0.4639662027833002,4358.827316994647,9716.286369672824,12,L4,aws,L4,g6xlarge,us-west-2,0,C:\Users\FarhadBillimoria\OneDrive - Aurora Energy Research\Documents\Personal\Endog_demand_AI\pyai\data\original\prices\L4\EC2_g6xlarge_us-west-2.csv
2024-08-28,0.45056742876076866,0.43551192842942343,0.4616053677932405,4377.842166686788,9716.286369672824,12,L4,aws,L4,g6xlarge,us-west-2,0,C:\Users\FarhadBillimoria\OneDrive - Aurora Energy Research\Documents\Personal\Endog_demand_AI\pyai\data\original\prices\L4\EC2_g6xlarge_us-west-2.csv
2024-08-29,0.44153262244713537,0.430168986083499,0.4537773359840954,4290.057401248999,9716.286369672824,11,L4,aws,L4,g6xlarge,us-west-2,0,C:\Users\FarhadBillimoria\OneDrive - Aurora Energy Research\Documents\Personal\Endog_demand_AI\pyai\data\original\prices\L4\EC2_g6xlarge_us-west-2.csv
2024-08-30,0.43369781312127237,0.4238320079522863,0.4453280318091451,4213.93215018713,9716.286369672824,10,L4,aws,L4,g6xlarge,us-west-2,0,C:\Users\FarhadBillimoria\OneDrive - Aurora Energy Research\Documents\Personal\Endog_demand_AI\pyai\data\original\prices\L4\EC2_g6xlarge_us-west-2.csv
2024-08-31,0.4213278024162716,0.41389165009940354,0.4269383697813121,4093.741583781424,9716.286369672824,13,L4,aws,L4,g6xlarge,us-west-2,0,C:\Users\FarhadBillimoria\OneDrive - Aurora Energy Research\Documents\Personal\Endog_demand_AI\pyai\data\original\prices\L4\EC2_g6xlarge_us-west-2.csv
2024-09-01,0.4136431411530815,0.40022365805168986,0.42544731610337966,4019.075214294338,9716.286369672824,11,L4,aws,L4,g6xlarge,us-west-2,0,C:\Users\FarhadBillimoria\OneDrive - Aurora Energy Research\Documents\Personal\Endog_demand_AI\pyai\data\original\prices\L4\EC2_g6xlarge_us-west-2.csv
2024-09-02,0.4104435884691849,0.3875497017892644,0.426565606361829,3987.987444162743,9716.286369672824,12,L4,aws,L4,g6xlarge,us-west-2,0,C:\Users\FarhadBillimoria\OneDrive - Aurora Energy Research\Documents\Personal\Endog_demand_AI\pyai\data\original\prices\L4\EC2_g6xlarge_us-west-2.csv
2024-09-03,0.40432405566600393,0.3828280318091451,0.42134691848906564,3928.5283109984302,9716.286369672824,12,L4,aws,L4,g6xlarge,us-west-2,0,C:\Users\FarhadBillimoria\OneDrive - Aurora Energy Research\Documents\Personal\Endog_demand_AI\pyai\data\original\prices\L4\EC2_g6xlarge_us-west-2.csv
2024-09-04,0.4048832007952286,0.3829522862823061,0.4181163021868788,3933.9611251961846,9716.286369672824,12,L4,aws,L4,g6xlarge,us-west-2,0,C:\Users\FarhadBillimoria\OneDrive - Aurora Energy Research\Documents\Personal\Endog_demand_AI\pyai\data\original\prices\L4\EC2_g6xlarge_us-west-2.csv
2024-09-05,0.4023484095427435,0.3853131212723658,0.4137673956262426,3909.332367499698,9716.286369672824,10,L4,aws,L4,g6xlarge,us-west-2,0,C:\Users\FarhadBillimoria\OneDrive - Aurora Energy Research\Documents\Personal\Endog_demand_AI\pyai\data\original\prices\L4\EC2_g6xlarge_us-west-2.csv
2024-09-06,0.4039305831676607,0.3879224652087475,0.4206013916500994,3924.7052195259366,9716.286369672824,12,L4,aws,L4,g6xlarge,us-west-2,0,C:\Users\FarhadBillimoria\OneDrive - Aurora Energy Research\Documents\Personal\Endog_demand_AI\pyai\data\original\prices\L4\EC2_g6xlarge_us-west-2.csv
2024-09-07,0.4084741550695825,0.39326540755467193,0.4232107355864811,3968.8518652662074,9716.286369672824,10,L4,aws,L4,g6xlarge,us-west-2,0,C:\Users\FarhadBillimoria\OneDrive - Aurora Energy Research\Documents\Personal\Endog_demand_AI\pyai\data\original\prices\L4\EC2_g6xlarge_us-west-2.csv
2024-09-08,0.40713220675944334,0.3974900596421471,0.41749502982107356,3955.8131111915973,9716.286369672824,10,L4,aws,L4,g6xlarge,us-west-2,0,C:\Users\FarhadBillimoria\OneDrive - Aurora Energy Research\Documents\Personal\Endog_demand_AI\pyai\data\original\prices\L4\EC2_g6xlarge_us-west-2.csv
2024-09-09,0.40894632206759446,0.3967445328031809,0.41898608349900596,3973.4395750332005,9716.286369672824,10,L4,aws,L4,g6xlarge,us-west-2,0,C:\Users\FarhadBillimoria\OneDrive - Aurora Energy Research\Documents\Personal\Endog_demand_AI\pyai\data\original\prices\L4\EC2_g6xlarge_us-west-2.csv
2024-09-10,0.4026409723477318,0.3912773359840954,0.4135188866799204,3912.1749914940783,9716.286369672824,11,L4,aws,L4,g6xlarge,us-west-2,0,C:\Users\FarhadBillimoria\OneDrive - Aurora Energy Research\Documents\Personal\Endog_demand_AI\pyai\data\original\prices\L4\EC2_g6xlarge_us-west-2.csv
2024-09-11,0.3990087254252264,0.38953777335984097,0.41612823061630216,3876.8830402296535,9716.286369672824,9,L4,aws,L4,g6xlarge,us-west-2,0,C:\Users\FarhadBillimoria\OneDrive - Aurora Energy Research\Documents\Personal\Endog_demand_AI\pyai\data\original\prices\L4\EC2_g6xlarge_us-west-2.csv
2024-09-12,0.3958954605699138,0.38593439363817095,0.40979125248508946,3846.633667350799,9716.286369672824,12,L4,aws,L4,g6xlarge,us-west-2,0,C:\Users\FarhadBillimoria\OneDrive - Aurora Energy Research\Documents\Personal\Endog_demand_AI\pyai\data\original\prices\L4\EC2_g6xlarge_us-west-2.csv
2024-09-13,0.392426689860835,0.37549701789264417,0.4010934393638171,3812.930097790655,9716.286369672824,12,L4,aws,L4,g6xlarge,us-west-2,0,C:\Users\FarhadBillimoria\OneDrive - Aurora Energy Research\Documents\Personal\Endog_demand_AI\pyai\data\original\prices\L4\EC2_g6xlarge_us-west-2.csv
2024-09-14,0.3901590457256461,0.3732604373757455,0.39848409542743535,3790.897017988651,9716.286369672824,12,L4,aws,L4,g6xlarge,us-west-2,0,C:\Users\FarhadBillimoria\OneDrive - Aurora Energy Research\Documents\Personal\Endog_demand_AI\pyai\data\original\prices\L4\EC2_g6xlarge_us-west-2.csv
2024-09-15,0.3837392312789927,0.36468687872763417,0.39500497017892644,3728.520262384804,9716.286369672824,12,L4,aws,L4,g6xlarge,us-west-2,0,C:\Users\FarhadBillimoria\OneDrive - Aurora Energy Research\Documents\Personal\Endog_demand_AI\pyai\data\original\prices\L4\EC2_g6xlarge_us-west-2.csv
2024-09-16,0.382059913247786,0.36717196819085485,0.39488071570576544,3712.203527487844,9716.286369672824,11,L4,aws,L4,g6xlarge,us-west-2,0,C:\Users\FarhadBillimoria\OneDrive - Aurora Energy Research\Documents\Personal\Endog_demand_AI\pyai\data\original\prices\L4\EC2_g6xlarge_us-west-2.csv
2024-09-17,0.37546313030905476,0.3661779324055666,0.3876739562624254,3648.1072953365597,9716.286369672824,11,L4,aws,L4,g6xlarge,us-west-2,0,C:\Users\FarhadBillimoria\OneDrive - Aurora Energy Research\Documents\Personal\Endog_demand_AI\pyai\data\original\prices\L4\EC2_g6xlarge_us-west-2.csv
2024-09-18,0.37075049701789264,0.3682902584493042,0.3746272365805169,3602.3180007243745,9716.286369672824,10,L4,aws,L4,g6xlarge,us-west-2,0,C:\Users\FarhadBillimoria\OneDrive - Aurora Energy Research\Documents\Personal\Endog_demand_AI\pyai\data\original\prices\L4\EC2_g6xlarge_us-west-2.csv
2024-09-19,0.36909226459425265,0.3602137176938369,0.3804671968190855,3586.2061396288123,9716.286369672824,11,L4,aws,L4,g6xlarge,us-west-2,0,C:\Users\FarhadBillimoria\OneDrive - Aurora Energy Research\Documents\Personal\Endog_demand_AI\pyai\data\original\prices\L4\EC2_g6xlarge_us-west-2.csv
2024-09-20,0.36708594586328186,0.3499005964214712,0.39612326043737567,3566.7121722898614,9716.286369672824,13,L4,aws,L4,g6xlarge,us-west-2,0,C:\Users\FarhadBillimoria\OneDrive - Aurora Energy Research\Documents\Personal\Endog_demand_AI\pyai\data\original\prices\L4\EC2_g6xlarge_us-west-2.csv
2024-09-21,0.3618842500552242,0.341699801192843,0.3963717693836978,3516.171006210847,9716.286369672824,9,L4,aws,L4,g6xlarge,us-west-2,0,C:\Users\FarhadBillimoria\OneDrive - Aurora Energy Research\Documents\Personal\Endog_demand_AI\pyai\data\original\prices\L4\EC2_g6xlarge_us-west-2.csv
2024-09-22,0.3607994887815961,0.3429423459244533,0.39587475149105367,3505.6311550335454,9716.286369672822,7,L4,aws,L4,g6xlarge,us-west-2,0,C:\Users\FarhadBillimoria\OneDrive - Aurora Energy Research\Documents\Personal\Endog_demand_AI\pyai\data\original\prices\L4\EC2_g6xlarge_us-west-2.csv
2024-09-23,0.3638326292246521,0.34406063618290256,0.39500497017892644,3535.1020161777133,9716.286369672824,8,L4,aws,L4,g6xlarge,us-west-2,0,C:\Users\FarhadBillimoria\OneDrive - Aurora Energy Research\Documents\Personal\Endog_demand_AI\pyai\data\original\prices\L4\EC2_g6xlarge_us-west-2.csv
2024-09-24,0.35697274685221997,0.3402087475149105,0.3915258449304175,3468.4494345848925,9716.286369672824,12,L4,aws,L4,g6xlarge,us-west-2,0,C:\Users\FarhadBillimoria\OneDrive - Aurora Energy Research\Documents\Personal\Endog_demand_AI\pyai\data\original\prices\L4\EC2_g6xlarge_us-west-2.csv
2024-09-25,0.36334493041749505,0.34244532803180916,0.3828280318091451,3530.3633949052273,9716.286369672824,10,L4,aws,L4,g6xlarge,us-west-2,0,C:\Users\FarhadBillimoria\OneDrive - Aurora Energy Research\Documents\Personal\Endog_demand_AI\pyai\data\original\prices\L4\EC2_g6xlarge_us-west-2.csv
2024-09-26,0.3641484426772697,0.3485337972166998,0.38431908548707755,3538.170550122741,9716.286369672824,12,L4,aws,L4,g6xlarge,us-west-2,0,C:\Users\FarhadBillimoria\OneDrive - Aurora Energy Research\Documents\Personal\Endog_demand_AI\pyai\data\original\prices\L4\EC2_g6xlarge_us-west-2.csv
2024-09-27,0.36272139887945054,0.34878230616302186,0.37997017892644136,3524.304983921065,9716.286369672824,11,L4,aws,L4,g6xlarge,us-west-2,0,C:\Users\FarhadBillimoria\OneDrive - Aurora Energy Research\Documents\Personal\Endog_demand_AI\pyai\data\original\prices\L4\EC2_g6xlarge_us-west-2.csv
2024-09-28,0.36422374841857946,0.3496520874751491,0.37810636182902585,3538.9022422705866,9716.286369672824,11,L4,aws,L4,g6xlarge,us-west-2,0,C:\Users\FarhadBillimoria\OneDrive - Aurora Energy Research\Documents\Personal\Endog_demand_AI\pyai\data\original\prices\L4\EC2_g6xlarge_us-west-2.csv
2024-09-29,0.3595178926441352,0.34319085487077533,0.3721421471172962,3493.1787999517082,9716.286369672824,10,L4,aws,L4,g6xlarge,us-west-2,0,C:\Users\FarhadBillimoria\OneDrive - Aurora Energy Research\Documents\Personal\Endog_demand_AI\pyai\data\original\prices\L4\EC2_g6xlarge_us-west-2.csv
2024-09-30,0.3601861055886901,0.3439363817097415,0.3740059642147117,3499.6713482769255,9716.286369672824,9,L4,aws,L4,g6xlarge,us-west-2,0,C:\Users\FarhadBillimoria\OneDrive - Aurora Energy Research\Documents\Personal\Endog_demand_AI\pyai\data\original\prices\L4\EC2_g6xlarge_us-west-2.csv
2024-10-01,0.37218733056208203,0.3499005964214712,0.38183399602385687,3616.278686905271,9716.286369672824,11,L4,aws,L4,g6xlarge,us-west-2,0,C:\Users\FarhadBillimoria\OneDrive - Aurora Energy Research\Documents\Personal\Endog_demand_AI\pyai\data\original\prices\L4\EC2_g6xlarge_us-west-2.csv
2024-10-02,0.3690606361829026,0.3475397614314115,0.3875497017892644,3585.898828926717,9716.286369672824,10,L4,aws,L4,g6xlarge,us-west-2,0,C:\Users\FarhadBillimoria\OneDrive - Aurora Energy Research\Documents\Personal\Endog_demand_AI\pyai\data\original\prices\L4\EC2_g6xlarge_us-west-2.csv
2024-10-03,0.3753479125248509,0.3438121272365805,0.3946322067594433,3646.9878063503556,9716.286369672824,10,L4,aws,L4,g6xlarge,us-west-2,0,C:\Users\FarhadBillimoria\OneDrive - Aurora Energy Research\Documents\Personal\Endog_demand_AI\pyai\data\original\prices\L4\EC2_g6xlarge_us-west-2.csv
2024-10-04,0.37637922465208745,0.34356361829025844,0.40022365805168986,3657.0083303151027,9716.286369672824,10,L4,aws,L4,g6xlarge,us-west-2,0,C:\Users\FarhadBillimoria\OneDrive - Aurora Energy Research\Documents\Personal\Endog_demand_AI\pyai\data\original\prices\L4\EC2_g6xlarge_us-west-2.csv
2024-10-05,0.3819227492189719,0.34343936381709733,0.4078031809145129,3710.8708025042683,9716.286369672822,7,L4,aws,L4,g6xlarge,us-west-2,0,C:\Users\FarhadBillimoria\OneDrive - Aurora Energy Research\Documents\Personal\Endog_demand_AI\pyai\data\original\prices\L4\EC2_g6xlarge_us-west-2.csv
2024-10-06,0.3837847912524851,0.3471669980119284,0.4140159045725646,3728.962936134251,9716.286369672824,10,L4,aws,L4,g6xlarge,us-west-2,0,C:\Users\FarhadBillimoria\OneDrive - Aurora Energy Research\Documents\Personal\Endog_demand_AI\pyai\data\original\prices\L4\EC2_g6xlarge_us-west-2.csv
2024-10-07,0.37564888447095207,0.349155069582505,0.41525844930417494,3649.912135967913,9716.286369672824,9,L4,aws,L4,g6xlarge,us-west-2,0,C:\Users\FarhadBillimoria\OneDrive - Aurora Energy Research\Documents\Personal\Endog_demand_AI\pyai\data\original\prices\L4\EC2_g6xlarge_us-west-2.csv
2024-10-08,0.38242420477137173,0.35139165009940354,0.4184890656063618,3715.743088253048,9716.286369672824,8,L4,aws,L4,g6xlarge,us-west-2,0,C:\Users\FarhadBillimoria\OneDrive - Aurora Energy Research\Documents\Personal\Endog_demand_AI\pyai\data\original\prices\L4\EC2_g6xlarge_us-west-2.csv
2024-10-09,0.38787069251159706,0.35549204771371773,0.4178677932405566,3768.6627228459893,9716.286369672824,12,L4,aws,L4,g6xlarge,us-west-2,0,C:\Users\FarhadBillimoria\OneDrive - Aurora Energy Research\Documents\Personal\Endog_demand_AI\pyai\data\original\prices\L4\EC2_g6xlarge_us-west-2.csv
2024-10-10,0.3798832007952286,0.3518886679920477,0.42557157057654077,3691.053965954364,9716.286369672824,10,L4,aws,L4,g6xlarge,us-west-2,0,C:\Users\FarhadBillimoria\OneDrive - Aurora Energy Research\Documents\Personal\Endog_demand_AI\pyai\data\original\prices\L4\EC2_g6xlarge_us-west-2.csv
2024-10-11,0.38705268389662023,0.3535039761431411,0.4275596421471173,3760.714716890015,9716.286369672824,9,L4,aws,L4,g6xlarge,us-west-2,0,C:\Users\FarhadBillimoria\OneDrive - Aurora Energy Research\Documents\Personal\Endog_demand_AI\pyai\data\original\prices\L4\EC2_g6xlarge_us-west-2.csv
2024-10-12,0.38179671968190854,0.3620775347912525,0.42681411530815117,3709.6462634311238,9716.286369672824,10,L4,aws,L4,g6xlarge,us-west-2,0,C:\Users\FarhadBillimoria\OneDrive - Aurora Energy Research\Documents\Personal\Endog_demand_AI\pyai\data\original\prices\L4\EC2_g6xlarge_us-west-2.csv
2024-10-13,0.3922869035785288,0.36518389662027834,0.42370775347912526,3811.571894241217,9716.286369672824,8,L4,aws,L4,g6xlarge,us-west-2,0,C:\Users\FarhadBillimoria\OneDrive - Aurora Energy Research\Documents\Personal\Endog_demand_AI\pyai\data\original\prices\L4\EC2_g6xlarge_us-west-2.csv
2024-10-14,0.3953466699801193,0.37810636182902585,0.4209741550695825,3841.301460823373,9716.286369672824,8,L4,aws,L4,g6xlarge,us-west-2,0,C:\Users\FarhadBillimoria\OneDrive - Aurora Energy Research\Documents\Personal\Endog_demand_AI\pyai\data\original\prices\L4\EC2_g6xlarge_us-west-2.csv
2024-10-15,0.394110337972167,0.3810884691848906,0.41998011928429424,3829.288904986116,9716.286369672824,10,L4,aws,L4,g6xlarge,us-west-2,0,C:\Users\FarhadBillimoria\OneDrive - Aurora Energy Research\Documents\Personal\Endog_demand_AI\pyai\data\original\prices\L4\EC2_g6xlarge_us-west-2.csv
2024-10-16,0.3948558648111332,0.3809642147117296,0.41749502982107356,3836.5326572497884,9716.286369672824,10,L4,aws,L4,g6xlarge,us-west-2,0,C:\Users\FarhadBillimoria\OneDrive - Aurora Energy Research\Documents\Personal\Endog_demand_AI\pyai\data\original\prices\L4\EC2_g6xlarge_us-west-2.csv
2024-10-17,0.3962350894632206,0.3812127236580517,0.4218439363817097,3849.933598937583,9716.286369672824,10,L4,aws,L4,g6xlarge,us-west-2,0,C:\Users\FarhadBillimoria\OneDrive - Aurora Energy Research\Documents\Personal\Endog_demand_AI\pyai\data\original\prices\L4\EC2_g6xlarge_us-west-2.csv
2024-10-18,0.4049763916500994,0.3849403578528827,0.4239562624254473,3934.866594229144,9716.286369672824,12,L4,aws,L4,g6xlarge,us-west-2,0,C:\Users\FarhadBillimoria\OneDrive - Aurora Energy Research\Documents\Personal\Endog_demand_AI\pyai\data\original\prices\L4\EC2_g6xlarge_us-west-2.csv
2024-10-19,0.4020987710103018,0.3848161033797216,0.42283797216699803,3906.9068080295892,9716.286369672824,11,L4,aws,L4,g6xlarge,us-west-2,0,C:\Users\FarhadBillimoria\OneDrive - Aurora Energy Research\Documents\Personal\Endog_demand_AI\pyai\data\original\prices\L4\EC2_g6xlarge_us-west-2.csv
2024-10-20,0.40391401590457254,0.3849403578528827,0.4173707753479125,3924.54424725341,9716.286369672824,10,L4,aws,L4,g6xlarge,us-west-2,0,C:\Users\FarhadBillimoria\OneDrive - Aurora Energy Research\Documents\Personal\Endog_demand_AI\pyai\data\original\prices\L4\EC2_g6xlarge_us-west-2.csv
2024-10-21,0.3997266401590457,0.3846918489065606,0.4137673956262426,3883.858505372449,9716.286369672822,14,L4,aws,L4,g6xlarge,us-west-2,0,C:\Users\FarhadBillimoria\OneDrive - Aurora Energy Research\Documents\Personal\Endog_demand_AI\pyai\data\original\prices\L4\EC2_g6xlarge_us-west-2.csv
2024-10-22,0.39659768660762695,0.38444333996023855,0.415382703777336,3853.45669662946,9716.286369672824,11,L4,aws,L4,g6xlarge,us-west-2,0,C:\Users\FarhadBillimoria\OneDrive - Aurora Energy Research\Documents\Personal\Endog_demand_AI\pyai\data\original\prices\L4\EC2_g6xlarge_us-west-2.csv
2024-10-23,0.39944085487077535,0.3845675944333996,0.41724652087475145,3881.081733671375,9716.286369672824,10,L4,aws,L4,g6xlarge,us-west-2,0,C:\Users\FarhadBillimoria\OneDrive - Aurora Energy Research\Documents\Personal\Endog_demand_AI\pyai\data\original\prices\L4\EC2_g6xlarge_us-west-2.csv
2024-10-24,0.40051735044279774,0.3835735586481113,0.4201043737574553,3891.541272924829,9716.286369672824,11,L4,aws,L4,g6xlarge,us-west-2,0,C:\Users\FarhadBillimoria\OneDrive - Aurora Energy Research\Documents\Personal\Endog_demand_AI\pyai\data\original\prices\L4\EC2_g6xlarge_us-west-2.csv
2024-10-25,0.40094659316826314,0.3848161033797216,0.4184890656063618,3895.71191816755,9716.286369672824,11,L4,aws,L4,g6xlarge,us-west-2,0,C:\Users\FarhadBillimoria\OneDrive - Aurora Energy Research\Documents\Personal\Endog_demand_AI\pyai\data\original\prices\L4\EC2_g6xlarge_us-west-2.csv
2024-10-26,0.4016573635112402,0.38444333996023855,0.4220924453280318,3902.617966362986,9716.286369672824,13,L4,aws,L4,g6xlarge,us-west-2,0,C:\Users\FarhadBillimoria\OneDrive - Aurora Energy Research\Documents\Personal\Endog_demand_AI\pyai\data\original\prices\L4\EC2_g6xlarge_us-west-2.csv
2024-10-27,0.4023093581368929,0.37922465208747513,0.4240805168986083,3908.952932857315,9716.286369672822,14,L4,aws,L4,g6xlarge,us-west-2,0,C:\Users\FarhadBillimoria\OneDrive - Aurora Energy Research\Documents\Personal\Endog_demand_AI\pyai\data\original\prices\L4\EC2_g6xlarge_us-west-2.csv
2024-10-28,0.3962226640159045,0.3759940357852882,0.42482604373757454,3849.8128697331877,9716.286369672824,10,L4,aws,L4,g6xlarge,us-west-2,0,C:\Users\FarhadBillimoria\OneDrive - Aurora Energy Research\Documents\Personal\Endog_demand_AI\pyai\data\original\prices\L4\EC2_g6xlarge_us-west-2.csv
2024-10-29,0.3914589386756385,0.3767395626242545,0.4225894632206759,3803.527150140696,9716.286369672824,13,L4,aws,L4,g6xlarge,us-west-2,0,C:\Users\FarhadBillimoria\OneDrive - Aurora Energy Research\Documents\Personal\Endog_demand_AI\pyai\data\original\prices\L4\EC2_g6xlarge_us-west-2.csv
2024-10-30,0.39434642147117294,0.375,0.41861332007952284,3831.5827598696123,9716.286369672824,10,L4,aws,L4,g6xlarge,us-west-2,0,C:\Users\FarhadBillimoria\OneDrive - Aurora Energy Research\Documents\Personal\Endog_demand_AI\pyai\data\original\prices\L4\EC2_g6xlarge_us-west-2.csv
2024-10-31,0.39126698144466526,0.3728876739562624,0.4181163021868788,3801.6620387138314,9716.286369672824,12,L4,aws,L4,g6xlarge,us-west-2,0,C:\Users\FarhadBillimoria\OneDrive - Aurora Energy Research\Documents\Personal\Endog_demand_AI\pyai\data\original\prices\L4\EC2_g6xlarge_us-west-2.csv
2024-11-02,0.3893721007289595,0.36916003976143136,0.41824055666003973,3783.2508350436633,9716.286369672824,3,L4,aws,L4,g6xlarge,us-west-2,0,C:\Users\FarhadBillimoria\OneDrive - Aurora Energy Research\Documents\Personal\Endog_demand_AI\pyai\data\original\prices\L4\EC2_g6xlarge_us-west-2.csv
2024-11-03,0.38364811133200794,0.3649353876739563,0.4196073558648111,3727.634914885911,9716.286369672824,10,L4,aws,L4,g6xlarge,us-west-2,0,C:\Users\FarhadBillimoria\OneDrive - Aurora Energy Research\Documents\Personal\Endog_demand_AI\pyai\data\original\prices\L4\EC2_g6xlarge_us-west-2.csv
2024-11-04,0.3952810912303954,0.36903578528827036,0.42084990059642147,3840.6642789112907,9716.286369672824,9,L4,aws,L4,g6xlarge,us-west-2,0,C:\Users\FarhadBillimoria\OneDrive - Aurora Energy Research\Documents\Personal\Endog_demand_AI\pyai\data\original\prices\L4\EC2_g6xlarge_us-west-2.csv
2024-11-05,0.3954605699138502,0.37015407554671964,0.41451292246520877,3842.408145196989,9716.286369672824,12,L4,aws,L4,g6xlarge,us-west-2,0,C:\Users\FarhadBillimoria\OneDrive - Aurora Energy Research\Documents\Personal\Endog_demand_AI\pyai\data\original\prices\L4\EC2_g6xlarge_us-west-2.csv
2024-11-06,0.3901694002650762,0.3685387673956262,0.4114065606361829,3790.99762565898,9716.286369672824,12,L4,aws,L4,g6xlarge,us-west-2,0,C:\Users\FarhadBillimoria\OneDrive - Aurora Energy Research\Documents\Personal\Endog_demand_AI\pyai\data\original\prices\L4\EC2_g6xlarge_us-west-2.csv
2024-11-07,0.3894135188866799,0.36766898608349896,0.41476143141153077,3783.6532657249786,9716.286369672824,12,L4,aws,L4,g6xlarge,us-west-2,0,C:\Users\FarhadBillimoria\OneDrive - Aurora Energy Research\Documents\Personal\Endog_demand_AI\pyai\data\original\prices\L4\EC2_g6xlarge_us-west-2.csv
2024-11-08,0.3910001529285823,0.3685387673956262,0.4151341948310139,3799.069456439974,9716.286369672824,13,L4,aws,L4,g6xlarge,us-west-2,0,C:\Users\FarhadBillimoria\OneDrive - Aurora Energy Research\Documents\Personal\Endog_demand_AI\pyai\data\original\prices\L4\EC2_g6xlarge_us-west-2.csv
2024-11-09,0.3898794731610338,0.3684145129224652,0.41190357852882703,3788.180610889774,9716.286369672824,12,L4,aws,L4,g6xlarge,us-west-2,0,C:\Users\FarhadBillimoria\OneDrive - Aurora Energy Research\Documents\Personal\Endog_demand_AI\pyai\data\original\prices\L4\EC2_g6xlarge_us-west-2.csv
2024-11-10,0.3908029098138442,0.3730119284294235,0.4184890656063618,3797.1529858527324,9716.286369672824,11,L4,aws,L4,g6xlarge,us-west-2,0,C:\Users\FarhadBillimoria\OneDrive - Aurora Energy Research\Documents\Personal\Endog_demand_AI\pyai\data\original\prices\L4\EC2_g6xlarge_us-west-2.csv
2024-11-11,0.3970947045002711,0.3774850894632207,0.4242047713717693,3858.285864805242,9716.286369672824,11,L4,aws,L4,g6xlarge,us-west-2,0,C:\Users\FarhadBillimoria\OneDrive - Aurora Energy Research\Documents\Personal\Endog_demand_AI\pyai\data\original\prices\L4\EC2_g6xlarge_us-west-2.csv
2024-11-12,0.405656967287186,0.3854373757455268,0.4351391650099404,3941.4792620152994,9716.286369672824,11,L4,aws,L4,g6xlarge,us-west-2,0,C:\Users\FarhadBillimoria\OneDrive - Aurora Energy Research\Documents\Personal\Endog_demand_AI\pyai\data\original\prices\L4\EC2_g6xlarge_us-west-2.csv
2024-11-13,0.41552766732935714,0.3873011928429423,0.43625745526838966,4037.3858102941763,9716.286369672824,12,L4,aws,L4,g6xlarge,us-west-2,0,C:\Users\FarhadBillimoria\OneDrive - Aurora Energy Research\Documents\Personal\Endog_demand_AI\pyai\data\original\prices\L4\EC2_g6xlarge_us-west-2.csv
2024-11-14,0.41076269654798475,0.3894135188866799,0.4358846918489065,3991.087989639239,9716.286369672824,11,L4,aws,L4,g6xlarge,us-west-2,0,C:\Users\FarhadBillimoria\OneDrive - Aurora Energy Research\Documents\Personal\Endog_demand_AI\pyai\data\original\prices\L4\EC2_g6xlarge_us-west-2.csv
2024-11-15,0.41025099403578524,0.3879224652087475,0.4352634194831014,3986.116141494627,9716.286369672824,10,L4,aws,L4,g6xlarge,us-west-2,0,C:\Users\FarhadBillimoria\OneDrive - Aurora Energy Research\Documents\Personal\Endog_demand_AI\pyai\data\original\prices\L4\EC2_g6xlarge_us-west-2.csv
2024-11-16,0.4136327866136514,0.39314115308151093,0.43998508946322074,4018.974606624009,9716.286369672824,12,L4,aws,L4,g6xlarge,us-west-2,0,C:\Users\FarhadBillimoria\OneDrive - Aurora Energy Research\Documents\Personal\Endog_demand_AI\pyai\data\original\prices\L4\EC2_g6xlarge_us-west-2.csv
2024-11-17,0.4185568407735406,0.39388667992047716,0.43961232604373757,4066.8181269412703,9716.286369672824,11,L4,aws,L4,g6xlarge,us-west-2,0,C:\Users\FarhadBillimoria\OneDrive - Aurora Energy Research\Documents\Personal\Endog_demand_AI\pyai\data\original\prices\L4\EC2_g6xlarge_us-west-2.csv
2024-11-18,0.42391484426772696,0.39550198807157055,0.4478131212723658,4118.878023260493,9716.286369672824,12,L4,aws,L4,g6xlarge,us-west-2,0,C:\Users\FarhadBillimoria\OneDrive - Aurora Energy Research\Documents\Personal\Endog_demand_AI\pyai\data\original\prices\L4\EC2_g6xlarge_us-west-2.csv
2024-11-19,0.41605920035343497,0.4014662027833002,0.4433399602385686,4042.5503373710544,9716.286369672824,9,L4,aws,L4,g6xlarge,us-west-2,0,C:\Users\FarhadBillimoria\OneDrive - Aurora Energy Research\Documents\Personal\Endog_demand_AI\pyai\data\original\prices\L4\EC2_g6xlarge_us-west-2.csv
2024-11-20,0.42924950298210734,0.404324055666004,0.4468190854870775,4170.711095013883,9716.286369672824,10,L4,aws,L4,g6xlarge,us-west-2,0,C:\Users\FarhadBillimoria\OneDrive - Aurora Energy Research\Documents\Personal\Endog_demand_AI\pyai\data\original\prices\L4\EC2_g6xlarge_us-west-2.csv
2024-11-21,0.4317278149286102,0.40643638170974156,0.44632206759443344,4194.791083599486,9716.286369672824,11,L4,aws,L4,g6xlarge,us-west-2,0,C:\Users\FarhadBillimoria\OneDrive - Aurora Energy Research\Documents\Personal\Endog_demand_AI\pyai\data\original\prices\L4\EC2_g6xlarge_us-west-2.csv
2024-11-22,0.42405566600397615,0.40556660039761433,0.4430914512922464,4120.246287576965,9716.286369672824,10,L4,aws,L4,g6xlarge,us-west-2,0,C:\Users\FarhadBillimoria\OneDrive - Aurora Energy Research\Documents\Personal\Endog_demand_AI\pyai\data\original\prices\L4\EC2_g6xlarge_us-west-2.csv
2024-11-23,0.4282287046949075,0.3979870775347912,0.4510437375745527,4160.792726529778,9716.286369672824,13,L4,aws,L4,g6xlarge,us-west-2,0,C:\Users\FarhadBillimoria\OneDrive - Aurora Energy Research\Documents\Personal\Endog_demand_AI\pyai\data\original\prices\L4\EC2_g6xlarge_us-west-2.csv
2024-11-24,0.43177393969516237,0.3952534791252485,0.4568836978131213,4195.239245040041,9716.286369672824,12,L4,aws,L4,g6xlarge,us-west-2,0,C:\Users\FarhadBillimoria\OneDrive - Aurora Energy Research\Documents\Personal\Endog_demand_AI\pyai\data\original\prices\L4\EC2_g6xlarge_us-west-2.csv
2024-11-25,0.43939488071570576,0.39488071570576544,0.4613568588469185,4269.286490402028,9716.286369672824,12,L4,aws,L4,g6xlarge,us-west-2,0,C:\Users\FarhadBillimoria\OneDrive - Aurora Energy Research\Documents\Personal\Endog_demand_AI\pyai\data\original\prices\L4\EC2_g6xlarge_us-west-2.csv
2024-11-26,0.4421664457698255,0.400844930417495,0.4583747514910537,4296.215810160033,9716.286369672824,9,L4,aws,L4,g6xlarge,us-west-2,0,C:\Users\FarhadBillimoria\OneDrive - Aurora Energy Research\Documents\Personal\Endog_demand_AI\pyai\data\original\prices\L4\EC2_g6xlarge_us-west-2.csv
2024-11-27,0.4367027004638833,0.39649602385685884,0.46073558648111335,4243.128496116544,9716.286369672824,12,L4,aws,L4,g6xlarge,us-west-2,0,C:\Users\FarhadBillimoria\OneDrive - Aurora Energy Research\Documents\Personal\Endog_demand_AI\pyai\data\original\prices\L4\EC2_g6xlarge_us-west-2.csv
2024-11-28,0.44075822840733375,0.39500497017892644,0.4700546719681909,4282.533166995318,9716.286369672824,9,L4,aws,L4,g6xlarge,us-west-2,0,C:\Users\FarhadBillimoria\OneDrive - Aurora Energy Research\Documents\Personal\Endog_demand_AI\pyai\data\original\prices\L4\EC2_g6xlarge_us-west-2.csv
2024-11-29,0.44514165009940354,0.39662027833001984,0.47067594433399607,4325.123747434504,9716.286369672824,10,L4,aws,L4,g6xlarge,us-west-2,0,C:\Users\FarhadBillimoria\OneDrive - Aurora Energy Research\Documents\Personal\Endog_demand_AI\pyai\data\original\prices\L4\EC2_g6xlarge_us-west-2.csv
2024-11-30,0.44145355141876014,0.3979870775347912,0.4683151093439364,4289.28912449376,9716.286369672824,11,L4,aws,L4,g6xlarge,us-west-2,0,C:\Users\FarhadBillimoria\OneDrive - Aurora Energy Research\Documents\Personal\Endog_demand_AI\pyai\data\original\prices\L4\EC2_g6xlarge_us-west-2.csv
2024-12-01,0.444869246062089,0.38817097415506957,0.47055168986083495,4322.476991799701,9716.286369672824,13,L4,aws,L4,g6xlarge,us-west-2,0,C:\Users\FarhadBillimoria\OneDrive - Aurora Energy Research\Documents\Personal\Endog_demand_AI\pyai\data\original\prices\L4\EC2_g6xlarge_us-west-2.csv
2024-12-02,0.4339380384360504,0.38618290258449306,0.4746520874751491,4216.266248138758,9716.286369672824,9,L4,aws,L4,g6xlarge,us-west-2,0,C:\Users\FarhadBillimoria\OneDrive - Aurora Energy Research\Documents\Personal\Endog_demand_AI\pyai\data\original\prices\L4\EC2_g6xlarge_us-west-2.csv
2024-12-03,0.4461356858846918,0.3871769383697813,0.4740308151093439,4334.782083786068,9716.286369672824,10,L4,aws,L4,g6xlarge,us-west-2,0,C:\Users\FarhadBillimoria\OneDrive - Aurora Energy Research\Documents\Personal\Endog_demand_AI\pyai\data\original\prices\L4\EC2_g6xlarge_us-west-2.csv
2024-12-04,0.4348658051689861,0.3853131212723658,0.4695576540755467,4225.280695400217,9716.286369672824,10,L4,aws,L4,g6xlarge,us-west-2,0,C:\Users\FarhadBillimoria\OneDrive - Aurora Energy Research\Documents\Personal\Endog_demand_AI\pyai\data\original\prices\L4\EC2_g6xlarge_us-west-2.csv
2024-12-05,0.43500361467558285,0.382331013916501,0.4670725646123261,4226.619692030775,9716.286369672824,11,L4,aws,L4,g6xlarge,us-west-2,0,C:\Users\FarhadBillimoria\OneDrive - Aurora Energy Research\Documents\Personal\Endog_demand_AI\pyai\data\original\prices\L4\EC2_g6xlarge_us-west-2.csv
2024-12-06,0.43950718764337054,0.3829522862823061,0.46719681908548705,4270.377696672517,9716.286369672824,13,L4,aws,L4,g6xlarge,us-west-2,0,C:\Users\FarhadBillimoria\OneDrive - Aurora Energy Research\Documents\Personal\Endog_demand_AI\pyai\data\original\prices\L4\EC2_g6xlarge_us-west-2.csv
2024-12-07,0.43689425944334,0.38916500994035785,0.46669980119284293,4244.989738017626,9716.286369672824,8,L4,aws,L4,g6xlarge,us-west-2,0,C:\Users\FarhadBillimoria\OneDrive - Aurora Energy Research\Documents\Personal\Endog_demand_AI\pyai\data\original\prices\L4\EC2_g6xlarge_us-west-2.csv
2024-12-08,0.4483929754804506,0.3956262425447316,0.4703031809145129,4356.7145559177425,9716.286369672824,9,L4,aws,L4,g6xlarge,us-west-2,0,C:\Users\FarhadBillimoria\OneDrive - Aurora Energy Research\Documents\Personal\Endog_demand_AI\pyai\data\original\prices\L4\EC2_g6xlarge_us-west-2.csv
2024-12-09,0.42931163021868785,0.38854373757455263,0.46284791252485086,4171.314741035856,9716.286369672824,10,L4,aws,L4,g6xlarge,us-west-2,0,C:\Users\FarhadBillimoria\OneDrive - Aurora Energy Research\Documents\Personal\Endog_demand_AI\pyai\data\original\prices\L4\EC2_g6xlarge_us-west-2.csv
2024-12-10,0.43076540755467196,0.39078031809145125,0.4552683896620278,4185.440057950018,9716.286369672824,10,L4,aws,L4,g6xlarge,us-west-2,0,C:\Users\FarhadBillimoria\OneDrive - Aurora Energy Research\Documents\Personal\Endog_demand_AI\pyai\data\original\prices\L4\EC2_g6xlarge_us-west-2.csv
2024-12-11,0.4248034520151816,0.3999751491053678,0.4519135188866799,4127.511990605072,9716.286369672824,11,L4,aws,L4,g6xlarge,us-west-2,0,C:\Users\FarhadBillimoria\OneDrive - Aurora Energy Research\Documents\Personal\Endog_demand_AI\pyai\data\original\prices\L4\EC2_g6xlarge_us-west-2.csv
2024-12-12,0.4296897188298779,0.4070576540755467,0.45166500994035785,4174.98835825529,9716.286369672822,7,L4,aws,L4,g6xlarge,us-west-2,0,C:\Users\FarhadBillimoria\OneDrive - Aurora Energy Research\Documents\Personal\Endog_demand_AI\pyai\data\original\prices\L4\EC2_g6xlarge_us-west-2.csv
2024-12-13,0.4320051910757676,0.40854870775347907,0.45477137176938365,4197.486149677385,9716.286369672824,9,L4,aws,L4,g6xlarge,us-west-2,0,C:\Users\FarhadBillimoria\OneDrive - Aurora Energy Research\Documents\Personal\Endog_demand_AI\pyai\data\original\prices\L4\EC2_g6xlarge_us-west-2.csv
2024-12-14,0.43025596421471174,0.4063121272365805,0.4537773359840954,4180.4901605698415,9716.286369672824,10,L4,aws,L4,g6xlarge,us-west-2,0,C:\Users\FarhadBillimoria\OneDrive - Aurora Energy Research\Documents\Personal\Endog_demand_AI\pyai\data\original\prices\L4\EC2_g6xlarge_us-west-2.csv
2024-12-15,0.4367700049701789,0.4039512922465208,0.4444582504970179,4243.78244597368,9716.286369672824,8,L4,aws,L4,g6xlarge,us-west-2,0,C:\Users\FarhadBillimoria\OneDrive - Aurora Energy Research\Documents\Personal\Endog_demand_AI\pyai\data\original\prices\L4\EC2_g6xlarge_us-west-2.csv
2024-12-16,0.4280980781974818,0.4038270377733599,0.44197316103379725,4159.523522073323,9716.286369672824,9,L4,aws,L4,g6xlarge,us-west-2,0,C:\Users\FarhadBillimoria\OneDrive - Aurora Energy Research\Documents\Personal\Endog_demand_AI\pyai\data\original\prices\L4\EC2_g6xlarge_us-west-2.csv
2024-12-17,0.42911847099222844,0.40569085487077533,0.44408548707753476,4169.437950676633,9716.286369672824,11,L4,aws,L4,g6xlarge,us-west-2,0,C:\Users\FarhadBillimoria\OneDrive - Aurora Energy Research\Documents\Personal\Endog_demand_AI\pyai\data\original\prices\L4\EC2_g6xlarge_us-west-2.csv
2024-12-18,0.43273314657509493,0.4086729622266402,0.4476888667992048,4204.559173773227,9716.286369672824,11,L4,aws,L4,g6xlarge,us-west-2,0,C:\Users\FarhadBillimoria\OneDrive - Aurora Energy Research\Documents\Personal\Endog_demand_AI\pyai\data\original\prices\L4\EC2_g6xlarge_us-west-2.csv
2024-12-19,0.4353255467196819,0.40892147117296224,0.4530318091451292,4229.747675962815,9716.286369672824,10,L4,aws,L4,g6xlarge,us-west-2,0,C:\Users\FarhadBillimoria\OneDrive - Aurora Energy Research\Documents\Personal\Endog_demand_AI\pyai\data\original\prices\L4\EC2_g6xlarge_us-west-2.csv
2024-12-20,0.4394466534128562,0.41090954274353875,0.4541500994035785,4269.789528753671,9716.286369672824,12,L4,aws,L4,g6xlarge,us-west-2,0,C:\Users\FarhadBillimoria\OneDrive - Aurora Energy Research\Documents\Personal\Endog_demand_AI\pyai\data\original\prices\L4\EC2_g6xlarge_us-west-2.csv
2024-12-21,0.4407983914693656,0.41563121272365805,0.4562624254473161,4282.9234028075025,9716.286369672824,11,L4,aws,L4,g6xlarge,us-west-2,0,C:\Users\FarhadBillimoria\OneDrive - Aurora Energy Research\Documents\Personal\Endog_demand_AI\pyai\data\original\prices\L4\EC2_g6xlarge_us-west-2.csv
2024-12-22,0.44585893728537856,0.42109840954274347,0.4587475149105368,4332.093115142735,9716.286369672824,11,L4,aws,L4,g6xlarge,us-west-2,0,C:\Users\FarhadBillimoria\OneDrive - Aurora Energy Research\Documents\Personal\Endog_demand_AI\pyai\data\original\prices\L4\EC2_g6xlarge_us-west-2.csv
2024-12-23,0.4413795007731389,0.4275596421471173,0.45986580516898606,4288.569627215045,9716.286369672824,9,L4,aws,L4,g6xlarge,us-west-2,0,C:\Users\FarhadBillimoria\OneDrive - Aurora Energy Research\Documents\Personal\Endog_demand_AI\pyai\data\original\prices\L4\EC2_g6xlarge_us-west-2.csv
2024-12-24,0.4477634194831014,0.4289264413518887,0.46433896620278325,4350.5976095617525,9716.286369672824,10,L4,aws,L4,g6xlarge,us-west-2,0,C:\Users\FarhadBillimoria\OneDrive - Aurora Energy Research\Documents\Personal\Endog_demand_AI\pyai\data\original\prices\L4\EC2_g6xlarge_us-west-2.csv
2024-12-25,0.4442842942345925,0.4249502982107356,0.4627236580516899,4316.793432331281,9716.286369672824,10,L4,aws,L4,g6xlarge,us-west-2,0,C:\Users\FarhadBillimoria\OneDrive - Aurora Energy Research\Documents\Personal\Endog_demand_AI\pyai\data\original\prices\L4\EC2_g6xlarge_us-west-2.csv
2024-12-26,0.44474403578528826,0.426565606361829,0.46483598409542737,4321.260412893878,9716.286369672824,10,L4,aws,L4,g6xlarge,us-west-2,0,C:\Users\FarhadBillimoria\OneDrive - Aurora Energy Research\Documents\Personal\Endog_demand_AI\pyai\data\original\prices\L4\EC2_g6xlarge_us-west-2.csv
2024-12-27,0.4452866136514248,0.4285536779324055,0.46235089463220674,4326.532254819107,9716.286369672824,9,L4,aws,L4,g6xlarge,us-west-2,0,C:\Users\FarhadBillimoria\OneDrive - Aurora Energy Research\Documents\Personal\Endog_demand_AI\pyai\data\original\prices\L4\EC2_g6xlarge_us-west-2.csv
2024-12-28,0.4351956443159226,0.41985586481113313,0.46023856858846923,4228.485507007781,9716.286369672824,11,L4,aws,L4,g6xlarge,us-west-2,0,C:\Users\FarhadBillimoria\OneDrive - Aurora Energy Research\Documents\Personal\Endog_demand_AI\pyai\data\original\prices\L4\EC2_g6xlarge_us-west-2.csv
2024-12-29,0.4366015445786818,0.4209741550695825,0.45999005964214706,4242.145636567947,9716.286369672824,13,L4,aws,L4,g6xlarge,us-west-2,0,C:\Users\FarhadBillimoria\OneDrive - Aurora Energy Research\Documents\Personal\Endog_demand_AI\pyai\data\original\prices\L4\EC2_g6xlarge_us-west-2.csv
2024-12-30,0.43599765046087113,0.42569582504970177,0.46023856858846923,4236.278028382339,9716.286369672824,11,L4,aws,L4,g6xlarge,us-west-2,0,C:\Users\FarhadBillimoria\OneDrive - Aurora Energy Research\Documents\Personal\Endog_demand_AI\pyai\data\original\prices\L4\EC2_g6xlarge_us-west-2.csv
2024-12-31,0.43761389993373095,0.42333499005964215,0.4604870775347912,4251.981971105477,9716.286369672824,12,L4,aws,L4,g6xlarge,us-west-2,0,C:\Users\FarhadBillimoria\OneDrive - Aurora Energy Research\Documents\Personal\Endog_demand_AI\pyai\data\original\prices\L4\EC2_g6xlarge_us-west-2.csv
2025-01-01,0.4392204465514604,0.4222166998011928,0.4637176938369781,4267.591638109566,9716.286369672824,13,L4,aws,L4,g6xlarge,us-west-2,0,C:\Users\FarhadBillimoria\OneDrive - Aurora Energy Research\Documents\Personal\Endog_demand_AI\pyai\data\original\prices\L4\EC2_g6xlarge_us-west-2.csv
2025-01-02,0.44029572564612324,0.42470178926441343,0.4581262425447316,4278.039357720632,9716.286369672824,10,L4,aws,L4,g6xlarge,us-west-2,0,C:\Users\FarhadBillimoria\OneDrive - Aurora Energy Research\Documents\Personal\Endog_demand_AI\pyai\data\original\prices\L4\EC2_g6xlarge_us-west-2.csv
2025-01-03,0.4460114314115308,0.43128727634194836,0.45762922465208744,4333.574791742122,9716.286369672824,12,L4,aws,L4,g6xlarge,us-west-2,0,C:\Users\FarhadBillimoria\OneDrive - Aurora Energy Research\Documents\Personal\Endog_demand_AI\pyai\data\original\prices\L4\EC2_g6xlarge_us-west-2.csv
2025-01-04,0.4467964937646846,0.4433399602385686,0.4500497017892644,4341.202682383414,9716.286369672824,11,L4,aws,L4,g6xlarge,us-west-2,0,C:\Users\FarhadBillimoria\OneDrive - Aurora Energy Research\Documents\Personal\Endog_demand_AI\pyai\data\original\prices\L4\EC2_g6xlarge_us-west-2.csv
2025-01-05,0.45548822449915893,0.44396123260437376,0.463469184890656,4425.654027247652,9716.286369672824,13,L4,aws,L4,g6xlarge,us-west-2,0,C:\Users\FarhadBillimoria\OneDrive - Aurora Energy Research\Documents\Personal\Endog_demand_AI\pyai\data\original\prices\L4\EC2_g6xlarge_us-west-2.csv
2025-01-06,0.4562375745526839,0.43563618290258455,0.4732852882703777,4432.934926958831,9716.286369672824,10,L4,aws,L4,g6xlarge,us-west-2,0,C:\Users\FarhadBillimoria\OneDrive - Aurora Energy Research\Documents\Personal\Endog_demand_AI\pyai\data\original\prices\L4\EC2_g6xlarge_us-west-2.csv
2025-01-07,0.4606678113139346,0.4383697813121273,0.47937375745526833,4475.980376016595,9716.286369672824,11,L4,aws,L4,g6xlarge,us-west-2,0,C:\Users\FarhadBillimoria\OneDrive - Aurora Energy Research\Documents\Personal\Endog_demand_AI\pyai\data\original\prices\L4\EC2_g6xlarge_us-west-2.csv
2025-01-08,0.4645750497017892,0.44172465208747513,0.485213717693837,4513.944223107569,9716.286369672824,10,L4,aws,L4,g6xlarge,us-west-2,0,C:\Users\FarhadBillimoria\OneDrive - Aurora Energy Research\Documents\Personal\Endog_demand_AI\pyai\data\original\prices\L4\EC2_g6xlarge_us-west-2.csv
2025-01-09,0.470404843665281,0.44321570576540753,0.4859592445328032,4570.588170733045,9716.286369672824,11,L4,aws,L4,g6xlarge,us-west-2,0,C:\Users\FarhadBillimoria\OneDrive - Aurora Energy Research\Documents\Personal\Endog_demand_AI\pyai\data\original\prices\L4\EC2_g6xlarge_us-west-2.csv
2025-01-10,0.4693402087475149,0.4443339960238568,0.4874502982107356,4560.243872992877,9716.286369672824,12,L4,aws,L4,g6xlarge,us-west-2,0,C:\Users\FarhadBillimoria\OneDrive - Aurora Energy Research\Documents\Personal\Endog_demand_AI\pyai\data\original\prices\L4\EC2_g6xlarge_us-west-2.csv
2025-01-11,0.4701789264413519,0.448682902584493,0.48968687872763417,4568.393094289509,9716.286369672824,11,L4,aws,L4,g6xlarge,us-west-2,0,C:\Users\FarhadBillimoria\OneDrive - Aurora Energy Research\Documents\Personal\Endog_demand_AI\pyai\data\original\prices\L4\EC2_g6xlarge_us-west-2.csv
2025-01-12,0.48118787276341946,0.45663518886679916,0.49589960238568587,4675.359169383073,9716.286369672824,10,L4,aws,L4,g6xlarge,us-west-2,0,C:\Users\FarhadBillimoria\OneDrive - Aurora Energy Research\Documents\Personal\Endog_demand_AI\pyai\data\original\prices\L4\EC2_g6xlarge_us-west-2.csv
2025-01-13,0.4868911530815109,0.4657057654075547,0.49962723658051694,4730.773874200169,9716.286369672824,10,L4,aws,L4,g6xlarge,us-west-2,0,C:\Users\FarhadBillimoria\OneDrive - Aurora Energy Research\Documents\Personal\Endog_demand_AI\pyai\data\original\prices\L4\EC2_g6xlarge_us-west-2.csv
2025-01-14,0.48617386589553585,0.4676938369781312,0.5011182902584493,4723.804506491938,9716.286369672824,11,L4,aws,L4,g6xlarge,us-west-2,0,C:\Users\FarhadBillimoria\OneDrive - Aurora Energy Research\Documents\Personal\Endog_demand_AI\pyai\data\original\prices\L4\EC2_g6xlarge_us-west-2.csv
2025-01-15,0.4887508283631544,0.46744532803180916,0.5050944333996024,4748.8430117912185,9716.286369672824,15,L4,aws,L4,g6xlarge,us-west-2,0,C:\Users\FarhadBillimoria\OneDrive - Aurora Energy Research\Documents\Personal\Endog_demand_AI\pyai\data\original\prices\L4\EC2_g6xlarge_us-west-2.csv
2025-01-16,0.4888396891378999,0.46732107355864805,0.5029821073558648,4749.706408525677,9716.286369672824,11,L4,aws,L4,g6xlarge,us-west-2,0,C:\Users\FarhadBillimoria\OneDrive - Aurora Energy Research\Documents\Personal\Endog_demand_AI\pyai\data\original\prices\L4\EC2_g6xlarge_us-west-2.csv
2025-01-17,0.4931086557577611,0.4664512922465208,0.5166500994035785,4791.184910706823,9716.286369672824,13,L4,aws,L4,g6xlarge,us-west-2,0,C:\Users\FarhadBillimoria\OneDrive - Aurora Energy Research\Documents\Personal\Endog_demand_AI\pyai\data\original\prices\L4\EC2_g6xlarge_us-west-2.csv
2025-01-18,0.49852965540092775,0.4670725646123261,0.526093439363817,4843.856895649724,9716.286369672824,12,L4,aws,L4,g6xlarge,us-west-2,0,C:\Users\FarhadBillimoria\OneDrive - Aurora Energy Research\Documents\Personal\Endog_demand_AI\pyai\data\original\prices\L4\EC2_g6xlarge_us-west-2.csv
2025-01-19,0.5082199113014222,0.47875248508946316,0.5408797216699802,4938.01019697434,9716.286369672824,13,L4,aws,L4,g6xlarge,us-west-2,0,C:\Users\FarhadBillimoria\OneDrive - Aurora Energy Research\Documents\Personal\Endog_demand_AI\pyai\data\original\prices\L4\EC2_g6xlarge_us-west-2.csv
2025-01-20,0.5217158586939898,0.4899353876739562,0.5453528827037774,5069.1406866705665,9716.286369672824,13,L4,aws,L4,g6xlarge,us-west-2,0,C:\Users\FarhadBillimoria\OneDrive - Aurora Energy Research\Documents\Personal\Endog_demand_AI\pyai\data\original\prices\L4\EC2_g6xlarge_us-west-2.csv
2025-01-21,0.5256585487077534,0.5055914512922465,0.5529324055666004,5107.448991911143,9716.286369672824,12,L4,aws,L4,g6xlarge,us-west-2,0,C:\Users\FarhadBillimoria\OneDrive - Aurora Energy Research\Documents\Personal\Endog_demand_AI\pyai\data\original\prices\L4\EC2_g6xlarge_us-west-2.csv
2025-01-22,0.53125,0.5083250497017893,0.5725646123260437,5161.777133888687,9716.286369672824,10,L4,aws,L4,g6xlarge,us-west-2,0,C:\Users\FarhadBillimoria\OneDrive - Aurora Energy Research\Documents\Personal\Endog_demand_AI\pyai\data\original\prices\L4\EC2_g6xlarge_us-west-2.csv
2025-01-23,0.5446591285619615,0.5155318091451292,0.5977882703777336,5292.0640669644645,9716.286369672824,12,L4,aws,L4,g6xlarge,us-west-2,0,C:\Users\FarhadBillimoria\OneDrive - Aurora Energy Research\Documents\Personal\Endog_demand_AI\pyai\data\original\prices\L4\EC2_g6xlarge_us-west-2.csv
2025-01-24,0.5570431577203446,0.5226143141153081,0.62139662027833,5412.390840677693,9716.286369672824,12,L4,aws,L4,g6xlarge,us-west-2,0,C:\Users\FarhadBillimoria\OneDrive - Aurora Energy Research\Documents\Personal\Endog_demand_AI\pyai\data\original\prices\L4\EC2_g6xlarge_us-west-2.csv
2025-01-25,0.5587309476474487,0.5315606361829025,0.621520874751491,5428.789890941285,9716.286369672824,9,L4,aws,L4,g6xlarge,us-west-2,0,C:\Users\FarhadBillimoria\OneDrive - Aurora Energy Research\Documents\Personal\Endog_demand_AI\pyai\data\original\prices\L4\EC2_g6xlarge_us-west-2.csv
2025-01-26,0.5796923007410085,0.543986083499006,0.6207753479125248,5632.45640029414,9716.286369672824,11,L4,aws,L4,g6xlarge,us-west-2,0,C:\Users\FarhadBillimoria\OneDrive - Aurora Energy Research\Documents\Personal\Endog_demand_AI\pyai\data\original\prices\L4\EC2_g6xlarge_us-west-2.csv
2025-01-27,0.60194514729803,0.5721918489065606,0.6243787276341948,5848.671429982548,9716.286369672824,11,L4,aws,L4,g6xlarge,us-west-2,0,C:\Users\FarhadBillimoria\OneDrive - Aurora Energy Research\Documents\Personal\Endog_demand_AI\pyai\data\original\prices\L4\EC2_g6xlarge_us-west-2.csv
2025-01-28,0.6245794463985318,0.6114562624254473,0.6369284294234592,6068.592761819853,9716.286369672824,13,L4,aws,L4,g6xlarge,us-west-2,0,C:\Users\FarhadBillimoria\OneDrive - Aurora Energy Research\Documents\Personal\Endog_demand_AI\pyai\data\original\prices\L4\EC2_g6xlarge_us-west-2.csv
2025-01-29,0.6542336887764323,0.6391650099403577,0.6660039761431411,6356.721872839221,9716.286369672824,11,L4,aws,L4,g6xlarge,us-west-2,0,C:\Users\FarhadBillimoria\OneDrive - Aurora Energy Research\Documents\Personal\Endog_demand_AI\pyai\data\original\prices\L4\EC2_g6xlarge_us-west-2.csv
2025-01-30,0.6712102385685885,0.6604125248508946,0.6879970178926441,6521.67089218882,9716.286369672824,10,L4,aws,L4,g6xlarge,us-west-2,0,C:\Users\FarhadBillimoria\OneDrive - Aurora Energy Research\Documents\Personal\Endog_demand_AI\pyai\data\original\prices\L4\EC2_g6xlarge_us-west-2.csv
2025-01-31,0.6820051910757675,0.6628976143141152,0.7138419483101391,6626.557742095591,9716.286369672824,9,L4,aws,L4,g6xlarge,us-west-2,0,C:\Users\FarhadBillimoria\OneDrive - Aurora Energy Research\Documents\Personal\Endog_demand_AI\pyai\data\original\prices\L4\EC2_g6xlarge_us-west-2.csv
2025-02-01,0.7021102551358515,0.6663767395626242,0.7472664015904572,6821.904301983984,9716.286369672824,12,L4,aws,L4,g6xlarge,us-west-2,0,C:\Users\FarhadBillimoria\OneDrive - Aurora Energy Research\Documents\Personal\Endog_demand_AI\pyai\data\original\prices\L4\EC2_g6xlarge_us-west-2.csv
2025-02-02,0.705223206217242,0.6653827037773359,0.7416749502982107,6852.150626145554,9716.286369672824,11,L4,aws,L4,g6xlarge,us-west-2,0,C:\Users\FarhadBillimoria\OneDrive - Aurora Energy Research\Documents\Personal\Endog_demand_AI\pyai\data\original\prices\L4\EC2_g6xlarge_us-west-2.csv
2025-02-03,0.6848906560636183,0.654572564612326,0.7263916500994037,6654.593746227212,9716.286369672824,12,L4,aws,L4,g6xlarge,us-west-2,0,C:\Users\FarhadBillimoria\OneDrive - Aurora Energy Research\Documents\Personal\Endog_demand_AI\pyai\data\original\prices\L4\EC2_g6xlarge_us-west-2.csv
2025-02-04,0.6697005467196818,0.6522117296222665,0.7009194831013917,6507.002293854883,9716.286369672824,12,L4,aws,L4,g6xlarge,us-west-2,0,C:\Users\FarhadBillimoria\OneDrive - Aurora Energy Research\Documents\Personal\Endog_demand_AI\pyai\data\original\prices\L4\EC2_g6xlarge_us-west-2.csv
2025-02-05,0.6696638351707934,0.6467445328031809,0.6978131212723658,6506.645593932809,9716.286369672824,11,L4,aws,L4,g6xlarge,us-west-2,0,C:\Users\FarhadBillimoria\OneDrive - Aurora Energy Research\Documents\Personal\Endog_demand_AI\pyai\data\original\prices\L4\EC2_g6xlarge_us-west-2.csv
2025-02-06,0.658772365805169,0.6287276341948309,0.6935884691848907,6400.820958589882,9716.286369672824,10,L4,aws,L4,g6xlarge,us-west-2,0,C:\Users\FarhadBillimoria\OneDrive - Aurora Energy Research\Documents\Personal\Endog_demand_AI\pyai\data\original\prices\L4\EC2_g6xlarge_us-west-2.csv
2025-02-07,0.6574821901921802,0.6129473161033797,0.6829025844930416,6388.285242866915,9716.286369672824,12,L4,aws,L4,g6xlarge,us-west-2,0,C:\Users\FarhadBillimoria\OneDrive - Aurora Energy Research\Documents\Personal\Endog_demand_AI\pyai\data\original\prices\L4\EC2_g6xlarge_us-west-2.csv
2025-02-08,0.6415032532080246,0.6062375745526839,0.6658797216699802,6233.029315245903,9716.286369672824,11,L4,aws,L4,g6xlarge,us-west-2,0,C:\Users\FarhadBillimoria\OneDrive - Aurora Energy Research\Documents\Personal\Endog_demand_AI\pyai\data\original\prices\L4\EC2_g6xlarge_us-west-2.csv
2025-02-09,0.6202218507138983,0.592321073558648,0.6392892644135187,6026.253114264703,9716.286369672824,11,L4,aws,L4,g6xlarge,us-west-2,0,C:\Users\FarhadBillimoria\OneDrive - Aurora Energy Research\Documents\Personal\Endog_demand_AI\pyai\data\original\prices\L4\EC2_g6xlarge_us-west-2.csv
2025-02-10,0.6109027652268209,0.5914512922465208,0.6310884691848906,5935.706210968797,9716.286369672824,11,L4,aws,L4,g6xlarge,us-west-2,0,C:\Users\FarhadBillimoria\OneDrive - Aurora Energy Research\Documents\Personal\Endog_demand_AI\pyai\data\original\prices\L4\EC2_g6xlarge_us-west-2.csv
2025-02-11,0.6114459078860172,0.5754224652087475,0.6416500994035784,5940.983540585134,9716.286369672824,12,L4,aws,L4,g6xlarge,us-west-2,0,C:\Users\FarhadBillimoria\OneDrive - Aurora Energy Research\Documents\Personal\Endog_demand_AI\pyai\data\original\prices\L4\EC2_g6xlarge_us-west-2.csv
2025-02-12,0.5991447150430749,0.5755467196819085,0.6384194831013916,5821.461628234537,9716.286369672824,12,L4,aws,L4,g6xlarge,us-west-2,0,C:\Users\FarhadBillimoria\OneDrive - Aurora Energy Research\Documents\Personal\Endog_demand_AI\pyai\data\original\prices\L4\EC2_g6xlarge_us-west-2.csv
2025-02-13,0.5874475370002208,0.5546719681908548,0.6231361829025844,5707.808496653118,9716.286369672824,9,L4,aws,L4,g6xlarge,us-west-2,0,C:\Users\FarhadBillimoria\OneDrive - Aurora Energy Research\Documents\Personal\Endog_demand_AI\pyai\data\original\prices\L4\EC2_g6xlarge_us-west-2.csv
2025-02-14,0.5795906379902404,0.5385188866799205,0.6058648111332008,5631.468615894548,9716.286369672824,11,L4,aws,L4,g6xlarge,us-west-2,0,C:\Users\FarhadBillimoria\OneDrive - Aurora Energy Research\Documents\Personal\Endog_demand_AI\pyai\data\original\prices\L4\EC2_g6xlarge_us-west-2.csv
2025-02-15,0.5771959154165913,0.536903578528827,0.6041252485089463,5608.200805593055,9716.286369672824,11,L4,aws,L4,g6xlarge,us-west-2,0,C:\Users\FarhadBillimoria\OneDrive - Aurora Energy Research\Documents\Personal\Endog_demand_AI\pyai\data\original\prices\L4\EC2_g6xlarge_us-west-2.csv
2025-02-16,0.581604125248509,0.5386431411530815,0.6186630218687873,5651.032234697574,9716.286369672824,12,L4,aws,L4,g6xlarge,us-west-2,0,C:\Users\FarhadBillimoria\OneDrive - Aurora Energy Research\Documents\Personal\Endog_demand_AI\pyai\data\original\prices\L4\EC2_g6xlarge_us-west-2.csv
2025-02-17,0.5813090208747514,0.5492047713717694,0.6071073558648111,5648.164916093203,9716.286369672824,8,L4,aws,L4,g6xlarge,us-west-2,0,C:\Users\FarhadBillimoria\OneDrive - Aurora Energy Research\Documents\Personal\Endog_demand_AI\pyai\data\original\prices\L4\EC2_g6xlarge_us-west-2.csv
2025-02-18,0.5889948768924912,0.55889662027833,0.6264910536779323,5722.842894157634,9716.286369672824,13,L4,aws,L4,g6xlarge,us-west-2,0,C:\Users\FarhadBillimoria\OneDrive - Aurora Energy Research\Documents\Personal\Endog_demand_AI\pyai\data\original\prices\L4\EC2_g6xlarge_us-west-2.csv
2025-02-19,0.592321073558648,0.5575298210735586,0.621023856858847,5755.161173487866,9716.286369672824,9,L4,aws,L4,g6xlarge,us-west-2,0,C:\Users\FarhadBillimoria\OneDrive - Aurora Energy Research\Documents\Personal\Endog_demand_AI\pyai\data\original\prices\L4\EC2_g6xlarge_us-west-2.csv
2025-02-20,0.5875717914733819,0.5540506958250497,0.6040009940357852,5709.015788697064,9716.286369672824,9,L4,aws,L4,g6xlarge,us-west-2,0,C:\Users\FarhadBillimoria\OneDrive - Aurora Energy Research\Documents\Personal\Endog_demand_AI\pyai\data\original\prices\L4\EC2_g6xlarge_us-west-2.csv
2025-02-21,0.5825840412073016,0.5542992047713717,0.6027584493041749,5660.553378771415,9716.286369672824,11,L4,aws,L4,g6xlarge,us-west-2,0,C:\Users\FarhadBillimoria\OneDrive - Aurora Energy Research\Documents\Personal\Endog_demand_AI\pyai\data\original\prices\L4\EC2_g6xlarge_us-west-2.csv
2025-02-22,0.5858216088086864,0.5542992047713717,0.6180417495029821,5692.010512727644,9716.286369672824,13,L4,aws,L4,g6xlarge,us-west-2,0,C:\Users\FarhadBillimoria\OneDrive - Aurora Energy Research\Documents\Personal\Endog_demand_AI\pyai\data\original\prices\L4\EC2_g6xlarge_us-west-2.csv
2025-02-23,0.579199801192843,0.5601391650099403,0.6186630218687873,5627.671133647229,9716.286369672824,10,L4,aws,L4,g6xlarge,us-west-2,0,C:\Users\FarhadBillimoria\OneDrive - Aurora Energy Research\Documents\Personal\Endog_demand_AI\pyai\data\original\prices\L4\EC2_g6xlarge_us-west-2.csv
2025-02-24,0.5696135685884692,0.5467196819085487,0.6021371769383698,5534.528552456839,9716.286369672824,12,L4,aws,L4,g6xlarge,us-west-2,0,C:\Users\FarhadBillimoria\OneDrive - Aurora Energy Research\Documents\Personal\Endog_demand_AI\pyai\data\original\prices\L4\EC2_g6xlarge_us-west-2.csv
2025-02-25,0.5576126573889993,0.5463469184890656,0.5744284294234593,5417.924262545776,9716.286369672824,9,L4,aws,L4,g6xlarge,us-west-2,0,C:\Users\FarhadBillimoria\OneDrive - Aurora Energy Research\Documents\Personal\Endog_demand_AI\pyai\data\original\prices\L4\EC2_g6xlarge_us-west-2.csv
2025-02-26,0.5541128230616302,0.5483349900596421,0.5678429423459245,5383.918869974646,9716.286369672824,12,L4,aws,L4,g6xlarge,us-west-2,0,C:\Users\FarhadBillimoria\OneDrive - Aurora Energy Research\Documents\Personal\Endog_demand_AI\pyai\data\original\prices\L4\EC2_g6xlarge_us-west-2.csv
2025-02-27,0.5532712814024942,0.5460984095427435,0.5637425447316103,5375.74221022247,9716.286369672824,11,L4,aws,L4,g6xlarge,us-west-2,0,C:\Users\FarhadBillimoria\OneDrive - Aurora Energy Research\Documents\Personal\Endog_demand_AI\pyai\data\original\prices\L4\EC2_g6xlarge_us-west-2.csv
2025-02-28,0.5556998915597325,0.5487077534791253,0.5612574552683897,5399.339281990495,9716.286369672824,11,L4,aws,L4,g6xlarge,us-west-2,0,C:\Users\FarhadBillimoria\OneDrive - Aurora Energy Research\Documents\Personal\Endog_demand_AI\pyai\data\original\prices\L4\EC2_g6xlarge_us-west-2.csv
2025-03-01,0.5589530995843123,0.5448558648111332,0.5734343936381711,5430.94838277743,9716.286369672824,11,L4,aws,L4,g6xlarge,us-west-2,0,C:\Users\FarhadBillimoria\OneDrive - Aurora Energy Research\Documents\Personal\Endog_demand_AI\pyai\data\original\prices\L4\EC2_g6xlarge_us-west-2.csv
2025-03-02,0.555044731610338,0.5306908548707753,0.5698310139165009,5392.973560304237,9716.286369672824,11,L4,aws,L4,g6xlarge,us-west-2,0,C:\Users\FarhadBillimoria\OneDrive - Aurora Energy Research\Documents\Personal\Endog_demand_AI\pyai\data\original\prices\L4\EC2_g6xlarge_us-west-2.csv
2025-03-03,0.5460880550033135,0.5304423459244533,0.5627485089463221,5305.947925469837,9716.286369672824,12,L4,aws,L4,g6xlarge,us-west-2,0,C:\Users\FarhadBillimoria\OneDrive - Aurora Energy Research\Documents\Personal\Endog_demand_AI\pyai\data\original\prices\L4\EC2_g6xlarge_us-west-2.csv
2025-03-04,0.5378820825049702,0.5283300198807157,0.5465954274353877,5226.216346734274,9716.286369672824,8,L4,aws,L4,g6xlarge,us-west-2,0,C:\Users\FarhadBillimoria\OneDrive - Aurora Energy Research\Documents\Personal\Endog_demand_AI\pyai\data\original\prices\L4\EC2_g6xlarge_us-west-2.csv
2025-03-05,0.5388046719681908,0.5270874751491054,0.5489562624254474,5235.18049016057,9716.286369672824,10,L4,aws,L4,g6xlarge,us-west-2,0,C:\Users\FarhadBillimoria\OneDrive - Aurora Energy Research\Documents\Personal\Endog_demand_AI\pyai\data\original\prices\L4\EC2_g6xlarge_us-west-2.csv
2025-03-06,0.5354125248508946,0.5294483101391649,0.544110337972167,5202.221417360859,9716.286369672824,11,L4,aws,L4,g6xlarge,us-west-2,0,C:\Users\FarhadBillimoria\OneDrive - Aurora Energy Research\Documents\Personal\Endog_demand_AI\pyai\data\original\prices\L4\EC2_g6xlarge_us-west-2.csv
2025-03-07,0.5336263667992047,0.525969184890656,0.5427435387673956,5184.866594229144,9716.286369672824,8,L4,aws,L4,g6xlarge,us-west-2,0,C:\Users\FarhadBillimoria\OneDrive - Aurora Energy Research\Documents\Personal\Endog_demand_AI\pyai\data\original\prices\L4\EC2_g6xlarge_us-west-2.csv
2025-03-08,0.5256481941683234,0.5141650099403579,0.5374005964214711,5107.348384240814,9716.286369672824,12,L4,aws,L4,g6xlarge,us-west-2,0,C:\Users\FarhadBillimoria\OneDrive - Aurora Energy Research\Documents\Personal\Endog_demand_AI\pyai\data\original\prices\L4\EC2_g6xlarge_us-west-2.csv
2025-03-09,0.5153702783300199,0.507579522862823,0.5278330019880716,5007.485210672462,9716.286369672824,10,L4,aws,L4,g6xlarge,us-west-2,0,C:\Users\FarhadBillimoria\OneDrive - Aurora Energy Research\Documents\Personal\Endog_demand_AI\pyai\data\original\prices\L4\EC2_g6xlarge_us-west-2.csv
2025-03-10,0.5126988071570576,0.5043489065606361,0.5273359840954275,4981.528431727635,9716.286369672824,10,L4,aws,L4,g6xlarge,us-west-2,0,C:\Users\FarhadBillimoria\OneDrive - Aurora Energy Research\Documents\Personal\Endog_demand_AI\pyai\data\original\prices\L4\EC2_g6xlarge_us-west-2.csv
2025-03-11,0.5151279821073559,0.4986332007952286,0.5324304174950297,5005.1309911867675,9716.286369672824,12,L4,aws,L4,g6xlarge,us-west-2,0,C:\Users\FarhadBillimoria\OneDrive - Aurora Energy Research\Documents\Personal\Endog_demand_AI\pyai\data\original\prices\L4\EC2_g6xlarge_us-west-2.csv
2025-03-12,0.5029821073558648,0.48546222664015903,0.5171471172962226,4887.118193891101,9716.286369672824,10,L4,aws,L4,g6xlarge,us-west-2,0,C:\Users\FarhadBillimoria\OneDrive - Aurora Energy Research\Documents\Personal\Endog_demand_AI\pyai\data\original\prices\L4\EC2_g6xlarge_us-west-2.csv
2025-03-13,0.5031063618290258,0.48384691848906564,0.5159045725646123,4888.325485935047,9716.286369672824,12,L4,aws,L4,g6xlarge,us-west-2,0,C:\Users\FarhadBillimoria\OneDrive - Aurora Energy Research\Documents\Personal\Endog_demand_AI\pyai\data\original\prices\L4\EC2_g6xlarge_us-west-2.csv
2025-03-14,0.5038829522862823,0.4831013916500994,0.5195079522862823,4895.871061209707,9716.286369672824,12,L4,aws,L4,g6xlarge,us-west-2,0,C:\Users\FarhadBillimoria\OneDrive - Aurora Energy Research\Documents\Personal\Endog_demand_AI\pyai\data\original\prices\L4\EC2_g6xlarge_us-west-2.csv
2025-03-15,0.49575981610337966,0.4722912524850894,0.5188866799204771,4816.944343836773,9716.286369672824,8,L4,aws,L4,g6xlarge,us-west-2,0,C:\Users\FarhadBillimoria\OneDrive - Aurora Energy Research\Documents\Personal\Endog_demand_AI\pyai\data\original\prices\L4\EC2_g6xlarge_us-west-2.csv
2025-03-16,0.5001553180914513,0.4638419483101392,0.5188866799204771,4859.652299891343,9716.286369672824,12,L4,aws,L4,g6xlarge,us-west-2,0,C:\Users\FarhadBillimoria\OneDrive - Aurora Energy Research\Documents\Personal\Endog_demand_AI\pyai\data\original\prices\L4\EC2_g6xlarge_us-west-2.csv
2025-03-17,0.49345888952002276,0.45899602385685884,0.5167743538767395,4794.587882237284,9716.286369672822,14,L4,aws,L4,g6xlarge,us-west-2,0,C:\Users\FarhadBillimoria\OneDrive - Aurora Energy Research\Documents\Personal\Endog_demand_AI\pyai\data\original\prices\L4\EC2_g6xlarge_us-west-2.csv
2025-03-18,0.4858732222052301,0.44818588469184895,0.5101888667992047,4720.883366301693,9716.286369672824,13,L4,aws,L4,g6xlarge,us-west-2,0,C:\Users\FarhadBillimoria\OneDrive - Aurora Energy Research\Documents\Personal\Endog_demand_AI\pyai\data\original\prices\L4\EC2_g6xlarge_us-west-2.csv
2025-03-19,0.4788353214049039,0.4443339960238568,0.5022365805168986,4652.501106684374,9716.286369672824,12,L4,aws,L4,g6xlarge,us-west-2,0,C:\Users\FarhadBillimoria\OneDrive - Aurora Energy Research\Documents\Personal\Endog_demand_AI\pyai\data\original\prices\L4\EC2_g6xlarge_us-west-2.csv
2025-03-20,0.47478669648774013,0.4358846918489065,0.4976391650099403,4613.1635075858185,9716.286369672824,12,L4,aws,L4,g6xlarge,us-west-2,0,C:\Users\FarhadBillimoria\OneDrive - Aurora Energy Research\Documents\Personal\Endog_demand_AI\pyai\data\original\prices\L4\EC2_g6xlarge_us-west-2.csv
2025-03-21,0.47280069582504963,0.43240556660039753,0.49540258449304175,4593.866956416757,9716.286369672824,10,L4,aws,L4,g6xlarge,us-west-2,0,C:\Users\FarhadBillimoria\OneDrive - Aurora Energy Research\Documents\Personal\Endog_demand_AI\pyai\data\original\prices\L4\EC2_g6xlarge_us-west-2.csv
2025-03-22,0.4646326585938912,0.426317097415507,0.4900596421471172,4514.503967600672,9716.286369672824,11,L4,aws,L4,g6xlarge,us-west-2,0,C:\Users\FarhadBillimoria\OneDrive - Aurora Energy Research\Documents\Personal\Endog_demand_AI\pyai\data\original\prices\L4\EC2_g6xlarge_us-west-2.csv
2025-03-23,0.44729125248508944,0.422465208747515,0.4659542743538767,4346.00989979476,9716.286369672824,10,L4,aws,L4,g6xlarge,us-west-2,0,C:\Users\FarhadBillimoria\OneDrive - Aurora Energy Research\Documents\Personal\Endog_demand_AI\pyai\data\original\prices\L4\EC2_g6xlarge_us-west-2.csv
2025-03-24,0.4517892644135189,0.42333499005964215,0.4680666003976143,4389.713871785585,9716.286369672824,11,L4,aws,L4,g6xlarge,us-west-2,0,C:\Users\FarhadBillimoria\OneDrive - Aurora Energy Research\Documents\Personal\Endog_demand_AI\pyai\data\original\prices\L4\EC2_g6xlarge_us-west-2.csv
2025-03-25,0.44565109343936377,0.415382703777336,0.4712972166998012,4330.07364481468,9716.286369672824,10,L4,aws,L4,g6xlarge,us-west-2,0,C:\Users\FarhadBillimoria\OneDrive - Aurora Energy Research\Documents\Personal\Endog_demand_AI\pyai\data\original\prices\L4\EC2_g6xlarge_us-west-2.csv
2025-03-26,0.44678802186878724,0.4107852882703777,0.474403578528827,4341.1203670167815,9716.286369672824,12,L4,aws,L4,g6xlarge,us-west-2,0,C:\Users\FarhadBillimoria\OneDrive - Aurora Energy Research\Documents\Personal\Endog_demand_AI\pyai\data\original\prices\L4\EC2_g6xlarge_us-west-2.csv
2025-03-27,0.44285536779324053,0.4063121272365805,0.47427932405566603,4302.909573825908,9716.286369672824,10,L4,aws,L4,g6xlarge,us-west-2,0,C:\Users\FarhadBillimoria\OneDrive - Aurora Energy Research\Documents\Personal\Endog_demand_AI\pyai\data\original\prices\L4\EC2_g6xlarge_us-west-2.csv
2025-03-28,0.44597189589734315,0.4019632206759443,0.47676441351888665,4333.190653364503,9716.286369672824,11,L4,aws,L4,g6xlarge,us-west-2,0,C:\Users\FarhadBillimoria\OneDrive - Aurora Energy Research\Documents\Personal\Endog_demand_AI\pyai\data\original\prices\L4\EC2_g6xlarge_us-west-2.csv
2025-03-29,0.43927683896620273,0.39550198807157055,0.48111332007952284,4268.139562960279,9716.286369672824,10,L4,aws,L4,g6xlarge,us-west-2,0,C:\Users\FarhadBillimoria\OneDrive - Aurora Energy Research\Documents\Personal\Endog_demand_AI\pyai\data\original\prices\L4\EC2_g6xlarge_us-west-2.csv
2025-03-30,0.45377733598409536,0.39015904572564614,0.48769880715705766,4409.030544488712,9716.286369672824,12,L4,aws,L4,g6xlarge,us-west-2,0,C:\Users\FarhadBillimoria\OneDrive - Aurora Energy Research\Documents\Personal\Endog_demand_AI\pyai\data\original\prices\L4\EC2_g6xlarge_us-west-2.csv
2025-03-31,0.45010147448641485,0.38779821073558646,0.49527833001988075,4373.314821521993,9716.286369672824,12,L4,aws,L4,g6xlarge,us-west-2,0,C:\Users\FarhadBillimoria\OneDrive - Aurora Energy Research\Documents\Personal\Endog_demand_AI\pyai\data\original\prices\L4\EC2_g6xlarge_us-west-2.csv
2025-04-01,0.4471918489065606,0.3884194831013916,0.4968936381709741,4345.044066159603,9716.286369672824,10,L4,aws,L4,g6xlarge,us-west-2,0,C:\Users\FarhadBillimoria\OneDrive - Aurora Energy Research\Documents\Personal\Endog_demand_AI\pyai\data\original\prices\L4\EC2_g6xlarge_us-west-2.csv
2025-04-02,0.46250621272365805,0.39078031809145125,0.5018638170974155,4493.8428105758785,9716.286369672824,12,L4,aws,L4,g6xlarge,us-west-2,0,C:\Users\FarhadBillimoria\OneDrive - Aurora Energy Research\Documents\Personal\Endog_demand_AI\pyai\data\original\prices\L4\EC2_g6xlarge_us-west-2.csv
2025-04-03,0.4605989065606361,0.39251988071570576,0.5054671968190855,4475.310877701316,9716.286369672824,10,L4,aws,L4,g6xlarge,us-west-2,0,C:\Users\FarhadBillimoria\OneDrive - Aurora Energy Research\Documents\Personal\Endog_demand_AI\pyai\data\original\prices\L4\EC2_g6xlarge_us-west-2.csv
2025-04-04,0.46084741550695824,0.39575049701789267,0.5042246520874751,4477.725461789207,9716.286369672824,10,L4,aws,L4,g6xlarge,us-west-2,0,C:\Users\FarhadBillimoria\OneDrive - Aurora Energy Research\Documents\Personal\Endog_demand_AI\pyai\data\original\prices\L4\EC2_g6xlarge_us-west-2.csv
2025-04-05,0.45748237845653345,0.3977385685884692,0.5067097415506958,4445.029798162721,9716.286369672824,11,L4,aws,L4,g6xlarge,us-west-2,0,C:\Users\FarhadBillimoria\OneDrive - Aurora Energy Research\Documents\Personal\Endog_demand_AI\pyai\data\original\prices\L4\EC2_g6xlarge_us-west-2.csv
2025-04-06,0.46472302548346284,0.40419980119284293,0.5177683896620279,4515.381998178086,9716.286369672824,11,L4,aws,L4,g6xlarge,us-west-2,0,C:\Users\FarhadBillimoria\OneDrive - Aurora Energy Research\Documents\Personal\Endog_demand_AI\pyai\data\original\prices\L4\EC2_g6xlarge_us-west-2.csv
2025-04-07,0.4702410536779324,0.40519383697813116,0.5181411530815109,4568.9967403114815,9716.286369672824,12,L4,aws,L4,g6xlarge,us-west-2,0,C:\Users\FarhadBillimoria\OneDrive - Aurora Energy Research\Documents\Personal\Endog_demand_AI\pyai\data\original\prices\L4\EC2_g6xlarge_us-west-2.csv
2025-04-08,0.4765159045725646,0.408051689860835,0.5151590457256462,4629.964988530725,9716.286369672824,11,L4,aws,L4,g6xlarge,us-west-2,0,C:\Users\FarhadBillimoria\OneDrive - Aurora Energy Research\Documents\Personal\Endog_demand_AI\pyai\data\original\prices\L4\EC2_g6xlarge_us-west-2.csv
2025-04-09,0.47568754141815767,0.4166252485089463,0.5206262425447316,4621.916374904423,9716.286369672824,12,L4,aws,L4,g6xlarge,us-west-2,0,C:\Users\FarhadBillimoria\OneDrive - Aurora Energy Research\Documents\Personal\Endog_demand_AI\pyai\data\original\prices\L4\EC2_g6xlarge_us-west-2.csv
2025-04-10,0.47231384420748235,0.4203528827037773,0.5208747514910537,4589.136566680934,9716.286369672824,11,L4,aws,L4,g6xlarge,us-west-2,0,C:\Users\FarhadBillimoria\OneDrive - Aurora Energy Research\Documents\Personal\Endog_demand_AI\pyai\data\original\prices\L4\EC2_g6xlarge_us-west-2.csv
2025-04-11,0.4842072564612326,0.4203528827037773,0.5244781312127236,4704.696366050947,9716.286369672824,10,L4,aws,L4,g6xlarge,us-west-2,0,C:\Users\FarhadBillimoria\OneDrive - Aurora Energy Research\Documents\Personal\Endog_demand_AI\pyai\data\original\prices\L4\EC2_g6xlarge_us-west-2.csv
2025-04-12,0.48260437375745524,0.4253230616302187,0.5301938369781312,4689.122298684051,9716.286369672824,12,L4,aws,L4,g6xlarge,us-west-2,0,C:\Users\FarhadBillimoria\OneDrive - Aurora Energy Research\Documents\Personal\Endog_demand_AI\pyai\data\original\prices\L4\EC2_g6xlarge_us-west-2.csv
2025-04-13,0.4802331842279655,0.42780815109343934,0.529572564612326,4666.08314217876,9716.286369672824,12,L4,aws,L4,g6xlarge,us-west-2,0,C:\Users\FarhadBillimoria\OneDrive - Aurora Energy Research\Documents\Personal\Endog_demand_AI\pyai\data\original\prices\L4\EC2_g6xlarge_us-west-2.csv
2025-04-14,0.47968917265636946,0.4242047713717693,0.5285785288270377,4660.797369960716,9716.286369672824,13,L4,aws,L4,g6xlarge,us-west-2,0,C:\Users\FarhadBillimoria\OneDrive - Aurora Energy Research\Documents\Personal\Endog_demand_AI\pyai\data\original\prices\L4\EC2_g6xlarge_us-west-2.csv
2025-04-15,0.47746852220013253,0.43004473161033796,0.526093439363817,4639.220894200974,9716.286369672824,9,L4,aws,L4,g6xlarge,us-west-2,0,C:\Users\FarhadBillimoria\OneDrive - Aurora Energy Research\Documents\Personal\Endog_demand_AI\pyai\data\original\prices\L4\EC2_g6xlarge_us-west-2.csv
2025-04-16,0.47536033797216704,0.430168986083499,0.5334244532803181,4618.737172522033,9716.286369672824,10,L4,aws,L4,g6xlarge,us-west-2,0,C:\Users\FarhadBillimoria\OneDrive - Aurora Energy Research\Documents\Personal\Endog_demand_AI\pyai\data\original\prices\L4\EC2_g6xlarge_us-west-2.csv
2025-04-17,0.48427703012693074,0.42681411530815117,0.536530815109344,4705.374306967932,9716.286369672824,13,L4,aws,L4,g6xlarge,us-west-2,0,C:\Users\FarhadBillimoria\OneDrive - Aurora Energy Research\Documents\Personal\Endog_demand_AI\pyai\data\original\prices\L4\EC2_g6xlarge_us-west-2.csv
2025-04-18,0.4893045572717541,0.4270626242544731,0.5474652087475148,4754.2232004383395,9716.286369672824,13,L4,aws,L4,g6xlarge,us-west-2,0,C:\Users\FarhadBillimoria\OneDrive - Aurora Energy Research\Documents\Personal\Endog_demand_AI\pyai\data\original\prices\L4\EC2_g6xlarge_us-west-2.csv
2025-04-19,0.4876310319898789,0.4336481113320079,0.5541749502982107,4737.962749552753,9716.286369672824,11,L4,aws,L4,g6xlarge,us-west-2,0,C:\Users\FarhadBillimoria\OneDrive - Aurora Energy Research\Documents\Personal\Endog_demand_AI\pyai\data\original\prices\L4\EC2_g6xlarge_us-west-2.csv
2025-04-20,0.500152928582352,0.44247017892644136,0.5769135188866799,4859.629082736652,9716.286369672824,13,L4,aws,L4,g6xlarge,us-west-2,0,C:\Users\FarhadBillimoria\OneDrive - Aurora Energy Research\Documents\Personal\Endog_demand_AI\pyai\data\original\prices\L4\EC2_g6xlarge_us-west-2.csv
2025-04-21,0.5126863817097416,0.45675944333996027,0.5872266401590457,4981.40770252324,9716.286369672824,10,L4,aws,L4,g6xlarge,us-west-2,0,C:\Users\FarhadBillimoria\OneDrive - Aurora Energy Research\Documents\Personal\Endog_demand_AI\pyai\data\original\prices\L4\EC2_g6xlarge_us-west-2.csv
2025-04-22,0.5208269613090686,0.45787773359840955,0.6118290258449305,5060.503905125419,9716.286369672824,13,L4,aws,L4,g6xlarge,us-west-2,0,C:\Users\FarhadBillimoria\OneDrive - Aurora Energy Research\Documents\Personal\Endog_demand_AI\pyai\data\original\prices\L4\EC2_g6xlarge_us-west-2.csv
2025-04-23,0.529945328031809,0.4618538767395626,0.6233846918489065,5149.10056742726,9716.286369672824,11,L4,aws,L4,g6xlarge,us-west-2,0,C:\Users\FarhadBillimoria\OneDrive - Aurora Energy Research\Documents\Personal\Endog_demand_AI\pyai\data\original\prices\L4\EC2_g6xlarge_us-west-2.csv
2025-04-24,0.5167432902584493,0.4635934393638171,0.628976143141153,5020.825787758058,9716.286369672824,12,L4,aws,L4,g6xlarge,us-west-2,0,C:\Users\FarhadBillimoria\OneDrive - Aurora Energy Research\Documents\Personal\Endog_demand_AI\pyai\data\original\prices\L4\EC2_g6xlarge_us-west-2.csv
2025-04-25,0.549984185794325,0.463344930417495,0.6410288270377734,5343.803847969005,9716.286369672824,11,L4,aws,L4,g6xlarge,us-west-2,0,C:\Users\FarhadBillimoria\OneDrive - Aurora Energy Research\Documents\Personal\Endog_demand_AI\pyai\data\original\prices\L4\EC2_g6xlarge_us-west-2.csv
2025-04-26,0.541297668534249,0.46085984095427435,0.6461232604373758,5259.403158715002,9716.286369672824,11,L4,aws,L4,g6xlarge,us-west-2,0,C:\Users\FarhadBillimoria\OneDrive - Aurora Energy Research\Documents\Personal\Endog_demand_AI\pyai\data\original\prices\L4\EC2_g6xlarge_us-west-2.csv
2025-04-27,0.5460238568588469,0.45452286282306165,0.6641401590457257,5305.324157913799,9716.286369672824,10,L4,aws,L4,g6xlarge,us-west-2,0,C:\Users\FarhadBillimoria\OneDrive - Aurora Energy Research\Documents\Personal\Endog_demand_AI\pyai\data\original\prices\L4\EC2_g6xlarge_us-west-2.csv
2025-04-28,0.5352213641229545,0.46085984095427435,0.6651341948310139,5200.364044985558,9716.286369672824,13,L4,aws,L4,g6xlarge,us-west-2,0,C:\Users\FarhadBillimoria\OneDrive - Aurora Energy Research\Documents\Personal\Endog_demand_AI\pyai\data\original\prices\L4\EC2_g6xlarge_us-west-2.csv
2025-04-29,0.5582442842942346,0.46421471172962225,0.6677435387673956,5424.061330435832,9716.286369672824,12,L4,aws,L4,g6xlarge,us-west-2,0,C:\Users\FarhadBillimoria\OneDrive - Aurora Energy Research\Documents\Personal\Endog_demand_AI\pyai\data\original\prices\L4\EC2_g6xlarge_us-west-2.csv
2025-04-30,0.5749150927766733,0.4670725646123261,0.6723409542743539,5586.039679665178,9716.286369672824,12,L4,aws,L4,g6xlarge,us-west-2,0,C:\Users\FarhadBillimoria\OneDrive - Aurora Energy Research\Documents\Personal\Endog_demand_AI\pyai\data\original\prices\L4\EC2_g6xlarge_us-west-2.csv
2025-05-01,0.5388543737574553,0.4689363817097415,0.6820328031809145,5235.663406978148,9716.286369672824,10,L4,aws,L4,g6xlarge,us-west-2,0,C:\Users\FarhadBillimoria\OneDrive - Aurora Energy Research\Documents\Personal\Endog_demand_AI\pyai\data\original\prices\L4\EC2_g6xlarge_us-west-2.csv
2025-05-02,0.5644984261100067,0.46993041749502984,0.6852634194831013,5484.828363314419,9716.286369672824,12,L4,aws,L4,g6xlarge,us-west-2,0,C:\Users\FarhadBillimoria\OneDrive - Aurora Energy Research\Documents\Personal\Endog_demand_AI\pyai\data\original\prices\L4\EC2_g6xlarge_us-west-2.csv
2025-05-03,0.5335035243086933,0.4709244532803181,0.6831510934393638,5183.67302141297,9716.286369672824,11,L4,aws,L4,g6xlarge,us-west-2,0,C:\Users\FarhadBillimoria\OneDrive - Aurora Energy Research\Documents\Personal\Endog_demand_AI\pyai\data\original\prices\L4\EC2_g6xlarge_us-west-2.csv
2025-05-04,0.5546843936381709,0.46943339960238567,0.6755715705765407,5389.472413376795,9716.286369672824,10,L4,aws,L4,g6xlarge,us-west-2,0,C:\Users\FarhadBillimoria\OneDrive - Aurora Energy Research\Documents\Personal\Endog_demand_AI\pyai\data\original\prices\L4\EC2_g6xlarge_us-west-2.csv
2025-05-05,0.5467648653533345,0.4688121272365805,0.6733349900596421,5312.524008648601,9716.286369672824,11,L4,aws,L4,g6xlarge,us-west-2,0,C:\Users\FarhadBillimoria\OneDrive - Aurora Energy Research\Documents\Personal\Endog_demand_AI\pyai\data\original\prices\L4\EC2_g6xlarge_us-west-2.csv
2025-05-06,0.5434994201457919,0.47067594433399607,0.6773111332007952,5280.796007887641,9716.286369672824,12,L4,aws,L4,g6xlarge,us-west-2,0,C:\Users\FarhadBillimoria\OneDrive - Aurora Energy Research\Documents\Personal\Endog_demand_AI\pyai\data\original\prices\L4\EC2_g6xlarge_us-west-2.csv
2025-05-07,0.5476722995361166,0.4745278330019881,0.669234592445328,5321.340899030141,9716.286369672824,12,L4,aws,L4,g6xlarge,us-west-2,0,C:\Users\FarhadBillimoria\OneDrive - Aurora Energy Research\Documents\Personal\Endog_demand_AI\pyai\data\original\prices\L4\EC2_g6xlarge_us-west-2.csv
2025-05-08,0.5533164648472799,0.47676441351888665,0.6693588469184889,5376.181225511178,9716.286369672824,11,L4,aws,L4,g6xlarge,us-west-2,0,C:\Users\FarhadBillimoria\OneDrive - Aurora Energy Research\Documents\Personal\Endog_demand_AI\pyai\data\original\prices\L4\EC2_g6xlarge_us-west-2.csv
2025-05-09,0.5469930417495029,0.4828528827037773,0.6672465208747516,5314.741035856574,9716.286369672824,10,L4,aws,L4,g6xlarge,us-west-2,0,C:\Users\FarhadBillimoria\OneDrive - Aurora Energy Research\Documents\Personal\Endog_demand_AI\pyai\data\original\prices\L4\EC2_g6xlarge_us-west-2.csv
2025-05-10,0.5303802186878728,0.48384691848906564,0.6584244532803181,5153.326089581069,9716.286369672824,10,L4,aws,L4,g6xlarge,us-west-2,0,C:\Users\FarhadBillimoria\OneDrive - Aurora Energy Research\Documents\Personal\Endog_demand_AI\pyai\data\original\prices\L4\EC2_g6xlarge_us-west-2.csv
2025-05-11,0.5498384691848905,0.48757455268389666,0.6604125248508946,5342.388023662924,9716.286369672824,10,L4,aws,L4,g6xlarge,us-west-2,0,C:\Users\FarhadBillimoria\OneDrive - Aurora Energy Research\Documents\Personal\Endog_demand_AI\pyai\data\original\prices\L4\EC2_g6xlarge_us-west-2.csv
2025-05-16,0.562375745526839,0.4843439363817097,0.6404075546719682,5464.203790897018,9716.286369672824,2,L4,aws,L4,g6xlarge,us-west-2,0,C:\Users\FarhadBillimoria\OneDrive - Aurora Energy Research\Documents\Personal\Endog_demand_AI\pyai\data\original\prices\L4\EC2_g6xlarge_us-west-2.csv
2025-05-17,0.5424950298210736,0.4758946322067595,0.6298459244532804,5271.037063865749,9716.286369672822,14,L4,aws,L4,g6xlarge,us-west-2,0,C:\Users\FarhadBillimoria\OneDrive - Aurora Energy Research\Documents\Personal\Endog_demand_AI\pyai\data\original\prices\L4\EC2_g6xlarge_us-west-2.csv
2025-05-18,0.5351888667992047,0.4639662027833002,0.5982852882703777,5200.048291681758,9716.286369672824,10,L4,aws,L4,g6xlarge,us-west-2,0,C:\Users\FarhadBillimoria\OneDrive - Aurora Energy Research\Documents\Personal\Endog_demand_AI\pyai\data\original\prices\L4\EC2_g6xlarge_us-west-2.csv
2025-05-19,0.5137922465208747,0.46247514910536774,0.5744284294234593,4992.152601714354,9716.286369672824,11,L4,aws,L4,g6xlarge,us-west-2,0,C:\Users\FarhadBillimoria\OneDrive - Aurora Energy Research\Documents\Personal\Endog_demand_AI\pyai\data\original\prices\L4\EC2_g6xlarge_us-west-2.csv
2025-05-20,0.516516969610906,0.46309642147117297,0.5611332007952285,5018.626791535157,9716.286369672822,14,L4,aws,L4,g6xlarge,us-west-2,0,C:\Users\FarhadBillimoria\OneDrive - Aurora Energy Research\Documents\Personal\Endog_demand_AI\pyai\data\original\prices\L4\EC2_g6xlarge_us-west-2.csv
2025-05-21,0.5124445633888973,0.46297216699801186,0.5485834990059641,4979.058126468484,9716.286369672824,13,L4,aws,L4,g6xlarge,us-west-2,0,C:\Users\FarhadBillimoria\OneDrive - Aurora Energy Research\Documents\Personal\Endog_demand_AI\pyai\data\original\prices\L4\EC2_g6xlarge_us-west-2.csv
2025-05-22,0.5136928429423459,0.46558151093439365,0.5506958250497017,4991.186768079198,9716.286369672824,10,L4,aws,L4,g6xlarge,us-west-2,0,C:\Users\FarhadBillimoria\OneDrive - Aurora Energy Research\Documents\Personal\Endog_demand_AI\pyai\data\original\prices\L4\EC2_g6xlarge_us-west-2.csv
2025-05-23,0.5315882482880494,0.4691848906560636,0.5556660039761431,5165.063651119428,9716.286369672824,9,L4,aws,L4,g6xlarge,us-west-2,0,C:\Users\FarhadBillimoria\OneDrive - Aurora Energy Research\Documents\Personal\Endog_demand_AI\pyai\data\original\prices\L4\EC2_g6xlarge_us-west-2.csv
2025-05-24,0.519585611332008,0.4696819085487077,0.5575298210735586,5048.44259326331,9716.286369672824,8,L4,aws,L4,g6xlarge,us-west-2,0,C:\Users\FarhadBillimoria\OneDrive - Aurora Energy Research\Documents\Personal\Endog_demand_AI\pyai\data\original\prices\L4\EC2_g6xlarge_us-west-2.csv
2025-05-25,0.5396216451292246,0.47477634194831014,0.5570328031809144,5243.118435349511,9716.286369672824,8,L4,aws,L4,g6xlarge,us-west-2,0,C:\Users\FarhadBillimoria\OneDrive - Aurora Energy Research\Documents\Personal\Endog_demand_AI\pyai\data\original\prices\L4\EC2_g6xlarge_us-west-2.csv
2025-05-26,0.5180168986083499,0.46210238568588463,0.5429920477137177,5033.200531208499,9716.286369672824,10,L4,aws,L4,g6xlarge,us-west-2,0,C:\Users\FarhadBillimoria\OneDrive - Aurora Energy Research\Documents\Personal\Endog_demand_AI\pyai\data\original\prices\L4\EC2_g6xlarge_us-west-2.csv
2025-05-27,0.5112077534791253,0.46235089463220674,0.5453528827037774,4967.040927200289,9716.286369672824,10,L4,aws,L4,g6xlarge,us-west-2,0,C:\Users\FarhadBillimoria\OneDrive - Aurora Energy Research\Documents\Personal\Endog_demand_AI\pyai\data\original\prices\L4\EC2_g6xlarge_us-west-2.csv
2025-05-28,0.5114686878727633,0.46297216699801186,0.5432405566600398,4969.576240492575,9716.286369672824,10,L4,aws,L4,g6xlarge,us-west-2,0,C:\Users\FarhadBillimoria\OneDrive - Aurora Energy Research\Documents\Personal\Endog_demand_AI\pyai\data\original\prices\L4\EC2_g6xlarge_us-west-2.csv
2025-05-29,0.5115059642147117,0.46309642147117297,0.544358846918489,4969.938428105759,9716.286369672824,10,L4,aws,L4,g6xlarge,us-west-2,0,C:\Users\FarhadBillimoria\OneDrive - Aurora Energy Research\Documents\Personal\Endog_demand_AI\pyai\data\original\prices\L4\EC2_g6xlarge_us-west-2.csv
2025-05-30,0.5114562624254473,0.4650844930417495,0.54448310139165,4969.455511288181,9716.286369672824,10,L4,aws,L4,g6xlarge,us-west-2,0,C:\Users\FarhadBillimoria\OneDrive - Aurora Energy Research\Documents\Personal\Endog_demand_AI\pyai\data\original\prices\L4\EC2_g6xlarge_us-west-2.csv
2025-05-31,0.5130591451292246,0.46856361829025844,0.5434890656063618,4985.029578655076,9716.286369672824,10,L4,aws,L4,g6xlarge,us-west-2,0,C:\Users\FarhadBillimoria\OneDrive - Aurora Energy Research\Documents\Personal\Endog_demand_AI\pyai\data\original\prices\L4\EC2_g6xlarge_us-west-2.csv
2025-06-01,0.5199258991505512,0.46943339960238567,0.5531809145129224,5051.748927156388,9716.286369672824,11,L4,aws,L4,g6xlarge,us-west-2,0,C:\Users\FarhadBillimoria\OneDrive - Aurora Energy Research\Documents\Personal\Endog_demand_AI\pyai\data\original\prices\L4\EC2_g6xlarge_us-west-2.csv
2025-06-02,0.5332691351888668,0.4722912524850894,0.5560387673956263,5181.3956296028,9716.286369672824,4,L4,aws,L4,g6xlarge,us-west-2,0,C:\Users\FarhadBillimoria\OneDrive - Aurora Energy Research\Documents\Personal\Endog_demand_AI\pyai\data\original\prices\L4\EC2_g6xlarge_us-west-2.csv
2025-06-03,0.5225211232604373,0.46520874751491054,0.5535536779324056,5076.964867801521,9716.286369672824,12,L4,aws,L4,g6xlarge,us-west-2,0,C:\Users\FarhadBillimoria\OneDrive - Aurora Energy Research\Documents\Personal\Endog_demand_AI\pyai\data\original\prices\L4\EC2_g6xlarge_us-west-2.csv
2025-06-04,0.5086356858846919,0.46669980119284293,0.5503230616302187,4942.049981890619,9716.286369672824,10,L4,aws,L4,g6xlarge,us-west-2,0,C:\Users\FarhadBillimoria\OneDrive - Aurora Energy Research\Documents\Personal\Endog_demand_AI\pyai\data\original\prices\L4\EC2_g6xlarge_us-west-2.csv
2025-06-05,0.5112167901680824,0.46297216699801186,0.5501988071570577,4967.128730258031,9716.286369672824,11,L4,aws,L4,g6xlarge,us-west-2,0,C:\Users\FarhadBillimoria\OneDrive - Aurora Energy Research\Documents\Personal\Endog_demand_AI\pyai\data\original\prices\L4\EC2_g6xlarge_us-west-2.csv
2025-06-06,0.5223658051689861,0.46669980119284293,0.5508200795228628,5075.4557527465895,9716.286369672824,13,L4,aws,L4,g6xlarge,us-west-2,0,C:\Users\FarhadBillimoria\OneDrive - Aurora Energy Research\Documents\Personal\Endog_demand_AI\pyai\data\original\prices\L4\EC2_g6xlarge_us-west-2.csv
2025-06-07,0.5187348133421692,0.4658300198807157,0.5565357852882704,5040.175996351295,9716.286369672824,9,L4,aws,L4,g6xlarge,us-west-2,0,C:\Users\FarhadBillimoria\OneDrive - Aurora Energy Research\Documents\Personal\Endog_demand_AI\pyai\data\original\prices\L4\EC2_g6xlarge_us-west-2.csv
2025-06-08,0.5287314574093898,0.4638419483101392,0.5796471172962226,5137.306252844101,9716.286369672824,13,L4,aws,L4,g6xlarge,us-west-2,0,C:\Users\FarhadBillimoria\OneDrive - Aurora Energy Research\Documents\Personal\Endog_demand_AI\pyai\data\original\prices\L4\EC2_g6xlarge_us-west-2.csv
2025-06-09,0.5296139827700463,0.4675695825049702,0.5945576540755466,5145.881121976739,9716.286369672824,9,L4,aws,L4,g6xlarge,us-west-2,0,C:\Users\FarhadBillimoria\OneDrive - Aurora Energy Research\Documents\Personal\Endog_demand_AI\pyai\data\original\prices\L4\EC2_g6xlarge_us-west-2.csv
2025-06-10,0.5373591782637509,0.4691848906560636,0.6181660039761432,5221.135659382671,9716.286369672824,12,L4,aws,L4,g6xlarge,us-west-2,0,C:\Users\FarhadBillimoria\OneDrive - Aurora Energy Research\Documents\Personal\Endog_demand_AI\pyai\data\original\prices\L4\EC2_g6xlarge_us-west-2.csv
2025-06-11,0.45171826185742686,0.10188866799204771,0.6263667992047713,4389.023990617616,9716.286369672822,14,L4,aws,L4,g6xlarge,us-west-2,0,C:\Users\FarhadBillimoria\OneDrive - Aurora Energy Research\Documents\Personal\Endog_demand_AI\pyai\data\original\prices\L4\EC2_g6xlarge_us-west-2.csv
2025-06-12,0.3912862113036069,0.10810139165009938,0.6297216699801192,3801.848881530156,9716.286369672822,14,L4,aws,L4,g6xlarge,us-west-2,0,C:\Users\FarhadBillimoria\OneDrive - Aurora Energy Research\Documents\Personal\Endog_demand_AI\pyai\data\original\prices\L4\EC2_g6xlarge_us-west-2.csv
2025-06-13,0.45204733139623793,0.1146868787276342,0.6276093439363817,4392.2213244922405,9716.286369672824,13,L4,aws,L4,g6xlarge,us-west-2,0,C:\Users\FarhadBillimoria\OneDrive - Aurora Energy Research\Documents\Personal\Endog_demand_AI\pyai\data\original\prices\L4\EC2_g6xlarge_us-west-2.csv
2025-06-14,0.43587433730947645,0.12077534791252485,0.6150596421471173,4235.07988249024,9716.286369672824,12,L4,aws,L4,g6xlarge,us-west-2,0,C:\Users\FarhadBillimoria\OneDrive - Aurora Energy Research\Documents\Personal\Endog_demand_AI\pyai\data\original\prices\L4\EC2_g6xlarge_us-west-2.csv
2025-06-15,0.41529296443560854,0.1257455268389662,0.6062375745526839,4035.105369766724,9716.286369672824,18,L4,aws,L4,g6xlarge,us-west-2,0,C:\Users\FarhadBillimoria\OneDrive - Aurora Energy Research\Documents\Personal\Endog_demand_AI\pyai\data\original\prices\L4\EC2_g6xlarge_us-west-2.csv
2025-06-16,0.4123650951434251,0.13593439363817097,0.5842445328031809,4006.6573532708985,9716.286369672822,14,L4,aws,L4,g6xlarge,us-west-2,0,C:\Users\FarhadBillimoria\OneDrive - Aurora Energy Research\Documents\Personal\Endog_demand_AI\pyai\data\original\prices\L4\EC2_g6xlarge_us-west-2.csv
2025-06-17,0.4271558151093439,0.14388667992047713,0.581013916500994,4150.368224073403,9716.286369672824,16,L4,aws,L4,g6xlarge,us-west-2,0,C:\Users\FarhadBillimoria\OneDrive - Aurora Energy Research\Documents\Personal\Endog_demand_AI\pyai\data\original\prices\L4\EC2_g6xlarge_us-west-2.csv
2025-06-18,0.414964756913067,0.1522117296222664,0.580641153081511,4031.91641148903,9716.286369672824,11,L4,aws,L4,g6xlarge,us-west-2,0,C:\Users\FarhadBillimoria\OneDrive - Aurora Energy Research\Documents\Personal\Endog_demand_AI\pyai\data\original\prices\L4\EC2_g6xlarge_us-west-2.csv
2025-06-19,0.4252445851208538,0.15792743538767395,0.5772862823061631,4131.798166186927,9716.286369672824,19,L4,aws,L4,g6xlarge,us-west-2,0,C:\Users\FarhadBillimoria\OneDrive - Aurora Energy Research\Documents\Personal\Endog_demand_AI\pyai\data\original\prices\L4\EC2_g6xlarge_us-west-2.csv
2025-06-20,0.42037547442617024,0.1669980119284294,0.5613817097415507,4084.4884923117443,9716.286369672824,11,L4,aws,L4,g6xlarge,us-west-2,0,C:\Users\FarhadBillimoria\OneDrive - Aurora Energy Research\Documents\Personal\Endog_demand_AI\pyai\data\original\prices\L4\EC2_g6xlarge_us-west-2.csv
2025-06-21,0.40231268638170975,0.17594433399602386,0.5465954274353877,3908.9852710370633,9716.286369672824,16,L4,aws,L4,g6xlarge,us-west-2,0,C:\Users\FarhadBillimoria\OneDrive - Aurora Energy Research\Documents\Personal\Endog_demand_AI\pyai\data\original\prices\L4\EC2_g6xlarge_us-west-2.csv
2025-06-22,0.4313369781312127,0.18787276341948309,0.5359095427435387,4190.993601352167,9716.286369672824,15,L4,aws,L4,g6xlarge,us-west-2,0,C:\Users\FarhadBillimoria\OneDrive - Aurora Energy Research\Documents\Personal\Endog_demand_AI\pyai\data\original\prices\L4\EC2_g6xlarge_us-west-2.csv
2025-06-23,0.4137673956262425,0.1964463220675944,0.5176441351888669,4020.282506338283,9716.286369672824,17,L4,aws,L4,g6xlarge,us-west-2,0,C:\Users\FarhadBillimoria\OneDrive - Aurora Energy Research\Documents\Personal\Endog_demand_AI\pyai\data\original\prices\L4\EC2_g6xlarge_us-west-2.csv
2025-06-24,0.40704937044400263,0.20725646123260438,0.5008697813121272,3955.008249828967,9716.286369672824,15,L4,aws,L4,g6xlarge,us-west-2,0,C:\Users\FarhadBillimoria\OneDrive - Aurora Energy Research\Documents\Personal\Endog_demand_AI\pyai\data\original\prices\L4\EC2_g6xlarge_us-west-2.csv
2025-06-25,0.3701209410205434,0.21645129224652085,0.49751491053677926,3596.201054368385,9716.286369672824,15,L4,aws,L4,g6xlarge,us-west-2,0,C:\Users\FarhadBillimoria\OneDrive - Aurora Energy Research\Documents\Personal\Endog_demand_AI\pyai\data\original\prices\L4\EC2_g6xlarge_us-west-2.csv
2025-06-26,0.4116404514091919,0.23707753479125246,0.49341451292246524,3999.6165072331,9716.286369672824,17,L4,aws,L4,g6xlarge,us-west-2,0,C:\Users\FarhadBillimoria\OneDrive - Aurora Energy Research\Documents\Personal\Endog_demand_AI\pyai\data\original\prices\L4\EC2_g6xlarge_us-west-2.csv
2025-06-27,0.3972493166003976,0.24913021868787277,0.4936630218687872,3859.7881202462872,9716.286369672824,16,L4,aws,L4,g6xlarge,us-west-2,0,C:\Users\FarhadBillimoria\OneDrive - Aurora Energy Research\Documents\Personal\Endog_demand_AI\pyai\data\original\prices\L4\EC2_g6xlarge_us-west-2.csv
2025-06-28,0.42043328265699914,0.2655318091451292,0.49826043737574555,4085.0501736370024,9716.286369672824,17,L4,aws,L4,g6xlarge,us-west-2,0,C:\Users\FarhadBillimoria\OneDrive - Aurora Energy Research\Documents\Personal\Endog_demand_AI\pyai\data\original\prices\L4\EC2_g6xlarge_us-west-2.csv
2025-06-29,0.4002059074126669,0.26267395626242546,0.4937872763419483,3888.515203256239,9716.286369672822,14,L4,aws,L4,g6xlarge,us-west-2,0,C:\Users\FarhadBillimoria\OneDrive - Aurora Energy Research\Documents\Personal\Endog_demand_AI\pyai\data\original\prices\L4\EC2_g6xlarge_us-west-2.csv
2025-06-30,0.40529146549275774,0.26081013916500995,0.4944085487077534,3937.9279419120057,9716.286369672822,14,L4,aws,L4,g6xlarge,us-west-2,0,C:\Users\FarhadBillimoria\OneDrive - Aurora Energy Research\Documents\Personal\Endog_demand_AI\pyai\data\original\prices\L4\EC2_g6xlarge_us-west-2.csv
2025-07-01,0.40285492924804117,0.257455268389662,0.5032306163021869,3914.2538580082523,9716.286369672824,17,L4,aws,L4,g6xlarge,us-west-2,0,C:\Users\FarhadBillimoria\OneDrive - Aurora Energy Research\Documents\Personal\Endog_demand_AI\pyai\data\original\prices\L4\EC2_g6xlarge_us-west-2.csv
2025-07-02,0.3988664168833154,0.26081013916500995,0.49602385685884687,3875.500329683596,9716.286369672824,13,L4,aws,L4,g6xlarge,us-west-2,0,C:\Users\FarhadBillimoria\OneDrive - Aurora Energy Research\Documents\Personal\Endog_demand_AI\pyai\data\original\prices\L4\EC2_g6xlarge_us-west-2.csv
2025-07-03,0.41532057654075544,0.2616799204771372,0.4966451292246521,4035.373656887601,9716.286369672824,16,L4,aws,L4,g6xlarge,us-west-2,0,C:\Users\FarhadBillimoria\OneDrive - Aurora Energy Research\Documents\Personal\Endog_demand_AI\pyai\data\original\prices\L4\EC2_g6xlarge_us-west-2.csv
2025-07-04,0.42350362113036066,0.26230119284294234,0.49652087475149104,4114.882461496008,9716.286369672822,14,L4,aws,L4,g6xlarge,us-west-2,0,C:\Users\FarhadBillimoria\OneDrive - Aurora Energy Research\Documents\Personal\Endog_demand_AI\pyai\data\original\prices\L4\EC2_g6xlarge_us-west-2.csv
2025-07-05,0.4141567263088138,0.2664015904572565,0.4986332007952286,4024.0653547426455,9716.286369672824,15,L4,aws,L4,g6xlarge,us-west-2,0,C:\Users\FarhadBillimoria\OneDrive - Aurora Energy Research\Documents\Personal\Endog_demand_AI\pyai\data\original\prices\L4\EC2_g6xlarge_us-west-2.csv
2025-07-06,0.4235602012922465,0.27634194831013914,0.5162773359840954,4115.432210551732,9716.286369672824,16,L4,aws,L4,g6xlarge,us-west-2,0,C:\Users\FarhadBillimoria\OneDrive - Aurora Energy Research\Documents\Personal\Endog_demand_AI\pyai\data\original\prices\L4\EC2_g6xlarge_us-west-2.csv
2025-07-07,0.41314612326043737,0.2823061630218688,0.522117296222664,4014.246046118556,9716.286369672824,15,L4,aws,L4,g6xlarge,us-west-2,0,C:\Users\FarhadBillimoria\OneDrive - Aurora Energy Research\Documents\Personal\Endog_demand_AI\pyai\data\original\prices\L4\EC2_g6xlarge_us-west-2.csv
2025-07-08,0.42804778472024996,0.29212226640159045,0.5202534791252486,4159.034856246011,9716.286369672822,14,L4,aws,L4,g6xlarge,us-west-2,0,C:\Users\FarhadBillimoria\OneDrive - Aurora Energy Research\Documents\Personal\Endog_demand_AI\pyai\data\original\prices\L4\EC2_g6xlarge_us-west-2.csv
2025-07-09,0.41910077993576994,0.301441351888668,0.5181411530815109,4072.1031956091715,9716.286369672824,13,L4,aws,L4,g6xlarge,us-west-2,0,C:\Users\FarhadBillimoria\OneDrive - Aurora Energy Research\Documents\Personal\Endog_demand_AI\pyai\data\original\prices\L4\EC2_g6xlarge_us-west-2.csv
2025-07-10,0.44428740059642147,0.32417992047713723,0.5160288270377733,4316.82361463238,9716.286369672824,16,L4,aws,L4,g6xlarge,us-west-2,0,C:\Users\FarhadBillimoria\OneDrive - Aurora Energy Research\Documents\Personal\Endog_demand_AI\pyai\data\original\prices\L4\EC2_g6xlarge_us-west-2.csv
2025-07-11,0.42138833664678593,0.3385934393638171,0.5137922465208747,4094.3297517002698,9716.286369672824,12,L4,aws,L4,g6xlarge,us-west-2,0,C:\Users\FarhadBillimoria\OneDrive - Aurora Energy Research\Documents\Personal\Endog_demand_AI\pyai\data\original\prices\L4\EC2_g6xlarge_us-west-2.csv
2025-07-12,0.4332944639853188,0.3334990059642147,0.5079522862823062,4210.013094475245,9716.286369672824,13,L4,aws,L4,g6xlarge,us-west-2,0,C:\Users\FarhadBillimoria\OneDrive - Aurora Energy Research\Documents\Personal\Endog_demand_AI\pyai\data\original\prices\L4\EC2_g6xlarge_us-west-2.csv
2025-07-13,0.4375621272365805,0.33262922465208744,0.5154075546719682,4251.478932753833,9716.286369672824,16,L4,aws,L4,g6xlarge,us-west-2,0,C:\Users\FarhadBillimoria\OneDrive - Aurora Energy Research\Documents\Personal\Endog_demand_AI\pyai\data\original\prices\L4\EC2_g6xlarge_us-west-2.csv
2025-07-14,0.44809476474486415,0.33548707753479123,0.5157803180914513,4353.817055012274,9716.286369672824,15,L4,aws,L4,g6xlarge,us-west-2,0,C:\Users\FarhadBillimoria\OneDrive - Aurora Energy Research\Documents\Personal\Endog_demand_AI\pyai\data\original\prices\L4\EC2_g6xlarge_us-west-2.csv
2025-07-15,0.4322526380180456,0.3400844930417495,0.5264662027833003,4199.890415029857,9716.286369672824,13,L4,aws,L4,g6xlarge,us-west-2,0,C:\Users\FarhadBillimoria\OneDrive - Aurora Energy Research\Documents\Personal\Endog_demand_AI\pyai\data\original\prices\L4\EC2_g6xlarge_us-west-2.csv
2025-07-16,0.44759774685222004,0.34691848906560635,0.5313121272365805,4348.987886836492,9716.286369672824,15,L4,aws,L4,g6xlarge,us-west-2,0,C:\Users\FarhadBillimoria\OneDrive - Aurora Energy Research\Documents\Personal\Endog_demand_AI\pyai\data\original\prices\L4\EC2_g6xlarge_us-west-2.csv
2025-07-17,0.45784223232036353,0.36543240556660034,0.5313121272365805,4448.526241354926,9716.286369672822,14,L4,aws,L4,g6xlarge,us-west-2,0,C:\Users\FarhadBillimoria\OneDrive - Aurora Energy Research\Documents\Personal\Endog_demand_AI\pyai\data\original\prices\L4\EC2_g6xlarge_us-west-2.csv
2025-07-18,0.450015814205675,0.3731361829025845,0.533175944333996,4372.482521703818,9716.286369672824,11,L4,aws,L4,g6xlarge,us-west-2,0,C:\Users\FarhadBillimoria\OneDrive - Aurora Energy Research\Documents\Personal\Endog_demand_AI\pyai\data\original\prices\L4\EC2_g6xlarge_us-west-2.csv
2025-07-19,0.45683590763113624,0.3865556660039761,0.536903578528827,4438.748502493522,9716.286369672824,13,L4,aws,L4,g6xlarge,us-west-2,0,C:\Users\FarhadBillimoria\OneDrive - Aurora Energy Research\Documents\Personal\Endog_demand_AI\pyai\data\original\prices\L4\EC2_g6xlarge_us-west-2.csv
2025-07-20,0.4682134465931682,0.4029572564612326,0.5411282306163021,4549.295929230735,9716.286369672824,11,L4,aws,L4,g6xlarge,us-west-2,0,C:\Users\FarhadBillimoria\OneDrive - Aurora Energy Research\Documents\Personal\Endog_demand_AI\pyai\data\original\prices\L4\EC2_g6xlarge_us-west-2.csv
2025-07-21,0.4663503354870775,0.42544731610337966,0.5429920477137177,4531.19340818544,9716.286369672824,16,L4,aws,L4,g6xlarge,us-west-2,0,C:\Users\FarhadBillimoria\OneDrive - Aurora Energy Research\Documents\Personal\Endog_demand_AI\pyai\data\original\prices\L4\EC2_g6xlarge_us-west-2.csv
2025-07-22,0.45508200795228626,0.4238320079522863,0.536903578528827,4421.7071109501385,9716.286369672824,10,L4,aws,L4,g6xlarge,us-west-2,0,C:\Users\FarhadBillimoria\OneDrive - Aurora Energy Research\Documents\Personal\Endog_demand_AI\pyai\data\original\prices\L4\EC2_g6xlarge_us-west-2.csv
2025-07-23,0.46754090839577916,0.4201043737574553,0.536779324055666,4542.761355510359,9716.286369672824,13,L4,aws,L4,g6xlarge,us-west-2,0,C:\Users\FarhadBillimoria\OneDrive - Aurora Energy Research\Documents\Personal\Endog_demand_AI\pyai\data\original\prices\L4\EC2_g6xlarge_us-west-2.csv
2025-07-24,0.4759737032351346,0.42358349900596415,0.5437375745526839,4624.696805066236,9716.286369672824,11,L4,aws,L4,g6xlarge,us-west-2,0,C:\Users\FarhadBillimoria\OneDrive - Aurora Energy Research\Documents\Personal\Endog_demand_AI\pyai\data\original\prices\L4\EC2_g6xlarge_us-west-2.csv
2025-07-25,0.4890217518418898,0.41948310139165007,0.5449801192842942,4751.47538189488,9716.286369672824,17,L4,aws,L4,g6xlarge,us-west-2,0,C:\Users\FarhadBillimoria\OneDrive - Aurora Energy Research\Documents\Personal\Endog_demand_AI\pyai\data\original\prices\L4\EC2_g6xlarge_us-west-2.csv
2025-07-26,0.4907686235528009,0.41824055666003973,0.544358846918489,4768.448487689172,9716.286369672824,17,L4,aws,L4,g6xlarge,us-west-2,0,C:\Users\FarhadBillimoria\OneDrive - Aurora Energy Research\Documents\Personal\Endog_demand_AI\pyai\data\original\prices\L4\EC2_g6xlarge_us-west-2.csv
2025-07-27,0.4883614976805832,0.4140159045725646,0.5472166998011929,4745.060163386856,9716.286369672824,12,L4,aws,L4,g6xlarge,us-west-2,0,C:\Users\FarhadBillimoria\OneDrive - Aurora Energy Research\Documents\Personal\Endog_demand_AI\pyai\data\original\prices\L4\EC2_g6xlarge_us-west-2.csv
2025-07-28,0.48380254189150806,0.4157554671968191,0.5418737574552683,4700.764043393525,9716.286369672822,14,L4,aws,L4,g6xlarge,us-west-2,0,C:\Users\FarhadBillimoria\OneDrive - Aurora Energy Research\Documents\Personal\Endog_demand_AI\pyai\data\original\prices\L4\EC2_g6xlarge_us-west-2.csv
2025-07-29,0.4797879390324718,0.4181163021868788,0.540755467196819,4661.757012354622,9716.286369672824,12,L4,aws,L4,g6xlarge,us-west-2,0,C:\Users\FarhadBillimoria\OneDrive - Aurora Energy Research\Documents\Personal\Endog_demand_AI\pyai\data\original\prices\L4\EC2_g6xlarge_us-west-2.csv
2025-07-30,0.479688535453943,0.41463717693836977,0.5469681908548707,4660.791178719465,9716.286369672824,15,L4,aws,L4,g6xlarge,us-west-2,0,C:\Users\FarhadBillimoria\OneDrive - Aurora Energy Research\Documents\Personal\Endog_demand_AI\pyai\data\original\prices\L4\EC2_g6xlarge_us-west-2.csv
2025-07-31,0.4840510508378301,0.4148856858846918,0.5427435387673956,4703.178627481416,9716.286369672822,14,L4,aws,L4,g6xlarge,us-west-2,0,C:\Users\FarhadBillimoria\OneDrive - Aurora Energy Research\Documents\Personal\Endog_demand_AI\pyai\data\original\prices\L4\EC2_g6xlarge_us-west-2.csv
2025-08-01,0.48720909835107,0.4135188866799204,0.5470924453280318,4733.8631214890875,9716.286369672824,17,L4,aws,L4,g6xlarge,us-west-2,0,C:\Users\FarhadBillimoria\OneDrive - Aurora Energy Research\Documents\Personal\Endog_demand_AI\pyai\data\original\prices\L4\EC2_g6xlarge_us-west-2.csv
2025-08-02,0.48938038436050363,0.4178677932405566,0.5412524850894631,4754.959958147209,9716.286369672824,15,L4,aws,L4,g6xlarge,us-west-2,0,C:\Users\FarhadBillimoria\OneDrive - Aurora Energy Research\Documents\Personal\Endog_demand_AI\pyai\data\original\prices\L4\EC2_g6xlarge_us-west-2.csv
2025-08-03,0.5000517726971504,0.43973658051689857,0.5428677932405567,4858.646223188055,9716.286369672824,12,L4,aws,L4,g6xlarge,us-west-2,0,C:\Users\FarhadBillimoria\OneDrive - Aurora Energy Research\Documents\Personal\Endog_demand_AI\pyai\data\original\prices\L4\EC2_g6xlarge_us-west-2.csv
2025-08-04,0.5128727634194831,0.46222664015904574,0.5530566600397614,4983.218640589158,9716.286369672824,15,L4,aws,L4,g6xlarge,us-west-2,0,C:\Users\FarhadBillimoria\OneDrive - Aurora Energy Research\Documents\Personal\Endog_demand_AI\pyai\data\original\prices\L4\EC2_g6xlarge_us-west-2.csv
2025-08-05,0.5199538065723307,0.4734095427435388,0.5579025844930418,5052.020083658236,9716.286369672824,17,L4,aws,L4,g6xlarge,us-west-2,0,C:\Users\FarhadBillimoria\OneDrive - Aurora Energy Research\Documents\Personal\Endog_demand_AI\pyai\data\original\prices\L4\EC2_g6xlarge_us-west-2.csv
2025-08-06,0.5171617354695357,0.4782554671968191,0.5572813121272365,5024.891521258993,9716.286369672824,17,L4,aws,L4,g6xlarge,us-west-2,0,C:\Users\FarhadBillimoria\OneDrive - Aurora Energy Research\Documents\Personal\Endog_demand_AI\pyai\data\original\prices\L4\EC2_g6xlarge_us-west-2.csv
2025-08-07,0.5222829688535453,0.4809890656063618,0.554920477137177,5074.650891383959,9716.286369672824,18,L4,aws,L4,g6xlarge,us-west-2,0,C:\Users\FarhadBillimoria\OneDrive - Aurora Energy Research\Documents\Personal\Endog_demand_AI\pyai\data\original\prices\L4\EC2_g6xlarge_us-west-2.csv
2025-08-08,0.5218687872763419,0.48248011928429413,0.5552932405566601,5070.626584570808,9716.286369672824,13,L4,aws,L4,g6xlarge,us-west-2,0,C:\Users\FarhadBillimoria\OneDrive - Aurora Energy Research\Documents\Personal\Endog_demand_AI\pyai\data\original\prices\L4\EC2_g6xlarge_us-west-2.csv
2025-08-09,0.525951434251633,0.48558648111332003,0.566351888667992,5110.294751729015,9716.286369672822,14,L4,aws,L4,g6xlarge,us-west-2,0,C:\Users\FarhadBillimoria\OneDrive - Aurora Energy Research\Documents\Personal\Endog_demand_AI\pyai\data\original\prices\L4\EC2_g6xlarge_us-west-2.csv
2025-08-10,0.5319722291252484,0.4798707753479125,0.5631212723658051,5168.79451889412,9716.286369672824,16,L4,aws,L4,g6xlarge,us-west-2,0,C:\Users\FarhadBillimoria\OneDrive - Aurora Energy Research\Documents\Personal\Endog_demand_AI\pyai\data\original\prices\L4\EC2_g6xlarge_us-west-2.csv
2025-08-11,0.5359450440215847,0.46669980119284293,0.580641153081511,5207.395526120626,9716.286369672822,14,L4,aws,L4,g6xlarge,us-west-2,0,C:\Users\FarhadBillimoria\OneDrive - Aurora Energy Research\Documents\Personal\Endog_demand_AI\pyai\data\original\prices\L4\EC2_g6xlarge_us-west-2.csv
2025-08-12,0.5260354539430085,0.46732107355864805,0.6010188866799204,5111.11111111111,9716.286369672824,15,L4,aws,L4,g6xlarge,us-west-2,0,C:\Users\FarhadBillimoria\OneDrive - Aurora Energy Research\Documents\Personal\Endog_demand_AI\pyai\data\original\prices\L4\EC2_g6xlarge_us-west-2.csv
2025-08-13,0.5327553907325279,0.4681908548707754,0.6369284294234592,5176.40394134418,9716.286369672824,13,L4,aws,L4,g6xlarge,us-west-2,0,C:\Users\FarhadBillimoria\OneDrive - Aurora Energy Research\Documents\Personal\Endog_demand_AI\pyai\data\original\prices\L4\EC2_g6xlarge_us-west-2.csv
2025-08-14,0.5484414938937802,0.4746520874751491,0.6646371769383698,5328.814611683137,9716.286369672822,14,L4,aws,L4,g6xlarge,us-west-2,0,C:\Users\FarhadBillimoria\OneDrive - Aurora Energy Research\Documents\Personal\Endog_demand_AI\pyai\data\original\prices\L4\EC2_g6xlarge_us-west-2.csv
2025-08-15,0.5456262425447316,0.47241550695825046,0.6774353876739563,5301.460823373173,9716.286369672824,15,L4,aws,L4,g6xlarge,us-west-2,0,C:\Users\FarhadBillimoria\OneDrive - Aurora Energy Research\Documents\Personal\Endog_demand_AI\pyai\data\original\prices\L4\EC2_g6xlarge_us-west-2.csv
2025-08-16,0.5369864148442678,0.4726640159045726,0.6954522862823062,5217.513783250834,9716.286369672824,15,L4,aws,L4,g6xlarge,us-west-2,0,C:\Users\FarhadBillimoria\OneDrive - Aurora Energy Research\Documents\Personal\Endog_demand_AI\pyai\data\original\prices\L4\EC2_g6xlarge_us-west-2.csv
2025-08-17,0.5639111758023289,0.4735337972166998,0.746645129224652,5479.122471154343,9716.286369672822,14,L4,aws,L4,g6xlarge,us-west-2,0,C:\Users\FarhadBillimoria\OneDrive - Aurora Energy Research\Documents\Personal\Endog_demand_AI\pyai\data\original\prices\L4\EC2_g6xlarge_us-west-2.csv
2025-08-18,0.5713375994035785,0.47042743538767395,0.7473906560636183,5551.279729566582,9716.286369672824,16,L4,aws,L4,g6xlarge,us-west-2,0,C:\Users\FarhadBillimoria\OneDrive - Aurora Energy Research\Documents\Personal\Endog_demand_AI\pyai\data\original\prices\L4\EC2_g6xlarge_us-west-2.csv
2025-08-19,0.5402506833996024,0.4711729622266401,0.739438369781312,5249.230351321985,9716.286369672824,16,L4,aws,L4,g6xlarge,us-west-2,0,C:\Users\FarhadBillimoria\OneDrive - Aurora Energy Research\Documents\Personal\Endog_demand_AI\pyai\data\original\prices\L4\EC2_g6xlarge_us-west-2.csv
2025-08-20,0.5486166335321404,0.47875248508946316,0.7413021868787276,5330.516318564127,9716.286369672824,15,L4,aws,L4,g6xlarge,us-west-2,0,C:\Users\FarhadBillimoria\OneDrive - Aurora Energy Research\Documents\Personal\Endog_demand_AI\pyai\data\original\prices\L4\EC2_g6xlarge_us-west-2.csv
2025-08-21,0.5755933151093439,0.47614314115308143,0.7436630218687873,5592.629482071713,9716.286369672824,16,L4,aws,L4,g6xlarge,us-west-2,0,C:\Users\FarhadBillimoria\OneDrive - Aurora Energy Research\Documents\Personal\Endog_demand_AI\pyai\data\original\prices\L4\EC2_g6xlarge_us-west-2.csv
2025-08-22,0.5578315819369497,0.46719681908548705,0.7401838966202783,5420.051396147013,9716.286369672822,14,L4,aws,L4,g6xlarge,us-west-2,0,C:\Users\FarhadBillimoria\OneDrive - Aurora Energy Research\Documents\Personal\Endog_demand_AI\pyai\data\original\prices\L4\EC2_g6xlarge_us-west-2.csv
2025-08-23,0.5655815109343936,0.4696819085487077,0.7486332007952287,5495.35192563081,9716.286369672824,15,L4,aws,L4,g6xlarge,us-west-2,0,C:\Users\FarhadBillimoria\OneDrive - Aurora Energy Research\Documents\Personal\Endog_demand_AI\pyai\data\original\prices\L4\EC2_g6xlarge_us-west-2.csv
2025-08-24,0.572846255798542,0.47676441351888665,0.7746023856858846,5565.938267133486,9716.286369672824,15,L4,aws,L4,g6xlarge,us-west-2,0,C:\Users\FarhadBillimoria\OneDrive - Aurora Energy Research\Documents\Personal\Endog_demand_AI\pyai\data\original\prices\L4\EC2_g6xlarge_us-west-2.csv
2025-08-25,0.573205000764643,0.4782554671968191,0.7734840954274353,5569.4239359578005,9716.286369672824,13,L4,aws,L4,g6xlarge,us-west-2,0,C:\Users\FarhadBillimoria\OneDrive - Aurora Energy Research\Documents\Personal\Endog_demand_AI\pyai\data\original\prices\L4\EC2_g6xlarge_us-west-2.csv
2025-08-26,0.5806163021868788,0.4776341948310139,0.7813121272365806,5641.434262948207,9716.286369672824,15,L4,aws,L4,g6xlarge,us-west-2,0,C:\Users\FarhadBillimoria\OneDrive - Aurora Energy Research\Documents\Personal\Endog_demand_AI\pyai\data\original\prices\L4\EC2_g6xlarge_us-west-2.csv
2025-08-27,0.5851231894348196,0.4773856858846918,0.7809393638170973,5685.224470085028,9716.286369672822,14,L4,aws,L4,g6xlarge,us-west-2,0,C:\Users\FarhadBillimoria\OneDrive - Aurora Energy Research\Documents\Personal\Endog_demand_AI\pyai\data\original\prices\L4\EC2_g6xlarge_us-west-2.csv
2025-08-28,0.6025099403578529,0.477758449304175,0.783175944333996,5854.159121091392,9716.286369672824,18,L4,aws,L4,g6xlarge,us-west-2,0,C:\Users\FarhadBillimoria\OneDrive - Aurora Energy Research\Documents\Personal\Endog_demand_AI\pyai\data\original\prices\L4\EC2_g6xlarge_us-west-2.csv
2025-08-29,0.5760656648345223,0.4785039761431411,0.7852882703777336,5597.218967268182,9716.286369672824,17,L4,aws,L4,g6xlarge,us-west-2,0,C:\Users\FarhadBillimoria\OneDrive - Aurora Energy Research\Documents\Personal\Endog_demand_AI\pyai\data\original\prices\L4\EC2_g6xlarge_us-west-2.csv
2025-08-30,0.5751835142988224,0.48061630218687873,0.7886431411530815,5588.647740042162,9716.286369672824,13,L4,aws,L4,g6xlarge,us-west-2,0,C:\Users\FarhadBillimoria\OneDrive - Aurora Energy Research\Documents\Personal\Endog_demand_AI\pyai\data\original\prices\L4\EC2_g6xlarge_us-west-2.csv
2025-08-31,0.5688758076540755,0.485337972166998,0.7859095427435386,5527.360255945913,9716.286369672824,16,L4,aws,L4,g6xlarge,us-west-2,0,C:\Users\FarhadBillimoria\OneDrive - Aurora Energy Research\Documents\Personal\Endog_demand_AI\pyai\data\original\prices\L4\EC2_g6xlarge_us-west-2.csv
2025-09-01,0.5970593108018555,0.4899353876739562,0.798459244532803,5801.199243430319,9716.286369672824,15,L4,aws,L4,g6xlarge,us-west-2,0,C:\Users\FarhadBillimoria\OneDrive - Aurora Energy Research\Documents\Personal\Endog_demand_AI\pyai\data\original\prices\L4\EC2_g6xlarge_us-west-2.csv
2025-09-02,0.6142209244532802,0.49105367793240556,0.7960984095427436,5967.946396233248,9716.286369672824,12,L4,aws,L4,g6xlarge,us-west-2,0,C:\Users\FarhadBillimoria\OneDrive - Aurora Energy Research\Documents\Personal\Endog_demand_AI\pyai\data\original\prices\L4\EC2_g6xlarge_us-west-2.csv
2025-09-03,0.5683765056718512,0.48645626242544726,0.7972166998011928,5522.508894901676,9716.286369672824,17,L4,aws,L4,g6xlarge,us-west-2,0,C:\Users\FarhadBillimoria\OneDrive - Aurora Energy Research\Documents\Personal\Endog_demand_AI\pyai\data\original\prices\L4\EC2_g6xlarge_us-west-2.csv
2025-09-04,0.5895164725930133,0.47154572564612324,0.7972166998011928,5727.910867353098,9716.286369672822,14,L4,aws,L4,g6xlarge,us-west-2,0,C:\Users\FarhadBillimoria\OneDrive - Aurora Energy Research\Documents\Personal\Endog_demand_AI\pyai\data\original\prices\L4\EC2_g6xlarge_us-west-2.csv
2025-09-05,0.5906347628514627,0.46110834990059635,0.7997017892644135,5738.776495748607,9716.286369672822,14,L4,aws,L4,g6xlarge,us-west-2,0,C:\Users\FarhadBillimoria\OneDrive - Aurora Energy Research\Documents\Personal\Endog_demand_AI\pyai\data\original\prices\L4\EC2_g6xlarge_us-west-2.csv
2025-09-06,0.5467906844646407,0.4570079522862823,0.7960984095427436,5312.774874527863,9716.286369672822,14,L4,aws,L4,g6xlarge,us-west-2,0,C:\Users\FarhadBillimoria\OneDrive - Aurora Energy Research\Documents\Personal\Endog_demand_AI\pyai\data\original\prices\L4\EC2_g6xlarge_us-west-2.csv
2025-09-07,0.5656951150241408,0.45477137176938365,0.7962226640159046,5496.45573549956,9716.286369672822,14,L4,aws,L4,g6xlarge,us-west-2,0,C:\Users\FarhadBillimoria\OneDrive - Aurora Energy Research\Documents\Personal\Endog_demand_AI\pyai\data\original\prices\L4\EC2_g6xlarge_us-west-2.csv
2025-09-08,0.5497183565275016,0.45352882703777336,0.7711232604373758,5341.220974687109,9716.286369672824,15,L4,aws,L4,g6xlarge,us-west-2,0,C:\Users\FarhadBillimoria\OneDrive - Aurora Energy Research\Documents\Personal\Endog_demand_AI\pyai\data\original\prices\L4\EC2_g6xlarge_us-west-2.csv
2025-09-09,0.5669021584777052,0.44383697813121276,0.7693836978131212,5508.18371535503,9716.286369672822,14,L4,aws,L4,g6xlarge,us-west-2,0,C:\Users\FarhadBillimoria\OneDrive - Aurora Energy Research\Documents\Personal\Endog_demand_AI\pyai\data\original\prices\L4\EC2_g6xlarge_us-west-2.csv
2025-09-10,0.5621498283029097,0.43861829025844923,0.7547216699801194,5462.008714453481,9716.286369672824,11,L4,aws,L4,g6xlarge,us-west-2,0,C:\Users\FarhadBillimoria\OneDrive - Aurora Energy Research\Documents\Personal\Endog_demand_AI\pyai\data\original\prices\L4\EC2_g6xlarge_us-west-2.csv
2025-09-11,0.5392721794234592,0.44197316103379725,0.7478876739562624,5239.722926475914,9716.286369672824,16,L4,aws,L4,g6xlarge,us-west-2,0,C:\Users\FarhadBillimoria\OneDrive - Aurora Energy Research\Documents\Personal\Endog_demand_AI\pyai\data\original\prices\L4\EC2_g6xlarge_us-west-2.csv
2025-09-12,0.5631724359724009,0.4435884691848906,0.750124254473161,5471.9446634140795,9716.286369672824,17,L4,aws,L4,g6xlarge,us-west-2,0,C:\Users\FarhadBillimoria\OneDrive - Aurora Energy Research\Documents\Personal\Endog_demand_AI\pyai\data\original\prices\L4\EC2_g6xlarge_us-west-2.csv
2025-09-13,0.5512513156355981,0.45141650099403574,0.7527335984095428,5356.115644374374,9716.286369672824,17,L4,aws,L4,g6xlarge,us-west-2,0,C:\Users\FarhadBillimoria\OneDrive - Aurora Energy Research\Documents\Personal\Endog_demand_AI\pyai\data\original\prices\L4\EC2_g6xlarge_us-west-2.csv
2025-09-14,0.5726722995361165,0.45576540755467193,0.7419234592445327,5564.248058271962,9716.286369672824,15,L4,aws,L4,g6xlarge,us-west-2,0,C:\Users\FarhadBillimoria\OneDrive - Aurora Energy Research\Documents\Personal\Endog_demand_AI\pyai\data\original\prices\L4\EC2_g6xlarge_us-west-2.csv
2025-09-15,0.558848830096345,0.46533300198807154,0.7451540755467196,5429.935270572721,9716.286369672824,13,L4,aws,L4,g6xlarge,us-west-2,0,C:\Users\FarhadBillimoria\OneDrive - Aurora Energy Research\Documents\Personal\Endog_demand_AI\pyai\data\original\prices\L4\EC2_g6xlarge_us-west-2.csv
2025-09-16,0.5685108101391649,0.46409045725646125,0.7449055666003976,5523.813835566823,9716.286369672824,16,L4,aws,L4,g6xlarge,us-west-2,0,C:\Users\FarhadBillimoria\OneDrive - Aurora Energy Research\Documents\Personal\Endog_demand_AI\pyai\data\original\prices\L4\EC2_g6xlarge_us-west-2.csv
2025-09-17,0.5548583499005963,0.46520874751491054,0.7435387673956263,5391.162622238319,9716.286369672824,16,L4,aws,L4,g6xlarge,us-west-2,0,C:\Users\FarhadBillimoria\OneDrive - Aurora Energy Research\Documents\Personal\Endog_demand_AI\pyai\data\original\prices\L4\EC2_g6xlarge_us-west-2.csv
2025-09-18,0.5485452668603762,0.46669980119284293,0.7487574552683897,5329.822899544015,9716.286369672824,13,L4,aws,L4,g6xlarge,us-west-2,0,C:\Users\FarhadBillimoria\OneDrive - Aurora Energy Research\Documents\Personal\Endog_demand_AI\pyai\data\original\prices\L4\EC2_g6xlarge_us-west-2.csv
2025-09-19,0.5640176796364669,0.4663270377733599,0.7458996023856858,5480.157292906297,9716.286369672822,14,L4,aws,L4,g6xlarge,us-west-2,0,C:\Users\FarhadBillimoria\OneDrive - Aurora Energy Research\Documents\Personal\Endog_demand_AI\pyai\data\original\prices\L4\EC2_g6xlarge_us-west-2.csv
2025-09-20,0.5349447433048766,0.4601143141153081,0.7480119284294234,5197.6763179013,9716.286369672824,17,L4,aws,L4,g6xlarge,us-west-2,0,C:\Users\FarhadBillimoria\OneDrive - Aurora Energy Research\Documents\Personal\Endog_demand_AI\pyai\data\original\prices\L4\EC2_g6xlarge_us-west-2.csv
2025-09-21,0.5723307215530347,0.4617296222664016,0.7773359840954275,5560.929188770763,9716.286369672824,17,L4,aws,L4,g6xlarge,us-west-2,0,C:\Users\FarhadBillimoria\OneDrive - Aurora Energy Research\Documents\Personal\Endog_demand_AI\pyai\data\original\prices\L4\EC2_g6xlarge_us-west-2.csv
2025-09-22,0.5729087016363358,0.4604870775347912,0.7748508946322068,5566.545008776085,9716.286369672824,13,L4,aws,L4,g6xlarge,us-west-2,0,C:\Users\FarhadBillimoria\OneDrive - Aurora Energy Research\Documents\Personal\Endog_demand_AI\pyai\data\original\prices\L4\EC2_g6xlarge_us-west-2.csv
2025-09-23,0.5464267963646691,0.4650844930417495,0.7732355864811132,5309.239233542022,9716.286369672822,14,L4,aws,L4,g6xlarge,us-west-2,0,C:\Users\FarhadBillimoria\OneDrive - Aurora Energy Research\Documents\Personal\Endog_demand_AI\pyai\data\original\prices\L4\EC2_g6xlarge_us-west-2.csv
2025-09-24,0.5431660039761431,0.46620278330019876,0.7717445328031809,5277.556440903054,9716.286369672824,15,L4,aws,L4,g6xlarge,us-west-2,0,C:\Users\FarhadBillimoria\OneDrive - Aurora Energy Research\Documents\Personal\Endog_demand_AI\pyai\data\original\prices\L4\EC2_g6xlarge_us-west-2.csv
2025-09-25,0.5733722664015904,0.4679423459244532,0.7747266401590458,5571.049136786188,9716.286369672824,16,L4,aws,L4,g6xlarge,us-west-2,0,C:\Users\FarhadBillimoria\OneDrive - Aurora Energy Research\Documents\Personal\Endog_demand_AI\pyai\data\original\prices\L4\EC2_g6xlarge_us-west-2.csv
2025-09-26,0.5410306021016756,0.46545725646123254,0.7657803180914512,5256.808264776392,9716.286369672822,14,L4,aws,L4,g6xlarge,us-west-2,0,C:\Users\FarhadBillimoria\OneDrive - Aurora Energy Research\Documents\Personal\Endog_demand_AI\pyai\data\original\prices\L4\EC2_g6xlarge_us-west-2.csv
2025-09-27,0.5452359373172728,0.46433896620278325,0.7652833001988072,5297.668506011604,9716.286369672824,17,L4,aws,L4,g6xlarge,us-west-2,0,C:\Users\FarhadBillimoria\OneDrive - Aurora Energy Research\Documents\Personal\Endog_demand_AI\pyai\data\original\prices\L4\EC2_g6xlarge_us-west-2.csv
2025-09-28,0.5067345924453279,0.4658300198807157,0.7552186878727634,4923.578413618254,9716.286369672824,10,L4,aws,L4,g6xlarge,us-west-2,0,C:\Users\FarhadBillimoria\OneDrive - Aurora Energy Research\Documents\Personal\Endog_demand_AI\pyai\data\original\prices\L4\EC2_g6xlarge_us-west-2.csv
2025-09-29,0.5673790589794566,0.4618538767395626,0.7512425447316103,5512.817417199887,9716.286369672824,15,L4,aws,L4,g6xlarge,us-west-2,0,C:\Users\FarhadBillimoria\OneDrive - Aurora Energy Research\Documents\Personal\Endog_demand_AI\pyai\data\original\prices\L4\EC2_g6xlarge_us-west-2.csv
2025-09-30,0.5476308813783962,0.46409045725646125,0.7437872763419483,5320.938468348827,9716.286369672824,15,L4,aws,L4,g6xlarge,us-west-2,0,C:\Users\FarhadBillimoria\OneDrive - Aurora Energy Research\Documents\Personal\Endog_demand_AI\pyai\data\original\prices\L4\EC2_g6xlarge_us-west-2.csv
2025-10-01,0.5528463832390274,0.46669980119284293,0.7210487077534791,5371.61377798828,9716.286369672824,13,L4,aws,L4,g6xlarge,us-west-2,0,C:\Users\FarhadBillimoria\OneDrive - Aurora Energy Research\Documents\Personal\Endog_demand_AI\pyai\data\original\prices\L4\EC2_g6xlarge_us-west-2.csv
2025-10-02,0.5309680379262884,0.4627236580516899,0.6988071570576541,5159.037509635119,9716.286369672824,13,L4,aws,L4,g6xlarge,us-west-2,0,C:\Users\FarhadBillimoria\OneDrive - Aurora Energy Research\Documents\Personal\Endog_demand_AI\pyai\data\original\prices\L4\EC2_g6xlarge_us-west-2.csv
2025-10-03,0.5258736045266861,0.4500497017892644,0.6899850894632207,5109.538535833357,9716.286369672824,13,L4,aws,L4,g6xlarge,us-west-2,0,C:\Users\FarhadBillimoria\OneDrive - Aurora Energy Research\Documents\Personal\Endog_demand_AI\pyai\data\original\prices\L4\EC2_g6xlarge_us-west-2.csv
2025-10-04,0.5355190286850326,0.45203777335984097,0.6796719681908548,5203.256239112813,9716.286369672822,14,L4,aws,L4,g6xlarge,us-west-2,0,C:\Users\FarhadBillimoria\OneDrive - Aurora Energy Research\Documents\Personal\Endog_demand_AI\pyai\data\original\prices\L4\EC2_g6xlarge_us-west-2.csv
2025-10-05,0.5225255609201931,0.45999005964214706,0.6687375745526839,5077.007985374519,9716.286369672822,14,L4,aws,L4,g6xlarge,us-west-2,0,C:\Users\FarhadBillimoria\OneDrive - Aurora Energy Research\Documents\Personal\Endog_demand_AI\pyai\data\original\prices\L4\EC2_g6xlarge_us-west-2.csv
2025-10-06,0.5364531560636183,0.4719184890656064,0.6713469184890656,5212.332488228903,9716.286369672824,16,L4,aws,L4,g6xlarge,us-west-2,0,C:\Users\FarhadBillimoria\OneDrive - Aurora Energy Research\Documents\Personal\Endog_demand_AI\pyai\data\original\prices\L4\EC2_g6xlarge_us-west-2.csv
2025-10-07,0.5519849652087475,0.4714214711729623,0.6590457256461232,5363.2439937220815,9716.286369672824,16,L4,aws,L4,g6xlarge,us-west-2,0,C:\Users\FarhadBillimoria\OneDrive - Aurora Energy Research\Documents\Personal\Endog_demand_AI\pyai\data\original\prices\L4\EC2_g6xlarge_us-west-2.csv
2025-10-08,0.5489296364669128,0.48198310139165007,0.6642644135188867,5333.557544712923,9716.286369672822,14,L4,aws,L4,g6xlarge,us-west-2,0,C:\Users\FarhadBillimoria\OneDrive - Aurora Energy Research\Documents\Personal\Endog_demand_AI\pyai\data\original\prices\L4\EC2_g6xlarge_us-west-2.csv
2025-10-09,0.5540958792698355,0.49329025844930424,0.6810387673956263,5383.754239241382,9716.286369672824,11,L4,aws,L4,g6xlarge,us-west-2,0,C:\Users\FarhadBillimoria\OneDrive - Aurora Energy Research\Documents\Personal\Endog_demand_AI\pyai\data\original\prices\L4\EC2_g6xlarge_us-west-2.csv
2025-10-10,0.555328741834706,0.5050944333996024,0.6918489065606361,5395.733084976113,9716.286369672822,14,L4,aws,L4,g6xlarge,us-west-2,0,C:\Users\FarhadBillimoria\OneDrive - Aurora Energy Research\Documents\Personal\Endog_demand_AI\pyai\data\original\prices\L4\EC2_g6xlarge_us-west-2.csv
2025-10-11,0.5791500994035784,0.50360337972167,0.717196819085487,5627.188216829651,9716.286369672822,14,L4,aws,L4,g6xlarge,us-west-2,0,C:\Users\FarhadBillimoria\OneDrive - Aurora Energy Research\Documents\Personal\Endog_demand_AI\pyai\data\original\prices\L4\EC2_g6xlarge_us-west-2.csv
2025-10-12,0.5617449151246368,0.5187624254473161,0.7045228628230615,5458.074462058526,9716.286369672824,13,L4,aws,L4,g6xlarge,us-west-2,0,C:\Users\FarhadBillimoria\OneDrive - Aurora Energy Research\Documents\Personal\Endog_demand_AI\pyai\data\original\prices\L4\EC2_g6xlarge_us-west-2.csv
2025-10-13,0.5965940468301303,0.5392644135188867,0.7045228628230615,5796.678605443545,9716.286369672824,18,L4,aws,L4,g6xlarge,us-west-2,0,C:\Users\FarhadBillimoria\OneDrive - Aurora Energy Research\Documents\Personal\Endog_demand_AI\pyai\data\original\prices\L4\EC2_g6xlarge_us-west-2.csv
2025-10-14,0.5909294234592445,0.5400099403578529,0.7149602385685885,5741.639502595677,9716.286369672824,15,L4,aws,L4,g6xlarge,us-west-2,0,C:\Users\FarhadBillimoria\OneDrive - Aurora Energy Research\Documents\Personal\Endog_demand_AI\pyai\data\original\prices\L4\EC2_g6xlarge_us-west-2.csv
2025-10-15,0.5977118060865576,0.5433648111332008,0.7137176938369781,5807.539074471345,9716.286369672824,13,L4,aws,L4,g6xlarge,us-west-2,0,C:\Users\FarhadBillimoria\OneDrive - Aurora Energy Research\Documents\Personal\Endog_demand_AI\pyai\data\original\prices\L4\EC2_g6xlarge_us-west-2.csv
2025-10-16,0.5835700085203067,0.5470924453280318,0.7070079522862822,5670.133319535709,9716.286369672822,14,L4,aws,L4,g6xlarge,us-west-2,0,C:\Users\FarhadBillimoria\OneDrive - Aurora Energy Research\Documents\Personal\Endog_demand_AI\pyai\data\original\prices\L4\EC2_g6xlarge_us-west-2.csv
2025-10-17,0.5935124546836628,0.5382703777335983,0.7089960238568589,5766.736973673931,9716.286369672824,17,L4,aws,L4,g6xlarge,us-west-2,0,C:\Users\FarhadBillimoria\OneDrive - Aurora Energy Research\Documents\Personal\Endog_demand_AI\pyai\data\original\prices\L4\EC2_g6xlarge_us-west-2.csv
2025-10-18,0.5946197813121272,0.540506958250497,0.6961978131212724,5777.496076300857,9716.286369672824,16,L4,aws,L4,g6xlarge,us-west-2,0,C:\Users\FarhadBillimoria\OneDrive - Aurora Energy Research\Documents\Personal\Endog_demand_AI\pyai\data\original\prices\L4\EC2_g6xlarge_us-west-2.csv
2025-10-19,0.587943492888821,0.5364065606361829,0.709865805168986,5712.627346093481,9716.286369672824,13,L4,aws,L4,g6xlarge,us-west-2,0,C:\Users\FarhadBillimoria\OneDrive - Aurora Energy Research\Documents\Personal\Endog_demand_AI\pyai\data\original\prices\L4\EC2_g6xlarge_us-west-2.csv
2025-10-20,0.6021206096752816,0.5398856858846919,0.7055168986083499,5850.376272687029,9716.286369672824,15,L4,aws,L4,g6xlarge,us-west-2,0,C:\Users\FarhadBillimoria\OneDrive - Aurora Energy Research\Documents\Personal\Endog_demand_AI\pyai\data\original\prices\L4\EC2_g6xlarge_us-west-2.csv
2025-10-21,0.5997556328694499,0.5429920477137177,0.7042743538767395,5827.397480783934,9716.286369672824,12,L4,aws,L4,g6xlarge,us-west-2,0,C:\Users\FarhadBillimoria\OneDrive - Aurora Energy Research\Documents\Personal\Endog_demand_AI\pyai\data\original\prices\L4\EC2_g6xlarge_us-west-2.csv
2025-10-22,0.6010271703114646,0.5428677932405567,0.7010437375745526,5839.7521027003095,9716.286369672824,15,L4,aws,L4,g6xlarge,us-west-2,0,C:\Users\FarhadBillimoria\OneDrive - Aurora Energy Research\Documents\Personal\Endog_demand_AI\pyai\data\original\prices\L4\EC2_g6xlarge_us-west-2.csv
2025-10-23,0.6005135851557323,0.5458499005964215,0.680541749502982,5834.7619622520015,9716.286369672824,15,L4,aws,L4,g6xlarge,us-west-2,0,C:\Users\FarhadBillimoria\OneDrive - Aurora Energy Research\Documents\Personal\Endog_demand_AI\pyai\data\original\prices\L4\EC2_g6xlarge_us-west-2.csv
2025-10-24,0.5889662027833003,0.5347912524850894,0.6682405566600397,5722.56428830134,9716.286369672822,14,L4,aws,L4,g6xlarge,us-west-2,0,C:\Users\FarhadBillimoria\OneDrive - Aurora Energy Research\Documents\Personal\Endog_demand_AI\pyai\data\original\prices\L4\EC2_g6xlarge_us-west-2.csv
2025-10-25,0.5785998295938654,0.5226143141153081,0.6575546719681908,5621.841637777892,9716.286369672822,14,L4,aws,L4,g6xlarge,us-west-2,0,C:\Users\FarhadBillimoria\OneDrive - Aurora Energy Research\Documents\Personal\Endog_demand_AI\pyai\data\original\prices\L4\EC2_g6xlarge_us-west-2.csv
2025-10-26,0.5815819369497301,0.5217445328031809,0.6487326043737575,5650.816646832583,9716.286369672822,14,L4,aws,L4,g6xlarge,us-west-2,0,C:\Users\FarhadBillimoria\OneDrive - Aurora Energy Research\Documents\Personal\Endog_demand_AI\pyai\data\original\prices\L4\EC2_g6xlarge_us-west-2.csv
2025-10-27,0.5658962889330682,0.5093190854870775,0.6365556660039762,5498.4103988088045,9716.286369672824,15,L4,aws,L4,g6xlarge,us-west-2,0,C:\Users\FarhadBillimoria\OneDrive - Aurora Energy Research\Documents\Personal\Endog_demand_AI\pyai\data\original\prices\L4\EC2_g6xlarge_us-west-2.csv
2025-10-28,0.5604641382474385,0.507579522862823,0.6175447316103378,5445.630067144011,9716.286369672824,13,L4,aws,L4,g6xlarge,us-west-2,0,C:\Users\FarhadBillimoria\OneDrive - Aurora Energy Research\Documents\Personal\Endog_demand_AI\pyai\data\original\prices\L4\EC2_g6xlarge_us-west-2.csv
2025-10-29,0.554564280980782,0.4970178926441352,0.6169234592445327,5388.3053644009815,9716.286369672824,15,L4,aws,L4,g6xlarge,us-west-2,0,C:\Users\FarhadBillimoria\OneDrive - Aurora Energy Research\Documents\Personal\Endog_demand_AI\pyai\data\original\prices\L4\EC2_g6xlarge_us-west-2.csv
2025-10-30,0.5599320742213386,0.49018389662027834,0.6117047713717694,5440.460380699425,9716.286369672824,15,L4,aws,L4,g6xlarge,us-west-2,0,C:\Users\FarhadBillimoria\OneDrive - Aurora Energy Research\Documents\Personal\Endog_demand_AI\pyai\data\original\prices\L4\EC2_g6xlarge_us-west-2.csv
2025-10-31,0.5634785039761431,0.4942842942345924,0.6087226640159046,5474.918507787033,9716.286369672824,16,L4,aws,L4,g6xlarge,us-west-2,0,C:\Users\FarhadBillimoria\OneDrive - Aurora Energy Research\Documents\Personal\Endog_demand_AI\pyai\data\original\prices\L4\EC2_g6xlarge_us-west-2.csv
2025-11-01,0.5650844930417496,0.5140407554671967,0.5944333996023856,5490.522757455028,9716.286369672824,15,L4,aws,L4,g6xlarge,us-west-2,0,C:\Users\FarhadBillimoria\OneDrive - Aurora Energy Research\Documents\Personal\Endog_demand_AI\pyai\data\original\prices\L4\EC2_g6xlarge_us-west-2.csv
2025-11-02,0.54808648111332,0.515034791252485,0.577162027833002,5325.365205843293,9716.286369672824,13,L4,aws,L4,g6xlarge,us-west-2,0,C:\Users\FarhadBillimoria\OneDrive - Aurora Energy Research\Documents\Personal\Endog_demand_AI\pyai\data\original\prices\L4\EC2_g6xlarge_us-west-2.csv
2025-11-03,0.5435511928429423,0.5253479125248509,0.5611332007952285,5281.2990462392845,9716.286369672824,16,L4,aws,L4,g6xlarge,us-west-2,0,C:\Users\FarhadBillimoria\OneDrive - Aurora Energy Research\Documents\Personal\Endog_demand_AI\pyai\data\original\prices\L4\EC2_g6xlarge_us-west-2.csv
2025-11-04,0.5430302798593056,0.5352882703777336,0.5557902584493041,5276.237706516591,9716.286369672824,13,L4,aws,L4,g6xlarge,us-west-2,0,C:\Users\FarhadBillimoria\OneDrive - Aurora Energy Research\Documents\Personal\Endog_demand_AI\pyai\data\original\prices\L4\EC2_g6xlarge_us-west-2.csv
2025-11-05,0.542521655779608,0.533051689860835,0.554920477137177,5271.295769303737,9716.286369672822,14,L4,aws,L4,g6xlarge,us-west-2,0,C:\Users\FarhadBillimoria\OneDrive - Aurora Energy Research\Documents\Personal\Endog_demand_AI\pyai\data\original\prices\L4\EC2_g6xlarge_us-west-2.csv
2025-11-06,0.5413057370065323,0.532678926441352,0.5485834990059641,5259.481554302271,9716.286369672822,14,L4,aws,L4,g6xlarge,us-west-2,0,C:\Users\FarhadBillimoria\OneDrive - Aurora Energy Research\Documents\Personal\Endog_demand_AI\pyai\data\original\prices\L4\EC2_g6xlarge_us-west-2.csv
2025-11-07,0.5421987306927665,0.5342942345924453,0.5536779324055666,5268.158136684032,9716.286369672824,13,L4,aws,L4,g6xlarge,us-west-2,0,C:\Users\FarhadBillimoria\OneDrive - Aurora Energy Research\Documents\Personal\Endog_demand_AI\pyai\data\original\prices\L4\EC2_g6xlarge_us-west-2.csv
2025-11-08,0.5435081816791558,0.536655069582505,0.5552932405566601,5280.881137454842,9716.286369672824,13,L4,aws,L4,g6xlarge,us-west-2,0,C:\Users\FarhadBillimoria\OneDrive - Aurora Energy Research\Documents\Personal\Endog_demand_AI\pyai\data\original\prices\L4\EC2_g6xlarge_us-west-2.csv
2025-11-09,0.5456126875112959,0.5341699801192843,0.5567842942345924,5301.329118786561,9716.286369672824,11,L4,aws,L4,g6xlarge,us-west-2,0,C:\Users\FarhadBillimoria\OneDrive - Aurora Energy Research\Documents\Personal\Endog_demand_AI\pyai\data\original\prices\L4\EC2_g6xlarge_us-west-2.csv
2025-11-10,0.5409884443339961,0.5321819085487078,0.5535536779324056,5256.398647832911,9716.286369672824,16,L4,aws,L4,g6xlarge,us-west-2,0,C:\Users\FarhadBillimoria\OneDrive - Aurora Energy Research\Documents\Personal\Endog_demand_AI\pyai\data\original\prices\L4\EC2_g6xlarge_us-west-2.csv
2025-11-11,0.5397096587143804,0.532678926441352,0.5472166998011929,5243.973600547305,9716.286369672824,12,L4,aws,L4,g6xlarge,us-west-2,0,C:\Users\FarhadBillimoria\OneDrive - Aurora Energy Research\Documents\Personal\Endog_demand_AI\pyai\data\original\prices\L4\EC2_g6xlarge_us-west-2.csv
2025-11-12,0.5384567594433399,0.5284542743538767,0.5459741550695825,5231.800072437522,9716.286369672824,16,L4,aws,L4,g6xlarge,us-west-2,0,C:\Users\FarhadBillimoria\OneDrive - Aurora Energy Research\Documents\Personal\Endog_demand_AI\pyai\data\original\prices\L4\EC2_g6xlarge_us-west-2.csv
2025-11-13,0.533309756843554,0.5244781312127236,0.5413767395626242,5181.790321232552,9716.286369672824,13,L4,aws,L4,g6xlarge,us-west-2,0,C:\Users\FarhadBillimoria\OneDrive - Aurora Energy Research\Documents\Personal\Endog_demand_AI\pyai\data\original\prices\L4\EC2_g6xlarge_us-west-2.csv
2025-11-14,0.5315275016567262,0.5227385685884691,0.5372763419483101,5164.4734194534985,9716.286369672824,15,L4,aws,L4,g6xlarge,us-west-2,0,C:\Users\FarhadBillimoria\OneDrive - Aurora Energy Research\Documents\Personal\Endog_demand_AI\pyai\data\original\prices\L4\EC2_g6xlarge_us-west-2.csv
2025-11-15,0.5268306825712392,0.5208747514910537,0.5354125248508946,5118.837780192362,9716.286369672824,15,L4,aws,L4,g6xlarge,us-west-2,0,C:\Users\FarhadBillimoria\OneDrive - Aurora Energy Research\Documents\Personal\Endog_demand_AI\pyai\data\original\prices\L4\EC2_g6xlarge_us-west-2.csv
2025-11-16,0.5226867958913187,0.5093190854870775,0.5361580516898609,5078.574590526781,9716.286369672824,12,L4,aws,L4,g6xlarge,us-west-2,0,C:\Users\FarhadBillimoria\OneDrive - Aurora Energy Research\Documents\Personal\Endog_demand_AI\pyai\data\original\prices\L4\EC2_g6xlarge_us-west-2.csv
2025-11-17,0.5256896123260437,0.5065854870775348,0.5464711729622267,5107.750814922129,9716.286369672824,12,L4,aws,L4,g6xlarge,us-west-2,0,C:\Users\FarhadBillimoria\OneDrive - Aurora Energy Research\Documents\Personal\Endog_demand_AI\pyai\data\original\prices\L4\EC2_g6xlarge_us-west-2.csv
2025-11-18,0.5202439210888514,0.5052186878727634,0.5408797216699802,5054.838919380752,9716.286369672824,13,L4,aws,L4,g6xlarge,us-west-2,0,C:\Users\FarhadBillimoria\OneDrive - Aurora Energy Research\Documents\Personal\Endog_demand_AI\pyai\data\original\prices\L4\EC2_g6xlarge_us-west-2.csv
2025-11-19,0.5206428098078197,0.5047216699801192,0.5386431411530815,5058.714636403879,9716.286369672824,15,L4,aws,L4,g6xlarge,us-west-2,0,C:\Users\FarhadBillimoria\OneDrive - Aurora Energy Research\Documents\Personal\Endog_demand_AI\pyai\data\original\prices\L4\EC2_g6xlarge_us-west-2.csv
2025-11-20,0.520559973492379,0.5072067594433399,0.5397614314115308,5057.909775041248,9716.286369672824,15,L4,aws,L4,g6xlarge,us-west-2,0,C:\Users\FarhadBillimoria\OneDrive - Aurora Energy Research\Documents\Personal\Endog_demand_AI\pyai\data\original\prices\L4\EC2_g6xlarge_us-west-2.csv
2025-11-21,0.5195286613651424,0.5037276341948309,0.5381461232604373,5047.889251076502,9716.286369672824,6,L4,aws,L4,g6xlarge,us-west-2,0,C:\Users\FarhadBillimoria\OneDrive - Aurora Energy Research\Documents\Personal\Endog_demand_AI\pyai\data\original\prices\L4\EC2_g6xlarge_us-west-2.csv
2025-11-22,0.5247379360202422,0.5041003976143141,0.547713717693837,5098.50405540373,9716.286369672824,11,L4,aws,L4,g6xlarge,us-west-2,0,C:\Users\FarhadBillimoria\OneDrive - Aurora Energy Research\Documents\Personal\Endog_demand_AI\pyai\data\original\prices\L4\EC2_g6xlarge_us-west-2.csv
2025-11-23,0.5250528081510935,0.5021123260437376,0.5475894632206759,5101.563443196909,9716.286369672824,16,L4,aws,L4,g6xlarge,us-west-2,0,C:\Users\FarhadBillimoria\OneDrive - Aurora Energy Research\Documents\Personal\Endog_demand_AI\pyai\data\original\prices\L4\EC2_g6xlarge_us-west-2.csv
2025-11-24,0.5171757914054136,0.48956262425447317,0.5505715705765407,5025.028092757177,9716.286369672824,13,L4,aws,L4,g6xlarge,us-west-2,0,C:\Users\FarhadBillimoria\OneDrive - Aurora Energy Research\Documents\Personal\Endog_demand_AI\pyai\data\original\prices\L4\EC2_g6xlarge_us-west-2.csv
2025-11-25,0.517677269715043,0.489065606361829,0.5525596421471173,5029.900599621715,9716.286369672824,15,L4,aws,L4,g6xlarge,us-west-2,0,C:\Users\FarhadBillimoria\OneDrive - Aurora Energy Research\Documents\Personal\Endog_demand_AI\pyai\data\original\prices\L4\EC2_g6xlarge_us-west-2.csv
2025-11-26,0.5231400061171433,0.4894383697813121,0.5534294234592445,5082.978110866557,9716.286369672824,13,L4,aws,L4,g6xlarge,us-west-2,0,C:\Users\FarhadBillimoria\OneDrive - Aurora Energy Research\Documents\Personal\Endog_demand_AI\pyai\data\original\prices\L4\EC2_g6xlarge_us-west-2.csv
2025-11-27,0.531121603711067,0.49329025844930424,0.5560387673956263,5160.52959877661,9716.286369672824,15,L4,aws,L4,g6xlarge,us-west-2,0,C:\Users\FarhadBillimoria\OneDrive - Aurora Energy Research\Documents\Personal\Endog_demand_AI\pyai\data\original\prices\L4\EC2_g6xlarge_us-west-2.csv
2025-11-28,0.5301179036889772,0.5017395626242545,0.5541749502982107,5150.77736193274,9716.286369672824,18,L4,aws,L4,g6xlarge,us-west-2,0,C:\Users\FarhadBillimoria\OneDrive - Aurora Energy Research\Documents\Personal\Endog_demand_AI\pyai\data\original\prices\L4\EC2_g6xlarge_us-west-2.csv
2025-11-29,0.5221903870892293,0.4924204771371769,0.5489562624254474,5073.751340449255,9716.286369672824,17,L4,aws,L4,g6xlarge,us-west-2,0,C:\Users\FarhadBillimoria\OneDrive - Aurora Energy Research\Documents\Personal\Endog_demand_AI\pyai\data\original\prices\L4\EC2_g6xlarge_us-west-2.csv
2025-11-30,0.5124875745526839,0.4828528827037773,0.5467196819085487,4979.476035252927,9716.286369672822,14,L4,aws,L4,g6xlarge,us-west-2,0,C:\Users\FarhadBillimoria\OneDrive - Aurora Energy Research\Documents\Personal\Endog_demand_AI\pyai\data\original\prices\L4\EC2_g6xlarge_us-west-2.csv
2025-12-01,0.5099558896620278,0.47937375745526833,0.5432405566600398,4954.877459857539,9716.286369672824,16,L4,aws,L4,g6xlarge,us-west-2,0,C:\Users\FarhadBillimoria\OneDrive - Aurora Energy Research\Documents\Personal\Endog_demand_AI\pyai\data\original\prices\L4\EC2_g6xlarge_us-west-2.csv
2025-12-02,0.5069671258165294,0.4894383697813121,0.5342942345924453,4925.837774443352,9716.286369672822,14,L4,aws,L4,g6xlarge,us-west-2,0,C:\Users\FarhadBillimoria\OneDrive - Aurora Energy Research\Documents\Personal\Endog_demand_AI\pyai\data\original\prices\L4\EC2_g6xlarge_us-west-2.csv
2025-12-03,0.5136236154501562,0.4945328031809145,0.5361580516898609,4990.514133940428,9716.286369672822,14,L4,aws,L4,g6xlarge,us-west-2,0,C:\Users\FarhadBillimoria\OneDrive - Aurora Energy Research\Documents\Personal\Endog_demand_AI\pyai\data\original\prices\L4\EC2_g6xlarge_us-west-2.csv
2025-12-04,0.5126548401896314,0.5012425447316103,0.5346669980119284,4981.101236081316,9716.286369672824,13,L4,aws,L4,g6xlarge,us-west-2,0,C:\Users\FarhadBillimoria\OneDrive - Aurora Energy Research\Documents\Personal\Endog_demand_AI\pyai\data\original\prices\L4\EC2_g6xlarge_us-west-2.csv
2025-12-05,0.5181722166998012,0.5060884691848906,0.5351640159045726,5034.709646263431,9716.286369672824,12,L4,aws,L4,g6xlarge,us-west-2,0,C:\Users\FarhadBillimoria\OneDrive - Aurora Energy Research\Documents\Personal\Endog_demand_AI\pyai\data\original\prices\L4\EC2_g6xlarge_us-west-2.csv
2025-12-06,0.5290222948026129,0.5175198807157058,0.547837972166998,5140.132112243666,9716.286369672822,14,L4,aws,L4,g6xlarge,us-west-2,0,C:\Users\FarhadBillimoria\OneDrive - Aurora Energy Research\Documents\Personal\Endog_demand_AI\pyai\data\original\prices\L4\EC2_g6xlarge_us-west-2.csv
2025-12-07,0.5417992047713718,0.5269632206759443,0.5598906560636183,5264.276228419654,9716.286369672824,15,L4,aws,L4,g6xlarge,us-west-2,0,C:\Users\FarhadBillimoria\OneDrive - Aurora Energy Research\Documents\Personal\Endog_demand_AI\pyai\data\original\prices\L4\EC2_g6xlarge_us-west-2.csv
2025-12-08,0.5592693836978131,0.5456013916500994,0.5703280318091452,5434.0214897983815,9716.286369672824,20,L4,aws,L4,g6xlarge,us-west-2,0,C:\Users\FarhadBillimoria\OneDrive - Aurora Energy Research\Documents\Personal\Endog_demand_AI\pyai\data\original\prices\L4\EC2_g6xlarge_us-west-2.csv
2025-12-09,0.5642491206606515,0.5559145129224652,0.5718190854870775,5482.406040174964,9716.286369672824,13,L4,aws,L4,g6xlarge,us-west-2,0,C:\Users\FarhadBillimoria\OneDrive - Aurora Energy Research\Documents\Personal\Endog_demand_AI\pyai\data\original\prices\L4\EC2_g6xlarge_us-west-2.csv
2025-12-11,0.5611953280318092,0.5559145129224652,0.5647365805168987,5452.734516479536,9716.286369672824,4,L4,aws,L4,g6xlarge,us-west-2,0,C:\Users\FarhadBillimoria\OneDrive - Aurora Energy Research\Documents\Personal\Endog_demand_AI\pyai\data\original\prices\L4\EC2_g6xlarge_us-west-2.csv
2025-12-12,0.5626087226640158,0.555168986083499,0.5714463220675944,5466.4674634794155,9716.286369672824,16,L4,aws,L4,g6xlarge,us-west-2,0,C:\Users\FarhadBillimoria\OneDrive - Aurora Energy Research\Documents\Personal\Endog_demand_AI\pyai\data\original\prices\L4\EC2_g6xlarge_us-west-2.csv
2025-12-13,0.5662542601533654,0.5595178926441351,0.5779075546719682,5501.888549697314,9716.286369672822,14,L4,aws,L4,g6xlarge,us-west-2,0,C:\Users\FarhadBillimoria\OneDrive - Aurora Energy Research\Documents\Personal\Endog_demand_AI\pyai\data\original\prices\L4\EC2_g6xlarge_us-west-2.csv
2025-12-14,0.5725149105367794,0.5616302186878728,0.5939363817097415,5562.7188216829645,9716.286369672824,15,L4,aws,L4,g6xlarge,us-west-2,0,C:\Users\FarhadBillimoria\OneDrive - Aurora Energy Research\Documents\Personal\Endog_demand_AI\pyai\data\original\prices\L4\EC2_g6xlarge_us-west-2.csv
2025-12-15,0.5802950156205623,0.5653578528827038,0.61058648111332,5638.312550663148,9716.286369672822,14,L4,aws,L4,g6xlarge,us-west-2,0,C:\Users\FarhadBillimoria\OneDrive - Aurora Energy Research\Documents\Personal\Endog_demand_AI\pyai\data\original\prices\L4\EC2_g6xlarge_us-west-2.csv
2025-12-16,0.5815109343936382,0.5634940357852882,0.6134443339960238,5650.126765664614,9716.286369672824,11,L4,aws,L4,g6xlarge,us-west-2,0,C:\Users\FarhadBillimoria\OneDrive - Aurora Energy Research\Documents\Personal\Endog_demand_AI\pyai\data\original\prices\L4\EC2_g6xlarge_us-west-2.csv
2025-12-17,0.58507608196972,0.5617544731610338,0.6192842942345924,5684.766760463972,9716.286369672824,13,L4,aws,L4,g6xlarge,us-west-2,0,C:\Users\FarhadBillimoria\OneDrive - Aurora Energy Research\Documents\Personal\Endog_demand_AI\pyai\data\original\prices\L4\EC2_g6xlarge_us-west-2.csv
2025-12-18,0.5863982770046389,0.5605119284294234,0.6299701789264414,5697.613586059801,9716.286369672824,15,L4,aws,L4,g6xlarge,us-west-2,0,C:\Users\FarhadBillimoria\OneDrive - Aurora Energy Research\Documents\Personal\Endog_demand_AI\pyai\data\original\prices\L4\EC2_g6xlarge_us-west-2.csv
2025-12-19,0.591109592445328,0.5626242544731609,0.6430168986083499,5743.390076059399,9716.286369672824,16,L4,aws,L4,g6xlarge,us-west-2,0,C:\Users\FarhadBillimoria\OneDrive - Aurora Energy Research\Documents\Personal\Endog_demand_AI\pyai\data\original\prices\L4\EC2_g6xlarge_us-west-2.csv
2025-12-20,0.5872170821226488,0.5633697813121272,0.6336978131212724,5705.569331067339,9716.286369672824,13,L4,aws,L4,g6xlarge,us-west-2,0,C:\Users\FarhadBillimoria\OneDrive - Aurora Energy Research\Documents\Personal\Endog_demand_AI\pyai\data\original\prices\L4\EC2_g6xlarge_us-west-2.csv
2025-12-21,0.5826365337387439,0.5559145129224652,0.6232604373757455,5661.063411239178,9716.286369672824,17,L4,aws,L4,g6xlarge,us-west-2,0,C:\Users\FarhadBillimoria\OneDrive - Aurora Energy Research\Documents\Personal\Endog_demand_AI\pyai\data\original\prices\L4\EC2_g6xlarge_us-west-2.csv
2025-12-22,0.5790724403578529,0.5523111332007952,0.6119532803180914,5626.433659302184,9716.286369672824,16,L4,aws,L4,g6xlarge,us-west-2,0,C:\Users\FarhadBillimoria\OneDrive - Aurora Energy Research\Documents\Personal\Endog_demand_AI\pyai\data\original\prices\L4\EC2_g6xlarge_us-west-2.csv
2025-12-23,0.5757569964826426,0.5509443339960238,0.6069831013916501,5594.219857168064,9716.286369672824,13,L4,aws,L4,g6xlarge,us-west-2,0,C:\Users\FarhadBillimoria\OneDrive - Aurora Energy Research\Documents\Personal\Endog_demand_AI\pyai\data\original\prices\L4\EC2_g6xlarge_us-west-2.csv
2025-12-24,0.5808068257123923,0.5526838966202783,0.6082256461232604,5643.285444082257,9716.286369672824,15,L4,aws,L4,g6xlarge,us-west-2,0,C:\Users\FarhadBillimoria\OneDrive - Aurora Energy Research\Documents\Personal\Endog_demand_AI\pyai\data\original\prices\L4\EC2_g6xlarge_us-west-2.csv
2025-12-25,0.5838717693836978,0.5538021868787276,0.6164264413518886,5673.065314499578,9716.286369672824,13,L4,aws,L4,g6xlarge,us-west-2,0,C:\Users\FarhadBillimoria\OneDrive - Aurora Energy Research\Documents\Personal\Endog_demand_AI\pyai\data\original\prices\L4\EC2_g6xlarge_us-west-2.csv
2025-12-26,0.5800103226793087,0.5472166998011929,0.6126988071570576,5635.546392518503,9716.286369672824,13,L4,aws,L4,g6xlarge,us-west-2,0,C:\Users\FarhadBillimoria\OneDrive - Aurora Energy Research\Documents\Personal\Endog_demand_AI\pyai\data\original\prices\L4\EC2_g6xlarge_us-west-2.csv
2025-12-27,0.5757372432074221,0.5452286282306162,0.614314115308151,5594.027928689283,9716.286369672824,15,L4,aws,L4,g6xlarge,us-west-2,0,C:\Users\FarhadBillimoria\OneDrive - Aurora Energy Research\Documents\Personal\Endog_demand_AI\pyai\data\original\prices\L4\EC2_g6xlarge_us-west-2.csv
2025-12-28,0.5737706116243714,0.5375248508946322,0.6089711729622266,5574.919573044719,9716.286369672824,17,L4,aws,L4,g6xlarge,us-west-2,0,C:\Users\FarhadBillimoria\OneDrive - Aurora Energy Research\Documents\Personal\Endog_demand_AI\pyai\data\original\prices\L4\EC2_g6xlarge_us-west-2.csv
2025-12-29,0.5659347486509514,0.525720675944334,0.6048707753479124,5498.784084441454,9716.286369672822,14,L4,aws,L4,g6xlarge,us-west-2,0,C:\Users\FarhadBillimoria\OneDrive - Aurora Energy Research\Documents\Personal\Endog_demand_AI\pyai\data\original\prices\L4\EC2_g6xlarge_us-west-2.csv
2025-12-30,0.5521336268105651,0.5185139165009941,0.584865805168986,5364.688432417516,9716.286369672822,14,L4,aws,L4,g6xlarge,us-west-2,0,C:\Users\FarhadBillimoria\OneDrive - Aurora Energy Research\Documents\Personal\Endog_demand_AI\pyai\data\original\prices\L4\EC2_g6xlarge_us-west-2.csv
2025-12-31,0.5445308915736351,0.5059642147117296,0.5772862823061631,5290.8180796627,9716.286369672824,13,L4,aws,L4,g6xlarge,us-west-2,0,C:\Users\FarhadBillimoria\OneDrive - Aurora Energy Research\Documents\Personal\Endog_demand_AI\pyai\data\original\prices\L4\EC2_g6xlarge_us-west-2.csv
2026-01-01,0.5396061133200795,0.4976391650099403,0.5723161033797216,5242.967523844018,9716.286369672824,16,L4,aws,L4,g6xlarge,us-west-2,0,C:\Users\FarhadBillimoria\OneDrive - Aurora Energy Research\Documents\Personal\Endog_demand_AI\pyai\data\original\prices\L4\EC2_g6xlarge_us-west-2.csv
2026-01-02,0.5307529821073559,0.48968687872763417,0.5639910536779325,5156.947965712906,9716.286369672824,16,L4,aws,L4,g6xlarge,us-west-2,0,C:\Users\FarhadBillimoria\OneDrive - Aurora Energy Research\Documents\Personal\Endog_demand_AI\pyai\data\original\prices\L4\EC2_g6xlarge_us-west-2.csv
2026-01-03,0.525914823558648,0.48633200795228626,0.5644880715705765,5109.93903175178,9716.286369672824,16,L4,aws,L4,g6xlarge,us-west-2,0,C:\Users\FarhadBillimoria\OneDrive - Aurora Energy Research\Documents\Personal\Endog_demand_AI\pyai\data\original\prices\L4\EC2_g6xlarge_us-west-2.csv
2026-01-04,0.5188866799204772,0.48446819085487075,0.5597664015904572,5041.651575516117,9716.286369672824,13,L4,aws,L4,g6xlarge,us-west-2,0,C:\Users\FarhadBillimoria\OneDrive - Aurora Energy Research\Documents\Personal\Endog_demand_AI\pyai\data\original\prices\L4\EC2_g6xlarge_us-west-2.csv
2026-01-05,0.5229775194983942,0.47800695825049694,0.5683399602385685,5081.39934434755,9716.286369672824,13,L4,aws,L4,g6xlarge,us-west-2,0,C:\Users\FarhadBillimoria\OneDrive - Aurora Energy Research\Documents\Personal\Endog_demand_AI\pyai\data\original\prices\L4\EC2_g6xlarge_us-west-2.csv
2026-01-06,0.5066087847912525,0.4696819085487077,0.5687127236580517,4922.356030423759,9716.286369672824,16,L4,aws,L4,g6xlarge,us-west-2,0,C:\Users\FarhadBillimoria\OneDrive - Aurora Energy Research\Documents\Personal\Endog_demand_AI\pyai\data\original\prices\L4\EC2_g6xlarge_us-west-2.csv
2026-01-07,0.5170477137176939,0.46545725646123254,0.5687127236580517,5023.783653265725,9716.286369672824,10,L4,aws,L4,g6xlarge,us-west-2,0,C:\Users\FarhadBillimoria\OneDrive - Aurora Energy Research\Documents\Personal\Endog_demand_AI\pyai\data\original\prices\L4\EC2_g6xlarge_us-west-2.csv
2026-01-08,0.5016419341096279,0.4638419483101392,0.5668489065606361,4874.096686845691,9716.286369672822,14,L4,aws,L4,g6xlarge,us-west-2,0,C:\Users\FarhadBillimoria\OneDrive - Aurora Energy Research\Documents\Personal\Endog_demand_AI\pyai\data\original\prices\L4\EC2_g6xlarge_us-west-2.csv
2026-01-09,0.5241799204771371,0.4719184890656064,0.5699552683896619,5093.082216588193,9716.286369672824,5,L4,aws,L4,g6xlarge,us-west-2,0,C:\Users\FarhadBillimoria\OneDrive - Aurora Energy Research\Documents\Personal\Endog_demand_AI\pyai\data\original\prices\L4\EC2_g6xlarge_us-west-2.csv
2026-01-10,0.5125142005112184,0.4683151093439364,0.5644880715705765,4979.734740690916,9716.286369672822,14,L4,aws,L4,g6xlarge,us-west-2,0,C:\Users\FarhadBillimoria\OneDrive - Aurora Energy Research\Documents\Personal\Endog_demand_AI\pyai\data\original\prices\L4\EC2_g6xlarge_us-west-2.csv
2026-01-11,0.5067718687872763,0.45999005964214706,0.555168986083499,4923.9406012314375,9716.286369672824,16,L4,aws,L4,g6xlarge,us-west-2,0,C:\Users\FarhadBillimoria\OneDrive - Aurora Energy Research\Documents\Personal\Endog_demand_AI\pyai\data\original\prices\L4\EC2_g6xlarge_us-west-2.csv
2026-01-12,0.5024673388241977,0.4550198807157058,0.5381461232604373,4882.1165554233285,9716.286369672822,14,L4,aws,L4,g6xlarge,us-west-2,0,C:\Users\FarhadBillimoria\OneDrive - Aurora Energy Research\Documents\Personal\Endog_demand_AI\pyai\data\original\prices\L4\EC2_g6xlarge_us-west-2.csv
2026-01-13,0.4929837640821736,0.4555168986083499,0.5290755467196819,4789.971427421626,9716.286369672824,15,L4,aws,L4,g6xlarge,us-west-2,0,C:\Users\FarhadBillimoria\OneDrive - Aurora Energy Research\Documents\Personal\Endog_demand_AI\pyai\data\original\prices\L4\EC2_g6xlarge_us-west-2.csv
2026-01-14,0.49505311878727637,0.45912027833001984,0.5284542743538767,4810.077870336834,9716.286369672824,16,L4,aws,L4,g6xlarge,us-west-2,0,C:\Users\FarhadBillimoria\OneDrive - Aurora Energy Research\Documents\Personal\Endog_demand_AI\pyai\data\original\prices\L4\EC2_g6xlarge_us-west-2.csv
2026-01-15,0.4975592871343368,0.45986580516898606,0.5274602385685885,4834.4285196874835,9716.286369672822,14,L4,aws,L4,g6xlarge,us-west-2,0,C:\Users\FarhadBillimoria\OneDrive - Aurora Energy Research\Documents\Personal\Endog_demand_AI\pyai\data\original\prices\L4\EC2_g6xlarge_us-west-2.csv
2026-01-16,0.491830268389662,0.45899602385685884,0.525720675944334,4778.763732946999,9716.286369672824,12,L4,aws,L4,g6xlarge,us-west-2,0,C:\Users\FarhadBillimoria\OneDrive - Aurora Energy Research\Documents\Personal\Endog_demand_AI\pyai\data\original\prices\L4\EC2_g6xlarge_us-west-2.csv
2026-01-17,0.49805016057501145,0.4616053677932405,0.5393886679920478,4839.197986608345,9716.286369672824,13,L4,aws,L4,g6xlarge,us-west-2,0,C:\Users\FarhadBillimoria\OneDrive - Aurora Energy Research\Documents\Personal\Endog_demand_AI\pyai\data\original\prices\L4\EC2_g6xlarge_us-west-2.csv
2026-01-18,0.5155673104231753,0.4719184890656064,0.5642395626242545,5009.3996309135755,9716.286369672822,14,L4,aws,L4,g6xlarge,us-west-2,0,C:\Users\FarhadBillimoria\OneDrive - Aurora Energy Research\Documents\Personal\Endog_demand_AI\pyai\data\original\prices\L4\EC2_g6xlarge_us-west-2.csv
2026-01-19,0.5317470178926441,0.48645626242544726,0.566600397614314,5166.606302064469,9716.286369672824,16,L4,aws,L4,g6xlarge,us-west-2,0,C:\Users\FarhadBillimoria\OneDrive - Aurora Energy Research\Documents\Personal\Endog_demand_AI\pyai\data\original\prices\L4\EC2_g6xlarge_us-west-2.csv
2026-01-20,0.5335569913850231,0.4944085487077534,0.566351888667992,5184.1925228379405,9716.286369672824,15,L4,aws,L4,g6xlarge,us-west-2,0,C:\Users\FarhadBillimoria\OneDrive - Aurora Energy Research\Documents\Personal\Endog_demand_AI\pyai\data\original\prices\L4\EC2_g6xlarge_us-west-2.csv
2026-01-21,0.5307099709435693,0.4886928429423459,0.5646123260437376,5156.530056928463,9716.286369672824,13,L4,aws,L4,g6xlarge,us-west-2,0,C:\Users\FarhadBillimoria\OneDrive - Aurora Energy Research\Documents\Personal\Endog_demand_AI\pyai\data\original\prices\L4\EC2_g6xlarge_us-west-2.csv
2026-01-22,0.5237574552683897,0.4859592445328032,0.5610089463220675,5088.9774236387775,9716.286369672824,15,L4,aws,L4,g6xlarge,us-west-2,0,C:\Users\FarhadBillimoria\OneDrive - Aurora Energy Research\Documents\Personal\Endog_demand_AI\pyai\data\original\prices\L4\EC2_g6xlarge_us-west-2.csv
2026-01-23,0.5358163518886679,0.4865805168986084,0.55889662027833,5206.145116503682,9716.286369672824,12,L4,aws,L4,g6xlarge,us-west-2,0,C:\Users\FarhadBillimoria\OneDrive - Aurora Energy Research\Documents\Personal\Endog_demand_AI\pyai\data\original\prices\L4\EC2_g6xlarge_us-west-2.csv
2026-01-24,0.5310056328694499,0.48459244532803186,0.5642395626242545,5159.402792868928,9716.286369672824,15,L4,aws,L4,g6xlarge,us-west-2,0,C:\Users\FarhadBillimoria\OneDrive - Aurora Energy Research\Documents\Personal\Endog_demand_AI\pyai\data\original\prices\L4\EC2_g6xlarge_us-west-2.csv
2026-01-25,0.5441868022633429,0.4848409542743538,0.5826292246520874,5287.474809387159,9716.286369672824,13,L4,aws,L4,g6xlarge,us-west-2,0,C:\Users\FarhadBillimoria\OneDrive - Aurora Energy Research\Documents\Personal\Endog_demand_AI\pyai\data\original\prices\L4\EC2_g6xlarge_us-west-2.csv
2026-01-26,0.5713117130550033,0.5017395626242545,0.5969184890656063,5551.028210390759,9716.286369672824,12,L4,aws,L4,g6xlarge,us-west-2,0,C:\Users\FarhadBillimoria\OneDrive - Aurora Energy Research\Documents\Personal\Endog_demand_AI\pyai\data\original\prices\L4\EC2_g6xlarge_us-west-2.csv
2026-01-27,0.5550891082078955,0.4976391650099403,0.5959244532803181,5393.404736034217,9716.286369672822,14,L4,aws,L4,g6xlarge,us-west-2,0,C:\Users\FarhadBillimoria\OneDrive - Aurora Energy Research\Documents\Personal\Endog_demand_AI\pyai\data\original\prices\L4\EC2_g6xlarge_us-west-2.csv
2026-01-28,0.5633964072706618,0.5002485089463221,0.5948061630218688,5474.120832686569,9716.286369672822,14,L4,aws,L4,g6xlarge,us-west-2,0,C:\Users\FarhadBillimoria\OneDrive - Aurora Energy Research\Documents\Personal\Endog_demand_AI\pyai\data\original\prices\L4\EC2_g6xlarge_us-west-2.csv
2026-01-29,0.5662483432736912,0.5021123260437376,0.5939363817097415,5501.831059599983,9716.286369672824,18,L4,aws,L4,g6xlarge,us-west-2,0,C:\Users\FarhadBillimoria\OneDrive - Aurora Energy Research\Documents\Personal\Endog_demand_AI\pyai\data\original\prices\L4\EC2_g6xlarge_us-west-2.csv
2026-01-30,0.5717155400927766,0.5062127236580516,0.5949304174950298,5554.951909533583,9716.286369672824,12,L4,aws,L4,g6xlarge,us-west-2,0,C:\Users\FarhadBillimoria\OneDrive - Aurora Energy Research\Documents\Personal\Endog_demand_AI\pyai\data\original\prices\L4\EC2_g6xlarge_us-west-2.csv
2026-01-31,0.5693106983101391,0.5080765407554672,0.6011431411530815,5531.585778099722,9716.286369672824,16,L4,aws,L4,g6xlarge,us-west-2,0,C:\Users\FarhadBillimoria\OneDrive - Aurora Energy Research\Documents\Personal\Endog_demand_AI\pyai\data\original\prices\L4\EC2_g6xlarge_us-west-2.csv
2026-02-01,0.570203777335984,0.5104373757455268,0.6020129224652088,5540.263189665579,9716.286369672822,14,L4,aws,L4,g6xlarge,us-west-2,0,C:\Users\FarhadBillimoria\OneDrive - Aurora Energy Research\Documents\Personal\Endog_demand_AI\pyai\data\original\prices\L4\EC2_g6xlarge_us-west-2.csv
2026-02-02,0.5772138005301525,0.5111829025844931,0.6299701789264414,5608.374582478168,9716.286369672824,12,L4,aws,L4,g6xlarge,us-west-2,0,C:\Users\FarhadBillimoria\OneDrive - Aurora Energy Research\Documents\Personal\Endog_demand_AI\pyai\data\original\prices\L4\EC2_g6xlarge_us-west-2.csv
2026-02-03,0.5727844471631748,0.5154075546719682,0.6394135188866799,5565.33771673214,9716.286369672824,13,L4,aws,L4,g6xlarge,us-west-2,0,C:\Users\FarhadBillimoria\OneDrive - Aurora Energy Research\Documents\Personal\Endog_demand_AI\pyai\data\original\prices\L4\EC2_g6xlarge_us-west-2.csv
2026-02-04,0.5816973161033798,0.5185139165009941,0.6467445328031809,5651.937703730532,9716.286369672822,14,L4,aws,L4,g6xlarge,us-west-2,0,C:\Users\FarhadBillimoria\OneDrive - Aurora Energy Research\Documents\Personal\Endog_demand_AI\pyai\data\original\prices\L4\EC2_g6xlarge_us-west-2.csv
2026-02-05,0.5719815721058266,0.518265407554672,0.6527087475149105,5557.536752755876,9716.286369672824,13,L4,aws,L4,g6xlarge,us-west-2,0,C:\Users\FarhadBillimoria\OneDrive - Aurora Energy Research\Documents\Personal\Endog_demand_AI\pyai\data\original\prices\L4\EC2_g6xlarge_us-west-2.csv
2026-02-06,0.5783269135188867,0.5181411530815109,0.6539512922465208,5619.1899070385125,9716.286369672824,16,L4,aws,L4,g6xlarge,us-west-2,0,C:\Users\FarhadBillimoria\OneDrive - Aurora Energy Research\Documents\Personal\Endog_demand_AI\pyai\data\original\prices\L4\EC2_g6xlarge_us-west-2.csv
2026-02-07,0.5845551689860835,0.5175198807157058,0.6594184890656063,5679.705420741277,9716.286369672824,12,L4,aws,L4,g6xlarge,us-west-2,0,C:\Users\FarhadBillimoria\OneDrive - Aurora Energy Research\Documents\Personal\Endog_demand_AI\pyai\data\original\prices\L4\EC2_g6xlarge_us-west-2.csv
2026-02-08,0.6018141153081511,0.5234840954274353,0.6884940357852882,5847.398285645297,9716.286369672824,15,L4,aws,L4,g6xlarge,us-west-2,0,C:\Users\FarhadBillimoria\OneDrive - Aurora Energy Research\Documents\Personal\Endog_demand_AI\pyai\data\original\prices\L4\EC2_g6xlarge_us-west-2.csv
2026-02-09,0.6069913850231942,0.5388916500994035,0.6993041749502982,5897.702120809689,9716.286369672824,15,L4,aws,L4,g6xlarge,us-west-2,0,C:\Users\FarhadBillimoria\OneDrive - Aurora Energy Research\Documents\Personal\Endog_demand_AI\pyai\data\original\prices\L4\EC2_g6xlarge_us-west-2.csv
2026-02-10,0.6446608808686344,0.5490805168986083,0.7362077534791253,6263.709729845188,9716.286369672824,13,L4,aws,L4,g6xlarge,us-west-2,0,C:\Users\FarhadBillimoria\OneDrive - Aurora Energy Research\Documents\Personal\Endog_demand_AI\pyai\data\original\prices\L4\EC2_g6xlarge_us-west-2.csv
2026-02-11,0.6347064670798737,0.5465954274353877,0.7728628230616301,6166.989794831369,9716.286369672824,17,L4,aws,L4,g6xlarge,us-west-2,0,C:\Users\FarhadBillimoria\OneDrive - Aurora Energy Research\Documents\Personal\Endog_demand_AI\pyai\data\original\prices\L4\EC2_g6xlarge_us-west-2.csv
2026-02-12,0.6497075240862517,0.5473409542743539,0.7765904572564613,6312.744360553125,9716.286369672824,13,L4,aws,L4,g6xlarge,us-west-2,0,C:\Users\FarhadBillimoria\OneDrive - Aurora Energy Research\Documents\Personal\Endog_demand_AI\pyai\data\original\prices\L4\EC2_g6xlarge_us-west-2.csv
2026-02-13,0.6285945044021585,0.5474652087475148,0.7765904572564613,6107.604215173937,9716.286369672822,14,L4,aws,L4,g6xlarge,us-west-2,0,C:\Users\FarhadBillimoria\OneDrive - Aurora Energy Research\Documents\Personal\Endog_demand_AI\pyai\data\original\prices\L4\EC2_g6xlarge_us-west-2.csv
2026-02-14,0.6432261692999895,0.5433648111332008,0.7821819085487077,6249.769661386353,9716.286369672824,19,L4,aws,L4,g6xlarge,us-west-2,0,C:\Users\FarhadBillimoria\OneDrive - Aurora Energy Research\Documents\Personal\Endog_demand_AI\pyai\data\original\prices\L4\EC2_g6xlarge_us-west-2.csv
2026-02-15,0.6247781170122124,0.5342942345924453,0.7522365805168987,6070.523102395612,9716.286369672822,14,L4,aws,L4,g6xlarge,us-west-2,0,C:\Users\FarhadBillimoria\OneDrive - Aurora Energy Research\Documents\Personal\Endog_demand_AI\pyai\data\original\prices\L4\EC2_g6xlarge_us-west-2.csv
2026-02-16,0.6027004638833664,0.5214960238568589,0.7256461232604373,5856.010302225442,9716.286369672824,15,L4,aws,L4,g6xlarge,us-west-2,0,C:\Users\FarhadBillimoria\OneDrive - Aurora Energy Research\Documents\Personal\Endog_demand_AI\pyai\data\original\prices\L4\EC2_g6xlarge_us-west-2.csv
2026-02-17,0.6023359840954274,0.5161530815109344,0.7127236580516898,5852.468912229869,9716.286369672824,15,L4,aws,L4,g6xlarge,us-west-2,0,C:\Users\FarhadBillimoria\OneDrive - Aurora Energy Research\Documents\Personal\Endog_demand_AI\pyai\data\original\prices\L4\EC2_g6xlarge_us-west-2.csv
2026-02-18,0.5815878538294046,0.5067097415506958,0.694955268389662,5650.874136929914,9716.286369672824,21,L4,aws,L4,g6xlarge,us-west-2,0,C:\Users\FarhadBillimoria\OneDrive - Aurora Energy Research\Documents\Personal\Endog_demand_AI\pyai\data\original\prices\L4\EC2_g6xlarge_us-west-2.csv
2026-02-19,0.5799453280318091,0.4955268389662027,0.6749502982107356,5634.914885910901,9716.286369672824,15,L4,aws,L4,g6xlarge,us-west-2,0,C:\Users\FarhadBillimoria\OneDrive - Aurora Energy Research\Documents\Personal\Endog_demand_AI\pyai\data\original\prices\L4\EC2_g6xlarge_us-west-2.csv
2026-02-20,0.5677091298363665,0.4970178926441352,0.6564363817097416,5516.024480167906,9716.286369672824,13,L4,aws,L4,g6xlarge,us-west-2,0,C:\Users\FarhadBillimoria\OneDrive - Aurora Energy Research\Documents\Personal\Endog_demand_AI\pyai\data\original\prices\L4\EC2_g6xlarge_us-west-2.csv
2026-02-21,0.5615155222511088,0.4978876739562624,0.6443836978131212,5455.845615208164,9716.286369672824,13,L4,aws,L4,g6xlarge,us-west-2,0,C:\Users\FarhadBillimoria\OneDrive - Aurora Energy Research\Documents\Personal\Endog_demand_AI\pyai\data\original\prices\L4\EC2_g6xlarge_us-west-2.csv
2026-02-22,0.565026507620941,0.5114314115308152,0.6351888667992047,5489.959354501187,9716.286369672824,15,L4,aws,L4,g6xlarge,us-west-2,0,C:\Users\FarhadBillimoria\OneDrive - Aurora Energy Research\Documents\Personal\Endog_demand_AI\pyai\data\original\prices\L4\EC2_g6xlarge_us-west-2.csv
