date,voll_mean,voll_min,voll_max,obs_count,location,ondemand_price_usd_per_hour,voll_ondemand_historical
2024-01-25,2678.00035932447,2364.310097017607,2786.2468559108875,5,us-east-1,32.773,7359.9539587499185
2024-01-25,736.008803449515,736.008803449515,736.008803449515,1,us-east-2,32.773,7359.9539587499185
2024-01-25,874.9625703677087,736.008803449515,1152.6230686309736,3,us-west-2,32.773,7359.9539587499185
2024-01-26,2581.229787998563,2360.5596478620196,2790.132051742724,11,us-east-1,32.773,7359.9539587499185
2024-01-26,736.008803449515,736.008803449515,736.008803449515,1,us-east-2,32.773,7359.9539587499185
2024-01-26,942.8786381602588,736.008803449515,1152.5556952928496,8,us-west-2,32.773,7359.9539587499185
2024-01-27,2582.871077374536,2349.914660438376,2793.725296442688,12,us-east-1,32.773,7359.9539587499185
2024-01-27,736.008803449515,736.008803449515,736.008803449515,1,us-east-2,32.773,7359.9539587499185
2024-01-27,889.872664390945,736.008803449515,1139.0136543298597,8,us-west-2,32.773,7359.9539587499185
2024-01-28,2652.3460893520187,2349.128638160259,2772.188286022278,9,us-east-1,32.773,7359.9539587499185
2024-01-28,736.008803449515,736.008803449515,736.008803449515,1,us-east-2,32.773,7359.9539587499185
2024-01-28,938.3496526530124,736.008803449515,1136.4534674811355,6,us-west-2,32.773,7359.9539587499185
2024-01-30,933.7682656605581,736.008803449515,1115.50035932447,6,us-west-2,32.773,7359.9539587499185
2024-01-30,2605.380322493712,2344.9514911965503,2790.513833992095,8,us-east-1,32.773,7359.9539587499185
2024-01-30,736.008803449515,736.008803449515,736.008803449515,1,us-east-2,32.773,7359.9539587499185
2024-01-31,989.3961851718769,736.008803449515,1111.6376212720088,6,us-west-2,32.773,7359.9539587499185
2024-01-31,2629.628344167511,2341.5603665109597,2776.724757455983,11,us-east-1,32.773,7359.9539587499185
2024-01-31,736.008803449515,736.008803449515,736.008803449515,2,us-east-2,32.773,7359.9539587499185
2024-02-01,911.7883379247016,736.008803449515,1107.213438735178,9,us-west-2,32.773,7359.9539587499185
2024-02-01,2577.624293600758,2339.49425080848,2770.6836148041684,11,us-east-1,32.773,7359.9539587499185
2024-02-01,736.008803449515,736.008803449515,736.008803449515,1,us-east-2,32.773,7359.9539587499185
2024-02-02,924.407114624506,736.008803449515,1102.8566295364715,4,us-west-2,32.773,7359.9539587499185
2024-02-02,2579.4331656485806,2347.219726913403,2766.5962989579593,5,us-east-1,32.773,7359.9539587499185
2024-02-05,736.008803449515,736.008803449515,736.008803449515,1,us-east-2,32.773,7359.9539587499185
2024-02-06,740.1410348544737,736.008803449515,744.2732662594323,2,us-east-2,32.773,7359.9539587499185
2024-02-06,2582.1168702838663,2370.104204096299,2728.193496227093,6,us-east-1,32.773,7359.9539587499185
2024-02-06,903.3237513474667,762.2170319798779,1107.8422565576716,5,us-west-2,32.773,7359.9539587499185
2024-02-07,748.5028147083484,736.008803449515,754.9407114624506,6,us-east-2,32.773,7359.9539587499185
2024-02-07,2581.175247677224,2363.8384836507366,2725.341358246497,14,us-east-1,32.773,7359.9539587499185
2024-02-07,834.9914660438377,762.2619475386274,1109.3244699964068,10,us-west-2,32.773,7359.9539587499185
2024-02-08,754.7610492274524,736.008803449515,761.5882141573842,5,us-east-2,32.773,7359.9539587499185
2024-02-08,2565.327808719607,2361.8846568451313,2717.1891843334533,12,us-east-1,32.773,7359.9539587499185
2024-02-08,890.1038774376899,760.0161696011498,1107.4829320876752,11,us-west-2,32.773,7359.9539587499185
2024-02-09,760.5551563061445,736.008803449515,767.6518145885735,5,us-east-2,32.773,7359.9539587499185
2024-02-09,2567.6938718844935,2356.315127560187,2683.5474308300395,11,us-east-1,32.773,7359.9539587499185
2024-02-09,876.7591927176908,754.5140136543299,1104.7206252245778,12,us-west-2,32.773,7359.9539587499185
2024-02-10,766.1157024793389,736.008803449515,775.8264462809918,5,us-east-2,32.773,7359.9539587499185
2024-02-10,2536.606180380884,2357.325727632052,2675.0583902263747,11,us-east-1,32.773,7359.9539587499185
2024-02-10,883.3277529154282,751.6394178943586,1099.3307581746317,11,us-west-2,32.773,7359.9539587499185
2024-02-11,773.629326865493,736.008803449515,784.9443047071506,6,us-east-2,32.773,7359.9539587499185
2024-02-11,856.5376637376278,753.0542579949695,1093.8735177865613,11,us-west-2,32.773,7359.9539587499185
2024-02-11,2533.7928331101166,2345.2659001077973,2655.99173553719,11,us-east-1,32.773,7359.9539587499185
2024-02-12,895.508444125045,754.7385914480776,1091.51545095221,10,us-west-2,32.773,7359.9539587499185
2024-02-12,2534.9461761887655,2342.2790154509526,2655.4976643909454,12,us-east-1,32.773,7359.9539587499185
2024-02-12,775.5659360402444,736.008803449515,786.0222781171398,5,us-east-2,32.773,7359.9539587499185
2024-02-13,855.7067259007613,756.2208048868129,1083.385734818541,11,us-west-2,32.773,7359.9539587499185
2024-02-13,2533.798957959037,2345.6252245777937,2654.3523176428316,12,us-east-1,32.773,7359.9539587499185
2024-02-13,779.100790513834,736.008803449515,792.0409629895796,5,us-east-2,32.773,7359.9539587499185
2024-02-14,866.9117443821001,758.9381961911606,1080.4662234998202,13,us-west-2,32.773,7359.9539587499185
2024-02-14,2545.903701042041,2355.933345310816,2657.047251167805,13,us-east-1,32.773,7359.9539587499185
2024-02-14,782.5143729787999,736.008803449515,795.6791232482933,5,us-east-2,32.773,7359.9539587499185
2024-02-15,2536.9187178105162,2364.6245059288535,2657.8557312252965,12,us-east-1,32.773,7359.9539587499185
2024-02-15,782.1460653970536,736.008803449515,794.2193675889329,5,us-east-2,32.773,7359.9539587499185
2024-02-15,873.4104882820297,762.0149119655049,1074.1555874955086,9,us-west-2,32.773,7359.9539587499185
2024-02-16,786.2378727991377,736.008803449515,801.4732303269853,5,us-east-2,32.773,7359.9539587499185
2024-02-16,869.4909339672187,764.1708587854832,1071.6178584261588,13,us-west-2,32.773,7359.9539587499185
2024-02-16,2532.620945350015,2369.138519583184,2653.49892202659,11,us-east-1,32.773,7359.9539587499185
2024-02-17,790.9629895795904,736.008803449515,806.211821775063,5,us-east-2,32.773,7359.9539587499185
2024-02-17,888.1725084114591,772.592526051024,1066.093244699964,11,us-west-2,32.773,7359.9539587499185
2024-02-17,2521.566205533597,2358.313869924542,2657.4964067553,10,us-east-1,32.773,7359.9539587499185
2024-02-18,784.9106180380885,736.4130434782609,810.7033776500181,6,us-east-2,32.773,7359.9539587499185
2024-02-18,2541.7110063849195,2321.3483650736616,2672.7676967301477,13,us-east-1,32.773,7359.9539587499185
2024-02-18,868.5464508542123,784.1582824290334,1062.4101688825008,11,us-west-2,32.773,7359.9539587499185
2024-02-19,2543.664047953484,2306.4363995688104,2675.5075458138704,11,us-east-1,32.773,7359.9539587499185
2024-02-19,775.0666247454786,736.7948257276321,812.3652533237514,6,us-east-2,32.773,7359.9539587499185
2024-02-19,879.8602377530243,787.8413582464967,1053.090190441969,12,us-west-2,32.773,7359.9539587499185
2024-02-20,2535.101509162774,2326.895436579231,2670.9935321595403,10,us-east-1,32.773,7359.9539587499185
2024-02-20,768.9655946819979,740.1859504132232,814.8356090549767,8,us-east-2,32.773,7359.9539587499185
2024-02-20,879.2332914121453,793.0291052820697,1037.1451670858785,12,us-west-2,32.773,7359.9539587499185
2024-02-21,782.1960339561624,744.6101329500539,821.2136183974129,8,us-east-2,32.773,7359.9539587499185
2024-02-21,857.6643218441639,796.6448077614085,1030.3404599353216,13,us-west-2,32.773,7359.9539587499185
2024-02-21,2535.808065452334,2327.3670499461014,2673.823212360762,13,us-east-1,32.773,7359.9539587499185
2024-02-22,849.5867768595042,798.8905856988862,1021.4696370822853,10,us-west-2,32.773,7359.9539587499185
2024-02-22,2521.1502375533996,2315.756378009343,2666.2549407114625,9,us-east-1,32.773,7359.9539587499185
2024-02-22,790.0472112428635,746.3393819619116,826.6034854473589,9,us-east-2,32.773,7359.9539587499185
2024-02-23,872.2197269134028,803.3821415738413,1014.4852676967301,10,us-west-2,32.773,7359.9539587499185
2024-02-23,2500.211477422446,2292.310456342077,2655.7671577434426,12,us-east-1,32.773,7359.9539587499185
2024-02-23,784.4245675273344,749.0118577075099,830.398850161696,7,us-east-2,32.773,7359.9539587499185
2024-02-24,882.5356057883906,807.0876751706792,1000.5389867049946,11,us-west-2,32.773,7359.9539587499185
2024-02-24,793.9274164570608,752.8970535393461,835.3171038447719,8,us-east-2,32.773,7359.9539587499185
2024-02-24,2468.8941040843215,2269.3586058210567,2644.740388070428,12,us-east-1,32.773,7359.9539587499185
2024-02-25,797.9501661875674,756.9619116061804,838.7306863097377,8,us-east-2,32.773,7359.9539587499185
2024-02-25,882.4204246017488,810.4787998562703,1006.4902982393102,12,us-west-2,32.773,7359.9539587499185
2024-02-25,2503.031800215595,2267.7865612648225,2652.3311174991018,14,us-east-1,32.773,7359.9539587499185
2024-02-26,797.4725373440789,763.1827164929932,841.403162055336,7,us-east-2,32.773,7359.9539587499185
2024-02-26,885.0592136782849,815.2623068630974,1007.9949694574202,12,us-west-2,32.773,7359.9539587499185
2024-02-26,2489.7991775462133,2265.495867768595,2658.5519223859146,9,us-east-1,32.773,7359.9539587499185
2024-02-27,807.7988381842138,767.8763923823212,847.7811713977723,6,us-east-2,32.773,7359.9539587499185
2024-02-27,879.7498203377651,821.6403162055336,1012.3293208767517,12,us-west-2,32.773,7359.9539587499185
2024-02-27,2471.158086433868,2252.515271289975,2653.296802012217,11,us-east-1,32.773,7359.9539587499185
2024-02-28,895.2519263784086,824.6272008623788,1008.8483650736616,9,us-west-2,32.773,7359.9539587499185
2024-02-28,2466.571595400647,2251.729249011858,2648.9175350341357,10,us-east-1,32.773,7359.9539587499185
2024-02-28,812.9547700323392,770.8183614804169,855.5291052820697,8,us-east-2,32.773,7359.9539587499185
2024-02-29,2534.0385076057014,2264.911965504851,2659.293029105282,12,us-east-1,32.773,7359.9539587499185
2024-02-29,814.8655527608097,776.3654329859863,866.7355371900827,9,us-east-2,32.773,7359.9539587499185
2024-02-29,892.320130462423,826.4911965504851,1004.603844771829,13,us-west-2,32.773,7359.9539587499185
2024-03-01,2501.518962532258,2273.3560905497666,2672.565576715774,11,us-east-1,32.773,7359.9539587499185
2024-03-01,826.7971837944665,779.5544376572045,876.7067912324829,8,us-east-2,32.773,7359.9539587499185
2024-03-01,902.136483411187,830.4662234998204,1010.8246496586419,9,us-west-2,32.773,7359.9539587499185
2024-03-02,2555.395175252344,2290.8731584620914,2683.8618397412865,11,us-east-1,32.773,7359.9539587499185
2024-03-02,924.553090190442,833.206072583543,1028.9256198347107,12,us-west-2,32.773,7359.9539587499185
2024-03-02,828.632171517547,783.0129356809199,884.9937118217752,9,us-east-2,32.773,7359.9539587499185
2024-03-03,911.0582105641395,836.7319439453827,1038.0434782608697,10,us-west-2,32.773,7359.9539587499185
2024-03-03,2521.361431418025,2280.3629177146963,2689.9928135106,11,us-east-1,32.773,7359.9539587499185
2024-03-03,839.2809019044198,789.9523895077256,890.1140855192239,6,us-east-2,32.773,7359.9539587499185
2024-03-09,964.2668657923105,879.9182536830758,1073.6615163492634,8,us-west-2,32.773,7359.9539587499185
2024-03-09,2622.7766798418975,2271.1327703916636,2787.7739849083723,11,us-east-1,32.773,7359.9539587499185
2024-03-09,873.9669421487603,821.7750628817822,926.3609414301114,6,us-east-2,32.773,7359.9539587499185
2024-03-10,2579.969906575638,2277.7802730865974,2806.3690262306864,10,us-east-1,32.773,7359.9539587499185
2024-03-10,875.2105416816386,821.3259072942868,932.0652173913043,8,us-east-2,32.773,7359.9539587499185
2024-03-10,954.3782688545535,880.8165648580668,1077.6814588573482,9,us-west-2,32.773,7359.9539587499185
2024-03-11,887.9035983779067,818.8330937836868,941.7220625224578,7,us-east-2,32.773,7359.9539587499185
2024-03-11,983.0586678861921,890.2712899748473,1082.5547969816746,11,us-west-2,32.773,7359.9539587499185
2024-03-11,2646.5504850880343,2292.085878548329,2809.423284225656,10,us-east-1,32.773,7359.9539587499185
2024-03-12,879.2725925260511,818.6534315486886,939.8580668343513,8,us-east-2,32.773,7359.9539587499185
2024-03-12,996.7885375494071,900.893819619116,1090.1904419690982,13,us-west-2,32.773,7359.9539587499185
2024-03-12,2650.8807192478143,2298.935501257636,2838.730686309738,12,us-east-1,32.773,7359.9539587499185
2024-03-13,995.150847176539,909.405318002156,1097.8710025152714,13,us-west-2,32.773,7359.9539587499185
2024-03-13,2630.827793747754,2306.930470715056,2859.4816744520303,10,us-east-1,32.773,7359.9539587499185
2024-03-13,890.5728658693087,825.0314408911248,940.7114624505929,7,us-east-2,32.773,7359.9539587499185
2024-03-14,2684.8031949934125,2317.8674092705714,2880.0530003593244,12,us-east-1,32.773,7359.9539587499185
2024-03-14,892.6999384015195,822.0445562342796,949.0882141573841,7,us-east-2,32.773,7359.9539587499185
2024-03-14,1012.1676248652533,917.8494430470715,1102.205353934603,10,us-west-2,32.773,7359.9539587499185
2024-03-15,2704.401350461133,2328.8492633848364,2905.0260510240746,12,us-east-1,32.773,7359.9539587499185
2024-03-15,898.5956401964307,824.4250808480058,960.6539705353935,9,us-east-2,32.773,7359.9539587499185
2024-03-15,989.4448436938557,927.910528206971,1104.6757096658282,9,us-west-2,32.773,7359.9539587499185
2024-03-16,894.9749470994531,833.7899748472871,969.8841178584262,9,us-east-2,32.773,7359.9539587499185
2024-03-16,1015.1758444125045,938.4656845131153,1113.5240747394898,12,us-west-2,32.773,7359.9539587499185
2024-03-16,2702.13226407082,2340.167984189723,2917.1307941070786,11,us-east-1,32.773,7359.9539587499185
2024-03-17,1014.6020481494791,945.5174272367949,1117.1622349982033,10,us-west-2,32.773,7359.9539587499185
2024-03-17,2737.3313171238074,2347.444304707151,2937.6572044556237,9,us-east-1,32.773,7359.9539587499185
2024-03-17,912.2883354293928,845.8722601509163,978.7324829320878,8,us-east-2,32.773,7359.9539587499185
2024-03-18,1027.0560097017608,954.4556234279555,1120.9575997125403,12,us-west-2,32.773,7359.9539587499185
2024-03-18,2753.864609534076,2359.99820337765,2962.136183974129,12,us-east-1,32.773,7359.9539587499185
2024-03-18,928.0552561184973,854.9676607977003,984.9083722601509,9,us-east-2,32.773,7359.9539587499185
2024-03-19,1017.0746496586419,964.3370463528565,1122.6868487243983,10,us-west-2,32.773,7359.9539587499185
2024-03-19,913.6666816385197,866.6681638519584,986.9744879626303,8,us-east-2,32.773,7359.9539587499185
2024-03-19,2785.951449736035,2373.315666546892,2979.226554078333,13,us-east-1,32.773,7359.9539587499185
2024-03-20,926.527770648324,875.202120014373,992.4766439094502,7,us-east-2,32.773,7359.9539587499185
2024-03-20,1032.432776380405,968.3794466403164,1126.8639956881063,12,us-west-2,32.773,7359.9539587499185
2024-03-20,2784.113366870284,2386.3636363636365,2989.422385914481,9,us-east-1,32.773,7359.9539587499185
2024-03-21,948.4668822613488,883.2869205892922,999.7529644268775,9,us-east-2,32.773,7359.9539587499185
2024-03-21,1057.2673374056774,975.9252605102408,1134.6119295724038,11,us-west-2,32.773,7359.9539587499185
2024-03-21,2797.4944604144207,2395.9755659360403,3004.716133668703,12,us-east-1,32.773,7359.9539587499185
2024-03-22,1034.4577194873639,983.6731943945382,1138.3848365073661,12,us-west-2,32.773,7359.9539587499185
2024-03-22,2861.263324949096,2401.657384117859,3025.736615163493,12,us-east-1,32.773,7359.9539587499185
2024-03-22,943.3390226374416,895.6386992454187,1008.3767517067913,7,us-east-2,32.773,7359.9539587499185
2024-03-23,2820.3995238950774,2415.4464606539705,3038.2680560546173,12,us-east-1,32.773,7359.9539587499185
2024-03-23,958.7731315127561,903.4989220265901,1013.4522098454904,8,us-east-2,32.773,7359.9539587499185
2024-03-23,1049.0522817103845,992.4766439094502,1143.3704635285662,10,us-west-2,32.773,7359.9539587499185
2024-03-24,2857.6914686104415,2431.4588573481856,3048.0596478620196,14,us-east-1,32.773,7359.9539587499185
2024-03-24,963.8261318720806,910.8650736615165,1015.3835788717213,8,us-east-2,32.773,7359.9539587499185
2024-03-24,1044.2822493711824,1005.5695292849443,1146.7391304347827,10,us-west-2,32.773,7359.9539587499185
2024-03-25,968.1548688465685,917.3104563420769,1020.5713259072944,6,us-east-2,32.773,7359.9539587499185
2024-03-25,1051.8145885734818,1014.6649299317282,1160.707869205893,10,us-west-2,32.773,7359.9539587499185
2024-03-25,2863.757635644987,2449.0882141573843,3060.6135465325187,10,us-east-1,32.773,7359.9539587499185
2024-03-26,1074.4509936703614,1020.3242903341719,1174.6766079770032,13,us-west-2,32.773,7359.9539587499185
2024-03-26,2843.401904419691,2464.381961911606,3061.46694214876,9,us-east-1,32.773,7359.9539587499185
2024-03-26,972.1467391304349,919.3541142651816,1025.2425440172476,8,us-east-2,32.773,7359.9539587499185
2024-03-27,1086.752530243143,1026.9717930291054,1187.4550844412504,12,us-west-2,32.773,7359.9539587499185
2024-03-27,2839.9270734655215,2476.2845849802375,3065.9809558030906,11,us-east-1,32.773,7359.9539587499185
2024-03-27,977.2923778296802,922.6329500538986,1031.710384477183,8,us-east-2,32.773,7359.9539587499185
2024-03-28,1110.1145755071375,1033.4396334890407,1201.8280632411067,11,us-west-2,32.773,7359.9539587499185
2024-03-28,2920.8849862258953,2500.9656845131153,3078.624685591089,12,us-east-1,32.773,7359.9539587499185
2024-03-28,982.3116915199425,928.0003593244701,1036.5837226015092,8,us-east-2,32.773,7359.9539587499185
2024-03-29,2937.926697808121,2527.623068630974,3085.2721882860224,12,us-east-1,32.773,7359.9539587499185
2024-03-29,981.4017504234896,933.6148041681638,1043.3659719726913,7,us-east-2,32.773,7359.9539587499185
2024-03-29,1098.8608723292518,1038.0883938196191,1216.0438375853396,13,us-west-2,32.773,7359.9539587499185
2024-03-30,993.3936699005868,939.7682357168522,1047.3409989220265,6,us-east-2,32.773,7359.9539587499185
2024-03-30,1103.9143909450233,1044.3316564858067,1227.7667984189723,10,us-west-2,32.773,7359.9539587499185
2024-03-30,2926.188016528926,2559.4457420050303,3096.2540424002877,10,us-east-1,32.773,7359.9539587499185
2024-03-31,997.3471748113548,941.9690980955803,1052.798239310097,8,us-east-2,32.773,7359.9539587499185
2024-03-31,1096.6008903261868,1048.913043478261,1234.593963348904,9,us-west-2,32.773,7359.9539587499185
2024-03-31,2905.9672361415087,2582.3526769673012,3097.7587136183975,11,us-east-1,32.773,7359.9539587499185
2024-04-01,1009.5445562342798,947.0220984549048,1061.7813510600072,9,us-east-2,32.773,7359.9539587499185
2024-04-01,3004.230228987685,2608.9876033057853,3100.1616960114984,11,us-east-1,32.773,7359.9539587499185
2024-04-01,1119.295724038807,1053.0452748832197,1258.2420050305425,13,us-west-2,32.773,7359.9539587499185
2024-04-02,2939.998427955444,2635.6674452030184,3098.1629536471437,12,us-east-1,32.773,7359.9539587499185
2024-04-02,996.6116825368308,952.209845490478,1067.3059647862021,8,us-east-2,32.773,7359.9539587499185
2024-04-02,1141.020563159442,1058.6597197269136,1267.5395256916997,11,us-west-2,32.773,7359.9539587499185
2024-04-03,2958.5429392741644,2670.9486166007905,3116.4660438375854,12,us-east-1,32.773,7359.9539587499185
2024-04-03,1033.0623427955445,958.5429392741646,1088.6408551922386,10,us-east-2,32.773,7359.9539587499185
2024-04-03,1138.368503576912,1063.3758533956163,1278.5662953647145,11,us-west-2,32.773,7359.9539587499185
2024-04-04,1009.5670140136543,962.8997484728711,1099.4430470715056,9,us-east-2,32.773,7359.9539587499185
2024-04-04,1149.7830233008099,1065.9584980237155,1291.4795185052103,13,us-west-2,32.773,7359.9539587499185
2024-04-04,2948.9861333420445,2708.7675170679126,3109.122349982034,11,us-east-1,32.773,7359.9539587499185
2024-04-05,1178.3215055695293,1069.9335249730507,1302.0571325907295,10,us-west-2,32.773,7359.9539587499185
2024-04-05,2978.8986704994613,2740.5677326625946,3098.814229249012,10,us-east-1,32.773,7359.9539587499185
2024-04-05,1070.9826240952723,969.1430111390587,1119.7897951850523,7,us-east-2,32.773,7359.9539587499185
2024-04-06,1169.9080728230927,1076.6933165648582,1310.501257635645,12,us-west-2,32.773,7359.9539587499185
2024-04-06,2949.5766708587857,2755.322493711822,3106.3600431189366,12,us-east-1,32.773,7359.9539587499185
2024-04-06,1049.9517157743444,969.8841178584262,1134.814049586777,8,us-east-2,32.773,7359.9539587499185
2024-04-07,2977.24353215954,2787.6392382321237,3115.5452748832195,10,us-east-1,32.773,7359.9539587499185
2024-04-07,1070.3923053231354,975.0718648939993,1145.4590370104206,7,us-east-2,32.773,7359.9539587499185
2024-04-07,1174.7305066475026,1084.7781171397774,1321.5504850880345,10,us-west-2,32.773,7359.9539587499185
2024-04-08,1067.6680964786203,980.1922385914481,1153.9480776140856,8,us-east-2,32.773,7359.9539587499185
2024-04-08,1181.4302747198903,1091.6726554078332,1339.090010779734,11,us-west-2,32.773,7359.9539587499185
2024-04-08,2983.2995786103943,2806.391484010061,3101.598993891484,11,us-east-1,32.773,7359.9539587499185
2024-04-09,1079.711642112828,989.8715415019764,1170.9037010420411,10,us-east-2,32.773,7359.9539587499185
2024-04-09,1195.0637800934244,1097.9832914121453,1360.492274523895,10,us-west-2,32.773,7359.9539587499185
2024-04-09,3010.474308300395,2826.5585698886093,3102.295185052102,10,us-east-1,32.773,7359.9539587499185
2024-04-10,1229.4143827785583,1103.3057851239669,1377.8745957599713,11,us-west-2,32.773,7359.9539587499185
2024-04-10,3021.3369320223433,2829.6352856629537,3113.00754581387,11,us-east-1,32.773,7359.9539587499185
2024-04-10,1103.6811508649455,1003.503413582465,1180.6279195113189,7,us-east-2,32.773,7359.9539587499185
2024-04-11,2994.2523056653495,2836.799317283507,3110.379985627021,15,us-east-1,32.773,7359.9539587499185
2024-04-11,1114.1945998665367,1010.9818541142652,1190.6440891124687,7,us-east-2,32.773,7359.9539587499185
2024-04-11,1209.108126721763,1108.2464965864176,1390.8551922385916,12,us-west-2,32.773,7359.9539587499185
2024-04-12,3024.7403064057753,2838.214157384118,3107.797340998922,11,us-east-1,32.773,7359.9539587499185
2024-04-12,1105.025052900547,1023.1315127560187,1205.219187926698,9,us-east-2,32.773,7359.9539587499185
2024-04-12,1255.2257525083612,1117.027488321955,1404.6667265540784,13,us-west-2,32.773,7359.9539587499185
2024-04-13,2959.677057132591,2830.4437657204458,3102.0481494789797,10,us-east-1,32.773,7359.9539587499185
2024-04-13,1243.9934077779928,1122.8440531800215,1421.8693855551562,13,us-west-2,32.773,7359.9539587499185
2024-04-13,1116.995405779991,1037.4371182177508,1218.2446999640676,7,us-east-2,32.773,7359.9539587499185
2024-04-14,1266.4222511678047,1127.784764642472,1439.7682357168524,12,us-west-2,32.773,7359.9539587499185
2024-04-14,2995.359406134649,2840.3251886453468,3105.349443047072,11,us-east-1,32.773,7359.9539587499185
2024-04-14,1152.4284345430592,1053.1351060007187,1231.719367588933,9,us-east-2,32.773,7359.9539587499185
2024-04-15,1254.3455803090192,1139.0585698886096,1444.821236076177,10,us-west-2,32.773,7359.9539587499185
2024-04-15,3000.5104040766996,2840.0107797341,3113.6363636363635,11,us-east-1,32.773,7359.9539587499185
2024-04-15,1154.539465804288,1065.9135824649659,1247.125404240029,6,us-east-2,32.773,7359.9539587499185
2024-04-16,3001.8992864842667,2850.610851598994,3127.3580668343516,14,us-east-1,32.773,7359.9539587499185
2024-04-16,1142.736031261229,1073.3021918792672,1253.817822493712,8,us-east-2,32.773,7359.9539587499185
2024-04-16,1280.0750498154378,1144.8077614085519,1454.9272367948258,11,us-west-2,32.773,7359.9539587499185
2024-04-17,1166.6292370343754,1084.1717570966584,1261.7678763923825,9,us-east-2,32.773,7359.9539587499185
2024-04-17,1288.7583842376332,1160.0790513833992,1461.9565217391305,12,us-west-2,32.773,7359.9539587499185
2024-04-17,3032.041636722961,2864.0406036651098,3158.5743801652893,12,us-east-1,32.773,7359.9539587499185
2024-04-18,1197.670165802577,1099.6227093065038,1273.7378727991377,7,us-east-2,32.773,7359.9539587499185
2024-04-18,1306.6310336567255,1172.8799856270211,1469.0531800215597,12,us-west-2,32.773,7359.9539587499185
2024-04-18,3023.727664717604,2867.0948616600795,3161.02227811714,11,us-east-1,32.773,7359.9539587499185
2024-04-19,1196.8312073302193,1107.3931009701762,1287.908731584621,8,us-east-2,32.773,7359.9539587499185
2024-04-19,3051.6622499700566,2879.8284225655766,3150.309917355372,12,us-east-1,32.773,7359.9539587499185
2024-04-19,1275.0329380764165,1179.8418972332015,1476.4417894358608,9,us-west-2,32.773,7359.9539587499185
2024-04-20,3072.9755332701793,2884.7915918074023,3126.414840100611,11,us-east-1,32.773,7359.9539587499185
2024-04-20,1196.388789076536,1121.4067553000361,1304.03341717571,10,us-east-2,32.773,7359.9539587499185
2024-04-20,1319.3496227093065,1192.9572403880704,1482.9545454545455,13,us-west-2,32.773,7359.9539587499185
2024-04-21,3029.1256982327773,2884.9487962630255,3119.183435141933,11,us-east-1,32.773,7359.9539587499185
2024-04-21,1241.0200965042864,1137.3293208767518,1323.0102407473948,7,us-east-2,32.773,7359.9539587499185
2024-04-21,1324.9354849247052,1211.103126122889,1491.3537549407115,11,us-west-2,32.773,7359.9539587499185
2024-04-22,3028.2416783719336,2882.7479338842977,3119.587675170679,11,us-east-1,32.773,7359.9539587499185
2024-04-22,1234.6641439094503,1146.402263744161,1323.4818541142654,8,us-east-2,32.773,7359.9539587499185
2024-04-22,1343.6624146604386,1224.8922026590012,1494.2508084800575,10,us-west-2,32.773,7359.9539587499185
2024-04-23,1228.183871464504,1151.2306863097376,1329.792490118577,7,us-east-2,32.773,7359.9539587499185
2024-04-23,1348.1311384596959,1231.1579231045635,1505.5470715055696,12,us-west-2,32.773,7359.9539587499185
2024-04-23,3054.4048342961387,2880.5470715055694,3138.182716492993,13,us-east-1,32.773,7359.9539587499185
2024-04-24,1366.7617379326866,1249.3262666187568,1515.1365432985988,12,us-west-2,32.773,7359.9539587499185
2024-04-24,3082.3998383039884,2875.920768954366,3168.343514193317,10,us-east-1,32.773,7359.9539587499185
2024-04-24,1258.5082901288436,1158.3048868127921,1335.5416816385198,7,us-east-2,32.773,7359.9539587499185
2024-04-25,1381.854435090601,1259.3424362199066,1524.5463528566295,14,us-west-2,32.773,7359.9539587499185
2024-04-25,3056.1388339920945,2882.411067193676,3186.2648221343875,12,us-east-1,32.773,7359.9539587499185
2024-04-25,1240.2789897849186,1160.1688825008985,1344.210384477183,7,us-east-2,32.773,7359.9539587499185
2024-04-26,1366.0992334411305,1265.7878189004673,1528.004850880345,12,us-west-2,32.773,7359.9539587499185
2024-04-26,1275.3740824393,1171.3977721882861,1354.114265181459,7,us-east-2,32.773,7359.9539587499185
2024-04-26,3075.1325008983113,2883.9606539705355,3189.723320158103,12,us-east-1,32.773,7359.9539587499185
2024-04-27,1259.0761511216058,1180.4482572763206,1358.1566654689186,7,us-east-2,32.773,7359.9539587499185
2024-04-27,1402.7218828602229,1279.5768954365794,1535.415918074021,10,us-west-2,32.773,7359.9539587499185
2024-04-27,3012.4640675530004,2876.2351778656125,3204.3657923104565,14,us-east-1,32.773,7359.9539587499185
2024-04-28,1289.689312663621,1189.7906934962273,1365.8821415738412,7,us-east-2,32.773,7359.9539587499185
2024-04-28,1399.655433499307,1287.0104204096301,1548.1494789795186,14,us-west-2,32.773,7359.9539587499185
2024-04-28,3028.26760689903,2882.7030183255483,3196.9547251167805,10,us-east-1,32.773,7359.9539587499185
2024-04-29,1421.50107797341,1299.8787279913763,1564.6784045993534,10,us-west-2,32.773,7359.9539587499185
2024-04-29,3050.2492813510603,2890.1814588573484,3179.7296083363276,10,us-east-1,32.773,7359.9539587499185
2024-04-29,1270.7413633797034,1195.0008983111752,1370.6656485806684,7,us-east-2,32.773,7359.9539587499185
2024-04-30,3046.991882533564,2909.5400646784046,3173.194394538268,11,us-east-1,32.773,7359.9539587499185
2024-04-30,1288.4673688465684,1201.8280632411067,1376.5495867768595,8,us-east-2,32.773,7359.9539587499185
2024-04-30,1392.8277338603427,1306.4363995688109,1575.6602587136183,12,us-west-2,32.773,7359.9539587499185
2024-05-01,3052.940471912804,2903.4989220265898,3177.2592526051026,12,us-east-1,32.773,7359.9539587499185
2024-05-01,1283.8788078412585,1203.5123966942149,1383.0848005749192,9,us-east-2,32.773,7359.9539587499185
2024-05-01,1436.187083667321,1312.6796622349984,1593.8286022278119,13,us-west-2,32.773,7359.9539587499185
2024-05-02,1310.9247471895692,1209.4861660079052,1386.9250808480058,7,us-east-2,32.773,7359.9539587499185
2024-05-02,1412.6616960114984,1317.912324829321,1606.5397053539346,8,us-west-2,32.773,7359.9539587499185
2024-05-02,3061.5445235684183,2916.816385195832,3167.849443047072,11,us-east-1,32.773,7359.9539587499185
2024-05-03,1447.979616502793,1323.9759252605104,1627.4254401724759,11,us-west-2,32.773,7359.9539587499185
2024-05-03,3044.829810864666,2930.1563061444485,3167.130794107079,11,us-east-1,32.773,7359.9539587499185
2024-05-03,1294.7658402203858,1214.404419690981,1393.7297879985629,9,us-east-2,32.773,7359.9539587499185
2024-05-04,1427.3266259432269,1327.411965504851,1642.0679123248294,12,us-west-2,32.773,7359.9539587499185
2024-05-04,3073.5083951262536,2946.4831117499107,3174.4520301832554,11,us-east-1,32.773,7359.9539587499185
2024-05-04,1322.6509162773987,1222.8260869565217,1403.2069708947179,9,us-east-2,32.773,7359.9539587499185
2024-05-05,3058.063567765328,2925.013474667625,3186.422026590011,11,us-east-1,32.773,7359.9539587499185
2024-05-05,1333.1960913482653,1232.3706431908013,1416.0528206970894,9,us-east-2,32.773,7359.9539587499185
2024-05-05,1443.8349652653014,1332.5323392023,1662.9311893639958,12,us-west-2,32.773,7359.9539587499185
2024-05-06,1332.1674002874597,1241.9825727632053,1422.4308300395257,8,us-east-2,32.773,7359.9539587499185
2024-05-06,1514.0463201907687,1340.9764642472153,1688.5779734099895,11,us-west-2,32.773,7359.9539587499185
2024-05-06,3062.709605940831,2920.2524254401724,3181.324110671937,12,us-east-1,32.773,7359.9539587499185
2024-05-07,1326.3660746368257,1248.899568810636,1427.8206970894719,7,us-east-2,32.773,7359.9539587499185
2024-05-07,1458.7581596598395,1346.5459935321596,1698.9085519223859,12,us-west-2,32.773,7359.9539587499185
2024-05-07,3044.7566267724374,2902.3760330578516,3195.5848005749194,13,us-east-1,32.773,7359.9539587499185
2024-05-08,1345.7824290334172,1255.8614804168164,1435.3215954006469,8,us-east-2,32.773,7359.9539587499185
2024-05-08,3074.342735656965,2906.7103844771827,3210.3620194035216,12,us-east-1,32.773,7359.9539587499185
2024-05-08,1492.1352856629537,1354.6532518864535,1708.8573481854116,10,us-west-2,32.773,7359.9539587499185
2024-05-09,3061.7262274197233,2931.6609773625587,3210.586597197269,11,us-east-1,32.773,7359.9539587499185
2024-05-09,1338.6216056670603,1262.688645346748,1438.4881422924902,7,us-east-2,32.773,7359.9539587499185
2024-05-09,1504.161599270295,1357.999461013295,1723.9489759252606,13,us-west-2,32.773,7359.9539587499185
2024-05-15,3126.7217630853993,2948.234818541143,3252.425440172476,6,us-east-1,32.773,7359.9539587499185
2024-05-15,1373.1285183854354,1301.1588214157384,1514.3280632411067,3,us-east-2,32.773,7359.9539587499185
2024-05-15,1520.7884177745839,1403.3417175709667,1838.0344951491197,6,us-west-2,32.773,7359.9539587499185
2024-05-16,1445.4332105641395,1304.707150556953,1536.0222781171399,8,us-east-2,32.773,7359.9539587499185
2024-05-16,1628.7167624865256,1412.1676248652534,1862.7155946819978,10,us-west-2,32.773,7359.9539587499185
2024-05-16,3106.556038284389,2948.6615163492634,3256.8945382680563,11,us-east-1,32.773,7359.9539587499185
2024-05-17,1596.5841717570968,1416.7265540783328,1880.8839381961911,10,us-west-2,32.773,7359.9539587499185
2024-05-17,3120.5960294646065,2956.634028027309,3249.2588932806325,10,us-east-1,32.773,7359.9539587499185
2024-05-17,1414.5631213318961,1308.0309019044198,1546.8020122170321,9,us-east-2,32.773,7359.9539587499185
2024-05-18,1648.603126122889,1422.49820337765,1903.1620553359683,13,us-west-2,32.773,7359.9539587499185
2024-05-18,3131.4065919707314,2963.8654329859864,3244.4529284944306,11,us-east-1,32.773,7359.9539587499185
2024-05-18,1437.2473499820337,1313.0165289256197,1567.6877470355732,8,us-east-2,32.773,7359.9539587499185
2024-05-19,1660.2464639205566,1428.4270571325908,1917.737154150198,11,us-west-2,32.773,7359.9539587499185
2024-05-19,1449.1948886094144,1318.0695292849446,1583.8573481854114,8,us-east-2,32.773,7359.9539587499185
2024-05-19,3143.1121990657566,2981.7418253683077,3251.9538268056053,10,us-east-1,32.773,7359.9539587499185
2024-05-20,1405.860197115138,1328.7818900467123,1585.8336327703917,7,us-east-2,32.773,7359.9539587499185
2024-05-20,1614.1135914480776,1435.5910887531443,1926.2261947538627,12,us-west-2,32.773,7359.9539587499185
2024-05-20,3153.4142734735624,2991.6457060725834,3258.3318361480415,13,us-east-1,32.773,7359.9539587499185
2024-05-21,1472.9765540783328,1343.604024434064,1603.4629895795904,10,us-east-2,32.773,7359.9539587499185
2024-05-21,1674.6398588834809,1453.422565576716,1942.193675889328,11,us-west-2,32.773,7359.9539587499185
2024-05-21,3198.46189164371,3003.278835788717,3282.698526769673,9,us-east-1,32.773,7359.9539587499185
2024-05-22,1485.1862872799138,1354.02443406396,1618.6669062163135,8,us-east-2,32.773,7359.9539587499185
2024-05-22,1662.0845310815669,1467.5485088034495,1953.1306144448436,10,us-west-2,32.773,7359.9539587499185
2024-05-22,3178.0064841733906,3008.98311174991,3285.011678045275,11,us-east-1,32.773,7359.9539587499185
2024-05-23,1681.6909210683916,1483.313869924542,1965.033237513475,12,us-west-2,32.773,7359.9539587499185
2024-05-23,3214.7657857772847,3019.4933524973053,3303.202479338843,11,us-east-1,32.773,7359.9539587499185
2024-05-23,1486.3806044636085,1364.7367948257277,1639.2157743442328,9,us-east-2,32.773,7359.9539587499185
2024-05-24,3211.5032829190213,3019.5382680560547,3334.03701042041,11,us-east-1,32.773,7359.9539587499185
2024-05-24,1495.1491196550485,1380.5695292849443,1653.2069708947179,7,us-east-2,32.773,7359.9539587499185
2024-05-24,1683.382059909189,1495.912684153791,1970.220984549048,11,us-west-2,32.773,7359.9539587499185
2024-05-25,3222.7934210956128,3024.007366151635,3362.5583902263743,11,us-east-1,32.773,7359.9539587499185
2024-05-25,1529.5768954365792,1388.991196550485,1674.2274523895078,8,us-east-2,32.773,7359.9539587499185
2024-05-25,1694.9896694214876,1511.116600790514,1976.3744160977362,12,us-west-2,32.773,7359.9539587499185
2024-05-26,3244.323364382653,3028.3641753503416,3399.8607617678763,13,us-east-1,32.773,7359.9539587499185
2024-05-26,1753.7708653186555,1526.904419690981,1986.210923463888,11,us-west-2,32.773,7359.9539587499185
2024-05-26,1580.1855012576357,1401.2531440891125,1688.6228889687388,8,us-east-2,32.773,7359.9539587499185
2024-05-27,1737.1725247443899,1539.4583183614805,1998.4728710025154,11,us-west-2,32.773,7359.9539587499185
2024-05-27,3228.0898449376714,3020.1670858785483,3416.299856270212,13,us-east-1,32.773,7359.9539587499185
2024-05-27,1556.0209306503773,1410.3260869565217,1698.0326985267698,8,us-east-2,32.773,7359.9539587499185
2024-05-28,1738.2994969457422,1562.6347466762486,2008.309378368667,11,us-west-2,32.773,7359.9539587499185
2024-05-28,3254.057372140376,3032.9455623427957,3429.1457060725834,9,us-east-1,32.773,7359.9539587499185
2024-05-28,1523.8326945342756,1427.4389148401006,1708.3408192597917,9,us-east-2,32.773,7359.9539587499185
2024-05-29,3283.5088783087795,3044.5562342795547,3437.095759971254,12,us-east-1,32.773,7359.9539587499185
2024-05-29,1599.2409270571327,1443.6758893280632,1715.3701042040964,7,us-east-2,32.773,7359.9539587499185
2024-05-29,1772.8676338483654,1581.1848724398133,2020.8408192597917,12,us-west-2,32.773,7359.9539587499185
2024-05-30,1579.5205014572605,1458.498023715415,1723.926518145886,9,us-east-2,32.773,7359.9539587499185
2024-05-30,1801.3976905236339,1598.3426158821417,2029.711642112828,11,us-west-2,32.773,7359.9539587499185
2024-05-30,3255.7146410901355,3036.7184692777582,3460.002694933525,13,us-east-1,32.773,7359.9539587499185
2024-05-31,1609.7034450233562,1481.113007545814,1739.0406036651095,8,us-east-2,32.773,7359.9539587499185
2024-05-31,1770.7305719792246,1607.011318720805,2036.4714337046353,11,us-west-2,32.773,7359.9539587499185
2024-05-31,3327.209845490478,3038.51509162774,3467.1891843334533,10,us-east-1,32.773,7359.9539587499185
2024-06-01,1813.4525841418135,1621.7660797700323,2045.1625943226734,12,us-west-2,32.773,7359.9539587499185
2024-06-01,3304.2194959191006,3034.6074380165287,3486.480416816385,14,us-east-1,32.773,7359.9539587499185
2024-06-01,1636.206431908013,1490.2533237513474,1743.8465684513114,7,us-east-2,32.773,7359.9539587499185
2024-06-02,3268.631319273612,3031.5980955803093,3506.8271649299318,13,us-east-1,32.773,7359.9539587499185
2024-06-02,1628.3883174631692,1500.2470355731225,1752.290693496227,8,us-east-2,32.773,7359.9539587499185
2024-06-02,1816.7567699996735,1624.4385555156307,2054.5724038807043,11,us-west-2,32.773,7359.9539587499185
2024-06-03,3278.337634338353,3035.932446999641,3512.014911965505,11,us-east-1,32.773,7359.9539587499185
2024-06-03,1636.1671307941072,1511.6331297161337,1758.7809917355373,8,us-east-2,32.773,7359.9539587499185
2024-06-03,1804.114265181459,1633.803449514912,2060.4563420768955,10,us-west-2,32.773,7359.9539587499185
2024-06-04,3265.7584510351307,3039.4358605821058,3520.3692058929214,13,us-east-1,32.773,7359.9539587499185
2024-06-04,1643.4799452030184,1521.8289615522817,1767.696730147323,8,us-east-2,32.773,7359.9539587499185
2024-06-04,1851.402056441582,1654.1277398490838,2068.8330937836868,13,us-west-2,32.773,7359.9539587499185
2024-06-05,1628.3883174631692,1462.585339561624,1773.4459216672656,8,us-east-2,32.773,7359.9539587499185
2024-06-05,1828.2384117858426,1670.4545454545455,2076.2217031979876,10,us-west-2,32.773,7359.9539587499185
2024-06-05,3282.0222980796107,3076.8729787998564,3518.9319080129358,9,us-east-1,32.773,7359.9539587499185
2024-06-06,1833.4041093653025,1685.4787998562701,2079.00646784046,11,us-west-2,32.773,7359.9539587499185
2024-06-06,3264.3995198118446,3076.7831476823576,3512.5538986704996,11,us-east-1,32.773,7359.9539587499185
2024-06-06,1568.8298855294904,1391.596298957959,1775.4446640316207,7,us-east-2,32.773,7359.9539587499185
2024-06-07,1870.8616437461212,1699.4475386273807,2089.202299676608,11,us-west-2,32.773,7359.9539587499185
2024-06-07,3304.848807319163,3087.428135106001,3512.0598275242546,13,us-east-1,32.773,7359.9539587499185
2024-06-07,1528.7363328371234,1323.1449874236437,1784.4726913402803,7,us-east-2,32.773,7359.9539587499185
2024-06-08,1856.274295234051,1716.313330937837,2096.8604024434067,11,us-west-2,32.773,7359.9539587499185
2024-06-08,1558.4940936040246,1323.8411785842616,1795.229967660798,8,us-east-2,32.773,7359.9539587499185
2024-06-08,3298.587405677327,3059.153790873159,3511.5882141573843,10,us-east-1,32.773,7359.9539587499185
2024-06-09,1567.4996631333095,1333.3408192597917,1799.609234638879,8,us-east-2,32.773,7359.9539587499185
2024-06-09,1906.428798474253,1737.1541501976285,2107.9545454545455,13,us-west-2,32.773,7359.9539587499185
2024-06-09,3338.261114559174,3053.9660438375854,3514.3505210204817,11,us-east-1,32.773,7359.9539587499185
2024-06-22,2015.0916277398492,1866.7355371900828,2163.4477182896158,2,us-east-2,32.773,7359.9539587499185
2024-06-22,2101.823571685232,2029.711642112828,2204.073841178584,3,us-west-2,32.773,7359.9539587499185
2024-06-22,3898.4683794466405,3114.849083722602,5409.944304707151,3,us-east-1,32.773,7359.9539587499185
2024-06-23,2127.859623907055,2029.711642112828,2191.0707869205894,9,us-west-2,32.773,7359.9539587499185
2024-06-23,3997.10107497904,3064.341537908732,5329.051383399209,12,us-east-1,32.773,7359.9539587499185
2024-06-23,2021.1808942046098,1893.8869924541862,2172.6778656126485,7,us-east-2,32.773,7359.9539587499185
2024-06-24,3840.2966060170515,3081.2073302191884,5155.744699964068,11,us-east-1,32.773,7359.9539587499185
2024-06-24,2073.219846688226,1950.7725476104924,2181.301652892562,6,us-east-2,32.773,7359.9539587499185
2024-06-24,2142.2400886333694,2018.2132590729432,2196.909809558031,6,us-west-2,32.773,7359.9539587499185
2024-06-25,3861.978979518505,3078.7594322673376,4981.629536471434,10,us-east-1,32.773,7359.9539587499185
2024-06-25,2082.966522936879,1987.3562702120014,2179.100790513834,6,us-east-2,32.773,7359.9539587499185
2024-06-25,2136.758251629793,2006.7148760330579,2226.48670499461,7,us-west-2,32.773,7359.9539587499185
2024-06-26,3899.142112827884,3081.2073302191884,5003.323751347467,10,us-east-1,32.773,7359.9539587499185
2024-06-26,2144.2381504589557,2028.4764642472155,2260.7572763205176,11,us-west-2,32.773,7359.9539587499185
2024-06-26,2097.743741765481,2024.5014372978799,2179.100790513834,9,us-east-2,32.773,7359.9539587499185
2024-06-27,2135.0111789835114,2052.7757815307223,2256.849622709307,9,us-west-2,32.773,7359.9539587499185
2024-06-27,3717.778701042041,3089.179841897233,4981.539705353935,12,us-east-1,32.773,7359.9539587499185
2024-06-27,2105.9782608695655,2020.5264103485447,2203.220445562343,9,us-east-2,32.773,7359.9539587499185
2024-06-28,2160.5461731943947,2064.296622349982,2266.3941789435858,10,us-west-2,32.773,7359.9539587499185
2024-06-28,4010.64090419103,3046.51006108516,4931.95292849443,11,us-east-1,32.773,7359.9539587499185
2024-06-28,2121.908312372739,2032.8781890046712,2207.4874236435503,6,us-east-2,32.773,7359.9539587499185
2024-06-29,2151.464888866075,2052.820697089472,2232.438016528926,7,us-west-2,32.773,7359.9539587499185
2024-06-29,4063.2860222781173,3064.00467121811,4941.407653611211,13,us-east-1,32.773,7359.9539587499185
2024-06-29,2124.1665668543137,2028.6336687028386,2230.9558030901903,9,us-east-2,32.773,7359.9539587499185
2024-06-30,4002.1952479338847,3054.5499461013296,4827.03018325548,12,us-east-1,32.773,7359.9539587499185
2024-06-30,2137.762435193265,2028.3866331297163,2223.4099892202657,7,us-east-2,32.773,7359.9539587499185
2024-06-30,2168.3884297520663,2064.296622349982,2223.2977003233923,5,us-west-2,32.773,7359.9539587499185
2024-07-01,2106.3768864534677,2028.2968020122169,2202.0750988142295,8,us-east-2,32.773,7359.9539587499185
2024-07-01,2130.9088912843854,2047.093963348904,2215.684513115343,9,us-west-2,32.773,7359.9539587499185
2024-07-01,4076.1216639989552,3057.424541861301,4627.223320158103,11,us-east-1,32.773,7359.9539587499185
2024-07-02,2108.779868846568,2006.8720804886811,2189.8131512756017,8,us-east-2,32.773,7359.9539587499185
2024-07-02,2058.52946460654,1960.721343873518,2151.9044196909813,10,us-west-2,32.773,7359.9539587499185
2024-07-02,4132.579500538986,3030.407833273446,4814.902982393101,10,us-east-1,32.773,7359.9539587499185
2024-07-03,2173.503189004671,2126.414840100611,2201.4687387711106,8,us-east-2,32.773,7359.9539587499185
2024-07-03,4100.533270179336,3004.019942508085,5069.866151634927,11,us-east-1,32.773,7359.9539587499185
2024-07-03,2016.7961731943947,1923.2842256557672,2099.196011498383,10,us-west-2,32.773,7359.9539587499185
2024-07-04,4063.0328618560743,2993.8016528925623,5278.3417175709665,11,us-east-1,32.773,7359.9539587499185
2024-07-04,2210.2240644730764,2161.269313690262,2251.97628458498,7,us-east-2,32.773,7359.9539587499185
2024-07-04,1978.6271041211753,1832.4649658641752,2089.0226374416097,13,us-west-2,32.773,7359.9539587499185
2024-07-05,4225.9130108124,2970.4231045634206,5462.652712899749,11,us-east-1,32.773,7359.9539587499185
2024-07-05,2262.189583582864,2190.0377290693496,2375.0449155587494,9,us-east-2,32.773,7359.9539587499185
2024-07-05,1978.9862558390225,1804.2355371900826,2080.7357168523176,10,us-west-2,32.773,7359.9539587499185
2024-07-06,2321.390473409989,2200.7051742723684,2466.2684153790874,8,us-east-2,32.773,7359.9539587499185
2024-07-06,2014.3418834130296,1782.3392022996766,2132.0292849443044,13,us-west-2,32.773,7359.9539587499185
2024-07-06,4440.440241576605,2961.1255839022638,5850.835429392742,13,us-east-1,32.773,7359.9539587499185
2024-07-07,1983.5814917954247,1704.0064678404601,2175.305425799497,12,us-west-2,32.773,7359.9539587499185
2024-07-07,4401.924382161536,2949.49245418613,6074.200503054259,9,us-east-1,32.773,7359.9539587499185
2024-07-07,2345.134896394778,2214.8535752784765,2475.1616960114984,6,us-east-2,32.773,7359.9539587499185
2024-07-08,1957.8392621870883,1650.0404240028747,2151.118397412864,3,us-west-2,32.773,7359.9539587499185
2024-07-08,4545.514432866211,2929.639777218829,6553.157563780093,3,us-east-1,32.773,7359.9539587499185
2024-07-08,2342.0039076536113,2241.892741645706,2451.3115343154873,4,us-east-2,32.773,7359.9539587499185
2024-07-09,4602.254352725966,2896.6492993172833,6742.274523895077,11,us-east-1,32.773,7359.9539587499185
2024-07-09,2327.2996766079773,2220.917175709666,2438.510600071865,8,us-east-2,32.773,7359.9539587499185
2024-07-09,1988.7224517906336,1658.4620912684154,2164.4358605821058,12,us-west-2,32.773,7359.9539587499185
2024-07-10,2335.1695241517377,2239.107977003234,2409.47269134028,7,us-east-2,32.773,7359.9539587499185
2024-07-10,2018.1638519583182,1716.9421487603306,2178.9435860582107,10,us-west-2,32.773,7359.9539587499185
2024-07-10,4365.6974887212045,2917.3329141214517,7004.1322314049585,9,us-east-1,32.773,7359.9539587499185
2024-07-11,2320.6970894717933,2259.3648939992813,2374.887711103126,8,us-east-2,32.773,7359.9539587499185
2024-07-11,2012.4736923155895,1751.2800934243621,2174.0702479338843,14,us-west-2,32.773,7359.9539587499185
2024-07-11,4800.429964394212,2916.726554078333,7264.911965504852,11,us-east-1,32.773,7359.9539587499185
2024-07-12,2031.5695129520138,1857.595220984549,2178.0901904419693,11,us-west-2,32.773,7359.9539587499185
2024-07-12,4877.511528326746,2928.3596837944665,7359.99820337765,12,us-east-1,32.773,7359.9539587499185
2024-07-12,2307.1133412042504,2272.614983830399,2354.1591807402083,7,us-east-2,32.773,7359.9539587499185
2024-07-13,3873.4778616201543,2851.396873877111,7359.99820337765,9,us-east-1,32.773,7359.9539587499185
2024-07-13,2303.4245618237715,2246.3393819619114,2343.6713977721884,9,us-east-2,32.773,7359.9539587499185
2024-07-13,2061.3036128442163,1947.4038807042762,2215.123068630974,11,us-west-2,32.773,7359.9539587499185
2024-07-14,3966.2880659360403,2865.8147682357167,7359.99820337765,8,us-east-1,32.773,7359.9539587499185
2024-07-14,2287.7515271289976,2239.893999281351,2325.9971254042403,8,us-east-2,32.773,7359.9539587499185
2024-07-14,2041.3741396942978,1888.4971254042403,2258.915738411786,13,us-west-2,32.773,7359.9539587499185
2024-07-15,3921.25179662235,2825.1661875673735,7359.99820337765,8,us-east-1,32.773,7359.9539587499185
2024-07-15,2091.915199425081,1853.799856270212,2329.9496945742007,10,us-west-2,32.773,7359.9539587499185
2024-07-15,2271.9805515630615,2221.860402443406,2318.3614804168164,8,us-east-2,32.773,7359.9539587499185
2024-07-16,2165.1926877470355,1848.7693136902626,2416.8388429752067,10,us-west-2,32.773,7359.9539587499185
2024-07-16,3698.5002286610265,2835.6315127560188,7359.99820337765,11,us-east-1,32.773,7359.9539587499185
2024-07-16,2244.205892921308,2223.499820337765,2262.5089831117502,9,us-east-2,32.773,7359.9539587499185
2024-07-17,2249.2499101688827,1850.0269493352498,2542.3329141214517,10,us-west-2,32.773,7359.9539587499185
2024-07-17,3745.353734978241,2843.7163133309377,7359.99820337765,9,us-east-1,32.773,7359.9539587499185
2024-07-17,2240.8397213239114,2219.232842256558,2262.4640675530004,9,us-east-2,32.773,7359.9539587499185
2024-07-18,3733.5035133948177,2860.5821056413943,7359.99820337765,9,us-east-1,32.773,7359.9539587499185
2024-07-18,2231.8894050613417,2213.393819619116,2241.9376572044557,7,us-east-2,32.773,7359.9539587499185
2024-07-18,2264.648597001274,1837.6751706791233,2622.641933165649,11,us-west-2,32.773,7359.9539587499185
2024-07-19,2227.188510600072,2192.575458138699,2245.48598634567,8,us-east-2,32.773,7359.9539587499185
2024-07-19,2325.300934243622,1820.02335609055,2654.1951131872083,9,us-west-2,32.773,7359.9539587499185
2024-07-19,3781.4128189004673,3014.215774344233,7359.99820337765,8,us-east-1,32.773,7359.9539587499185
2024-07-20,2172.1741697038137,2123.4504132231405,2226.7337405677326,7,us-east-2,32.773,7359.9539587499185
2024-07-20,2218.608515989939,1825.7276320517428,2708.430650377291,10,us-west-2,32.773,7359.9539587499185
2024-07-20,3738.0951311534313,3080.8929213079414,7359.99820337765,10,us-east-1,32.773,7359.9539587499185
2024-07-21,2273.4259591967107,1821.1013295005391,2714.8535752784765,9,us-west-2,32.773,7359.9539587499185
2024-07-21,3916.5356629536473,3303.427057132591,7359.99820337765,8,us-east-1,32.773,7359.9539587499185
2024-07-21,2166.036779426108,2106.0680919870647,2238.030003593245,7,us-east-2,32.773,7359.9539587499185
2024-07-22,3967.0572448796265,3421.622349982034,7359.99820337765,8,us-east-1,32.773,7359.9539587499185
2024-07-22,2180.954804966663,2084.014552641035,2260.892022996766,9,us-east-2,32.773,7359.9539587499185
2024-07-22,2261.0537190082646,1825.1437297879988,2795.095220984549,10,us-west-2,32.773,7359.9539587499185
2024-07-23,3992.017507086677,3482.1909809558033,7359.99820337765,9,us-east-1,32.773,7359.9539587499185
2024-07-23,2171.566205533597,2083.206072583543,2264.911965504851,10,us-east-2,32.773,7359.9539587499185
2024-07-23,2490.6940576715774,1802.2817103844773,2829.8598634567015,8,us-west-2,32.773,7359.9539587499185
2024-07-24,4056.159420289855,3398.715415019763,7359.99820337765,9,us-east-1,32.773,7359.9539587499185
2024-07-24,2185.7146065397055,2102.025691699605,2276.545095220985,6,us-east-2,32.773,7359.9539587499185
2024-07-24,2333.535453347706,1802.2817103844773,2863.277039166367,9,us-west-2,32.773,7359.9539587499185
2024-07-25,2175.3695908834247,2116.106719367589,2254.6712181099533,7,us-east-2,32.773,7359.9539587499185
2024-07-25,2276.4368895567245,1798.890585698886,2815.5542579949697,11,us-west-2,32.773,7359.9539587499185
2024-07-25,4887.323196027832,3258.533956162415,7330.825547969816,11,us-east-1,32.773,7359.9539587499185
2024-07-26,2326.2931597687257,1802.910528206971,2967.8853754940715,11,us-west-2,32.773,7359.9539587499185
2024-07-26,4719.8004115898475,3194.5742005030543,7103.0812073302195,11,us-east-1,32.773,7359.9539587499185
2024-07-26,2211.662324829321,2128.2788357887175,2286.2693136902626,10,us-east-2,32.773,7359.9539587499185
2024-07-27,2432.0652173913045,1857.595220984549,3103.8672296083364,10,us-west-2,32.773,7359.9539587499185
2024-07-27,4288.101868487244,3013.0030542579952,6799.56431908013,10,us-east-1,32.773,7359.9539587499185
2024-07-27,2228.604152764232,2158.5968379446645,2301.0689902982394,7,us-east-2,32.773,7359.9539587499185
2024-07-28,2340.1182562496792,1885.8471074380166,3168.0515630614445,14,us-west-2,32.773,7359.9539587499185
2024-07-28,2265.0860132950056,2190.6890046712183,2330.645885734819,8,us-east-2,32.773,7359.9539587499185
2024-07-28,4510.9732165068135,2852.8341717570966,6942.732662594323,13,us-east-1,32.773,7359.9539587499185
2024-07-29,2293.892482133589,2225.094322673374,2352.340100610852,9,us-east-2,32.773,7359.9539587499185
2024-07-29,2423.921681085713,1908.5070068271652,3116.8702838663316,13,us-west-2,32.773,7359.9539587499185
2024-07-29,4145.000898311175,2750.6288178224936,7095.51293568092,10,us-east-1,32.773,7359.9539587499185
2024-07-30,2280.6003285252295,2230.102407473949,2352.160438375853,7,us-east-2,32.773,7359.9539587499185
2024-07-30,2333.585609054977,1933.2554796981674,3082.8692058929214,10,us-west-2,32.773,7359.9539587499185
2024-07-30,3964.8045764871135,2540.8731584620914,7359.99820337765,11,us-east-1,32.773,7359.9539587499185
2024-07-31,2410.539435860582,1997.7093065037732,3028.004850880345,12,us-west-2,32.773,7359.9539587499185
2024-07-31,3103.9009162773987,2423.48634567014,7359.99820337765,10,us-east-1,32.773,7359.9539587499185
2024-07-31,2313.2988552949028,2233.9876033057853,2375.404240028746,7,us-east-2,32.773,7359.9539587499185
2024-08-01,3020.968080009582,2326.805605461732,7359.99820337765,9,us-east-1,32.773,7359.9539587499185
2024-08-01,2359.892330989169,2289.2561983471073,2429.3927416457063,7,us-east-2,32.773,7359.9539587499185
2024-08-01,2475.9701760689904,2014.395436579231,2987.2664390945024,11,us-west-2,32.773,7359.9539587499185
2024-08-02,2870.9051982273327,2160.640495867769,7359.99820337765,9,us-east-1,32.773,7359.9539587499185
2024-08-02,2390.634357408073,2322.9877829680204,2457.2628458498025,6,us-east-2,32.773,7359.9539587499185
2024-08-02,2402.0709815546775,2075.503054257995,2940.397053539346,12,us-west-2,32.773,7359.9539587499185
2024-08-03,2416.4615522817103,2337.765001796622,2519.1789435860583,10,us-east-2,32.773,7359.9539587499185
2024-08-03,2491.1230522980436,2113.905856988861,2896.7840459935323,11,us-west-2,32.773,7359.9539587499185
2024-08-03,2729.6622349982035,2031.4408911246858,7359.99820337765,10,us-east-1,32.773,7359.9539587499185
2024-08-04,2444.0277278716017,2159.315486884657,2934.7376931369026,12,us-west-2,32.773,7359.9539587499185
2024-08-04,2594.614624505929,1934.2436219906576,7359.99820337765,11,us-east-1,32.773,7359.9539587499185
2024-08-04,2463.4567014013655,2368.7791951131876,2577.1649299317282,10,us-east-2,32.773,7359.9539587499185
2024-08-05,2489.480776140855,2187.1631333093787,2939.655946819979,10,us-west-2,32.773,7359.9539587499185
2024-08-05,2546.453916636723,1886.4534674811357,7359.99820337765,10,us-east-1,32.773,7359.9539587499185
2024-08-05,2459.7781171397774,2377.3580668343516,2571.101329500539,7,us-east-2,32.773,7359.9539587499185
2024-08-06,2669.5028970535395,1892.4721523535754,7359.99820337765,8,us-east-1,32.773,7359.9539587499185
2024-08-06,2479.7515046712183,2390.1814588573484,2568.1593604024433,8,us-east-2,32.773,7359.9539587499185
2024-08-06,2531.736585219787,2194.012756018685,2915.918074020841,12,us-west-2,32.773,7359.9539587499185
2024-08-07,2488.786082165529,2423.733381243263,2569.731404958678,6,us-east-2,32.773,7359.9539587499185
2024-08-07,2573.670499461013,2222.8710025152714,2935.99532878189,15,us-west-2,32.773,7359.9539587499185
2024-08-07,2503.6687845033157,1885.1733740567731,7359.99820337765,11,us-east-1,32.773,7359.9539587499185
2024-08-08,2519.356110512237,2478.013833992095,2572.7182896155227,9,us-east-2,32.773,7359.9539587499185
2024-08-08,2584.3759187273386,2255.7491915199425,2914.03162055336,11,us-west-2,32.773,7359.9539587499185
2024-08-08,2633.678684073941,1909.8095580309018,7359.99820337765,9,us-east-1,32.773,7359.9539587499185
2024-08-09,2547.2736255839022,2510.0386273805248,2569.708947179303,6,us-east-2,32.773,7359.9539587499185
2024-08-09,2657.4290334171756,1932.9410707869206,7359.99820337765,9,us-east-1,32.773,7359.9539587499185
2024-08-09,2613.0996227093065,2261.722960833633,2927.2592526051026,10,us-west-2,32.773,7359.9539587499185
2024-08-10,2758.10164390945,1970.198526769673,7359.99820337765,8,us-east-1,32.773,7359.9539587499185
2024-08-10,2574.1612019403524,2553.606719367589,2593.806144448437,8,us-east-2,32.773,7359.9539587499185
2024-08-10,2549.6949825237643,2267.517067912325,2918.815127560187,11,us-west-2,32.773,7359.9539587499185
2024-08-11,2650.5095420609255,1963.50610851599,7359.99820337765,9,us-east-1,32.773,7359.9539587499185
2024-08-11,2576.8344797494997,2551.7427236794824,2598.612109234639,7,us-east-2,32.773,7359.9539587499185
2024-08-11,2564.0888878907654,2291.928674092706,2899.815846209127,12,us-west-2,32.773,7359.9539587499185
2024-08-12,2577.0558492890514,2548.733381243263,2603.126122888969,7,us-east-2,32.773,7359.9539587499185
2024-08-12,2607.0154019534184,2342.885375494071,2812.589831117499,11,us-west-2,32.773,7359.9539587499185
2024-08-12,2677.3490837226013,1986.0537190082646,7359.99820337765,9,us-east-1,32.773,7359.9539587499185
2024-08-13,2563.8343663911846,2327.4793388429753,2839.53916636723,12,us-west-2,32.773,7359.9539587499185
2024-08-13,2717.4986026270612,2010.9593963348905,7359.99820337765,9,us-east-1,32.773,7359.9539587499185
2024-08-13,2579.6203138100373,2552.6410348544737,2600.5883938196193,6,us-east-2,32.773,7359.9539587499185
2024-08-14,2600.7905138339925,2367.4991016888252,2927.820697089472,13,us-west-2,32.773,7359.9539587499185
2024-08-14,2703.370164091508,2000.1572044556235,7359.99820337765,9,us-east-1,32.773,7359.9539587499185
2024-08-14,2563.9794062163137,2545.140136543299,2590.459935321596,8,us-east-2,32.773,7359.9539587499185
2024-08-15,2571.2360761767877,2386.0492274523895,2912.0777937477546,12,us-west-2,32.773,7359.9539587499185
2024-08-15,2547.775182656606,2524.726015091628,2574.919151994251,6,us-east-2,32.773,7359.9539587499185
2024-08-15,2670.400646784046,1999.6631333093783,7359.99820337765,10,us-east-1,32.773,7359.9539587499185
2024-08-16,2570.340260310616,2541.9735896514553,2611.9520301832554,9,us-east-2,32.773,7359.9539587499185
2024-08-16,2628.894553239909,2350.4311893639956,2903.2518864534677,12,us-west-2,32.773,7359.9539587499185
2024-08-16,2745.3736974487965,2036.49389148401,7359.99820337765,9,us-east-1,32.773,7359.9539587499185
2024-08-17,2584.5439145834403,2538.200682716493,2639.597556593604,7,us-east-2,32.773,7359.9539587499185
2024-08-17,2650.676727751827,2375.808480057492,2916.8837585339566,15,us-west-2,32.773,7359.9539587499185
2024-08-17,2765.5632411067195,2080.1742723679486,7359.99820337765,9,us-east-1,32.773,7359.9539587499185
2024-08-18,2600.4676832554796,2546.2181099532877,2649.1870283866333,8,us-east-2,32.773,7359.9539587499185
2024-08-18,2576.291883758534,2414.593065037729,2901.7696730147322,8,us-west-2,32.773,7359.9539587499185
2024-08-18,2859.885914480776,2132.8377650017965,7359.99820337765,8,us-east-1,32.773,7359.9539587499185
2024-08-19,2654.655497664391,2434.4681997844054,2923.306683435142,10,us-west-2,32.773,7359.9539587499185
2024-08-19,2738.6384052526705,2176.7876392382323,7359.99820337765,11,us-east-1,32.773,7359.9539587499185
2024-08-19,2619.7545043888917,2585.4518505210203,2646.424721523536,7,us-east-2,32.773,7359.9539587499185
2024-08-20,2860.819159979239,2204.186130075458,7359.99820337765,9,us-east-1,32.773,7359.9539587499185
2024-08-20,2631.0561145047313,2583.7899748472873,2681.8855551563065,6,us-east-2,32.773,7359.9539587499185
2024-08-20,2638.833992094862,2428.202479338843,2935.905497664391,12,us-west-2,32.773,7359.9539587499185
2024-08-21,3028.428340434269,2209.126841537909,7359.99820337765,7,us-east-1,32.773,7359.9539587499185
2024-08-21,2642.0839535958116,2593.244699964068,2702.9734099892203,7,us-east-2,32.773,7359.9539587499185
2024-08-21,2652.9767786561265,2424.7439813151277,2948.1674452030184,12,us-west-2,32.773,7359.9539587499185
2024-08-22,2950.994318181818,2209.2840459935323,7359.99820337765,8,us-east-1,32.773,7359.9539587499185
2024-08-22,2663.2455982752426,2442.9796981674453,2917.6697808120734,12,us-west-2,32.773,7359.9539587499185
2024-08-22,2666.011113392536,2608.6731943945383,2714.5840819259793,7,us-east-2,32.773,7359.9539587499185
2024-08-23,2691.152196370823,2463.3039885016174,2923.0596478620196,8,us-west-2,32.773,7359.9539587499185
2024-08-23,2738.7467810516227,2220.288357887172,7359.99820337765,12,us-east-1,32.773,7359.9539587499185
2024-08-23,2621.843434343434,2566.4974847287103,2692.1712181099533,9,us-east-2,32.773,7359.9539587499185
2024-08-24,2679.67720685112,2493.4647862019406,2876.100431189364,12,us-west-2,32.773,7359.9539587499185
2024-08-24,3178.232423044676,2267.831476823572,7359.99820337765,6,us-east-1,32.773,7359.9539587499185
2024-08-24,2617.851688825009,2579.9272367948256,2652.196370822853,10,us-east-2,32.773,7359.9539587499185
2024-08-25,2903.778396614365,2285.752784764643,7359.99820337765,9,us-east-1,32.773,7359.9539587499185
2024-08-25,2634.174002874596,2610.537190082645,2662.8638160258715,10,us-east-2,32.773,7359.9539587499185
2024-08-25,2667.1856909011058,2517.382321236076,2882.208947179303,9,us-west-2,32.773,7359.9539587499185
2024-08-26,2663.1974744622967,2634.5670140136544,2673.104563420769,7,us-east-2,32.773,7359.9539587499185
2024-08-26,2695.1805605461736,2483.5384477182897,2942.5754581386996,12,us-west-2,32.773,7359.9539587499185
2024-08-26,2906.68044077135,2322.3365073661516,7359.99820337765,9,us-east-1,32.773,7359.9539587499185
2024-08-27,2651.6888250089833,2629.9856270212003,2678.1575637800934,10,us-east-2,32.773,7359.9539587499185
2024-08-27,2680.0140735417417,2481.202838663313,2928.00035932447,9,us-west-2,32.773,7359.9539587499185
2024-08-27,2855.4617319439453,2330.803090190442,7359.99820337765,10,us-east-1,32.773,7359.9539587499185
2024-08-28,2640.6193855551564,2509.1627739849087,2876.212720086238,14,us-west-2,32.773,7359.9539587499185
2024-08-28,2885.1159819539266,2307.716492993173,7359.99820337765,9,us-east-1,32.773,7359.9539587499185
2024-08-28,2624.5564588573484,2606.921487603306,2643.1458857348184,8,us-east-2,32.773,7359.9539587499185
2024-08-29,2963.834553539346,2326.783147682357,7359.99820337765,8,us-east-1,32.773,7359.9539587499185
2024-08-29,2629.5364714337047,2611.5477901545096,2649.3666906216317,7,us-east-2,32.773,7359.9539587499185
2024-08-29,2677.07771888849,2518.033596837945,2896.9412504491556,12,us-west-2,32.773,7359.9539587499185
2024-08-30,2968.264350521021,2324.2678763923827,7359.99820337765,8,us-east-1,32.773,7359.9539587499185
2024-08-30,2623.10855591488,2607.9545454545455,2635.914480776141,9,us-east-2,32.773,7359.9539587499185
2024-08-30,2654.908147682357,2495.2614085519226,2924.901185770751,12,us-west-2,32.773,7359.9539587499185
2024-08-31,2621.257972511678,2596.5684513115343,2634.7915918074023,8,us-east-2,32.773,7359.9539587499185
2024-08-31,2657.2303684457834,2501.8864534674813,2911.8307581746317,13,us-west-2,32.773,7359.9539587499185
2024-08-31,2974.819214876033,2316.5424002874597,7359.99820337765,8,us-east-1,32.773,7359.9539587499185
2024-09-01,2618.4329710144925,2484.8409989220268,2856.404958677686,12,us-west-2,32.773,7359.9539587499185
2024-09-01,2930.0939234239627,2334.688286022278,7359.99820337765,9,us-east-1,32.773,7359.9539587499185
2024-09-01,2615.6900027947463,2604.9901185770755,2623.719906575638,9,us-east-2,32.773,7359.9539587499185
2024-09-02,2576.2865812272926,2453.512396694215,2864.197808120733,9,us-west-2,32.773,7359.9539587499185
2024-09-02,3027.965549766439,2371.721164211283,7359.99820337765,8,us-east-1,32.773,7359.9539587499185
2024-09-02,2615.222444304707,2584.620912684154,2643.662414660438,8,us-east-2,32.773,7359.9539587499185
2024-09-03,2613.634636114873,2476.396873877111,2883.3542939274166,13,us-west-2,32.773,7359.9539587499185
2024-09-03,2591.057873697449,2561.893639956881,2625.696191160618,8,us-east-2,32.773,7359.9539587499185
2024-09-03,3039.553763923823,2382.792849443047,7359.99820337765,8,us-east-1,32.773,7359.9539587499185
2024-09-04,2584.073504311894,2575.031440891125,2601.801113905857,8,us-east-2,32.773,7359.9539587499185
2024-09-04,2632.52335609055,2494.430470715056,2899.883219547251,10,us-west-2,32.773,7359.9539587499185
2024-09-04,3346.8073204194297,2442.1712181099533,7359.99820337765,11,us-east-1,32.773,7359.9539587499185
2024-09-05,2594.3868384579846,2579.9721523535754,2608.313869924542,7,us-east-2,32.773,7359.9539587499185
2024-09-05,2662.01042040963,2486.907114624506,2910.9549047790156,13,us-west-2,32.773,7359.9539587499185
2024-09-05,3009.809058969138,2447.8754940711465,7359.99820337765,9,us-east-1,32.773,7359.9539587499185
2024-09-06,2647.163582464966,2516.6412145167087,2909.899389148401,10,us-west-2,32.773,7359.9539587499185
2024-09-06,3082.7007725476105,2446.123787279914,7359.99820337765,8,us-east-1,32.773,7359.9539587499185
2024-09-06,2612.225266498982,2596.1642112827885,2627.3805246137263,6,us-east-2,32.773,7359.9539587499185
2024-09-07,3118.8858695652175,2487.693136902623,7359.99820337765,8,us-east-1,32.773,7359.9539587499185
2024-09-07,2612.594884117859,2600.0718648939996,2633.2195472511676,8,us-east-2,32.773,7359.9539587499185
2024-09-07,2679.9467002036176,2527.915019762846,2933.345310815667,12,us-west-2,32.773,7359.9539587499185
2024-09-08,3192.9319753862737,2520.50395256917,7359.99820337765,8,us-east-1,32.773,7359.9539587499185
2024-09-08,2583.943971048714,2573.347107438017,2595.4455623427957,7,us-east-2,32.773,7359.9539587499185
2024-09-08,2707.397592526051,2511.4534674811357,2931.7957240388073,9,us-west-2,32.773,7359.9539587499185
2024-09-09,2601.4892003034297,2590.5722242184693,2622.013115343155,9,us-east-2,32.773,7359.9539587499185
2024-09-09,2659.813300994131,2505.1428314768236,2917.490118577075,12,us-west-2,32.773,7359.9539587499185
2024-09-09,3272.581297161337,2507.6581027667985,7359.99820337765,8,us-east-1,32.773,7359.9539587499185
2024-09-10,2643.660543178824,2469.5472511678045,2935.591088753144,12,us-west-2,32.773,7359.9539587499185
2024-09-10,3362.6418048354803,2490.5452748832195,7359.99820337765,7,us-east-1,32.773,7359.9539587499185
2024-09-10,2599.847287100252,2580.6908012935683,2620.0592885375495,7,us-east-2,32.773,7359.9539587499185
2024-09-11,2609.319978440532,2462.405677326626,2870.6431908012937,10,us-west-2,32.773,7359.9539587499185
2024-09-11,3260.500259512117,2444.3496227093065,7359.99820337765,9,us-east-1,32.773,7359.9539587499185
2024-09-11,2622.4822334012056,2587.9895795903703,2655.9692777578152,9,us-east-2,32.773,7359.9539587499185
2024-09-12,2643.195983858039,2450.5479698167446,2827.4793388429753,13,us-west-2,32.773,7359.9539587499185
2024-09-12,3241.0817662793947,2422.9473589651457,7359.99820337765,9,us-east-1,32.773,7359.9539587499185
2024-09-12,2621.9297007340488,2605.978260869565,2630.9513115343157,7,us-east-2,32.773,7359.9539587499185
2024-09-13,4530.346584784243,2467.481135465325,7269.04419690981,11,us-east-1,32.773,7359.9539587499185
2024-09-13,2622.911426518146,2592.5485088034497,2647.8844771828963,7,us-east-2,32.773,7359.9539587499185
2024-09-13,2579.47808120733,2435.2766798418975,2852.8341717570966,11,us-west-2,32.773,7359.9539587499185
2024-09-14,2634.8842301473233,2602.9913762127203,2664.750269493353,8,us-east-2,32.773,7359.9539587499185
2024-09-14,2607.444926614887,2425.7321236076177,2843.446819978441,13,us-west-2,32.773,7359.9539587499185
2024-09-14,4468.657106458041,2494.385555156306,6976.239669421488,11,us-east-1,32.773,7359.9539587499185
2024-09-15,2625.6203961552283,2600.2066115702482,2653.521379805965,8,us-east-2,32.773,7359.9539587499185
2024-09-15,2580.2681867180613,2405.497664390945,2867.319439453827,11,us-west-2,32.773,7359.9539587499185
2024-09-15,4766.645297749323,2514.8445921667267,6892.943765720446,11,us-east-1,32.773,7359.9539587499185
2024-09-16,2630.4411991170887,2601.598993891484,2647.2332015810275,7,us-east-2,32.773,7359.9539587499185
2024-09-16,4642.1869385555165,2469.0756378009346,6628.750449155588,10,us-east-1,32.773,7359.9539587499185
2024-09-16,2468.3700892322436,2313.4881422924905,2822.2691340280276,12,us-west-2,32.773,7359.9539587499185
2024-09-17,4037.4169062163137,2387.396694214876,6411.696011498383,10,us-east-1,32.773,7359.9539587499185
2024-09-17,2636.9026230686313,2603.2608695652175,2675.417714696371,8,us-east-2,32.773,7359.9539587499185
2024-09-17,2409.3413997070124,2177.0795903701046,2796.712181099533,13,us-west-2,32.773,7359.9539587499185
2024-09-18,4492.253793637194,2348.612109234639,6252.425440172477,13,us-east-1,32.773,7359.9539587499185
2024-09-18,2628.1840140535796,2609.3693855551564,2658.5968379446645,9,us-east-2,32.773,7359.9539587499185
2024-09-18,2398.3044376572043,2146.110312612289,2749.9326266618755,10,us-west-2,32.773,7359.9539587499185
2024-09-19,2643.736204506956,2628.817822493712,2666.6591807402087,7,us-east-2,32.773,7359.9539587499185
2024-09-19,2374.319529284944,2162.100251527129,2674.47448796263,10,us-west-2,32.773,7359.9539587499185
2024-09-19,4051.1950993670357,2337.5404240028747,5972.309558030902,13,us-east-1,32.773,7359.9539587499185
2024-09-20,2308.1836148041684,2158.9561624146604,2628.5707869205894,10,us-west-2,32.773,7359.9539587499185
2024-09-20,4285.507790807827,2345.8947179302913,5801.316025871362,11,us-east-1,32.773,7359.9539587499185
2024-09-20,2644.7067014013655,2602.946460653971,2669.48886094143,8,us-east-2,32.773,7359.9539587499185
2024-09-21,2296.9694247541897,2129.783507006827,2569.5068271649297,11,us-west-2,32.773,7359.9539587499185
2024-09-21,3871.5231274295234,2319.192418253683,5544.735896514552,11,us-east-1,32.773,7359.9539587499185
2024-09-21,2642.8282685693753,2614.6469637082287,2679.392741645706,7,us-east-2,32.773,7359.9539587499185
2024-09-22,4032.597466762487,2305.0440172475746,5358.111749910169,10,us-east-1,32.773,7359.9539587499185
2024-09-22,2651.592818002156,2632.792849443047,2670.7689543657925,8,us-east-2,32.773,7359.9539587499185
2024-09-22,2291.136235306196,2140.9674811354657,2514.6873877111034,7,us-west-2,32.773,7359.9539587499185
2024-09-23,2664.727811713978,2654.4196909809557,2680.605461731944,8,us-east-2,32.773,7359.9539587499185
2024-09-23,2288.436489399928,2135.3754940711465,2400.0404240028747,8,us-west-2,32.773,7359.9539587499185
2024-09-23,3643.246945742005,2139.934423284226,5127.919511318722,12,us-east-1,32.773,7359.9539587499185
2024-09-24,2678.2153123556286,2663.223140495868,2690.307222421847,7,us-east-2,32.773,7359.9539587499185
2024-09-24,2198.58451824855,2140.9674811354657,2309.041501976285,7,us-west-2,32.773,7359.9539587499185
2024-09-24,3406.153023225427,2081.409450233561,4829.747574559828,11,us-east-1,32.773,7359.9539587499185
2024-09-25,2691.1007306264223,2648.0416816385195,2722.5790513833995,9,us-east-2,32.773,7359.9539587499185
2024-09-25,2205.2107662594326,2163.8744160977367,2280.8794466403165,8,us-west-2,32.773,7359.9539587499185
2024-09-25,3419.050934243622,2071.078871721164,4676.02407473949,14,us-east-1,32.773,7359.9539587499185
2024-09-26,2220.35981445791,2173.5761767876393,2267.584441250449,11,us-west-2,32.773,7359.9539587499185
2024-09-26,3598.4645295416044,2080.668343514193,4451.962809917355,7,us-east-1,32.773,7359.9539587499185
2024-09-26,2710.144927536232,2679.5499461013296,2738.1872080488683,6,us-east-2,32.773,7359.9539587499185
2024-09-27,3148.0375984059065,2054.8643550125767,4297.857527847646,11,us-east-1,32.773,7359.9539587499185
2024-09-27,2730.782557363585,2689.0945023356094,2768.5501257635647,7,us-east-2,32.773,7359.9539587499185
2024-09-27,2249.9887711103124,2204.837405677327,2294.2642831476824,12,us-west-2,32.773,7359.9539587499185
2024-09-28,3387.8084201700804,2083.879805964786,4160.707869205893,9,us-east-1,32.773,7359.9539587499185
2024-09-28,2724.7624466003917,2684.6927775781533,2770.054796981675,9,us-east-2,32.773,7359.9539587499185
2024-09-28,2248.426083962151,2221.3438735177865,2291.5468918433344,12,us-west-2,32.773,7359.9539587499185
2024-09-29,2919.2283507006828,2126.998742364355,3984.0998922026592,10,us-east-1,32.773,7359.9539587499185
2024-09-29,2232.566025871362,2174.407114624506,2291.726554078333,10,us-west-2,32.773,7359.9539587499185
2024-09-29,2741.1131358759817,2727.7667984189725,2756.4004671218113,7,us-east-2,32.773,7359.9539587499185
2024-09-30,2200.8006198347107,2169.399029823931,2269.740388070428,4,us-west-2,32.773,7359.9539587499185
2024-09-30,3227.7094063161258,2707.9141214516712,3871.2720086237873,9,us-east-1,32.773,7359.9539587499185
2024-09-30,2748.6721837944665,2720.8947179302913,2771.6268415379086,8,us-east-2,32.773,7359.9539587499185
2024-10-01,2229.698167445203,2169.399029823931,2269.807761408552,6,us-west-2,32.773,7359.9539587499185
2024-10-01,2729.424182536831,2142.2700323392023,3632.927596119296,10,us-east-1,32.773,7359.9539587499185
2024-10-01,2750.790513833992,2735.379985627021,2766.1696011498384,10,us-east-2,32.773,7359.9539587499185
2024-10-02,2828.110963887891,2120.216492993173,3487.01940352138,8,us-east-1,32.773,7359.9539587499185
2024-10-02,2760.38110851599,2744.834710743802,2773.1539705353935,8,us-east-2,32.773,7359.9539587499185
2024-10-02,2215.0512037369745,2174.9236435501257,2233.628278835789,5,us-west-2,32.773,7359.9539587499185
2024-10-03,2793.6675478671527,2750.1347466762486,2866.4435860582107,7,us-east-2,32.773,7359.9539587499185
2024-10-03,2218.2414917098713,2174.9236435501257,2263.4971254042403,7,us-west-2,32.773,7359.9539587499185
2024-10-03,2685.1812342795542,2109.2121810995327,3349.9820337765004,12,us-east-1,32.773,7359.9539587499185
2024-10-04,2874.421088353895,2716.582824290334,3074.425080848006,9,us-east-2,32.773,7359.9539587499185
2024-10-04,2195.903701042041,2182.9410707869206,2208.00395256917,5,us-west-2,32.773,7359.9539587499185
2024-10-04,2625.9237633249495,2128.144089112469,3166.591807402084,15,us-east-1,32.773,7359.9539587499185
2024-10-05,2991.9127041162615,2743.8690262306864,3240.9719726913404,9,us-east-2,32.773,7359.9539587499185
2024-10-05,2634.2526051024074,2140.00179662235,2977.721882860223,12,us-east-1,32.773,7359.9539587499185
2024-10-05,2183.438350187362,2151.4552641034857,2204.837405677327,7,us-west-2,32.773,7359.9539587499185
2024-10-06,2506.7107928004443,2135.847107438017,2820.5848005749194,11,us-east-1,32.773,7359.9539587499185
2024-10-06,3076.1767876392382,2745.1266618756736,3385.9818541142654,7,us-east-2,32.773,7359.9539587499185
2024-10-06,2172.851913402803,2151.432806324111,2196.99964067553,4,us-west-2,32.773,7359.9539587499185
2024-10-07,2494.428429098749,2146.7840459935323,2750.269493352497,11,us-east-1,32.773,7359.9539587499185
2024-10-07,3191.304989476926,2749.213977721883,3575.862378727991,7,us-east-2,32.773,7359.9539587499185
2024-10-07,2176.400242544017,2153.0497664390946,2196.99964067553,4,us-west-2,32.773,7359.9539587499185
2024-10-08,2456.7497719671633,2120.1042040962993,2771.424721523536,13,us-east-1,32.773,7359.9539587499185
2024-10-08,3198.7738052461373,2726.6888250089833,3874.213977721883,9,us-east-2,32.773,7359.9539587499185
2024-10-08,2183.6821775062886,2149.97305066475,2197.0220984549046,6,us-west-2,32.773,7359.9539587499185
2024-10-09,3291.068861968072,2735.379985627021,4084.1717570966584,7,us-east-2,32.773,7359.9539587499185
2024-10-09,2187.8892681758293,2175.103305785124,2197.0220984549046,3,us-west-2,32.773,7359.9539587499185
2024-10-09,2494.9312791951133,2134.095400646784,2775.8713618397414,10,us-east-1,32.773,7359.9539587499185
2024-10-10,2190.172475745598,2175.103305785124,2197.0220984549046,4,us-west-2,32.773,7359.9539587499185
2024-10-10,2314.502485327584,2125.8758533956166,2775.5569529284944,12,us-east-1,32.773,7359.9539587499185
2024-10-10,3396.3629626302554,2739.085519223859,4079.253503413583,8,us-east-2,32.773,7359.9539587499185
2024-10-11,2187.8892681758293,2175.103305785124,2197.0220984549046,3,us-west-2,32.773,7359.9539587499185
2024-10-11,2407.388609414301,2145.5264103485447,2803.2473948975926,10,us-east-1,32.773,7359.9539587499185
2024-10-11,3291.716572843055,2734.885914480776,3992.880883938196,9,us-east-2,32.773,7359.9539587499185
2024-10-12,2167.9420813869924,2114.9613726194757,2201.221703197988,8,us-west-2,32.773,7359.9539587499185
2024-10-12,3189.9170185052103,2745.0592885375495,3918.276140855192,8,us-east-2,32.773,7359.9539587499185
2024-10-12,2444.3795664151394,2144.4259791591808,2842.256557671578,9,us-east-1,32.773,7359.9539587499185
2024-10-13,3503.308779494551,2755.389867049946,3896.53701042041,6,us-east-2,32.773,7359.9539587499185
2024-10-13,2101.0760484574716,2042.2655407833274,2175.103305785124,7,us-west-2,32.773,7359.9539587499185
2024-10-13,2477.6971793029106,2155.3853754940715,2900.3323751347466,10,us-east-1,32.773,7359.9539587499185
2024-10-14,3269.327726374416,2741.376212720086,3821.977182896155,8,us-east-2,32.773,7359.9539587499185
2024-10-14,2080.1203736974485,1932.2673374056772,2175.103305785124,10,us-west-2,32.773,7359.9539587499185
2024-10-14,2516.688171691765,2239.9389148401006,2953.4674811354653,11,us-east-1,32.773,7359.9539587499185
2024-10-15,2027.2001137860823,1869.8122529644272,2180.583003952569,6,us-west-2,32.773,7359.9539587499185
2024-10-15,2531.9708947179306,2291.7939274164573,2981.023176428315,10,us-east-1,32.773,7359.9539587499185
2024-10-15,3248.820966582824,2760.7572763205176,3749.8203377650016,6,us-east-2,32.773,7359.9539587499185
2024-10-16,2589.384207689544,2343.1099532878193,3059.7601509162773,10,us-east-1,32.773,7359.9539587499185
2024-10-16,3214.5571325907295,2749.416097736256,3677.2367948257274,10,us-east-2,32.773,7359.9539587499185
2024-10-16,2128.2403367383604,1870.4859863456704,2189.8131512756017,7,us-west-2,32.773,7359.9539587499185
2024-10-17,2715.0885182011666,2407.9231045634206,3117.2745238950774,13,us-east-1,32.773,7359.9539587499185
2024-10-17,3334.3289615522817,2761.408551922386,3688.667804527489,8,us-east-2,32.773,7359.9539587499185
2024-10-17,2076.217211642113,1870.4859863456704,2203.130614444844,10,us-west-2,32.773,7359.9539587499185
2024-10-18,3141.8497510394745,2773.109054976644,3647.862019403522,7,us-east-2,32.773,7359.9539587499185
2024-10-18,2169.1950383279436,1964.090010779734,2280.1158821415743,12,us-west-2,32.773,7359.9539587499185
2024-10-18,2737.3412983590847,2453.5573122529645,3140.383578871721,9,us-east-1,32.773,7359.9539587499185
2024-10-19,2193.273520780932,2006.6250449155589,2318.226733740568,12,us-west-2,32.773,7359.9539587499185
2024-10-19,2799.731504771031,2490.9270571325906,3177.2817103844773,9,us-east-1,32.773,7359.9539587499185
2024-10-19,3131.234840998922,2732.2358965145527,3549.0477901545096,8,us-east-2,32.773,7359.9539587499185
2024-10-20,2181.0074559827526,2045.1401365432987,2320.292849443047,10,us-west-2,32.773,7359.9539587499185
2024-10-20,2884.1904143287543,2419.5337765001796,3365.3206970894717,13,us-east-1,32.773,7359.9539587499185
2024-10-20,3069.420204301627,2719.0307222421848,3520.706072583543,7,us-east-2,32.773,7359.9539587499185
2024-10-21,2915.6669552151047,2291.0528206970894,3520.7959037010423,11,us-east-1,32.773,7359.9539587499185
2024-10-21,3224.956768774704,2721.186669062163,3544.443945382681,8,us-east-2,32.773,7359.9539587499185
2024-10-21,2199.3913941789438,2084.531081566655,2317.3284225655766,10,us-west-2,32.773,7359.9539587499185
2024-10-22,3132.3586657084684,2667.916816385196,3503.9974847287103,9,us-east-2,32.773,7359.9539587499185
2024-10-22,2190.609381635253,2087.967121810995,2328.804347826087,11,us-west-2,32.773,7359.9539587499185
2024-10-22,2847.4892202659,2146.3348904060367,3544.0846209126844,12,us-east-1,32.773,7359.9539587499185
2024-10-23,3107.1877727016067,2676.158821415738,3491.151634926339,7,us-east-2,32.773,7359.9539587499185
2024-10-23,2245.3018325547973,2108.583363277039,2323.8636363636365,10,us-west-2,32.773,7359.9539587499185
2024-10-23,2850.9454725116784,2145.6386992454186,3395.5264103485447,10,us-east-1,32.773,7359.9539587499185
2024-10-24,3028.8807042759613,2660.50574919152,3352.901545095221,9,us-east-2,32.773,7359.9539587499185
2024-10-24,2995.7217930291054,2066.924182536831,3466.8747754222063,10,us-east-1,32.773,7359.9539587499185
2024-10-24,2221.3275405873324,2088.0794107078696,2335.5865971972694,11,us-west-2,32.773,7359.9539587499185
2024-10-25,3223.1404958677685,2055.8749550844414,3683.8842975206617,9,us-east-1,32.773,7359.9539587499185
2024-10-25,2918.5478799856273,2662.414660438376,3300.3727991376213,10,us-east-2,32.773,7359.9539587499185
2024-10-25,2213.4319978440535,2088.50610851599,2335.429392741646,10,us-west-2,32.773,7359.9539587499185
2024-10-26,3313.9485267696728,2068.496227093065,3777.9150197628455,8,us-east-1,32.773,7359.9539587499185
2024-10-26,2994.7673374056776,2670.319798778297,3321.6852317642833,6,us-east-2,32.773,7359.9539587499185
2024-10-26,2205.4830668343516,2046.6672655407835,2316.632231404959,12,us-west-2,32.773,7359.9539587499185
2024-10-27,2948.1642369488222,2676.0465325188648,3304.3927416457063,7,us-east-2,32.773,7359.9539587499185
2024-10-27,2166.670409629896,2028.0048508803452,2274.2544017247574,12,us-west-2,32.773,7359.9539587499185
2024-10-27,3491.5184453227935,2093.2896155228173,3959.6658282429034,9,us-east-1,32.773,7359.9539587499185
2024-10-28,2113.3945106277124,1878.7729069349623,2266.1696011498384,13,us-west-2,32.773,7359.9539587499185
2024-10-28,3559.831607487016,2104.6757096658284,4224.218469277758,11,us-east-1,32.773,7359.9539587499185
2024-10-28,2991.069289735298,2706.409450233561,3276.5675530003596,9,us-east-2,32.773,7359.9539587499185
2024-10-29,2168.268654928734,1860.5596478620196,2262.845849802372,9,us-west-2,32.773,7359.9539587499185
2024-10-29,3770.6555425799497,2116.2863816025874,4397.929392741647,8,us-east-1,32.773,7359.9539587499185
2024-10-29,2931.548688465685,2681.795724038807,3108.7405677326624,8,us-east-2,32.773,7359.9539587499185
2024-10-30,3597.5606768366383,2133.9606539705355,4454.1187567373345,11,us-east-1,32.773,7359.9539587499185
2024-10-30,2847.045679123248,2670.00538986705,3028.1171397772187,8,us-east-2,32.773,7359.9539587499185
2024-10-30,2175.773296203138,1860.5596478620196,2269.1340280273084,6,us-west-2,32.773,7359.9539587499185
2024-10-31,2817.8786381602586,2649.0073661516353,3003.121631333094,6,us-east-2,32.773,7359.9539587499185
2024-10-31,2010.6025671737136,1846.523535752785,2227.4523895077255,9,us-west-2,32.773,7359.9539587499185
2024-10-31,3782.1595400646784,2258.691160618038,4646.222601509163,12,us-east-1,32.773,7359.9539587499185
2024-11-02,2792.3216852317646,2654.6891843334533,2929.9541861300754,2,us-east-2,32.773,7359.9539587499185
2024-11-02,2008.8595939633492,1846.5684513115345,2171.1507366151636,2,us-west-2,32.773,7359.9539587499185
2024-11-02,3989.0069169960475,2379.805964786202,4813.173733381243,6,us-east-1,32.773,7359.9539587499185
2024-11-03,2756.2432626661875,2655.9692777578152,2900.691699604743,7,us-east-2,32.773,7359.9539587499185
2024-11-03,1961.8592046951733,1846.5684513115345,2179.4376572044557,6,us-west-2,32.773,7359.9539587499185
2024-11-03,4050.7495907693537,2371.00251527129,4971.02946460654,9,us-east-1,32.773,7359.9539587499185
2024-11-04,2060.1169800774546,1830.8030901904422,2187.9042400287462,9,us-west-2,32.773,7359.9539587499185
2024-11-04,4060.197056805933,2386.700503054258,5088.820517427237,11,us-east-1,32.773,7359.9539587499185
2024-11-04,2739.8911920589294,2627.672475745598,2845.5803090190443,8,us-east-2,32.773,7359.9539587499185
2024-11-05,4221.581551682836,2387.149658641754,5233.807941070787,12,us-east-1,32.773,7359.9539587499185
2024-11-05,2731.812005928854,2636.790334171757,2834.4637082285303,8,us-east-2,32.773,7359.9539587499185
2024-11-05,2028.1665468918432,1812.4326266618757,2182.98598634567,10,us-west-2,32.773,7359.9539587499185
2024-11-06,4374.3015630614445,2396.918792669781,5373.697448796263,10,us-east-1,32.773,7359.9539587499185
2024-11-06,2710.881355551563,2624.0343154868847,2797.004132231405,8,us-east-2,32.773,7359.9539587499185
2024-11-06,2044.5766504426224,1806.413941789436,2210.204814947898,11,us-west-2,32.773,7359.9539587499185
2024-11-07,4391.0311115103605,2407.2493711821776,5536.920589292132,12,us-east-1,32.773,7359.9539587499185
2024-11-07,1994.8178674092705,1767.202659001078,2214.1573841178583,8,us-west-2,32.773,7359.9539587499185
2024-11-07,2687.621913659463,2597.1748113546532,2760.420409629896,7,us-east-2,32.773,7359.9539587499185
2024-11-08,2017.3710923463889,1738.5689902982394,2195.4500538986704,8,us-west-2,32.773,7359.9539587499185
2024-11-08,4489.957629656246,2413.223140495868,5751.212720086239,12,us-east-1,32.773,7359.9539587499185
2024-11-08,2627.966672655408,2558.7495508444126,2704.118756737334,10,us-east-2,32.773,7359.9539587499185
2024-11-09,1916.36402135414,1729.5858785483292,2164.9299317283508,7,us-west-2,32.773,7359.9539587499185
2024-11-09,4475.1106556038285,2428.292310456342,6021.334890406038,11,us-east-1,32.773,7359.9539587499185
2024-11-09,2627.12787459576,2552.685950413223,2704.0962989579593,8,us-east-2,32.773,7359.9539587499185
2024-11-10,4761.9447314049585,2450.2560186848727,6070.607258354294,8,us-east-1,32.773,7359.9539587499185
2024-11-10,2627.4603744959477,2571.5504850880347,2687.4775422206253,9,us-east-2,32.773,7359.9539587499185
2024-11-10,2005.3084575997127,1730.2371541501977,2182.738950772548,8,us-west-2,32.773,7359.9539587499185
2024-11-11,2636.0520346748112,2581.4543657923105,2702.1424721523535,8,us-east-2,32.773,7359.9539587499185
2024-11-11,1966.1870059288538,1741.219008264463,2212.4955084441253,8,us-west-2,32.773,7359.9539587499185
2024-11-11,4441.9204395736015,2482.303269852677,6196.954725116781,12,us-east-1,32.773,7359.9539587499185
2024-11-12,2612.7015585698887,2582.6670858785483,2649.9505928853755,8,us-east-2,32.773,7359.9539587499185
2024-11-12,2054.392741645706,1741.219008264463,2210.3620194035216,10,us-west-2,32.773,7359.9539587499185
2024-11-12,4260.2286547444655,2469.5921667265543,6418.837585339562,13,us-east-1,32.773,7359.9539587499185
2024-11-13,1986.93919716647,1769.4259791591808,2169.5786920589294,7,us-west-2,32.773,7359.9539587499185
2024-11-13,4599.608417992356,2523.939992813511,6575.031440891125,11,us-east-1,32.773,7359.9539587499185
2024-11-13,2606.6648272675943,2568.0919870643193,2633.2644628099174,7,us-east-2,32.773,7359.9539587499185
2024-11-14,4409.455224178545,2418.02910528207,6692.7551203736975,9,us-east-1,32.773,7359.9539587499185
2024-11-14,2606.8541142651816,2571.2360761767877,2647.592526051024,8,us-east-2,32.773,7359.9539587499185
2024-11-14,2018.4460033319178,1769.3810636004314,2169.5562342795547,11,us-west-2,32.773,7359.9539587499185
2024-11-15,4413.949955901088,2315.913582464966,6927.820697089472,11,us-east-1,32.773,7359.9539587499185
2024-11-15,2624.0876527129,2565.217391304348,2666.2773984908376,8,us-east-2,32.773,7359.9539587499185
2024-11-15,1988.5433242646684,1779.823931009702,2158.619295724039,7,us-west-2,32.773,7359.9539587499185
2024-11-16,4293.210495038558,2194.6640316205535,7113.030003593245,13,us-east-1,32.773,7359.9539587499185
2024-11-16,2611.242364355013,2577.0301832554796,2635.9818541142654,5,us-east-2,32.773,7359.9539587499185
2024-11-16,2006.0539756686,1780.1383399209485,2180.583003952569,7,us-west-2,32.773,7359.9539587499185
2024-11-17,2595.768392921308,2570.0458138699246,2610.402443406396,8,us-east-2,32.773,7359.9539587499185
2024-11-17,2038.4701760689904,1834.216672655408,2191.5424002874597,8,us-west-2,32.773,7359.9539587499185
2024-11-17,4462.550632084409,2185.8605821056417,7164.907473948976,11,us-east-1,32.773,7359.9539587499185
2024-11-18,2088.0794107078696,1948.2797340998923,2181.930470715056,7,us-west-2,32.773,7359.9539587499185
2024-11-18,4114.57509881423,2224.6227093065036,7359.99820337765,10,us-east-1,32.773,7359.9539587499185
2024-11-18,2574.2871259175613,2523.5132950053903,2673.3291412145168,7,us-east-2,32.773,7359.9539587499185
2024-11-19,2104.8609863456704,2014.1708587854835,2180.5605461731943,8,us-west-2,32.773,7359.9539587499185
2024-11-19,4076.699441413779,2162.9311893639956,7330.848005749192,11,us-east-1,32.773,7359.9539587499185
2024-11-19,2640.412453159489,2506.9394538268057,2795.7689543657925,7,us-east-2,32.773,7359.9539587499185
2024-11-20,2168.8504183563473,2153.206970894718,2180.605461731944,7,us-west-2,32.773,7359.9539587499185
2024-11-20,2669.8866844617837,2522.188286022278,2869.4080129356807,7,us-east-2,32.773,7359.9539587499185
2024-11-20,4410.219412504492,2122.327524254402,7331.386992454187,12,us-east-1,32.773,7359.9539587499185
2024-11-21,2767.2956983727736,2491.6681638519585,3006.2657204455627,7,us-east-2,32.773,7359.9539587499185
2024-11-21,2174.0298239310096,2158.686669062163,2180.605461731944,5,us-west-2,32.773,7359.9539587499185
2024-11-21,4439.3954365792315,2136.094143011139,7359.99820337765,10,us-east-1,32.773,7359.9539587499185
2024-11-22,2816.514328063241,2460.3844771828963,3227.3401006108516,8,us-east-2,32.773,7359.9539587499185
2024-11-22,2168.475052615369,2153.206970894718,2180.605461731944,7,us-west-2,32.773,7359.9539587499185
2024-11-22,4499.63046744847,2177.9554437657207,7340.527308659719,11,us-east-1,32.773,7359.9539587499185
2024-11-23,2175.133249490957,2169.668523176428,2180.605461731944,3,us-west-2,32.773,7359.9539587499185
2024-11-23,4583.63481200797,2199.784405318002,7330.915379087315,11,us-east-1,32.773,7359.9539587499185
2024-11-23,2887.5005614444844,2443.3614804168164,3373.697448796263,8,us-east-2,32.773,7359.9539587499185
2024-11-24,4024.14532108208,2222.0849802371545,7331.072583542939,14,us-east-1,32.773,7359.9539587499185
2024-11-24,2840.3532608695655,2448.0776140855196,3503.8178224937124,8,us-east-2,32.773,7359.9539587499185
2024-11-24,2175.1313780093424,2169.668523176428,2180.605461731944,4,us-west-2,32.773,7359.9539587499185
2024-11-25,4061.697644791428,2237.6706791232486,7359.99820337765,11,us-east-1,32.773,7359.9539587499185
2024-11-25,2934.920563626097,2459.1492993172837,3604.3837585339566,7,us-east-2,32.773,7359.9539587499185
2024-11-25,2175.125763564499,2175.125763564499,2175.125763564499,1,us-west-2,32.773,7359.9539587499185
2024-11-26,4623.88085399449,2243.3075817463173,7331.02766798419,12,us-east-1,32.773,7359.9539587499185
2024-11-26,2177.8768415379086,2164.1888250089833,2191.5648580668344,4,us-west-2,32.773,7359.9539587499185
2024-11-26,3007.5714799034954,2448.4818541142654,3784.360402443406,7,us-east-2,32.773,7359.9539587499185
2024-11-27,2178.831297161337,2158.709126841538,2197.0445562342798,8,us-west-2,32.773,7359.9539587499185
2024-11-27,3776.2699874236437,2306.279195113187,7331.02766798419,12,us-east-1,32.773,7359.9539587499185
2024-11-27,3273.07697243468,2417.9392741645706,3977.7667984189725,7,us-east-2,32.773,7359.9539587499185
2024-11-28,2170.7599712540423,2158.709126841538,2197.0445562342798,5,us-west-2,32.773,7359.9539587499185
2024-11-28,3698.933816924183,2319.911067193676,7359.99820337765,8,us-east-1,32.773,7359.9539587499185
2024-11-28,3346.635824649659,2428.5618038088396,4190.397053539346,9,us-east-2,32.773,7359.9539587499185
2024-11-29,2182.5323392022997,2164.1888250089833,2202.5242544017246,5,us-west-2,32.773,7359.9539587499185
2024-11-29,2973.2797340998923,2368.891484010061,7359.99820337765,10,us-east-1,32.773,7359.9539587499185
2024-11-29,3372.6671981674453,2420.3422565576716,4400.714157384118,8,us-east-2,32.773,7359.9539587499185
2024-11-30,3119.8090447102304,2351.598993891484,7359.99820337765,7,us-east-1,32.773,7359.9539587499185
2024-11-30,3635.3434115291825,2406.620553359684,4635.644987423644,7,us-east-2,32.773,7359.9539587499185
2024-11-30,2177.3445921667267,2169.668523176428,2191.5648580668344,5,us-west-2,32.773,7359.9539587499185
2024-12-01,3618.5097017606895,2395.7509881422925,5011.0492274523895,10,us-east-2,32.773,7359.9539587499185
2024-12-01,2179.5050305425802,2175.1706791232486,2186.1076176787637,4,us-west-2,32.773,7359.9539587499185
2024-12-01,2930.1534989220268,2240.0287459575998,7359.99820337765,8,us-east-1,32.773,7359.9539587499185
2024-12-02,3603.3057851239673,2379.9182536830763,5283.866331297161,7,us-east-2,32.773,7359.9539587499185
2024-12-02,2174.2499101688827,2158.7315846209126,2186.1076176787637,6,us-west-2,32.773,7359.9539587499185
2024-12-02,2742.8733980117377,2073.9310097017606,7359.99820337765,9,us-east-1,32.773,7359.9539587499185
2024-12-03,3725.81938812176,2378.5483291412147,5588.326446280992,7,us-east-2,32.773,7359.9539587499185
2024-12-03,3579.2053796006367,2009.5894717930291,7359.99820337765,7,us-east-1,32.773,7359.9539587499185
2024-12-03,2122.167111544582,2059.333453108157,2175.1706791232486,7,us-west-2,32.773,7359.9539587499185
2024-12-04,3671.6620829763124,2028.3866331297163,7321.05641394179,13,us-east-1,32.773,7359.9539587499185
2024-12-04,4372.8633027052,2374.910168882501,6044.354114265182,7,us-east-2,32.773,7359.9539587499185
2024-12-04,2100.7770391663676,2010.9593963348905,2186.1076176787637,5,us-west-2,32.773,7359.9539587499185
2024-12-05,3977.76904419691,2104.765540783327,6823.706431908013,10,us-east-1,32.773,7359.9539587499185
2024-12-05,4134.295025352338,2414.1888250089833,6385.532698526769,9,us-east-2,32.773,7359.9539587499185
2024-12-05,2101.902173913044,2012.127200862379,2186.242364355013,4,us-west-2,32.773,7359.9539587499185
2024-12-06,4472.879424182537,2457.4874236435503,6517.898850161696,8,us-east-2,32.773,7359.9539587499185
2024-12-06,2049.3147881981877,2006.6924182536832,2186.242364355013,9,us-west-2,32.773,7359.9539587499185
2024-12-06,4289.666052820698,2071.9098095580307,6500.943226733741,8,us-east-1,32.773,7359.9539587499185
2024-12-07,2102.5272487723078,2012.127200862379,2199.784405318002,9,us-west-2,32.773,7359.9539587499185
2024-12-07,3576.5885135944427,2130.7716492993172,6365.724937118219,9,us-east-1,32.773,7359.9539587499185
2024-12-07,4165.934115291823,2482.3706431908013,6405.43029105282,7,us-east-2,32.773,7359.9539587499185
2024-12-08,2170.08118487244,2012.127200862379,2336.417535034136,8,us-west-2,32.773,7359.9539587499185
2024-12-08,3355.488272955934,2217.2790154509526,6104.114265181459,11,us-east-1,32.773,7359.9539587499185
2024-12-08,4356.739018145886,2491.2414660438376,6351.53162055336,8,us-east-2,32.773,7359.9539587499185
2024-12-09,3799.788896873877,2313.5555156306145,5888.58695652174,10,us-east-1,32.773,7359.9539587499185
2024-12-09,4495.838894307274,2525.803988501617,6047.722781171398,7,us-east-2,32.773,7359.9539587499185
2024-12-09,2279.7958587854832,1995.8003952569172,2464.381961911606,8,us-west-2,32.773,7359.9539587499185
2024-12-10,4210.463079410708,2545.813869924542,5951.670858785484,8,us-east-2,32.773,7359.9539587499185
2024-12-10,2340.063181219308,2039.1663672296083,2602.7443406395973,9,us-west-2,32.773,7359.9539587499185
2024-12-10,3990.4534021494137,2408.8663312971617,5759.2076895436585,11,us-east-1,32.773,7359.9539587499185
2024-12-11,4309.801858220831,2581.5441969098097,5686.4444843693855,7,us-east-2,32.773,7359.9539587499185
2024-12-11,2328.215954006468,2045.1401365432987,2674.654150197629,5,us-west-2,32.773,7359.9539587499185
2024-12-11,3677.1204226962404,2516.618756737334,5529.240028745958,11,us-east-1,32.773,7359.9539587499185
2024-12-12,2337.060388968739,2007.1640316205535,2667.108336327704,8,us-west-2,32.773,7359.9539587499185
2024-12-12,3559.3628209734934,2648.603126122889,5345.9171757096665,13,us-east-1,32.773,7359.9539587499185
2024-12-12,4047.7093065037725,2590.796802012217,5502.852137980597,10,us-east-2,32.773,7359.9539587499185
2024-12-13,3593.172144061472,2833.9696370822853,5066.58731584621,13,us-east-1,32.773,7359.9539587499185
2024-12-13,3971.879117259552,2618.217750628818,5371.249550844413,6,us-east-2,32.773,7359.9539587499185
2024-12-13,2245.131844440145,2001.0555156306143,2681.6385195831836,13,us-west-2,32.773,7359.9539587499185
2024-12-14,3821.0564139417897,3072.583542939274,4831.566654689184,11,us-east-1,32.773,7359.9539587499185
2024-12-14,3904.220378189005,2700.188645346748,5172.138878907654,8,us-east-2,32.773,7359.9539587499185
2024-12-14,2529.0659809558033,2049.946101329501,2863.2321236076177,8,us-west-2,32.773,7359.9539587499185
2024-12-15,3520.0160062718455,3070.02335609055,4469.030722242184,11,us-east-1,32.773,7359.9539587499185
2024-12-15,2639.375474108676,2049.946101329501,3061.085159899389,9,us-west-2,32.773,7359.9539587499185
2024-12-15,4046.721805862122,2812.387711103126,5000.943226733741,7,us-east-2,32.773,7359.9539587499185
2024-12-16,2650.2375533996087,2049.946101329501,3208.6776859504134,9,us-west-2,32.773,7359.9539587499185
2024-12-16,3567.826236675051,3054.325368307582,4310.478799856271,12,us-east-1,32.773,7359.9539587499185
2024-12-16,3891.5401545095224,2867.296981674452,4963.303988501617,6,us-east-2,32.773,7359.9539587499185
2024-12-17,3852.9217570966584,2863.816025871362,4842.4586776859505,10,us-east-2,32.773,7359.9539587499185
2024-12-17,3606.8586058210567,3013.0030542579952,4125.471613366871,10,us-east-1,32.773,7359.9539587499185
2024-12-17,2443.1124032273874,2067.2610492274525,3076.5361121092346,11,us-west-2,32.773,7359.9539587499185
2024-12-18,3245.9433083983927,2820.809378368667,3819.6415738411783,11,us-east-1,32.773,7359.9539587499185
2024-12-18,2423.299197508684,2089.5391663672294,2839.4044196909813,12,us-west-2,32.773,7359.9539587499185
2024-12-18,3774.602497305067,2829.99461013295,4727.699425080848,8,us-east-2,32.773,7359.9539587499185
2024-12-19,3473.9152892561983,2817.732662594323,4583.048868127919,8,us-east-2,32.773,7359.9539587499185
2024-12-19,2391.2104334759747,2105.3943586058213,2772.8171038447717,11,us-west-2,32.773,7359.9539587499185
2024-12-19,3165.4895047311056,2733.9426877470355,3680.762666187568,12,us-east-1,32.773,7359.9539587499185
2024-12-20,3638.536426518146,2751.8190801293567,4536.561264822134,8,us-east-2,32.773,7359.9539587499185
2024-12-20,2402.454635285663,2116.5558749550846,2751.235177865613,12,us-west-2,32.773,7359.9539587499185
2024-12-20,3117.048074619715,2625.6512756018683,3643.392921307941,12,us-east-1,32.773,7359.9539587499185
2024-12-21,3573.086035752785,2721.680740208408,4442.553000359325,8,us-east-2,32.773,7359.9539587499185
2024-12-21,3056.281236729494,2597.6688825008987,3558.727093065038,11,us-east-1,32.773,7359.9539587499185
2024-12-21,2471.7050694693976,2153.835788717212,2724.9595759971253,12,us-west-2,32.773,7359.9539587499185
2024-12-22,2991.89682487832,2610.2452389507725,3494.54275961193,11,us-east-1,32.773,7359.9539587499185
2024-12-22,3726.7786561264825,2741.510959396335,4345.55785123967,8,us-east-2,32.773,7359.9539587499185
2024-12-22,2498.813480656366,2305.7402084081928,2730.102407473949,12,us-west-2,32.773,7359.9539587499185
2024-12-23,3078.5042302289876,2647.5700682716492,3467.211642112828,11,us-east-1,32.773,7359.9539587499185
2024-12-23,3383.2569768834596,2688.6228889687386,4286.673553719009,9,us-east-2,32.773,7359.9539587499185
2024-12-23,2546.8326364616337,2370.845310815667,2710.406934962271,11,us-west-2,32.773,7359.9539587499185
2024-12-24,2923.3809668592276,2627.1559468199785,3337.023895077255,13,us-east-1,32.773,7359.9539587499185
2024-12-24,3405.3966043837586,2680.5380883938196,4130.434782608696,8,us-east-2,32.773,7359.9539587499185
2024-12-24,2573.3695652173915,2478.55282069709,2718.693855551563,11,us-west-2,32.773,7359.9539587499185
2024-12-25,3418.9972851040047,2675.7545813869924,4065.3745957599713,9,us-east-2,32.773,7359.9539587499185
2024-12-25,2642.560255949584,2454.882321236076,2761.722960833633,13,us-west-2,32.773,7359.9539587499185
2024-12-25,3034.545679123248,2657.54132231405,3333.700143729788,12,us-east-1,32.773,7359.9539587499185
2024-12-26,2662.220026350461,2489.3550125763563,2782.0472511678045,12,us-west-2,32.773,7359.9539587499185
2024-12-26,2996.290723439933,2672.992274523895,3307.581746316924,12,us-east-1,32.773,7359.9539587499185
2024-12-26,3262.0036830758177,2665.693496227093,3907.114624505929,8,us-east-2,32.773,7359.9539587499185
2024-12-27,2675.3971283986107,2493.7567373338125,2798.3515989938915,12,us-west-2,32.773,7359.9539587499185
2024-12-27,3004.121002515272,2686.1076176787637,3328.040783327345,12,us-east-1,32.773,7359.9539587499185
2024-12-27,3317.379754632719,2657.114624505929,3824.8966942148763,7,us-east-2,32.773,7359.9539587499185
2024-12-28,2697.201760689903,2521.3348904060367,2809.670319798778,10,us-west-2,32.773,7359.9539587499185
2024-12-28,3114.529684193716,2643.1458857348184,3742.4092705713265,9,us-east-2,32.773,7359.9539587499185
2024-12-28,2962.3342207558885,2720.7824290334174,3333.04886812792,11,us-east-1,32.773,7359.9539587499185
2024-12-29,3105.248383039885,2632.2089471793033,3589.0900107797343,8,us-east-2,32.773,7359.9539587499185
2024-12-29,2698.286644185854,2545.6566654689186,2792.579949694574,13,us-west-2,32.773,7359.9539587499185
2024-12-29,2963.286713286713,2723.207869205893,3294.713438735178,13,us-east-1,32.773,7359.9539587499185
2024-12-30,3071.623472871003,2622.9787998562706,3528.2294286740926,8,us-east-2,32.773,7359.9539587499185
2024-12-30,2681.636273805246,2554.302910528207,2810.411426518146,10,us-west-2,32.773,7359.9539587499185
2024-12-30,2925.247035573123,2691.9690980955806,3291.3672296083364,10,us-east-1,32.773,7359.9539587499185
2024-12-31,2717.1728514029987,2615.6800215594685,2816.475026949335,11,us-west-2,32.773,7359.9539587499185
2024-12-31,2972.4873487842856,2694.731404958678,3290.109593963349,12,us-east-1,32.773,7359.9539587499185
2024-12-31,2925.495069269773,2628.1890046712183,3515.51832554797,9,us-east-2,32.773,7359.9539587499185
2025-01-01,2965.370104204096,2709.0370104204094,3275.96119295724,11,us-east-1,32.773,7359.9539587499185
2025-01-01,3077.333363277039,2632.860222781171,3529.3523176428316,8,us-east-2,32.773,7359.9539587499185
2025-01-01,2715.6355143239803,2577.097556593604,2814.296622349982,11,us-west-2,32.773,7359.9539587499185
2025-01-02,2990.2716982981087,2768.797161336687,3228.3956162414665,11,us-east-1,32.773,7359.9539587499185
2025-01-02,3080.9069574200503,2654.4646065397055,3500.1796622349984,8,us-east-2,32.773,7359.9539587499185
2025-01-02,2715.5812073302195,2573.728889687388,2835.9683794466405,10,us-west-2,32.773,7359.9539587499185
2025-01-03,3175.802304168164,2674.833812432627,3512.3517786561265,8,us-east-2,32.773,7359.9539587499185
2025-01-03,2749.1166606779257,2567.777578153072,2859.7736255839022,9,us-west-2,32.773,7359.9539587499185
2025-01-03,2981.0293012772354,2802.708408192598,3227.9689184333456,11,us-east-1,32.773,7359.9539587499185
2025-01-04,2753.880013267365,2583.8573481854114,2871.1372619475387,13,us-west-2,32.773,7359.9539587499185
2025-01-04,2960.1088589814785,2816.138160258714,3175.2380524613727,11,us-east-1,32.773,7359.9539587499185
2025-01-04,3008.4391344272767,2694.484369385555,3438.577973409989,9,us-east-2,32.773,7359.9539587499185
2025-01-05,2744.346764446477,2607.707509881423,2849.6451670858787,11,us-west-2,32.773,7359.9539587499185
2025-01-05,2941.965889841384,2781.8675889328065,3117.4991016888252,14,us-east-1,32.773,7359.9539587499185
2025-01-05,2999.382411067194,2702.816205533597,3306.9978440531804,6,us-east-2,32.773,7359.9539587499185
2025-01-06,2754.3874334433085,2579.343334531082,2866.9376572044557,11,us-west-2,32.773,7359.9539587499185
2025-01-06,2865.7576029791267,2746.5415019762845,3116.5109593963352,11,us-east-1,32.773,7359.9539587499185
2025-01-06,2992.7960434383363,2671.2630255120375,3252.0885734818544,9,us-east-2,32.773,7359.9539587499185
2025-01-07,2874.231623119963,2748.5402443406397,3105.596478620194,14,us-east-1,32.773,7359.9539587499185
2025-01-07,2908.28884554181,2670.5668343514194,3230.259611929572,7,us-east-2,32.773,7359.9539587499185
2025-01-07,2748.517786561265,2614.624505928854,2867.7685950413224,10,us-west-2,32.773,7359.9539587499185
2025-01-08,2974.5072121554335,2674.901185770751,3201.7606899029824,7,us-east-2,32.773,7359.9539587499185
2025-01-08,2773.7868715905006,2642.8090190441967,2881.0860582105643,11,us-west-2,32.773,7359.9539587499185
2025-01-08,2886.1533498840363,2749.1016888250088,3059.715235357528,11,us-east-1,32.773,7359.9539587499185
2025-01-09,2932.656605581507,2614.3550125763563,3202.8386633129717,9,us-east-2,32.773,7359.9539587499185
2025-01-09,2806.614190322194,2672.632950053899,2925.8668702838663,12,us-west-2,32.773,7359.9539587499185
2025-01-09,2893.0392112827885,2703.512396694215,3075.682716492993,12,us-east-1,32.773,7359.9539587499185
2025-01-10,2832.9066355252126,2609.8634567014014,3110.4473589651457,9,us-east-2,32.773,7359.9539587499185
2025-01-10,2828.990747394898,2684.0864175350343,3043.7702120014374,10,us-east-1,32.773,7359.9539587499185
2025-01-10,2801.793764087153,2668.6803808839386,2910.7752425440176,11,us-west-2,32.773,7359.9539587499185
2025-01-11,2843.291657139124,2645.50395256917,3032.7659001077977,11,us-east-1,32.773,7359.9539587499185
2025-01-11,2783.782114624506,2600.9028027308664,3079.1636722960834,8,us-east-2,32.773,7359.9539587499185
2025-01-11,2749.408611809798,2672.5880344951493,2841.6501976284585,12,us-west-2,32.773,7359.9539587499185
2025-01-12,2802.5377290693496,2625.4042400287462,3004.9407114624505,10,us-east-1,32.773,7359.9539587499185
2025-01-12,2809.795441712438,2611.4355012576357,2992.094861660079,7,us-east-2,32.773,7359.9539587499185
2025-01-12,2766.8474177636954,2659.4951491196553,2842.3463887890766,11,us-west-2,32.773,7359.9539587499185
2025-01-13,2688.2667727529383,2596.388789076536,2887.329320876752,7,us-east-2,32.773,7359.9539587499185
2025-01-13,2819.8633444125044,2664.009162773985,2876.7517067912327,8,us-west-2,32.773,7359.9539587499185
2025-01-13,2748.555216193556,2591.6951131872083,2978.799856270212,9,us-east-1,32.773,7359.9539587499185
2025-01-14,2788.5993083003955,2652.0616241466046,2886.745418613008,12,us-west-2,32.773,7359.9539587499185
2025-01-14,2785.146424721524,2554.100790513834,2968.9633489040607,12,us-east-1,32.773,7359.9539587499185
2025-01-14,2745.5116523792417,2619.363097376932,2841.3807042759613,7,us-east-2,32.773,7359.9539587499185
2025-01-15,2759.4073142492116,2591.2908731584625,2848.499820337765,9,us-west-2,32.773,7359.9539587499185
2025-01-15,2740.801667864415,2528.3866331297163,2941.5648580668344,12,us-east-1,32.773,7359.9539587499185
2025-01-15,2696.114162517325,2561.309737693137,2866.915199425081,7,us-east-2,32.773,7359.9539587499185
2025-01-16,2757.5252275721646,2600.1616960114984,2871.2046352856632,12,us-west-2,32.773,7359.9539587499185
2025-01-16,2698.1309513115343,2575.3907653611213,2881.8945382680563,8,us-east-2,32.773,7359.9539587499185
2025-01-16,2718.419371581427,2537.8413582464964,2941.160618038088,9,us-east-1,32.773,7359.9539587499185
2025-01-17,2741.069289735298,2603.1485806683436,2877.3580668343516,6,us-east-2,32.773,7359.9539587499185
2025-01-17,2769.6797520661157,2619.8347107438017,2864.6245059288535,10,us-west-2,32.773,7359.9539587499185
2025-01-17,2707.689543657923,2546.0384477182897,2885.3530362917713,12,us-east-1,32.773,7359.9539587499185
2025-01-18,2737.1117299476987,2580.1293568091987,2893.415379087316,9,us-east-2,32.773,7359.9539587499185
2025-01-18,2731.1976560988414,2594.3451311534313,2835.451850521021,13,us-west-2,32.773,7359.9539587499185
2025-01-18,2679.1412145167087,2516.012396694215,2865.3206970894717,10,us-east-1,32.773,7359.9539587499185
2025-01-19,2715.909090909091,2534.135824649659,2902.1289974847286,8,us-east-2,32.773,7359.9539587499185
2025-01-19,2692.8725918350424,2545.9710743801656,2765.5632411067195,13,us-west-2,32.773,7359.9539587499185
2025-01-19,2651.5593865351325,2533.596837944664,2799.51940352138,11,us-east-1,32.773,7359.9539587499185
2025-01-20,2696.4224757455986,2552.7982393100974,2761.071685231764,10,us-west-2,32.773,7359.9539587499185
2025-01-20,2648.4303739738525,2532.518864534675,2739.085519223859,13,us-east-1,32.773,7359.9539587499185
2025-01-20,2737.5936810225353,2521.53701042041,2926.4956881063604,7,us-east-2,32.773,7359.9539587499185
2025-01-21,2644.9812987946298,2515.7429033417175,2709.306503772907,11,us-east-1,32.773,7359.9539587499185
2025-01-21,2682.8175530003596,2509.3424362199066,3024.321775062882,6,us-east-2,32.773,7359.9539587499185
2025-01-21,2664.7312667569586,2547.0490477901544,2774.7260150916277,13,us-west-2,32.773,7359.9539587499185
2025-01-22,2652.407473948976,2503.8851958318364,2728.4854473589653,10,us-east-1,32.773,7359.9539587499185
2025-01-22,2680.1188765121574,2463.191699604743,3112.2439813151277,6,us-east-2,32.773,7359.9539587499185
2025-01-22,2717.4936120094226,2584.014552641035,2810.905497664391,9,us-west-2,32.773,7359.9539587499185
2025-01-23,2608.807941070787,2491.4660438375854,2742.296981674452,11,us-east-1,32.773,7359.9539587499185
2025-01-23,2695.4425679722126,2582.8467481135467,2814.408911246856,9,us-west-2,32.773,7359.9539587499185
2025-01-23,2751.849959575997,2476.5540783327347,3232.438016528926,8,us-east-2,32.773,7359.9539587499185
2025-01-24,2653.521379805965,2559.53557312253,2818.7881782249374,12,us-west-2,32.773,7359.9539587499185
2025-01-24,2574.357707509882,2463.3713618397414,2697.920409629896,13,us-east-1,32.773,7359.9539587499185
2025-01-24,2974.536086443201,2470.8498023715415,3411.8307581746317,7,us-east-2,32.773,7359.9539587499185
2025-01-25,2679.8766047104173,2533.5743801652893,2837.922206252246,11,us-west-2,32.773,7359.9539587499185
2025-01-25,2560.1509162773987,2464.2696730147322,2603.710025152713,10,us-east-1,32.773,7359.9539587499185
2025-01-25,2905.774643669901,2357.0337765001796,3601.0150916277403,9,us-east-2,32.773,7359.9539587499185
2025-01-26,2528.125306242446,2454.7475745598276,2599.1286381602586,11,us-east-1,32.773,7359.9539587499185
2025-01-26,2916.120194035214,2284.8993891484015,3863.6139058569893,5,us-east-2,32.773,7359.9539587499185
2025-01-26,2643.3861839741285,2473.05066475027,2830.1742723679486,10,us-west-2,32.773,7359.9539587499185
2025-01-27,2960.310687336379,2186.6016888250088,3965.729428674093,7,us-east-2,32.773,7359.9539587499185
2025-01-27,2604.6612725219447,2431.616061803809,2776.9044196909813,14,us-west-2,32.773,7359.9539587499185
2025-01-27,2477.8203515851737,2409.5625224577793,2562.1406755300036,13,us-east-1,32.773,7359.9539587499185
2025-01-28,3229.391244460415,2159.51760689903,4183.255479698168,9,us-east-2,32.773,7359.9539587499185
2025-01-28,2553.964002221279,2333.116241466044,2740.0961192957243,11,us-west-2,32.773,7359.9539587499185
2025-01-28,2373.881194263875,2326.311534315487,2464.718828602228,11,us-east-1,32.773,7359.9539587499185
2025-01-29,2524.898191400168,2326.3564498742367,2709.6658282429034,9,us-west-2,32.773,7359.9539587499185
2025-01-29,2253.3427540838607,2184.647862019404,2311.736435501258,13,us-east-1,32.773,7359.9539587499185
2025-01-29,3406.55318002156,2185.141933165649,4333.453108156666,7,us-east-2,32.773,7359.9539587499185
2025-01-30,2176.448730931304,2080.5785123966944,2216.403162055336,11,us-east-1,32.773,7359.9539587499185
2025-01-30,3536.4810584672246,2239.1528925619837,4596.50107797341,7,us-east-2,32.773,7359.9539587499185
2025-01-30,2481.011083777882,2278.5662953647147,2681.121990657564,13,us-west-2,32.773,7359.9539587499185
2025-01-31,2122.286691928266,2022.906934962271,2200.4356809198707,11,us-east-1,32.773,7359.9539587499185
2025-01-31,3510.31560665948,2240.3431548688463,4788.425260510241,6,us-east-2,32.773,7359.9539587499185
2025-01-31,2464.606539705354,2283.327344592167,2618.779195113187,11,us-west-2,32.773,7359.9539587499185
2025-02-01,3750.301575894461,2232.819798778297,4949.649658641753,7,us-east-2,32.773,7359.9539587499185
2025-02-01,2470.321023748081,2296.8469277757813,2620.935141933166,11,us-west-2,32.773,7359.9539587499185
2025-02-01,2086.399160487375,2015.091627739849,2199.0432985986345,11,us-east-1,32.773,7359.9539587499185
2025-02-02,2444.1571274575226,2281.0591088753145,2611.50287459576,7,us-west-2,32.773,7359.9539587499185
2025-02-02,2092.391304347826,2007.1864893999282,2200.9522098454904,11,us-east-1,32.773,7359.9539587499185
2025-02-02,4017.8539346029465,2287.2349982033775,5254.693675889328,10,us-east-2,32.773,7359.9539587499185
2025-02-03,2424.377919511319,2247.754222062523,2587.967121810995,10,us-west-2,32.773,7359.9539587499185
2025-02-03,2100.622080488681,1999.3487243981315,2231.47233201581,10,us-east-1,32.773,7359.9539587499185
2025-02-03,3707.381551255069,2386.5432985986345,5412.414660438376,7,us-east-2,32.773,7359.9539587499185
2025-02-04,2363.71237458194,2225.992633848365,2508.7360761767877,13,us-west-2,32.773,7359.9539587499185
2025-02-04,4009.232954545455,2504.7610492274525,5612.895256916996,8,us-east-2,32.773,7359.9539587499185
2025-02-04,2134.2329545454545,2058.390226374416,2231.3825008983113,8,us-east-1,32.773,7359.9539587499185
2025-02-05,3964.7958267029417,2514.889507725476,5955.825547969816,7,us-east-2,32.773,7359.9539587499185
2025-02-05,2346.69384057971,2234.8634567014014,2475.5883938196193,12,us-west-2,32.773,7359.9539587499185
2025-02-05,2128.881112599223,2050.4626302551205,2234.4592166726557,11,us-east-1,32.773,7359.9539587499185
2025-02-06,2111.648850161696,2022.8620194035216,2218.514193316565,10,us-east-1,32.773,7359.9539587499185
2025-02-06,2304.6438604514424,2171.6448077614086,2426.001616960115,11,us-west-2,32.773,7359.9539587499185
2025-02-06,4603.859743681878,2565.9584980237155,6395.369205892922,9,us-east-2,32.773,7359.9539587499185
2025-02-07,2295.2610630476242,2165.9629895795906,2414.1214516708587,13,us-west-2,32.773,7359.9539587499185
2025-02-07,4516.029240028746,2481.831656485807,6605.349443047071,8,us-east-2,32.773,7359.9539587499185
2025-02-07,2113.460784633979,2030.7896155228173,2225.49856270212,11,us-east-1,32.773,7359.9539587499185
2025-02-08,2101.752115114494,2022.9743083003953,2218.693855551563,11,us-east-1,32.773,7359.9539587499185
2025-02-08,4576.914151395377,2482.1236076176788,6742.925799496946,6,us-east-2,32.773,7359.9539587499185
2025-02-08,2311.624146604384,2189.0945023356094,2437.230506647503,11,us-west-2,32.773,7359.9539587499185
2025-02-09,2135.5079949694577,2034.8095580309023,2282.1819978440535,10,us-east-1,32.773,7359.9539587499185
2025-02-09,4472.941183075818,2499.7080488681277,6567.440711462451,8,us-east-2,32.773,7359.9539587499185
2025-02-09,2317.169176493647,2139.597556593604,2439.094502335609,11,us-west-2,32.773,7359.9539587499185
2025-02-10,3971.1507366151636,2479.1591807402083,6188.398311174991,5,us-east-2,32.773,7359.9539587499185
2025-02-10,2308.7128017508903,2131.5127560186847,2440.5767157743444,11,us-west-2,32.773,7359.9539587499185
2025-02-10,2150.244789795185,2042.6248652533238,2278.5887531440894,10,us-east-1,32.773,7359.9539587499185
2025-02-11,2271.13597864586,2106.51724757456,2385.802191879267,14,us-west-2,32.773,7359.9539587499185
2025-02-11,2171.7603049124787,2038.8295005389868,2227.093065037729,7,us-east-1,32.773,7359.9539587499185
2025-02-11,4182.87931189364,2288.380344951491,6082.891663672296,8,us-east-2,32.773,7359.9539587499185
2025-02-12,2262.5969427476343,2094.929033417176,2387.329320876752,12,us-west-2,32.773,7359.9539587499185
2025-02-12,2128.121631333094,2027.016708587855,2223.9489759252606,9,us-east-1,32.773,7359.9539587499185
2025-02-12,3982.9770032339206,2204.4780812073304,5848.522278117141,6,us-east-2,32.773,7359.9539587499185
2025-02-13,2256.705892921308,2065.4644268774705,2351.149838303989,10,us-west-2,32.773,7359.9539587499185
2025-02-13,2142.207150556953,2034.8769313690264,2217.2565576715774,10,us-east-1,32.773,7359.9539587499185
2025-02-13,3757.0124416097738,2037.0777937477544,5504.289435860582,8,us-east-2,32.773,7359.9539587499185
2025-02-14,2163.500119774824,2038.8070427596122,2224.016349263385,6,us-east-1,32.773,7359.9539587499185
2025-02-14,3412.5743602028188,1906.3735177865613,5288.1108515989945,9,us-east-2,32.773,7359.9539587499185
2025-02-14,2270.946983307745,2098.2303269852678,2373.225835429393,11,us-west-2,32.773,7359.9539587499185
2025-02-15,3209.380293619424,1878.683075817463,5025.309917355372,7,us-east-2,32.773,7359.9539587499185
2025-02-15,2264.9361508057164,2162.9311893639956,2367.4541861300754,13,us-west-2,32.773,7359.9539587499185
2025-02-15,2133.6584947571296,2030.9243621990659,2239.5346748113548,11,us-east-1,32.773,7359.9539587499185
2025-02-16,3158.750834146091,1968.0874955084444,4819.237333812433,7,us-east-2,32.773,7359.9539587499185
2025-02-16,2269.1666938882177,2177.932985986346,2364.422385914481,11,us-west-2,32.773,7359.9539587499185
2025-02-16,2139.125943226734,2053.808839381962,2272.7721882860224,9,us-east-1,32.773,7359.9539587499185
2025-02-17,3058.354935578256,2006.422924901186,4534.450233560906,7,us-east-2,32.773,7359.9539587499185
2025-02-17,2134.2862917714697,1989.9613726194757,2275.5344951491197,12,us-east-1,32.773,7359.9539587499185
2025-02-17,2244.093604024434,2214.718828602228,2282.9455623427957,10,us-west-2,32.773,7359.9539587499185
2025-02-18,2122.6671981674453,1963.438735177866,2246.5864175350343,8,us-east-1,32.773,7359.9539587499185
2025-02-18,3275.8071967558135,2073.6615163492634,4256.512756018685,7,us-east-2,32.773,7359.9539587499185
2025-02-18,2246.9681997844054,2224.2409270571325,2275.4446640316205,12,us-west-2,32.773,7359.9539587499185
2025-02-19,2153.74820337765,1965.2802730865972,2277.9599353215954,10,us-east-1,32.773,7359.9539587499185
2025-02-19,2989.5920669142015,2136.1390585698887,4027.9823931009705,9,us-east-2,32.773,7359.9539587499185
2025-02-19,2234.3693855551564,2169.5562342795547,2278.364175350341,13,us-west-2,32.773,7359.9539587499185
2025-02-20,3191.430111390586,2349.757455982752,3818.5860582105643,7,us-east-2,32.773,7359.9539587499185
2025-02-20,2246.0339561624146,2178.9660438375854,2288.380344951491,10,us-west-2,32.773,7359.9539587499185
2025-02-20,2180.0864374975044,1965.6171397772189,2352.811713977722,9,us-east-1,32.773,7359.9539587499185
2025-02-21,2250.3511580047693,2176.316025871362,2294.6685231764286,11,us-west-2,32.773,7359.9539587499185
2025-02-21,2342.6804482572766,1965.594681997844,2529.0828242903344,8,us-east-1,32.773,7359.9539587499185
2025-02-21,3157.6151121605667,2425.5524613726193,3757.186489399928,7,us-east-2,32.773,7359.9539587499185
2025-02-22,2240.6306144448436,2186.6466043837586,2296.307941070787,10,us-west-2,32.773,7359.9539587499185
2025-02-22,2208.7960996962074,1943.1593604024436,2490.724937118218,11,us-east-1,32.773,7359.9539587499185
2025-02-22,2892.3430201221704,2275.3099173553724,3545.2748832195475,8,us-east-2,32.773,7359.9539587499185
2025-02-23,2233.278311773865,1954.3657923104565,2423.980416816385,12,us-east-1,32.773,7359.9539587499185
2025-02-23,2829.827780914737,2191.7445203018324,3364.422385914481,7,us-east-2,32.773,7359.9539587499185
2025-02-23,2242.73490837226,2185.3665109593962,2287.1451670858787,10,us-west-2,32.773,7359.9539587499185
2025-02-24,2586.8057337919004,2151.5900107797343,3211.776859504132,7,us-east-2,32.773,7359.9539587499185
2025-02-24,2218.3524973050667,2184.6703197987786,2266.7310456342075,10,us-west-2,32.773,7359.9539587499185
2025-02-24,2263.6161516349266,2030.1832554796981,2355.304527488322,10,us-east-1,32.773,7359.9539587499185
2025-02-25,2501.0751661875674,2020.593783686669,2994.879626302551,8,us-east-2,32.773,7359.9539587499185
2025-02-25,2188.7149658641756,2154.329859863457,2230.304527488322,10,us-west-2,32.773,7359.9539587499185
2025-02-25,2206.9409510120972,2047.5655767157743,2384.611929572404,9,us-east-1,32.773,7359.9539587499185
2025-02-26,2195.791412145167,2173.53126122889,2230.821056413942,10,us-west-2,32.773,7359.9539587499185
2025-02-26,2186.9310695891727,2016.5064678404601,2416.1875673733384,12,us-east-1,32.773,7359.9539587499185
2025-02-26,2407.094973948976,1950.8848365073661,2866.8927416457063,8,us-east-2,32.773,7359.9539587499185
2025-02-27,2151.3833992094865,1935.2766798418972,2427.618577075099,10,us-east-1,32.773,7359.9539587499185
2025-02-27,2386.357219855244,1929.999101688825,2763.609414301114,7,us-east-2,32.773,7359.9539587499185
2025-02-27,2202.090070667146,2175.7545813869924,2220.535393460295,12,us-west-2,32.773,7359.9539587499185
2025-02-28,2216.240966982074,1924.2499101688827,2453.085698886094,9,us-east-1,32.773,7359.9539587499185
2025-02-28,2325.9329603203123,1933.906755300036,2669.713438735178,7,us-east-2,32.773,7359.9539587499185
2025-02-28,2210.231355959886,2180.335968379447,2227.901545095221,11,us-west-2,32.773,7359.9539587499185
2025-03-01,2127.8072224218467,1924.2499101688827,2450.817463169242,9,us-east-1,32.773,7359.9539587499185
2025-03-01,2198.2600835429394,2172.5431189363994,2218.087495508444,8,us-west-2,32.773,7359.9539587499185
2025-03-01,2236.9127290693496,1942.0589292130796,2532.878189004671,8,us-east-2,32.773,7359.9539587499185
2025-03-02,2201.293888917407,2154.1726554078336,2232.9545454545455,14,us-west-2,32.773,7359.9539587499185
2025-03-02,2108.5711135791985,1861.9744879626305,2425.395256916996,11,us-east-1,32.773,7359.9539587499185
2025-03-02,2190.8462091268416,1929.7296083363278,2460.721343873518,9,us-east-2,32.773,7359.9539587499185
2025-03-03,2232.144193915439,2175.821954725117,2277.3311174991018,12,us-west-2,32.773,7359.9539587499185
2025-03-03,2010.4478580269092,1742.00503054258,2344.098095580309,9,us-east-1,32.773,7359.9539587499185
2025-03-03,2050.6230429649404,1908.3722601509164,2279.6667265540787,7,us-east-2,32.773,7359.9539587499185
2025-03-04,1938.825008983112,1666.2549407114625,2259.746676248653,11,us-east-1,32.773,7359.9539587499185
2025-03-04,2034.3267157743444,1893.3480057491915,2185.321595400647,8,us-east-2,32.773,7359.9539587499185
2025-03-04,2223.177244961291,2147.3230326985267,2274.770930650377,11,us-west-2,32.773,7359.9539587499185
2025-03-05,1980.2660284379654,1886.7903341717572,2082.936579231046,7,us-east-2,32.773,7359.9539587499185
2025-03-05,2224.6624423007825,2152.9150197628455,2286.9655048508807,13,us-west-2,32.773,7359.9539587499185
2025-03-05,1969.5203018325549,1702.5242544017249,2203.310276679842,10,us-east-1,32.773,7359.9539587499185
2025-03-06,1922.4495448556715,1882.2763205174272,1971.2765001796622,6,us-east-2,32.773,7359.9539587499185
2025-03-06,2232.8422565576716,2205.398850161696,2265.428494430471,12,us-west-2,32.773,7359.9539587499185
2025-03-06,1951.548588653332,1790.2667984189725,2065.711462450593,9,us-east-1,32.773,7359.9539587499185
2025-03-07,1904.3860043118939,1856.3600431189366,1953.220445562343,8,us-east-2,32.773,7359.9539587499185
2025-03-07,1953.5323591647705,1856.1354653251888,2072.3814229249015,9,us-east-1,32.773,7359.9539587499185
2025-03-07,2222.043807641634,2185.793208767517,2257.4335249730507,12,us-west-2,32.773,7359.9539587499185
2025-03-08,2028.1570647183298,1873.427955443766,2179.909270571326,9,us-east-1,32.773,7359.9539587499185
2025-03-08,1891.8176684975103,1841.6726554078332,1941.8343514193316,7,us-east-2,32.773,7359.9539587499185
2025-03-08,2232.1297324665993,2188.9597556593603,2272.5700682716497,11,us-west-2,32.773,7359.9539587499185
2025-03-09,2057.512127200863,1918.9498742364358,2257.321236076177,10,us-east-1,32.773,7359.9539587499185
2025-03-09,1863.9320577314647,1853.4405318002157,1878.5483291412147,6,us-east-2,32.773,7359.9539587499185
2025-03-09,2227.9035867115276,2192.9796981674453,2300.2605102407474,11,us-west-2,32.773,7359.9539587499185
2025-03-10,2093.6287279913763,1967.5934243621991,2294.01724757456,10,us-east-1,32.773,7359.9539587499185
2025-03-10,1861.9885240747394,1818.8555515630615,1902.1289974847286,8,us-east-2,32.773,7359.9539587499185
2025-03-10,2238.6999940112587,2185.0745598275244,2311.8711821775064,12,us-west-2,32.773,7359.9539587499185
2025-03-11,1880.389867049946,1861.9071146245058,1900.8489040603665,6,us-east-2,32.773,7359.9539587499185
2025-03-11,2245.5635677653286,2199.4924541861305,2297.745238950773,11,us-west-2,32.773,7359.9539587499185
2025-03-11,2143.193047071506,1981.8541142651816,2347.399389148401,10,us-east-1,32.773,7359.9539587499185
2025-03-12,2254.8923408607207,2213.46119295724,2301.2261947538627,13,us-west-2,32.773,7359.9539587499185
2025-03-12,2163.0618528076307,1991.1516349263384,2354.922745238951,11,us-east-1,32.773,7359.9539587499185
2025-03-12,1902.273725396255,1884.522098454905,1920.5443765720447,9,us-east-2,32.773,7359.9539587499185
2025-03-13,2247.0031341078775,2184.266079770033,2305.7626661875674,9,us-west-2,32.773,7359.9539587499185
2025-03-13,2219.6543575002074,2016.4390945023356,2460.5641394178947,13,us-east-1,32.773,7359.9539587499185
2025-03-13,1911.7820996526532,1892.4496945742007,1922.520661157025,6,us-east-2,32.773,7359.9539587499185
2025-03-14,2256.8889238232127,2196.752605102408,2346.50107797341,12,us-west-2,32.773,7359.9539587499185
2025-03-14,1908.9657871772495,1882.3661516349264,1931.7058929213078,7,us-east-2,32.773,7359.9539587499185
2025-03-14,2271.9992663792073,2103.4629895795906,2477.3625583902267,12,us-east-1,32.773,7359.9539587499185
2025-03-15,1880.8255479698169,1870.8228530362917,1897.300574919152,10,us-east-2,32.773,7359.9539587499185
2025-03-15,2286.563510600072,2215.123068630974,2452.9509522098456,10,us-west-2,32.773,7359.9539587499185
2025-03-15,2344.5676673308726,2170.3647143370463,2488.5465325188648,11,us-east-1,32.773,7359.9539587499185
2025-03-16,2428.263115343155,2222.5565936040243,2609.5490477901544,10,us-east-1,32.773,7359.9539587499185
2025-03-16,2350.1392382321237,2234.6613366870283,2552.1694214876034,14,us-west-2,32.773,7359.9539587499185
2025-03-16,1873.7102818130486,1835.0476104922743,1916.1875673733384,7,us-east-2,32.773,7359.9539587499185
2025-03-17,2417.9841897233205,2255.389867049946,2634.319978440532,13,us-west-2,32.773,7359.9539587499185
2025-03-17,1863.9108476065,1827.928494430471,1921.1731943945385,9,us-east-2,32.773,7359.9539587499185
2025-03-17,2515.324371998824,2388.272547610492,2672.5206611570247,11,us-east-1,32.773,7359.9539587499185
2025-03-18,2527.254761049228,2316.6771469637083,2683.884297520661,10,us-east-1,32.773,7359.9539587499185
2025-03-18,1853.889687387711,1815.5767157743444,1886.8801652892562,7,us-east-2,32.773,7359.9539587499185
2025-03-18,2448.2685052102047,2302.01221703198,2632.500898311175,12,us-west-2,32.773,7359.9539587499185
2025-03-19,2483.6937806922983,2236.839741286382,2685.9953287818903,12,us-east-1,32.773,7359.9539587499185
2025-03-19,1850.007298778297,1814.0945023356091,1869.4753862738055,8,us-east-2,32.773,7359.9539587499185
2025-03-19,2445.3358935201823,2328.579770032339,2649.1421128278835,12,us-west-2,32.773,7359.9539587499185
2025-03-20,1855.6613566494989,1843.6489399928137,1875.2021200143731,9,us-east-2,32.773,7359.9539587499185
2025-03-20,2449.026455264104,2331.02766798419,2667.1532518864537,12,us-west-2,32.773,7359.9539587499185
2025-03-20,2402.6373599451213,2165.2667984189725,2615.5452748832195,11,us-east-1,32.773,7359.9539587499185
2025-03-21,2455.9153790873156,2354.4735896514553,2650.6692418253683,9,us-west-2,32.773,7359.9539587499185
2025-03-21,2320.1786890645585,2083.99209486166,2571.887351778656,12,us-east-1,32.773,7359.9539587499185
2025-03-21,1828.2304267976206,1812.4101688825008,1839.8760330578514,9,us-east-2,32.773,7359.9539587499185
2025-03-22,2441.0408432147565,2357.819798778297,2570.6521739130435,9,us-west-2,32.773,7359.9539587499185
2025-03-22,2290.0733160120512,2071.819978440532,2499.393639956881,13,us-east-1,32.773,7359.9539587499185
2025-03-22,1818.801011241723,1801.7651814588573,1836.619655048509,7,us-east-2,32.773,7359.9539587499185
2025-03-23,2179.061999804005,2039.7727272727275,2322.4712540424002,11,us-east-1,32.773,7359.9539587499185
2025-03-23,1807.0812586622865,1800.6647502694937,1817.1038447718292,7,us-east-2,32.773,7359.9539587499185
2025-03-23,2396.757504981544,2315.4644268774705,2570.3826805605463,11,us-west-2,32.773,7359.9539587499185
2025-03-24,1798.270189543658,1784.6523535752785,1810.1419331656487,8,us-east-2,32.773,7359.9539587499185
2025-03-24,2398.713169241825,2313.420768954366,2565.778835788717,10,us-west-2,32.773,7359.9539587499185
2025-03-24,2146.2364216810856,2048.688465684513,2212.091268415379,13,us-east-1,32.773,7359.9539587499185
2025-03-25,1779.5170080249134,1774.097197269134,1782.698526769673,6,us-east-2,32.773,7359.9539587499185
2025-03-25,2371.453398380276,2244.924541861301,2572.9428674092705,13,us-west-2,32.773,7359.9539587499185
2025-03-25,2130.9692777578157,2022.1882860222784,2220.04132231405,10,us-east-1,32.773,7359.9539587499185
2025-03-26,1755.1091448077614,1738.9507725476105,1771.402263744161,8,us-east-2,32.773,7359.9539587499185
2025-03-26,2122.572314049587,2039.4583183614807,2199.7394897592526,10,us-east-1,32.773,7359.9539587499185
2025-03-26,2377.5561036161107,2256.647502694934,2568.7657204455627,11,us-west-2,32.773,7359.9539587499185
2025-03-27,2137.488771110313,2071.6852317642833,2206.5441969098097,10,us-east-1,32.773,7359.9539587499185
2025-03-27,2375.046787040364,2212.922206252246,2562.297879985627,12,us-west-2,32.773,7359.9539587499185
2025-03-27,1730.6510189415328,1712.9222062522458,1745.418613007546,7,us-east-2,32.773,7359.9539587499185
2025-03-28,2171.397772188286,2053.898670499461,2238.030003593245,12,us-east-1,32.773,7359.9539587499185
2025-03-28,2335.9010061085164,2216.111210923464,2507.8826805605463,10,us-west-2,32.773,7359.9539587499185
2025-03-28,1719.8488270622659,1687.095759971254,1736.390585698886,7,us-east-2,32.773,7359.9539587499185
2025-03-29,2150.0663368252303,2030.9468199784405,2241.5558749550846,13,us-east-1,32.773,7359.9539587499185
2025-03-29,2347.318541142652,2247.2826086956525,2478.799856270212,10,us-west-2,32.773,7359.9539587499185
2025-03-29,1681.8310148349676,1619.3406395975567,1736.8397412863815,7,us-east-2,32.773,7359.9539587499185
2025-03-30,2329.5534751809455,2240.9045993532163,2461.439992813511,14,us-west-2,32.773,7359.9539587499185
2025-03-30,1619.2187259380935,1528.9256198347107,1708.902263744161,7,us-east-2,32.773,7359.9539587499185
2025-03-30,2172.4757455982754,2022.7272727272727,2263.227632051743,12,us-east-1,32.773,7359.9539587499185
2025-03-31,1544.862221523536,1446.2585339561624,1646.4920948616602,8,us-east-2,32.773,7359.9539587499185
2025-03-31,2319.299092705713,2194.4619116061804,2478.5752784764645,12,us-west-2,32.773,7359.9539587499185
2025-03-31,2145.6960913482653,2001.9313690262306,2303.337226015092,9,us-east-1,32.773,7359.9539587499185
2025-04-01,2201.5001796622355,1985.6943945382684,2339.4493352497307,10,us-east-1,32.773,7359.9539587499185
2025-04-01,1498.2707509881423,1385.6899029823933,1596.9053180021558,6,us-east-2,32.773,7359.9539587499185
2025-04-01,2319.7538627380527,2186.9385555156305,2563.6004311893644,11,us-west-2,32.773,7359.9539587499185
2025-04-02,2357.654427857446,2192.418253683076,2607.707509881423,11,us-west-2,32.773,7359.9539587499185
2025-04-02,2186.3321954725116,1977.3850161696012,2344.6819978440535,11,us-east-1,32.773,7359.9539587499185
2025-04-02,1450.503054257995,1367.3643550125764,1588.2366151634926,8,us-east-2,32.773,7359.9539587499185
2025-04-03,1467.7156944943508,1326.8954365792313,1559.8499820337768,9,us-east-2,32.773,7359.9539587499185
2025-04-03,2486.4822882979997,2252.111031261229,2686.1525332375136,12,us-west-2,32.773,7359.9539587499185
2025-04-03,2231.025422206252,1983.6507366151636,2373.383039885016,10,us-east-1,32.773,7359.9539587499185
2025-04-04,2258.088883807533,2001.2576356449872,2420.5668343514194,11,us-east-1,32.773,7359.9539587499185
2025-04-04,1373.49532878189,1294.1519942508085,1584.3738771110313,8,us-east-2,32.773,7359.9539587499185
2025-04-04,2514.2202659001077,2290.244340639598,2730.6413941789438,10,us-west-2,32.773,7359.9539587499185
2025-04-05,1471.3607168523176,1291.299856270212,1678.404599353216,8,us-east-2,32.773,7359.9539587499185
2025-04-05,2511.9007515870167,2305.7851239669426,2715.415019762846,12,us-west-2,32.773,7359.9539587499185
2025-04-05,2239.1671838761313,1977.7443406395976,2456.3645346748112,11,us-east-1,32.773,7359.9539587499185
2025-04-06,2247.982883088884,1983.8977721882861,2452.5017966223504,11,us-east-1,32.773,7359.9539587499185
2025-04-06,2486.7049946101333,2309.602946460654,2699.200503054258,9,us-west-2,32.773,7359.9539587499185
2025-04-06,1510.9902757815307,1294.0397053539348,1751.5945023356091,8,us-east-2,32.773,7359.9539587499185
2025-04-07,2303.658372260151,2016.1471433704635,2479.608336327704,10,us-east-1,32.773,7359.9539587499185
2025-04-07,2605.3013192341255,2358.201581027668,2807.357168523177,14,us-west-2,32.773,7359.9539587499185
2025-04-07,1449.604743083004,1282.7659001077973,1783.215055695293,6,us-east-2,32.773,7359.9539587499185
2025-04-08,2678.1777757815307,2384.409809558031,2928.808839381962,10,us-west-2,32.773,7359.9539587499185
2025-04-08,2269.3154177837973,2006.6025871361842,2490.9495149119657,13,us-east-1,32.773,7359.9539587499185
2025-04-08,1563.4881422924902,1285.2811713977721,1858.6731943945385,6,us-east-2,32.773,7359.9539587499185
2025-04-09,1537.630255120374,1263.7666187567374,1937.2754222062524,10,us-east-2,32.773,7359.9539587499185
2025-04-09,2808.5760134583347,2398.4010061085164,2990.1410348544737,11,us-west-2,32.773,7359.9539587499185
2025-04-09,2310.907539280698,2013.0704275961195,2504.895795903701,11,us-east-1,32.773,7359.9539587499185
2025-04-10,1601.1919466403162,1251.6618756737334,1950.5479698167444,8,us-east-2,32.773,7359.9539587499185
2025-04-10,2681.303694508869,2362.895256916996,2973.1854114265184,11,us-west-2,32.773,7359.9539587499185
2025-04-10,2269.296415047403,2010.4204096298959,2513.003054257995,13,us-east-1,32.773,7359.9539587499185
2025-04-11,1580.2191879266977,1238.9956881063601,1928.5618038088396,6,us-east-2,32.773,7359.9539587499185
2025-04-11,2709.915359124845,2310.7258354293926,2948.2797340998923,9,us-west-2,32.773,7359.9539587499185
2025-04-11,2184.917355371901,2024.995508444125,2506.175889328063,10,us-east-1,32.773,7359.9539587499185
2025-04-12,1585.5516628737973,1209.50862378728,1890.6979877829683,9,us-east-2,32.773,7359.9539587499185
2025-04-12,2650.666996047431,2309.8724398131512,2910.438375853396,10,us-west-2,32.773,7359.9539587499185
2025-04-12,2180.178763923823,1987.9850880344952,2507.411067193676,9,us-east-1,32.773,7359.9539587499185
2025-04-13,2138.158531192128,1984.52659001078,2451.4238232123607,13,us-east-1,32.773,7359.9539587499185
2025-04-13,1464.6899543144605,1154.5768954365792,1875.6961911606181,7,us-east-2,32.773,7359.9539587499185
2025-04-13,2675.1527128997486,2289.4358605821058,2888.02551203737,10,us-west-2,32.773,7359.9539587499185
2025-04-14,1338.7884348852729,1120.0817463169242,1855.7761408551926,7,us-east-2,32.773,7359.9539587499185
2025-04-14,2107.337977329893,1989.130434782609,2424.609234638879,11,us-east-1,32.773,7359.9539587499185
2025-04-14,2659.4708198586654,2304.392741645706,2827.614085519224,12,us-west-2,32.773,7359.9539587499185
2025-04-15,2563.8474667624864,2285.5506647502693,2765.00179662235,12,us-west-2,32.773,7359.9539587499185
2025-04-15,2078.856749311295,1974.3981315127562,2233.2015810276685,9,us-east-1,32.773,7359.9539587499185
2025-04-15,1376.743285123967,1069.9559827524256,1852.2053539346032,8,us-east-2,32.773,7359.9539587499185
2025-04-16,1435.9897143370465,1035.3260869565217,1851.8460294646068,8,us-east-2,32.773,7359.9539587499185
2025-04-16,2631.7096934685865,2296.869385555156,2770.863277039167,13,us-west-2,32.773,7359.9539587499185
2025-04-16,2065.9379117259555,1974.734998203378,2168.3884297520663,12,us-east-1,32.773,7359.9539587499185
2025-04-17,1484.1031004568556,1010.218289615523,1859.7736255839025,7,us-east-2,32.773,7359.9539587499185
2025-04-17,2086.5732423044674,2043.3435141933164,2160.5731225296445,15,us-east-1,32.773,7359.9539587499185
2025-04-17,2577.200488082405,2311.3546532518867,2725.386273805246,12,us-west-2,32.773,7359.9539587499185
2025-04-18,2125.1777907533838,2078.108156665469,2182.402084081926,12,us-east-1,32.773,7359.9539587499185
2025-04-18,1416.7714696370822,990.4554437657206,1844.277757815307,6,us-east-2,32.773,7359.9539587499185
2025-04-18,2555.0795753982516,2278.9031620553365,2702.8386633129717,12,us-west-2,32.773,7359.9539587499185
2025-04-19,1319.8886094143013,973.9265181458859,1846.096837944664,5,us-east-2,32.773,7359.9539587499185
2025-04-19,2505.0897494528467,2273.423463887891,2704.00646784046,11,us-west-2,32.773,7359.9539587499185
2025-04-19,2177.771289974847,2119.8347107438017,2237.2664390945024,10,us-east-1,32.773,7359.9539587499185
2025-04-20,1466.933727093065,949.3577075098814,1803.5618038088396,8,us-east-2,32.773,7359.9539587499185
2025-04-20,2216.133668702839,2152.4658641753504,2266.1471433704637,10,us-east-1,32.773,7359.9539587499185
2025-04-20,2584.5804886812793,2317.889867049946,2715.819259791592,10,us-west-2,32.773,7359.9539587499185
2025-04-21,2577.4928135106,2304.213079410708,2719.1430111390587,10,us-west-2,32.773,7359.9539587499185
2025-04-21,1261.0492274523895,916.8613007545815,1729.7206252245778,7,us-east-2,32.773,7359.9539587499185
2025-04-21,2245.6678943586057,2196.6627739849087,2316.6097736255842,10,us-east-1,32.773,7359.9539587499185
2025-04-22,2559.2099353215954,2311.691519942508,2762.104743083004,12,us-west-2,32.773,7359.9539587499185
2025-04-22,2286.8389246398588,2200.7500898311177,2368.195292849443,11,us-east-1,32.773,7359.9539587499185
2025-04-22,1275.5597601509162,917.2879985627022,1642.1352856629537,8,us-east-2,32.773,7359.9539587499185
2025-04-23,1214.6193727221396,948.6615163492634,1579.5679123248294,7,us-east-2,32.773,7359.9539587499185
2025-04-23,2590.088134307502,2336.417535034136,2764.507725476105,9,us-west-2,32.773,7359.9539587499185
2025-04-23,2278.0375167412535,2196.7301473230327,2408.282429033417,11,us-east-1,32.773,7359.9539587499185
2025-04-24,1238.779531979878,972.7587136183975,1530.699784405318,8,us-east-2,32.773,7359.9539587499185
2025-04-24,2550.440172475746,2314.8580668343516,2749.9326266618755,11,us-west-2,32.773,7359.9539587499185
2025-04-24,2251.470984549048,2196.6403162055335,2343.6713977721884,10,us-east-1,32.773,7359.9539587499185
2025-04-25,2250.640046712181,2202.614085519224,2352.0481494789797,10,us-east-1,32.773,7359.9539587499185
2025-04-25,2562.24173553719,2301.2261947538627,2723.8366870283867,10,us-west-2,32.773,7359.9539587499185
2025-04-25,1209.3879132231405,989.8490837226017,1449.9640675530004,8,us-east-2,32.773,7359.9539587499185
2025-04-26,1164.155138339921,1005.8614804168164,1351.3295005389866,8,us-east-2,32.773,7359.9539587499185
2025-04-26,2560.157974436631,2310.815666546892,2728.7998562702123,14,us-west-2,32.773,7359.9539587499185
2025-04-26,2240.74065756378,2153.139597556594,2372.4398131512758,10,us-east-1,32.773,7359.9539587499185
2025-04-27,1156.6529923743362,1032.900646784046,1269.4484369385555,9,us-east-2,32.773,7359.9539587499185
2025-04-27,2539.6230087435624,2300.6647502694937,2711.934063959756,9,us-west-2,32.773,7359.9539587499185
2025-04-27,2262.104743083004,2124.9550844412506,2403.903162055336,9,us-east-1,32.773,7359.9539587499185
2025-04-28,1125.2545214995807,1058.322853036292,1204.3433345310816,9,us-east-2,32.773,7359.9539587499185
2025-04-28,2225.238426757696,2144.942508084801,2319.1250449155586,12,us-east-1,32.773,7359.9539587499185
2025-04-28,2558.9359504132235,2291.9735896514553,2716.403162055336,10,us-west-2,32.773,7359.9539587499185
2025-04-29,1114.4095528976952,1083.8124326266618,1139.0810276679842,7,us-east-2,32.773,7359.9539587499185
2025-04-29,2224.3860388623234,2160.5282069708946,2337.1810995328783,13,us-east-1,32.773,7359.9539587499185
2025-04-29,2518.7695209928415,2308.008444125045,2741.398670499461,13,us-west-2,32.773,7359.9539587499185
2025-04-30,1105.474564960731,1045.9486166007905,1169.107078692059,7,us-east-2,32.773,7359.9539587499185
2025-04-30,2557.50538986705,2309.4008264462814,2744.587675170679,10,us-west-2,32.773,7359.9539587499185
2025-04-30,2184.1897233201585,2069.9784405318005,2335.114983830399,10,us-east-1,32.773,7359.9539587499185
2025-05-01,1109.282361660079,981.6519942508086,1234.4816744520303,8,us-east-2,32.773,7359.9539587499185
2025-05-01,2537.5310325678633,2326.3564498742367,2711.395077254761,11,us-west-2,32.773,7359.9539587499185
2025-05-01,2139.31309138819,2002.3356090549769,2320.786920589292,9,us-east-1,32.773,7359.9539587499185
2025-05-02,1140.5889071402905,963.9777218828602,1278.1845131153432,7,us-east-2,32.773,7359.9539587499185
2025-05-02,2495.783551922386,2347.309558030902,2672.206252245778,12,us-west-2,32.773,7359.9539587499185
2025-05-02,2095.2833672695333,1874.1466043837586,2326.4462809917354,9,us-east-1,32.773,7359.9539587499185
2025-05-03,2498.54369938362,2342.3688465684513,2666.6142651814594,13,us-west-2,32.773,7359.9539587499185
2025-05-03,2054.983381243263,1787.3922026590012,2335.9683794466405,10,us-east-1,32.773,7359.9539587499185
2025-05-03,1208.4007066714578,1010.0835429392743,1332.128099173554,6,us-east-2,32.773,7359.9539587499185
2025-05-04,1229.6956721363836,1038.7621272008623,1396.3573481854114,9,us-east-2,32.773,7359.9539587499185
2025-05-04,2470.6876072982795,2370.845310815667,2659.5625224577793,9,us-west-2,32.773,7359.9539587499185
2025-05-04,2027.8790873158462,1743.9363995688107,2303.314768235717,10,us-east-1,32.773,7359.9539587499185
2025-05-05,1904.9343484249612,1585.9010061085162,2263.407294286741,12,us-east-1,32.773,7359.9539587499185
2025-05-05,1245.4298418972332,1061.8711821775064,1445.9216672655407,8,us-east-2,32.773,7359.9539587499185
2025-05-05,2508.487313082175,2349.2633848365076,2679.2579949694573,13,us-west-2,32.773,7359.9539587499185
2025-05-06,1251.9145256916995,1042.4452030183256,1483.313869924542,8,us-east-2,32.773,7359.9539587499185
2025-05-06,2503.065486884657,2384.993711821775,2634.8365073661516,12,us-west-2,32.773,7359.9539587499185
2025-05-06,1854.613326945343,1537.8638160258715,2252.605102407474,9,us-east-1,32.773,7359.9539587499185
2025-05-07,1778.0211838107994,1476.6439094502337,2219.547251167805,11,us-east-1,32.773,7359.9539587499185
2025-05-07,2514.822134387352,2402.218828602228,2613.2321236076177,12,us-west-2,32.773,7359.9539587499185
2025-05-07,1287.9283821415738,1022.3679482572762,1560.5461731943947,8,us-east-2,32.773,7359.9539587499185
2025-05-08,1680.425799496946,1437.5449155587496,2221.209126841538,10,us-east-1,32.773,7359.9539587499185
2025-05-08,2541.5132051742726,2405.632411067194,2652.4658641753504,12,us-west-2,32.773,7359.9539587499185
2025-05-08,1337.054774523895,1069.529284944305,1590.909090909091,8,us-east-2,32.773,7359.9539587499185
2025-05-09,1423.2617678763925,1081.0276679841897,1655.6548688465684,8,us-east-2,32.773,7359.9539587499185
2025-05-09,1705.2551203736978,1379.2669780812075,2227.8341717570966,10,us-east-1,32.773,7359.9539587499185
2025-05-09,2534.034764642472,2432.4694574200507,2624.6631333093783,10,us-west-2,32.773,7359.9539587499185
2025-05-10,1673.5593334531084,1312.118217750629,2231.0680919870642,12,us-east-1,32.773,7359.9539587499185
2025-05-10,2522.1433704635283,2412.7290693496225,2633.5564139417893,13,us-west-2,32.773,7359.9539587499185
2025-05-10,1381.5327184892403,1122.5745598275241,1719.704455623428,9,us-east-2,32.773,7359.9539587499185
2025-05-11,2493.49173553719,2397.727272727273,2620.396155228171,10,us-west-2,32.773,7359.9539587499185
2025-05-11,1432.1871310507674,1169.2193675889328,1762.50898311175,7,us-east-2,32.773,7359.9539587499185
2025-05-11,1601.4642472152354,1208.7675170679122,2222.3769313690264,10,us-east-1,32.773,7359.9539587499185
2025-05-12,1751.1902623068631,1751.1902623068631,1751.1902623068631,1,us-east-2,32.773,7359.9539587499185
2025-05-12,1193.6309737693139,1193.6309737693139,1193.6309737693139,1,us-east-1,32.773,7359.9539587499185
2025-05-16,1601.307042759612,1327.4568810636003,1875.1572044556235,2,us-east-2,32.773,7359.9539587499185
2025-05-16,2291.1426518145886,2179.010959396335,2354.0693496227095,3,us-west-2,32.773,7359.9539587499185
2025-05-16,1529.7790154509523,917.6024074739489,2069.2148760330583,3,us-east-1,32.773,7359.9539587499185
2025-05-17,1532.0304078332736,875.9656845131154,2056.3690262306864,12,us-east-1,32.773,7359.9539587499185
2025-05-17,1597.528521379806,1326.9628099173553,1877.0436579231048,8,us-east-2,32.773,7359.9539587499185
2025-05-17,2243.0830039525695,2126.0555156306145,2362.131692418254,12,us-west-2,32.773,7359.9539587499185
2025-05-18,1680.2849279717768,871.6313330937837,2055.2685950413224,11,us-east-1,32.773,7359.9539587499185
2025-05-18,2172.700323392023,2054.6397772188284,2260.622529644269,11,us-west-2,32.773,7359.9539587499185
2025-05-18,1602.6253144089112,1315.801293568092,1882.590729428674,10,us-east-2,32.773,7359.9539587499185
2025-05-19,2136.8549002874597,2056.0770750988145,2324.694574200503,8,us-west-2,32.773,7359.9539587499185
2025-05-19,1470.8373258274444,875.1122888968739,2036.2693136902624,9,us-east-1,32.773,7359.9539587499185
2025-05-19,1612.5396754102287,1346.209126841538,1889.6200143729789,6,us-east-2,32.773,7359.9539587499185
2025-05-20,1631.3281031660479,1381.108515989939,1886.925080848006,9,us-east-2,32.773,7359.9539587499185
2025-05-20,1688.179347826087,886.5657563780094,2016.0573122529645,8,us-east-1,32.773,7359.9539587499185
2025-05-20,2200.7444753862737,2044.623607617679,2483.2240388070427,12,us-west-2,32.773,7359.9539587499185
2025-05-21,1546.0996962074935,890.2712899748473,2014.4852676967303,11,us-east-1,32.773,7359.9539587499185
2025-05-21,1676.530622429832,1467.907833273446,1899.2768595041325,9,us-east-2,32.773,7359.9539587499185
2025-05-21,2250.3817822493716,2036.6735537190082,2522.1433704635288,10,us-west-2,32.773,7359.9539587499185
2025-05-22,1733.3962151155827,1563.0389867049946,1896.3798059647863,9,us-east-2,32.773,7359.9539587499185
2025-05-22,1521.8469277757818,901.4328063241106,2007.8602227811714,10,us-east-1,32.773,7359.9539587499185
2025-05-22,2167.103153763233,2047.004132231405,2487.4685591088755,13,us-west-2,32.773,7359.9539587499185
2025-05-23,1781.258020635491,1677.0346748113548,1901.3878907653611,7,us-east-2,32.773,7359.9539587499185
2025-05-23,1651.3491000555323,946.9547251167804,2027.0616241466043,11,us-east-1,32.773,7359.9539587499185
2025-05-23,2209.418792669781,2086.1704994610136,2499.775422206252,11,us-west-2,32.773,7359.9539587499185
2025-05-24,2199.7129487472644,2092.323931009702,2468.0201221703196,11,us-west-2,32.773,7359.9539587499185
2025-05-24,1582.028910647982,964.1349263384836,2028.319259791592,12,us-east-1,32.773,7359.9539587499185
2025-05-24,1832.37192649248,1728.5528206970896,1902.6455264103486,7,us-east-2,32.773,7359.9539587499185
2025-05-25,1554.1662923703436,1009.6119295724038,2048.1719367588935,12,us-east-1,32.773,7359.9539587499185
2025-05-25,2245.7173014732302,2053.0452748832195,2522.727272727273,10,us-west-2,32.773,7359.9539587499185
2025-05-25,1896.2375733620793,1849.7349982033777,1917.5799496945745,6,us-east-2,32.773,7359.9539587499185
2025-05-26,1660.2727497305068,1077.2547610492275,2061.399568810636,8,us-east-1,32.773,7359.9539587499185
2025-05-26,1921.1828191571276,1890.720445562343,1945.5398850161696,7,us-east-2,32.773,7359.9539587499185
2025-05-26,2211.2678165049706,2053.4270571325906,2591.2684153790874,12,us-west-2,32.773,7359.9539587499185
2025-05-27,2293.530662354773,2087.226015091628,2647.120912684154,12,us-west-2,32.773,7359.9539587499185
2025-05-27,1904.9779272111289,1864.4448436938555,1949.2454186130078,7,us-east-2,32.773,7359.9539587499185
2025-05-27,1668.006647502695,1109.3918433345311,2048.9579590370104,10,us-east-1,32.773,7359.9539587499185
2025-05-28,2281.792049129455,2100.925260510241,2661.3366870283867,11,us-west-2,32.773,7359.9539587499185
2025-05-28,1889.7238816025872,1850.3413582464968,1931.7508084800575,8,us-east-2,32.773,7359.9539587499185
2025-05-28,1518.044825727632,1143.5725835429394,1932.6715774344234,10,us-east-1,32.773,7359.9539587499185
2025-05-29,1883.5901006108516,1849.2409270571325,1959.0370104204098,6,us-east-2,32.773,7359.9539587499185
2025-05-29,1601.9336148041682,1197.808120733022,1927.6410348544734,10,us-east-1,32.773,7359.9539587499185
2025-05-29,2334.776075523471,2144.134028027309,2653.49892202659,11,us-west-2,32.773,7359.9539587499185
2025-05-30,1674.384656845131,1263.092885375494,1937.432626661876,10,us-east-1,32.773,7359.9539587499185
2025-05-30,2287.516968099972,2157.3167445203017,2666.5244340639597,9,us-west-2,32.773,7359.9539587499185
2025-05-30,1895.633084800575,1851.1722960833636,1942.3508803449515,8,us-east-2,32.773,7359.9539587499185
2025-05-31,2324.188253356417,2168.7028386633133,2644.6505569529286,11,us-west-2,32.773,7359.9539587499185
2025-05-31,1890.4349109388636,1847.691340280273,1944.080129356809,7,us-east-2,32.773,7359.9539587499185
2025-05-31,1719.7067014013653,1324.0432985986345,1936.9610132950056,10,us-east-1,32.773,7359.9539587499185
2025-06-01,1689.4762845849802,1381.4902982393103,1938.083902263744,12,us-east-1,32.773,7359.9539587499185
2025-06-01,2349.501063001557,2203.512396694215,2620.5758174631696,12,us-west-2,32.773,7359.9539587499185
2025-06-01,1889.64568040655,1844.7718289615523,1950.5704275961193,7,us-east-2,32.773,7359.9539587499185
2025-06-02,1730.4055874955084,1483.7405677326626,2061.916097736256,4,us-east-1,32.773,7359.9539587499185
2025-06-02,2445.1491196550487,2193.51868487244,2680.1113905856987,5,us-west-2,32.773,7359.9539587499185
2025-06-02,1906.8002155946824,1854.5858785483294,1959.0145526410352,2,us-east-2,32.773,7359.9539587499185
2025-06-03,1879.927878445665,1814.6334890406038,1931.4813151275603,7,us-east-2,32.773,7359.9539587499185
2025-06-03,1844.4228696204982,1493.8465684513114,2105.0574919151995,13,us-east-1,32.773,7359.9539587499185
2025-06-03,2400.691699604743,2192.575458138699,2720.1536112109234,13,us-west-2,32.773,7359.9539587499185
2025-06-04,2544.919641982164,2162.0553359683795,2792.3329141214517,11,us-west-2,32.773,7359.9539587499185
2025-06-04,1818.4906126482215,1709.7781171397771,1905.0934243621994,8,us-east-2,32.773,7359.9539587499185
2025-06-04,1803.637343612191,1463.6408551922386,2101.3968738771114,11,us-east-1,32.773,7359.9539587499185
2025-06-05,1750.6737333812432,1619.1160618038089,1852.51976284585,7,us-east-2,32.773,7359.9539587499185
2025-06-05,2498.937747035573,2132.4335249730507,2794.2642831476824,10,us-west-2,32.773,7359.9539587499185
2025-06-05,1774.9038058450114,1404.711642112828,2097.623966942149,12,us-east-1,32.773,7359.9539587499185
2025-06-06,1648.3860342555995,1567.2385914480776,1764.9344232842259,9,us-east-2,32.773,7359.9539587499185
2025-06-06,2458.1652402574073,2085.721343873518,2726.53162055336,11,us-west-2,32.773,7359.9539587499185
2025-06-06,1705.967780572524,1310.8830398850164,2021.1327703916638,12,us-east-1,32.773,7359.9539587499185
2025-06-07,1626.401365432986,1278.4315486884657,1857.1011498383039,10,us-east-1,32.773,7359.9539587499185
2025-06-07,1570.1356449874238,1501.2127200862378,1643.9543657923105,7,us-east-2,32.773,7359.9539587499185
2025-06-07,2376.1565756378013,1986.0088034495147,2626.8864534674813,10,us-west-2,32.773,7359.9539587499185
2025-06-08,1504.3183101483498,1457.2179302910529,1554.3702838663312,7,us-east-2,32.773,7359.9539587499185
2025-06-08,1572.8530362917716,1288.2455982752426,1719.794286740927,11,us-east-1,32.773,7359.9539587499185
2025-06-08,2231.2657204455622,1870.3736974487963,2580.9378368666908,10,us-west-2,32.773,7359.9539587499185
2025-06-09,1464.2603156066596,1289.9523895077255,1637.800934243622,12,us-east-1,32.773,7359.9539587499185
2025-06-09,2155.955803090191,1824.3577075098815,2366.3537549407115,10,us-west-2,32.773,7359.9539587499185
2025-06-09,1434.7676368427358,1391.6187567373338,1475.9028027308661,6,us-east-2,32.773,7359.9539587499185
2025-06-10,1378.2647996766082,1335.5641394178945,1410.4383758533957,8,us-east-2,32.773,7359.9539587499185
2025-06-10,2077.781498056381,1750.291951131872,2274.5014372978803,11,us-west-2,32.773,7359.9539587499185
2025-06-10,1497.4370059288538,1289.5930650377293,1537.4595759971255,8,us-east-1,32.773,7359.9539587499185
2025-06-11,1984.4951491196553,1681.908012935681,2184.9398131512758,10,us-west-2,32.773,7359.9539587499185
2025-06-11,1332.108448616601,1306.7283507006828,1371.6762486525333,8,us-east-2,32.773,7359.9539587499185
2025-06-11,1414.7554520578235,1269.0217391304348,1512.2394897592526,13,us-east-1,32.773,7359.9539587499185
2025-06-12,1262.3393021120294,1206.903521379806,1314.7233201581028,9,us-east-2,32.773,7359.9539587499185
2025-06-12,1402.6080967780572,1257.4559827524254,1513.6318720804886,12,us-east-1,32.773,7359.9539587499185
2025-06-12,1794.6954725116782,1570.3602227811714,2055.1563061444485,10,us-west-2,32.773,7359.9539587499185
2025-06-13,1387.5033686669065,1252.1334890406038,1525.3997484728711,12,us-east-1,32.773,7359.9539587499185
2025-06-13,1262.684902383519,1235.7393100970178,1290.626122888969,6,us-east-2,32.773,7359.9539587499185
2025-06-13,1827.7600610851598,1479.8329141214517,2000.381782249371,12,us-west-2,32.773,7359.9539587499185
2025-06-14,1382.242633848365,1245.8902263744162,1540.1545095220984,12,us-east-1,32.773,7359.9539587499185
2025-06-14,1315.032114624506,1265.0242544017249,1370.306324110672,8,us-east-2,32.773,7359.9539587499185
2025-06-14,1750.1184137457944,1432.2224218469278,1988.0973769313694,11,us-west-2,32.773,7359.9539587499185
2025-06-15,1379.7947358965146,1236.6376212720086,1539.0540783327347,12,us-east-1,32.773,7359.9539587499185
2025-06-15,1355.7055592628715,1308.5249730506648,1400.6467840459936,7,us-east-2,32.773,7359.9539587499185
2025-06-15,1748.9856569649062,1398.6704994610134,2011.8352497305066,12,us-west-2,32.773,7359.9539587499185
2025-06-16,1701.1812791951131,1389.2831476823574,2011.2513474667626,10,us-west-2,32.773,7359.9539587499185
2025-06-16,1371.6662674172558,1235.9414301113907,1544.0397053539348,9,us-east-1,32.773,7359.9539587499185
2025-06-16,1416.5974218469278,1353.9346029464607,1491.510959396335,8,us-east-2,32.773,7359.9539587499185
2025-06-17,1680.7495658162654,1373.989399928135,2046.6897233201582,12,us-west-2,24.153,5424.1286414330925
2025-06-17,1369.9694574200503,1224.3532159540066,1525.7815307222422,11,us-east-1,24.153,5424.1286414330925
2025-06-17,1480.7212440611652,1401.2980596478621,1580.51113905857,9,us-east-2,24.153,5424.1286414330925
2025-06-18,1354.8186228073043,1211.9565217391305,1518.1683435141936,11,us-east-1,24.153,5424.1286414330925
2025-06-18,1550.9005569529286,1435.9504132231407,1671.8469277757815,8,us-east-2,24.153,5424.1286414330925
2025-06-18,1705.2110214614709,1376.302551203737,2029.8239310097017,11,us-west-2,24.153,5424.1286414330925
2025-06-19,1425.9616920190044,1209.6433704635288,1516.281890046712,9,us-east-1,24.153,5424.1286414330925
2025-06-19,1642.8314768235718,1502.0436579231045,1818.9678404599356,8,us-east-2,24.153,5424.1286414330925
2025-06-19,1688.7213576936897,1389.395436579231,2029.3074020840818,13,us-west-2,24.153,5424.1286414330925
2025-06-20,1354.947698327145,1195.405138339921,1481.4498742364356,9,us-east-1,24.153,5424.1286414330925
2025-06-20,1731.588704145298,1382.703018325548,2018.8420768954365,11,us-west-2,24.153,5424.1286414330925
2025-06-20,1749.6374672758072,1555.2236794825728,1929.684692777578,7,us-east-2,24.153,5424.1286414330925
2025-06-21,1692.385430774759,1380.704275961193,2041.9511318720804,13,us-west-2,24.153,5424.1286414330925
2025-06-21,1833.8199185531203,1586.3726194753863,2052.304168163852,9,us-east-2,24.153,5424.1286414330925
2025-06-21,1329.7315332888454,1193.6309737693139,1462.3832195472512,14,us-east-1,24.153,5424.1286414330925
2025-06-22,1927.214337046353,1656.2387711103127,2213.303988501617,8,us-east-2,24.153,5424.1286414330925
2025-06-22,1326.462001437298,1177.8656126482213,1446.8873517786562,10,us-east-1,24.153,5424.1286414330925
2025-06-22,1823.5617039964866,1429.1681638519585,2093.49173553719,9,us-west-2,24.153,5424.1286414330925
2025-06-23,1302.5387271928776,1153.0946819978442,1437.4326266618757,9,us-east-1,24.153,5424.1286414330925
2025-06-23,2035.6292669780814,1766.7984189723322,2278.8807042759613,6,us-east-2,24.153,5424.1286414330925
2025-06-23,1790.9158282429034,1430.807581746317,2114.377470355731,10,us-west-2,24.153,5424.1286414330925
2025-06-24,1811.6937657204458,1437.3877111031263,2160.4159180740207,10,us-west-2,24.153,5424.1286414330925
2025-06-24,1314.8580668343513,1121.8559108875315,1414.0316205533597,14,us-east-1,24.153,5424.1286414330925
2025-06-24,2026.1248139212569,1841.4031620553362,2323.4144807761413,7,us-east-2,24.153,5424.1286414330925
2025-06-25,1308.7682656605582,1107.7748832195473,1391.5064678404601,12,us-east-1,24.153,5424.1286414330925
2025-06-25,1753.666742887009,1420.117678763924,2206.7687747035575,11,us-west-2,24.153,5424.1286414330925
2025-06-25,2245.9700762566376,2005.0530003593246,2494.408012935681,9,us-east-2,24.153,5424.1286414330925
2025-06-26,1249.9051782648621,1077.2547610492275,1396.0653970535395,9,us-east-1,24.153,5424.1286414330925
2025-06-26,1837.2198902427074,1397.7721882860224,2218.8735177865615,11,us-west-2,24.153,5424.1286414330925
2025-06-26,2319.042699724518,2083.2734459216676,2534.337944664032,6,us-east-2,24.153,5424.1286414330925
2025-06-27,2370.6712630255124,2078.9615522817103,2666.389687387711,8,us-east-2,24.153,5424.1286414330925
2025-06-27,1737.4958292695449,1355.214696370823,2213.1916996047435,14,us-west-2,24.153,5424.1286414330925
2025-06-27,1276.9368587056333,1058.4351419331658,1411.112109234639,9,us-east-1,24.153,5424.1286414330925
2025-06-28,1258.3902263744162,1041.4795185052103,1444.0576715774346,10,us-east-1,24.153,5424.1286414330925
2025-06-28,2363.671654432524,2051.091448077614,2798.149478979519,7,us-east-2,24.153,5424.1286414330925
2025-06-28,1796.4045095220986,1349.2184692777578,2198.1449874236437,10,us-west-2,24.153,5424.1286414330925
2025-06-29,2457.012067313451,1992.1397772188286,2910.7977003233923,6,us-east-2,24.153,5424.1286414330925
2025-06-29,1301.7039329696536,1026.4328063241107,1460.811174991017,11,us-east-1,24.153,5424.1286414330925
2025-06-29,1753.724536333232,1328.3327344592167,2221.50107797341,13,us-west-2,24.153,5424.1286414330925
2025-06-30,1272.067830660177,1016.1246855910889,1462.9671218109954,11,us-east-1,24.153,5424.1286414330925
2025-06-30,1865.019388549527,1312.522457779375,2212.315846209127,12,us-west-2,24.153,5424.1286414330925
2025-06-30,2382.0713932806325,1877.784764642472,2872.5745598275244,8,us-east-2,24.153,5424.1286414330925
2025-07-01,1334.032927187796,1034.1358246496586,1489.0630614444844,11,us-east-1,24.153,5424.1286414330925
2025-07-01,1779.4231460239366,1308.592346388789,2142.2026590010782,13,us-west-2,24.153,5424.1286414330925
2025-07-01,2297.644178943586,1864.8939992813512,2767.9213079410706,6,us-east-2,24.153,5424.1286414330925
2025-07-02,1352.785513235118,1033.304886812792,1512.531440891125,12,us-east-1,24.153,5424.1286414330925
2025-07-02,1763.483305232317,1325.0988142292492,2121.204635285663,13,us-west-2,24.153,5424.1286414330925
2025-07-02,2212.219598583235,1890.1140855192239,2642.6967301473233,7,us-east-2,24.153,5424.1286414330925
2025-07-03,2241.2799650941947,1917.6248652533238,2609.9757455982754,7,us-east-2,24.153,5424.1286414330925
2025-07-03,1831.9729363342374,1329.4780812073302,2102.5646784045994,11,us-west-2,24.153,5424.1286414330925
2025-07-03,1315.1743472272128,1036.3142292490118,1507.2763205174272,12,us-east-1,24.153,5424.1286414330925
2025-07-04,1293.5825291309482,1042.0858785483292,1500.7860222781171,14,us-east-1,24.153,5424.1286414330925
2025-07-04,1825.121272008624,1378.6381602587137,2121.9457420050308,11,us-west-2,24.153,5424.1286414330925
2025-07-04,2315.801293568092,2016.1471433704635,2610.6719367588935,8,us-east-2,24.153,5424.1286414330925
2025-07-05,1753.2298369973541,1380.210204814948,2147.188286022278,11,us-west-2,24.153,5424.1286414330925
2025-07-05,2328.702040164491,2120.7330219187925,2543.3884297520663,9,us-east-2,24.153,5424.1286414330925
2025-07-05,1323.48634567014,1065.307222421847,1505.8839381961911,10,us-east-1,24.153,5424.1286414330925
2025-07-06,2362.6706791232486,2217.3688465684513,2547.318541142652,7,us-east-2,24.153,5424.1286414330925
2025-07-06,1756.7577499755005,1388.5420409629896,2174.51940352138,11,us-west-2,24.153,5424.1286414330925
2025-07-06,1324.1948886094144,1058.8618397412865,1528.6561264822135,12,us-east-1,24.153,5424.1286414330925
2025-07-07,1818.3184363396815,1440.7563780093426,2157.676068990298,12,us-west-2,24.153,5424.1286414330925
2025-07-07,1366.4959875434186,1058.2554796981676,1525.107797340999,9,us-east-1,24.153,5424.1286414330925
2025-07-07,2361.573055156306,2219.47987782968,2505.232662594323,8,us-east-2,24.153,5424.1286414330925
2025-07-08,1370.5373184128125,1035.1913402802732,1537.594322673374,14,us-east-1,24.153,5424.1286414330925
2025-07-08,2388.8789076536113,2311.1749910168883,2460.8336327703914,7,us-east-2,24.153,5424.1286414330925
2025-07-08,1808.382740447958,1458.4531081566656,2177.438914840101,12,us-west-2,24.153,5424.1286414330925
2025-07-09,2388.2528970535395,2347.781171397772,2428.5168882500902,8,us-east-2,24.153,5424.1286414330925
2025-07-09,1817.0670956783067,1495.396155228171,2157.8557312252965,11,us-west-2,24.153,5424.1286414330925
2025-07-09,1309.3042579949695,1024.703557312253,1537.3248293208767,10,us-east-1,24.153,5424.1286414330925
2025-07-10,2430.0760997895386,2362.333812432627,2500.6512756018687,7,us-east-2,24.153,5424.1286414330925
2025-07-10,1329.1793927416459,1006.1085159899391,1540.5362917714697,10,us-east-1,24.153,5424.1286414330925
2025-07-10,1862.8372409869446,1523.1539705353937,2168.2536830758177,12,us-west-2,24.153,5424.1286414330925
2025-07-11,1874.4212803007272,1605.4617319439453,2152.106539705354,13,us-west-2,24.153,5424.1286414330925
2025-07-11,1328.340220385675,986.4579590370105,1584.3514193316566,9,us-east-1,24.153,5424.1286414330925
2025-07-11,2480.0406485806684,2372.102946460654,2581.6564858066836,8,us-east-2,24.153,5424.1286414330925
2025-07-12,1343.1074579789995,989.1528925619834,1619.3406395975567,9,us-east-1,24.153,5424.1286414330925
2025-07-12,1838.1898281231286,1616.8702838663314,2091.5603665109593,12,us-west-2,24.153,5424.1286414330925
2025-07-12,2520.0772547610495,2408.6192957240387,2605.192238591448,5,us-east-2,24.153,5424.1286414330925
2025-07-13,1886.2401185770752,1611.210923463888,2056.9753862738053,10,us-west-2,24.153,5424.1286414330925
2025-07-13,2503.5233760530205,2398.6255839022638,2628.930111390586,9,us-east-2,24.153,5424.1286414330925
2025-07-13,1386.19707449994,1017.0903701042042,1617.4541861300756,12,us-east-1,24.153,5424.1286414330925
2025-07-14,1870.3250389268178,1634.4547251167805,2060.3665109593967,12,us-west-2,24.153,5424.1286414330925
2025-07-14,2523.2924601748714,2359.1897233201585,2681.795724038807,6,us-east-2,24.153,5424.1286414330925
2025-07-14,1380.896187894032,1103.6875673733382,1654.195113187208,11,us-east-1,24.153,5424.1286414330925
2025-07-15,1915.2712899748472,1698.9759252605104,2087.315846209127,10,us-west-2,24.153,5424.1286414330925
2025-07-15,2495.630357784508,2296.307941070787,2663.3129716133667,7,us-east-2,24.153,5424.1286414330925
2025-07-15,1444.0144835401754,1155.4976643909451,1733.4710743801654,13,us-east-1,24.153,5424.1286414330925
2025-07-16,1962.3987672406645,1773.9175350341359,2123.9444843693855,13,us-west-2,24.153,5424.1286414330925
2025-07-16,2395.5741331297163,2206.02766798419,2595.220984549048,8,us-east-2,24.153,5424.1286414330925
2025-07-16,1531.4229249011858,1204.6577434423284,1804.1681638519583,10,us-east-1,24.153,5424.1286414330925
2025-07-17,2303.149142112828,2183.9067553000364,2449.896694214876,8,us-east-2,24.153,5424.1286414330925
2025-07-17,1634.640512200699,1252.402982393101,1931.077075098814,11,us-east-1,24.153,5424.1286414330925
2025-07-17,1972.9902014981067,1833.2734459216672,2159.4726913402806,13,us-west-2,24.153,5424.1286414330925
2025-07-18,1663.8987453587258,1330.3539346029465,1935.2093065037732,12,us-east-1,24.153,5424.1286414330925
2025-07-18,2298.2617678763927,2156.1713977721884,2385.4428674092705,8,us-east-2,24.153,5424.1286414330925
2025-07-18,2002.8113056544607,1879.7610492274525,2199.784405318002,11,us-west-2,24.153,5424.1286414330925
2025-07-19,2186.836247854035,2032.8332734459218,2364.2876392382323,9,us-east-2,24.153,5424.1286414330925
2025-07-19,2025.5394857667586,1855.4168163851957,2152.5107797340997,9,us-west-2,24.153,5424.1286414330925
2025-07-19,1702.793747754222,1438.7127200862378,1892.3598634567013,11,us-east-1,24.153,5424.1286414330925
2025-07-20,1789.7862019403522,1535.4383758533957,1941.2729069349623,10,us-east-1,24.153,5424.1286414330925
2025-07-20,2079.6072134387355,1910.0341358246499,2254.446640316206,8,us-east-2,24.153,5424.1286414330925
2025-07-20,2039.6338973638651,1909.6748113546532,2190.9135824649657,11,us-west-2,24.153,5424.1286414330925
2025-07-21,1871.110312612289,1611.3905856988863,2017.9886812791951,10,us-east-1,24.153,5424.1286414330925
2025-07-21,1974.799876232683,1816.8343514193316,2146.53701042041,9,us-east-2,24.153,5424.1286414330925
2025-07-21,2040.0743031671886,1983.1117499101688,2192.800035932447,7,us-west-2,24.153,5424.1286414330925
2025-07-22,1906.6080768155869,1686.3097376931369,2083.385734818541,9,us-east-1,24.153,5424.1286414330925
2025-07-22,1925.4199604743085,1787.7290693496227,2052.191879266978,10,us-east-2,24.153,5424.1286414330925
2025-07-22,2063.577973409989,1963.5510240747394,2192.4856270212003,12,us-west-2,24.153,5424.1286414330925
2025-07-23,1922.544990418014,1765.7204455623428,2153.02730865972,12,us-east-1,24.153,5424.1286414330925
2025-07-23,2097.698826206731,1867.1846927775782,2289.5706072583544,12,us-west-2,24.153,5424.1286414330925
2025-07-23,1891.9481375014973,1869.834710743802,1911.7858426158823,9,us-east-2,24.153,5424.1286414330925
2025-07-24,2061.5895961745764,1858.0443765720447,2312.6572044556237,13,us-west-2,24.153,5424.1286414330925
2025-07-24,1902.3022432113341,1833.4755659360403,1996.3618397412865,7,us-east-2,24.153,5424.1286414330925
2025-07-24,2005.5264852078096,1849.4430470715058,2229.810456342077,12,us-east-1,24.153,5424.1286414330925
2025-07-25,2101.010600071865,1879.8733381243262,2312.54491555875,10,us-west-2,24.153,5424.1286414330925
2025-07-25,1948.7738052461375,1812.8593244699966,2035.3710025152714,8,us-east-2,24.153,5424.1286414330925
2025-07-25,2072.4692124260937,1853.2833273445922,2238.3668702838663,11,us-east-1,24.153,5424.1286414330925
2025-07-26,2052.0234459216676,1858.807941070787,2314.4987423643547,12,us-west-2,24.153,5424.1286414330925
2025-07-26,2055.940286806259,1829.8598634567013,2220.6252245777937,11,us-east-1,24.153,5424.1286414330925
2025-07-26,1908.3786766593091,1799.2499101688825,2037.7964426877472,7,us-east-2,24.153,5424.1286414330925
2025-07-27,1946.5857758841946,1823.392022996766,2042.3329141214515,7,us-east-2,24.153,5424.1286414330925
2025-07-27,2047.2695423512887,1854.7206252245778,2309.760150916278,11,us-west-2,24.153,5424.1286414330925
2025-07-27,2110.3844771828963,1840.033237513475,2283.4620912684154,10,us-east-1,24.153,5424.1286414330925
2025-07-28,1923.4863456701403,1824.8517786561265,2048.104563420769,7,us-east-2,24.153,5424.1286414330925
2025-07-28,2106.2667569584564,1850.6782249371183,2246.00251527129,13,us-east-1,24.153,5424.1286414330925
2025-07-28,2014.026754701162,1814.0046712181102,2296.420229967661,12,us-west-2,24.153,5424.1286414330925
2025-07-29,1901.001616960115,1822.4937118217752,2010.6449874236434,5,us-east-2,24.153,5424.1286414330925
2025-07-29,2006.896579884363,1769.3361480416818,2301.428314768236,11,us-west-2,24.153,5424.1286414330925
2025-07-29,2083.2346552118383,1846.523535752785,2233.6058210564142,11,us-east-1,24.153,5424.1286414330925
2025-07-30,2091.0275046548854,1839.606539705354,2256.804707150557,11,us-east-1,24.153,5424.1286414330925
2025-07-30,1879.7573062642234,1806.3016528925623,1968.5366510959395,6,us-east-2,24.153,5424.1286414330925
2025-07-30,2000.5439773226333,1774.2319439453827,2303.51688825009,9,us-west-2,24.153,5424.1286414330925
2025-07-31,1887.7560186848725,1848.499820337765,1971.6807402084085,5,us-east-2,24.153,5424.1286414330925
2025-07-31,1989.705699438901,1782.1146245059288,2286.808300395257,13,us-west-2,24.153,5424.1286414330925
2025-07-31,2082.7983775118164,1835.6315127560188,2242.0724038807043,13,us-east-1,24.153,5424.1286414330925
2025-08-01,2091.058128899487,1842.2340998922025,2236.5702479338843,11,us-east-1,24.153,5424.1286414330925
2025-08-01,2030.3535603066236,1805.2685950413227,2273.5357527847646,12,us-west-2,24.153,5424.1286414330925
2025-08-01,1917.8269852676967,1852.7218828602229,1987.2215235357526,8,us-east-2,24.153,5424.1286414330925
2025-08-02,1982.3687717091868,1821.9547251167805,2236.0537190082646,12,us-west-2,24.153,5424.1286414330925
2025-08-02,2087.5200078398066,1833.0713259072943,2249.1016888250088,11,us-east-1,24.153,5424.1286414330925
2025-08-02,1897.837066315327,1789.9973050664753,2000.9432267337409,9,us-east-2,24.153,5424.1286414330925
2025-08-03,2076.7906336088154,1825.7276320517428,2213.8205174272366,12,us-east-1,24.153,5424.1286414330925
2025-08-03,1888.9949395137144,1762.4191519942508,2019.5607258354294,6,us-east-2,24.153,5424.1286414330925
2025-08-03,2039.5200772547612,1800.2380524613727,2360.2676967301477,12,us-west-2,24.153,5424.1286414330925
2025-08-04,2095.2950952209844,1851.9134028027308,2227.7667984189725,10,us-east-1,24.153,5424.1286414330925
2025-08-04,2117.201025708033,1781.3959755659362,2458.093783686669,11,us-west-2,24.153,5424.1286414330925
2025-08-04,1843.4861210923464,1698.7288896873877,2053.5842615882143,8,us-east-2,24.153,5424.1286414330925
2025-08-05,1897.242826343617,1662.8862738052462,2080.2416457060726,7,us-east-2,24.153,5424.1286414330925
2025-08-05,2221.7358638486917,1776.00610851599,2548.688465684513,11,us-west-2,24.153,5424.1286414330925
2025-08-05,2096.712181099533,1865.3206970894717,2238.1872080488683,10,us-east-1,24.153,5424.1286414330925
2025-08-06,1767.7341597796146,1593.7612288896876,2058.345310815667,6,us-east-2,24.153,5424.1286414330925
2025-08-06,2185.0914031620555,1775.9836507366153,2535.6629536471437,12,us-west-2,24.153,5424.1286414330925
2025-08-06,2060.5304527488324,1857.5727632051744,2258.7585339561624,10,us-east-1,24.153,5424.1286414330925
2025-08-07,2163.385959396335,1762.082285303629,2551.0689902982394,12,us-west-2,24.153,5424.1286414330925
2025-08-07,1804.3253683075818,1515.1140855192239,2068.204275961193,8,us-east-2,24.153,5424.1286414330925
2025-08-07,2054.673463887891,1850.790513833992,2274.4565217391305,12,us-east-1,24.153,5424.1286414330925
2025-08-08,2313.314604906412,1776.2980596478621,2544.5786920589294,11,us-west-2,24.153,5424.1286414330925
2025-08-08,1778.4511992454186,1490.9495149119655,2068.1369026230686,8,us-east-2,24.153,5424.1286414330925
2025-08-08,2100.610851598994,1866.308839381962,2239.085519223859,13,us-east-1,24.153,5424.1286414330925
2025-08-09,2334.006386175808,1788.9417894358605,2574.1780452748835,11,us-west-2,24.153,5424.1286414330925
2025-08-09,1714.9134626901425,1426.5630614444844,2052.393999281351,9,us-east-2,24.153,5424.1286414330925
2025-08-09,2084.388848963948,1857.7524254401726,2235.402443406396,12,us-east-1,24.153,5424.1286414330925
2025-08-10,2076.421781596054,1841.3582464965864,2235.5596478620196,11,us-east-1,24.153,5424.1286414330925
2025-08-10,1671.009573430522,1368.5995328781892,2058.7944664031625,7,us-east-2,24.153,5424.1286414330925
2025-08-10,2299.691045120887,1788.3354293927416,2643.99928135106,14,us-west-2,24.153,5424.1286414330925
2025-08-11,2097.791379479306,1844.2553000359324,2254.0424002874597,11,us-east-1,24.153,5424.1286414330925
2025-08-11,2329.1165109593962,1788.2905138339922,2591.2459575997127,10,us-west-2,24.153,5424.1286414330925
2025-08-11,1738.5889527687948,1335.698886094143,2063.9822134387355,9,us-east-2,24.153,5424.1286414330925
2025-08-12,1686.4669421487606,1299.609234638879,2075.4356809198707,8,us-east-2,24.153,5424.1286414330925
2025-08-12,2010.4260240747396,1820.7420050305427,2239.018145885735,12,us-east-1,24.153,5424.1286414330925
2025-08-12,2285.262796851011,1795.3647143370463,2602.5871361839745,11,us-west-2,24.153,5424.1286414330925
2025-08-13,2033.576251646904,1790.424002874596,2248.4279554437658,12,us-east-1,24.153,5424.1286414330925
2025-08-13,1679.482572763205,1281.4184333453109,2074.6496586417534,10,us-east-2,24.153,5424.1286414330925
2025-08-13,2265.1998334041095,1810.613546532519,2617.1622349982035,11,us-west-2,24.153,5424.1286414330925
2025-08-14,2053.7741319047464,1791.5468918433346,2238.860941430112,11,us-east-1,24.153,5424.1286414330925
2025-08-14,1618.079795698373,1268.5501257635647,2074.49245418613,7,us-east-2,24.153,5424.1286414330925
2025-08-14,2296.9735079868033,1843.6713977721884,2630.165289256199,11,us-west-2,24.153,5424.1286414330925
2025-08-15,1612.7444689697654,1260.5776140855194,2074.7394897592526,7,us-east-2,24.153,5424.1286414330925
2025-08-15,2115.5153311773865,1801.3160258713617,2288.4252605102406,12,us-east-1,24.153,5424.1286414330925
2025-08-15,2313.308480057492,1862.8054257994972,2582.2628458498025,13,us-west-2,24.153,5424.1286414330925
2025-08-16,2099.3064289136423,1804.7296083363276,2390.6530722242182,12,us-east-1,24.153,5424.1286414330925
2025-08-16,1716.7749630694295,1244.3406395975567,2104.54096298958,9,us-east-2,24.153,5424.1286414330925
2025-08-16,2225.4573901065996,1841.1112109234641,2619.8571685231764,12,us-west-2,24.153,5424.1286414330925
2025-08-17,2154.569409510121,1816.4525691699605,2467.3913043478265,12,us-east-1,24.153,5424.1286414330925
2025-08-17,2258.127674517362,1828.736974487963,2632.6581027667985,11,us-west-2,24.153,5424.1286414330925
2025-08-17,1681.6722062522458,1234.908372260151,2130.4796981674453,6,us-east-2,24.153,5424.1286414330925
2025-08-18,1651.0387743768988,1226.6663672296086,2182.4469996406756,11,us-east-2,24.153,5424.1286414330925
2025-08-18,2096.56657982992,1815.0601868487247,2549.227452389508,12,us-east-1,24.153,5424.1286414330925
2025-08-18,2285.5749940112587,1801.2711103126123,2607.8647143370463,12,us-west-2,24.153,5424.1286414330925
2025-08-19,2185.6707117891096,1775.3997484728711,2563.1512756018687,11,us-west-2,24.153,5424.1286414330925
2025-08-19,1618.1920845952466,1192.8224937118218,2186.085159899389,7,us-east-2,24.153,5424.1286414330925
2025-08-19,2196.8068780692297,1819.6415738411786,2685.4338842975208,12,us-east-1,24.153,5424.1286414330925
2025-08-20,1678.3051434731278,1138.7217031979878,2083.0488681279194,7,us-east-2,24.153,5424.1286414330925
2025-08-20,2242.3007246376815,1824.1555874955086,2713.7531440891125,12,us-east-1,24.153,5424.1286414330925
2025-08-20,2158.2300275482094,1792.3329141214517,2518.5725835429394,12,us-west-2,24.153,5424.1286414330925
2025-08-21,2214.535083134616,1830.9827524254404,2475.49856270212,11,us-west-2,24.153,5424.1286414330925
2025-08-21,1520.745373697449,1060.3440531800215,1990.096119295724,8,us-east-2,24.153,5424.1286414330925
2025-08-21,2268.2602162479993,1865.2533237513476,2749.775422206252,11,us-east-1,24.153,5424.1286414330925
2025-08-22,1393.9447410297214,1010.8695652173914,1899.815846209127,7,us-east-2,24.153,5424.1286414330925
2025-08-22,2367.0424601748714,1887.4865253323753,2918.837585339562,12,us-east-1,24.153,5424.1286414330925
2025-08-22,2178.831297161337,1836.7544017247574,2408.798957959037,13,us-west-2,24.153,5424.1286414330925
2025-08-23,2326.9291232482933,1886.5432985986345,3022.2781171397774,12,us-east-1,24.153,5424.1286414330925
2025-08-23,2160.8793649756644,1863.8609414301116,2412.392202659001,11,us-west-2,24.153,5424.1286414330925
2025-08-23,1296.159158282429,938.6453467481135,1857.6850521020483,8,us-east-2,24.153,5424.1286414330925
2025-08-24,1392.779075338364,902.3535752784765,1895.5713259072943,6,us-east-2,24.153,5424.1286414330925
2025-08-24,2258.094157982992,1923.48634567014,2974.3532159540064,12,us-east-1,24.153,5424.1286414330925
2025-08-24,2113.4297520661157,1828.5797700323394,2420.3422565576716,10,us-west-2,24.153,5424.1286414330925
2025-08-25,2180.2079590370104,1804.3927416457059,2421.3528566295367,10,us-west-2,24.153,5424.1286414330925
2025-08-25,1335.5816065796305,872.0131153431548,1912.6392382321237,9,us-east-2,24.153,5424.1286414330925
2025-08-25,2393.375275909861,1987.2888968738773,2917.6473230326988,14,us-east-1,24.153,5424.1286414330925
2025-08-26,2129.532388201091,1787.6392382321237,2503.4584980237155,11,us-west-2,24.153,5424.1286414330925
2025-08-26,1257.5778964118886,825.8174631692418,1844.794286740927,7,us-east-2,24.153,5424.1286414330925
2025-08-26,2459.2166726554083,2081.0501257635647,2816.632231404959,12,us-east-1,24.153,5424.1286414330925
2025-08-27,2119.385555156306,1778.521379805965,2511.228889687388,10,us-west-2,24.153,5424.1286414330925
2025-08-27,1438.136303748952,815.711462450593,1766.6412145167087,6,us-east-2,24.153,5424.1286414330925
2025-08-27,2428.26168621174,2081.095041322314,2762.4416097736257,11,us-east-1,24.153,5424.1286414330925
2025-08-28,1194.5324931985012,800.8219547251168,1717.1667265540784,7,us-east-2,24.153,5424.1286414330925
2025-08-28,2172.3821715175472,1781.598095580309,2563.3309378368667,12,us-west-2,24.153,5424.1286414330925
2025-08-28,2423.87561384597,2054.0558749550846,2672.5431189363994,12,us-east-1,24.153,5424.1286414330925
2025-08-29,1299.1215800010266,829.4780812073302,1681.0770750988142,7,us-east-2,24.153,5424.1286414330925
2025-08-29,2374.339741286382,2033.507006827165,2654.644268774704,10,us-east-1,24.153,5424.1286414330925
2025-08-29,2142.7124505928855,1796.0833632770393,2585.6988860941433,10,us-west-2,24.153,5424.1286414330925
2025-08-30,2419.617993172835,2044.2867409270573,2666.2998562702123,12,us-east-1,24.153,5424.1286414330925
2025-08-30,2199.102505471532,1812.6796622349984,2591.829859863457,11,us-west-2,24.153,5424.1286414330925
2025-08-30,1202.94253054258,814.3639956881063,1611.907114624506,8,us-east-2,24.153,5424.1286414330925
2025-08-31,1106.2573789846517,796.6223499820338,1528.02730865972,7,us-east-2,24.153,5424.1286414330925
2025-08-31,2411.735936439494,2059.7601509162773,2669.982932087675,9,us-east-1,24.153,5424.1286414330925
2025-08-31,2250.893320557352,1805.9198706431907,2569.911067193676,9,us-west-2,24.153,5424.1286414330925
2025-09-01,2217.4549347227216,1811.7139777218829,2483.5384477182897,12,us-west-2,24.153,5424.1286414330925
2025-09-01,1148.216353255879,780.9019044196909,1462.1361839741287,9,us-east-2,24.153,5424.1286414330925
2025-09-01,2423.823212360762,2057.424541861301,2601.9583183614805,14,us-east-1,24.153,5424.1286414330925
2025-09-02,2394.4559228650137,2070.427596119296,2593.312073302192,9,us-east-1,24.153,5424.1286414330925
2025-09-02,1068.8715928340434,798.8456701401366,1429.9317283507007,7,us-east-2,24.153,5424.1286414330925
2025-09-02,2190.3500963642896,1819.3496227093067,2422.385914480776,11,us-west-2,24.153,5424.1286414330925
2025-09-03,2183.498023715415,1803.98850161696,2507.298778296802,10,us-west-2,24.153,5424.1286414330925
2025-09-03,2352.7115177312808,2065.0377290693496,2578.916636722961,13,us-east-1,24.153,5424.1286414330925
2025-09-03,1066.0322878702325,786.9655048508804,1430.3135106000718,7,us-east-2,24.153,5424.1286414330925
2025-09-04,2343.262345362148,1807.0876751706792,2723.3650736615164,14,us-west-2,24.153,5424.1286414330925
2025-09-04,2360.984474188526,2056.683435141933,2515.810276679842,12,us-east-1,24.153,5424.1286414330925
2025-09-04,918.0335968379447,786.898131512756,1425.8668702838663,5,us-east-2,24.153,5424.1286414330925
2025-09-05,2355.6463847965824,2047.0715055695293,2525.06288178225,9,us-east-1,24.153,5424.1286414330925
2025-09-05,922.8665109593964,793.4782608695652,1421.4202299676608,5,us-east-2,24.153,5424.1286414330925
2025-09-05,2318.1526230686313,1805.2236794825728,2729.0468918433344,10,us-west-2,24.153,5424.1286414330925
2025-09-06,2409.122991632873,2068.7432626661875,2663.3129716133667,14,us-east-1,24.153,5424.1286414330925
2025-09-06,2318.773206372021,1792.2430830039527,2709.7781171397774,12,us-west-2,24.153,5424.1286414330925
2025-09-06,1060.7572763205176,809.1987064319081,1439.2741645706074,5,us-east-2,24.153,5424.1286414330925
2025-09-07,2363.5484040004794,2034.023535752785,2692.822493711822,12,us-east-1,24.153,5424.1286414330925
2025-09-07,821.4494250808481,812.5673733381243,830.8704635285663,4,us-east-2,24.153,5424.1286414330925
2025-09-07,2208.839381961912,1824.0208408192598,2721.096837944664,10,us-west-2,24.153,5424.1286414330925
2025-09-08,2312.6710246275466,1830.0395256916995,2712.2484728710024,13,us-west-2,24.153,5424.1286414330925
2025-09-08,2283.882051742724,2040.603665109594,2687.3652533237514,10,us-east-1,24.153,5424.1286414330925
2025-09-08,995.2866735537191,834.6658282429034,1430.3584261588217,8,us-east-2,24.153,5424.1286414330925
2025-09-09,2291.0752784764645,1831.005210204815,2692.4407114624505,10,us-west-2,24.153,5424.1286414330925
2025-09-09,976.6304347826087,861.50287459576,1421.4426877470355,5,us-east-2,24.153,5424.1286414330925
2025-09-09,2403.147618192085,2012.711103126123,2700.0763564498743,14,us-east-1,24.153,5424.1286414330925
2025-09-10,2307.926779472773,1945.629716133669,2671.936758893281,11,us-west-2,24.153,5424.1286414330925
2025-09-10,1064.869295724039,868.8241106719368,1425.889328063241,6,us-east-2,24.153,5424.1286414330925
2025-09-10,2368.0006587615285,1998.8771110312614,2700.3683075817466,15,us-east-1,24.153,5424.1286414330925
2025-09-11,1034.1313330937837,927.4838303988503,1426.2486525332374,5,us-east-2,24.153,5424.1286414330925
2025-09-11,2356.8357397184204,2011.9475386273807,2639.4852676967303,11,us-west-2,24.153,5424.1286414330925
2025-09-11,2358.1772517666786,1979.922745238951,2696.6403162055335,12,us-east-1,24.153,5424.1286414330925
2025-09-12,2354.0162675987326,2114.5571325907295,2590.0556952928496,11,us-west-2,24.153,5424.1286414330925
2025-09-12,2357.264479142848,1951.019583183615,2693.4737693136904,11,us-east-1,24.153,5424.1286414330925
2025-09-12,1108.5031569221294,967.6158821415739,1426.2486525332374,7,us-east-2,24.153,5424.1286414330925
2025-09-13,2388.164750269493,1955.3539346029463,2684.715235357528,10,us-east-1,24.153,5424.1286414330925
2025-09-13,2335.0251527129,2250.1796622349984,2560.2542220625223,10,us-west-2,24.153,5424.1286414330925
2025-09-13,1119.3181818181818,1014.7323032698527,1426.2711103126123,4,us-east-2,24.153,5424.1286414330925
2025-09-14,1088.4162773984908,1017.4272367948258,1426.2711103126123,6,us-east-2,24.153,5424.1286414330925
2025-09-14,2374.654966844151,1938.01652892562,2672.2960833632774,11,us-east-1,24.153,5424.1286414330925
2025-09-14,2411.928075218589,2309.333453108157,2527.03916636723,12,us-west-2,24.153,5424.1286414330925
2025-09-15,1200.981084133258,1024.9281351060006,1426.2711103126123,7,us-east-2,24.153,5424.1286414330925
2025-09-15,2289.1832105641392,1901.4777218828606,2663.8744160977367,12,us-east-1,24.153,5424.1286414330925
2025-09-15,2457.058684219123,2367.0499461013296,2558.4800574919154,11,us-west-2,24.153,5424.1286414330925
2025-09-16,2521.112354228596,2406.2163133309377,2643.033596837945,11,us-west-2,24.153,5424.1286414330925
2025-09-16,1135.1172296083364,1045.0278476464248,1426.2711103126123,6,us-east-2,24.153,5424.1286414330925
2025-09-16,2266.0593538692715,1813.5555156306145,2667.9617319439453,11,us-east-1,24.153,5424.1286414330925
2025-09-17,1189.9523895077257,1110.7842256557674,1426.2711103126123,5,us-east-2,24.153,5424.1286414330925
2025-09-17,2313.012785962391,1819.5742005030543,2677.1469637082287,12,us-east-1,24.153,5424.1286414330925
2025-09-17,2516.590174109039,2405.385375494071,2657.3167445203017,11,us-west-2,24.153,5424.1286414330925
2025-09-18,2275.6411696011496,1781.0366510959398,2682.4694574200503,12,us-east-1,24.153,5424.1286414330925
2025-09-18,1233.7809917355373,1161.2468559108875,1426.2711103126123,5,us-east-2,24.153,5424.1286414330925
2025-09-18,2532.638639358007,2393.0785123966944,2678.1575637800934,9,us-west-2,24.153,5424.1286414330925
2025-09-19,1330.9029025432187,1222.3320158102767,1443.9229249011858,9,us-east-2,24.153,5424.1286414330925
2025-09-19,2502.5096568451313,2369.3406395975567,2698.324649658642,12,us-west-2,24.153,5424.1286414330925
2025-09-19,2237.9154689184334,1741.9601149838304,2679.819439453827,10,us-east-1,24.153,5424.1286414330925
2025-09-20,1314.3265660558152,1265.7429033417177,1439.4762845849802,6,us-east-2,24.153,5424.1286414330925
2025-09-20,2527.1271260031144,2382.4784405318005,2709.710743801653,12,us-west-2,24.153,5424.1286414330925
2025-09-20,2247.76238852775,1748.6749910168883,2695.0682716492997,11,us-east-1,24.153,5424.1286414330925
2025-09-21,1401.128022175453,1331.9484369385557,1448.3471074380166,7,us-east-2,24.153,5424.1286414330925
2025-09-21,2172.906934962271,1777.488321954725,2654.2400287459577,10,us-east-1,24.153,5424.1286414330925
2025-09-21,2497.383668702839,2379.9182536830763,2681.121990657564,10,us-west-2,24.153,5424.1286414330925
2025-09-22,2465.5824323000033,2326.086956521739,2633.174631692418,11,us-west-2,24.153,5424.1286414330925
2025-09-22,1442.2193419228993,1426.203736974488,1458.0039525691702,7,us-east-2,24.153,5424.1286414330925
2025-09-22,2284.51760689903,1778.6561264822135,2567.553000359325,12,us-east-1,24.153,5424.1286414330925
2025-09-23,1508.8708228530363,1466.0438375853396,1539.3684872439812,5,us-east-2,24.153,5424.1286414330925
2025-09-23,2166.115702479339,1778.0946819978442,2521.8738771110316,10,us-east-1,24.153,5424.1286414330925
2025-09-23,2382.1550485088037,2284.0909090909095,2583.0264103485447,10,us-west-2,24.153,5424.1286414330925
2025-09-24,1543.2536830758177,1466.0438375853396,1592.728171038448,7,us-east-2,24.153,5424.1286414330925
2025-09-24,2140.7878189004673,1806.818181818182,2512.5314408911245,11,us-east-1,24.153,5424.1286414330925
2025-09-24,2389.5363081044,2292.1083363277044,2545.1176787639242,11,us-west-2,24.153,5424.1286414330925
2025-09-25,1561.624146604384,1477.3176428314769,1614.3774703557315,6,us-east-2,24.153,5424.1286414330925
2025-09-25,2234.659465205414,1805.8300395256917,2627.8521379805966,12,us-east-1,24.153,5424.1286414330925
2025-09-25,2357.60324162004,2281.9349622709306,2505.9737693136904,14,us-west-2,24.153,5424.1286414330925
2025-09-26,1599.9932626661875,1426.203736974488,1708.430650377291,6,us-east-2,24.153,5424.1286414330925
2025-09-26,2355.8929213079414,2262.0598275242546,2483.695652173913,10,us-west-2,24.153,5424.1286414330925
2025-09-26,2297.502694933525,1777.6455264103486,2695.3826805605463,10,us-east-1,24.153,5424.1286414330925
2025-09-27,2326.707136736781,2271.1327703916636,2457.7569169960475,13,us-west-2,24.153,5424.1286414330925
2025-09-27,1600.684641445511,1412.9087315846211,1762.621272008624,7,us-east-2,24.153,5424.1286414330925
2025-09-27,2199.0957000838425,1752.8296802012217,2705.533596837945,12,us-east-1,24.153,5424.1286414330925
2025-09-28,2222.045247242876,1705.6683435141933,2576.3339920948615,13,us-east-1,24.153,5424.1286414330925
2025-09-28,2345.1592256557674,2290.109593963349,2465.7743442328424,12,us-west-2,24.153,5424.1286414330925
2025-09-28,1725.5749191519942,1412.9087315846211,1816.115702479339,5,us-east-2,24.153,5424.1286414330925
2025-09-29,2018.9337794945504,1632.6131872080489,2412.4146604383764,12,us-east-1,24.153,5424.1286414330925
2025-09-29,2302.4819589172357,2259.6793029105283,2377.5826446280994,12,us-west-2,24.153,5424.1286414330925
2025-09-29,1740.045589292131,1412.9087315846211,1869.4304707150557,4,us-east-2,24.153,5424.1286414330925
2025-09-30,2259.2284198015423,2174.204994610133,2366.308839381962,13,us-west-2,24.153,5424.1286414330925
2025-09-30,1810.7977003233923,1412.9087315846211,1941.4301113905858,5,us-east-2,24.153,5424.1286414330925
2025-09-30,2012.98059647862,1556.4813151275603,2359.3244699964066,9,us-east-1,24.153,5424.1286414330925
2025-10-01,1799.6429213079412,1412.9087315846211,2021.4920948616602,6,us-east-2,24.153,5424.1286414330925
2025-10-01,2226.7337405677326,2122.125404240029,2335.2721882860224,10,us-west-2,24.153,5424.1286414330925
2025-10-01,1935.2860372499701,1495.0592885375493,2364.6918792669785,12,us-east-1,24.153,5424.1286414330925
2025-10-02,2228.8672296083364,2111.6151634926337,2304.190621631333,11,us-west-2,24.153,5424.1286414330925
2025-10-02,1917.880322493712,1436.9834710743803,2375.808480057492,8,us-east-1,24.153,5424.1286414330925
2025-10-02,1798.9932498331707,1439.498742364355,2095.220984549048,7,us-east-2,24.153,5424.1286414330925
2025-10-03,2001.8303090190443,1452.703916636723,2266.6412145167087,8,us-east-2,24.153,5424.1286414330925
2025-10-03,2208.769558684219,2104.6532518864537,2279.442148760331,11,us-west-2,24.153,5424.1286414330925
2025-10-03,1936.3076960768303,1429.9766439094503,2367.948257276321,11,us-east-1,24.153,5424.1286414330925
2025-10-04,1950.098814229249,1437.095759971254,2360.2003233920227,11,us-east-1,24.153,5424.1286414330925
2025-10-04,1874.8203377650018,1474.9371182177506,2275.3772906934964,6,us-east-2,24.153,5424.1286414330925
2025-10-04,2183.59847123771,2082.8467481135467,2271.694214876033,11,us-west-2,24.153,5424.1286414330925
2025-10-05,2180.8281680440773,2047.6554078332738,2285.2362558390228,12,us-west-2,24.153,5424.1286414330925
2025-10-05,1960.9427134130692,1439.4538268056056,2444.6640316205535,7,us-east-1,24.153,5424.1286414330925
2025-10-05,2049.294825727632,1474.9371182177506,2257.9275961192957,4,us-east-2,24.153,5424.1286414330925
2025-10-06,2026.00610851599,1474.9371182177506,2220.220984549048,4,us-east-2,24.153,5424.1286414330925
2025-10-06,2191.397445529677,2056.0770750988145,2276.9717930291054,11,us-west-2,24.153,5424.1286414330925
2025-10-06,2071.321415738412,1439.4762845849802,2489.1528925619837,10,us-east-1,24.153,5424.1286414330925
2025-10-07,2171.4224757455986,2039.3684872439812,2297.49820337765,10,us-west-2,24.153,5424.1286414330925
2025-10-07,2114.826625943227,1440.0377290693498,2510.6899029823935,12,us-east-1,24.153,5424.1286414330925
2025-10-07,1891.3813459268003,1492.6563061444483,2191.924182536831,7,us-east-2,24.153,5424.1286414330925
2025-10-08,1838.8822763205176,1512.486525332375,2161.853215954007,8,us-east-2,24.153,5424.1286414330925
2025-10-08,2195.4396887697285,2044.623607617679,2308.929213079411,13,us-west-2,24.153,5424.1286414330925
2025-10-08,2063.6045144219775,1449.604743083004,2509.589471793029,11,us-east-1,24.153,5424.1286414330925
2025-10-09,2181.490672535633,2025.2874595759972,2293.725296442688,12,us-west-2,24.153,5424.1286414330925
2025-10-09,2141.9219367588935,1440.0601868487245,2483.8528566295367,10,us-east-1,24.153,5424.1286414330925
2025-10-09,1838.711035752785,1521.02048149479,2159.180740208408,8,us-east-2,24.153,5424.1286414330925
2025-10-10,1870.1074123504955,1510.1509162773987,2163.0210204814953,7,us-east-2,24.153,5424.1286414330925
2025-10-10,2167.018505210205,1430.8300395256917,2563.0614444843695,11,us-east-1,24.153,5424.1286414330925
2025-10-10,2171.214366990059,2035.797700323392,2292.4676607977003,12,us-west-2,24.153,5424.1286414330925
2025-10-11,2427.4097197269134,1437.0283866331297,2737.0418613007546,10,us-east-1,24.153,5424.1286414330925
2025-10-11,1747.8504696884145,1494.5876751706792,2093.222242184693,7,us-east-2,24.153,5424.1286414330925
2025-10-11,2168.1713378847767,2054.1457060725834,2298.0371900826444,12,us-west-2,24.153,5424.1286414330925
2025-10-12,2437.2180301034055,1435.4563420768955,2876.527128997485,9,us-east-1,24.153,5424.1286414330925
2025-10-12,1756.1141304347825,1493.8465684513114,2032.1595400646784,8,us-east-2,24.153,5424.1286414330925
2025-10-12,2158.1088916473395,2075.5928853754945,2287.077793747754,11,us-west-2,24.153,5424.1286414330925
2025-10-13,2441.7826985267698,1428.5393460294647,3061.938555515631,10,us-east-1,24.153,5424.1286414330925
2025-10-13,1793.8965370104204,1494.3406395975567,1991.600790513834,8,us-east-2,24.153,5424.1286414330925
2025-10-13,2151.052895556354,2033.0353934602947,2295.8587854832917,12,us-west-2,24.153,5424.1286414330925
2025-10-14,1753.0638827575588,1492.3418972332017,1953.8492633848368,7,us-east-2,24.153,5424.1286414330925
2025-10-14,2161.598013915657,2038.3354293927416,2264.9568810636006,11,us-west-2,24.153,5424.1286414330925
2025-10-14,2636.0242743641957,1393.909450233561,3195.8992094861665,9,us-east-1,24.153,5424.1286414330925
2025-10-15,2153.982628043893,2039.0540783327344,2250.920768954366,13,us-west-2,24.153,5424.1286414330925
2025-10-15,1781.5868666906217,1494.6325907294288,1969.5472511678045,8,us-east-2,24.153,5424.1286414330925
2025-10-15,2571.6362329729204,1403.1395975565936,3363.142292490119,11,us-east-1,24.153,5424.1286414330925
2025-10-16,2146.478274689737,2058.592346388789,2259.005569529285,13,us-west-2,24.153,5424.1286414330925
2025-10-16,1461.5320697089471,502.9868846568452,1921.0384477182897,10,us-east-2,24.153,5424.1286414330925
2025-10-16,2618.8792343122204,1412.4595759971253,3487.3562702120016,11,us-east-1,24.153,5424.1286414330925
2025-10-17,1649.9851433151828,503.301293568092,2204.500538986705,13,us-west-2,24.153,5424.1286414330925
2025-10-17,1341.8350424279279,507.83776500179664,1881.894538268056,13,us-east-2,24.153,5424.1286414330925
2025-10-17,2328.7294885615042,502.0661157024793,3671.55497664391,15,us-east-1,24.153,5424.1286414330925
2025-10-18,2024.7277426131182,525.3099173553719,3664.593065037729,13,us-east-1,24.153,5424.1286414330925
2025-10-18,1647.156002964427,535.4608336327705,2189.925440172476,16,us-west-2,24.153,5424.1286414330925
2025-10-18,1396.8391696338158,532.2942867409271,1853.5303629177147,11,us-east-2,24.153,5424.1286414330925
2025-10-19,1757.1626280093426,556.099532878189,2174.47448796263,16,us-west-2,24.153,5424.1286414330925
2025-10-19,1299.807611690023,565.0152712899749,1833.0937836866692,12,us-east-2,24.153,5424.1286414330925
2025-10-19,1936.399568810636,529.8688465684513,3446.819978440532,15,us-east-1,24.153,5424.1286414330925
2025-10-20,1714.1429469739746,589.696370822853,2188.3983111749912,14,us-west-2,24.153,5424.1286414330925
2025-10-20,1151.8797161336688,596.8604024434064,1827.9060366510962,10,us-east-2,24.153,5424.1286414330925
2025-10-20,2113.6187182382832,557.9186130075459,3306.1893639956884,14,us-east-1,24.153,5424.1286414330925
2025-10-21,1838.9424310867,619.0486884656846,2227.407473948976,14,us-west-2,21.958,4931.189363995688
2025-10-21,1339.7412863816025,650.0404240028746,1822.1793029105281,10,us-east-2,21.958,4931.189363995688
2025-10-21,2015.187073302192,601.6888250089831,3164.5706072583544,16,us-east-1,21.958,4931.189363995688
2025-10-22,1752.8985507246377,629.8957959037011,2201.603485447359,15,us-west-2,21.958,4931.189363995688
2025-10-22,1361.6065258851822,687.0283866331298,1803.3372260150916,13,us-east-2,21.958,4931.189363995688
2025-10-22,1856.5207026175408,627.605102407474,2919.48886094143,13,us-east-1,21.958,4931.189363995688
2025-10-23,1703.088506108516,669.0621631333095,2240.4779015450954,16,us-west-2,21.958,4931.189363995688
2025-10-23,1834.3980624118967,659.8769313690262,2769.1789435860583,13,us-east-1,21.958,4931.189363995688
2025-10-23,1340.0781530722243,724.6676248652533,1760.2407473948977,10,us-east-2,21.958,4931.189363995688
2025-10-24,1837.8757935082047,669.0846209126842,2654.3074020840822,15,us-east-1,21.958,4931.189363995688
2025-10-24,1731.6379581386993,726.4867049946101,2238.816025871362,16,us-west-2,21.958,4931.189363995688
2025-10-24,1323.939176166988,755.704275961193,1770.2569169960475,11,us-east-2,21.958,4931.189363995688
2025-10-25,1924.5388669301715,707.1730147323033,2637.1272008623787,15,us-east-1,21.958,4931.189363995688
2025-10-25,1819.2597915918077,744.699964067553,2288.604922745239,11,us-west-2,21.958,4931.189363995688
2025-10-25,1394.995444279041,827.0750988142292,1891.686130075458,14,us-east-2,21.958,4931.189363995688
2025-10-26,1831.4479492839178,781.9798778296803,2357.8422565576716,14,us-west-2,21.958,4931.189363995688
2025-10-26,2007.7563555515633,736.6825368307582,2610.1778656126485,16,us-east-1,21.958,4931.189363995688
2025-10-26,1496.4898490837227,894.807761408552,1884.005569529285,10,us-east-2,21.958,4931.189363995688
2025-10-27,2061.1231653721775,768.303090190442,2578.9390945023356,13,us-east-1,21.958,4931.189363995688
2025-10-27,1860.7665802576869,814.5661157024794,2399.883219547251,14,us-west-2,21.958,4931.189363995688
2025-10-27,1484.3862288896873,921.9367588932806,1856.3375853395617,12,us-east-2,21.958,4931.189363995688
2025-10-28,1987.0996098762898,796.5549766439095,2571.1462450592885,14,us-east-1,21.958,4931.189363995688
2025-10-28,1902.2370755479699,860.0431189363997,2378.7729069349625,16,us-west-2,21.958,4931.189363995688
2025-10-28,1532.8251069806945,963.8878907653611,1794.5562342795545,11,us-east-2,21.958,4931.189363995688
2025-10-29,1929.8579385041835,911.6286381602588,2345.535393460295,14,us-west-2,21.958,4931.189363995688
2025-10-29,2097.2836452085467,826.9403521379807,2559.400826446281,13,us-east-1,21.958,4931.189363995688
2025-10-29,1468.6669062163132,1017.1352856629536,1806.2791951131871,10,us-east-2,21.958,4931.189363995688
2025-10-30,1982.1322452251309,869.4753862738053,2565.9809558030906,13,us-east-1,21.958,4931.189363995688
2025-10-30,1823.2165715954006,956.7912324829321,2305.111390585699,16,us-west-2,21.958,4931.189363995688
2025-10-30,1593.8265606115049,1062.2754222062524,1934.9622709306504,11,us-east-2,21.958,4931.189363995688
2025-10-31,1598.895077254761,1088.8654329859862,2013.8339920948617,10,us-east-2,21.958,4931.189363995688
2025-10-31,2025.746239926082,922.4308300395257,2634.8365073661516,14,us-east-1,21.958,4931.189363995688
2025-10-31,2026.227231266757,1005.3449514911966,2378.2339202299677,13,us-west-2,21.958,4931.189363995688
2025-11-01,1679.053379646265,1153.004850880345,2092.3463887890766,9,us-east-2,21.958,4931.189363995688
2025-11-01,2161.5882141573843,975.2290693496228,2619.8347107438017,15,us-east-1,21.958,4931.189363995688
2025-11-01,1882.517741645706,1054.3478260869565,2484.077434423284,16,us-west-2,21.958,4931.189363995688
2025-11-02,1965.63398311175,1110.2901545095222,2564.0945023356094,16,us-west-2,21.958,4931.189363995688
2025-11-02,1928.078961552282,998.6525332375135,2604.8778296802016,14,us-east-1,21.958,4931.189363995688
2025-11-02,1627.6296018031555,1184.805066475027,2168.8151275601867,11,us-east-2,21.958,4931.189363995688
2025-11-03,1858.613841691905,1168.5456342076895,2581.903521379806,14,us-west-2,21.958,4931.189363995688
2025-11-03,2035.6879067353377,1039.0540783327344,2590.504850880345,18,us-east-1,21.958,4931.189363995688
2025-11-03,1690.5525304734792,1232.101149838304,2187.859324469997,13,us-east-2,21.958,4931.189363995688
2025-11-04,1867.3723756480674,1232.5727632051744,2659.405318002156,14,us-west-2,21.958,4931.189363995688
2025-11-04,2103.141670582382,1105.3269852676967,2565.0601868487242,13,us-east-1,21.958,4931.189363995688
2025-11-04,1886.0447358965146,1462.3832195472512,2254.3343514193316,10,us-east-2,21.958,4931.189363995688
2025-11-05,1973.6233381243264,1292.0409629895796,2788.4926338483656,16,us-west-2,21.958,4931.189363995688
2025-11-05,2048.016135914481,1153.8807042759613,2523.782788357887,16,us-east-1,21.958,4931.189363995688
2025-11-05,1977.5422206252247,1462.630255120374,2357.2583542939274,8,us-east-2,21.958,4931.189363995688
2025-11-06,1954.2535034135826,1361.4579590370104,2832.128099173554,15,us-west-2,21.958,4931.189363995688
2025-11-06,1959.4287739050585,1460.1374416097735,2408.7540424002873,9,us-east-2,21.958,4931.189363995688
2025-11-06,2088.0328910220214,1226.8460294646068,2511.296263025512,14,us-east-1,21.958,4931.189363995688
2025-11-07,1973.302191879267,1395.4141214516708,2845.378189004671,15,us-west-2,21.958,4931.189363995688
2025-11-07,1869.140765361121,1457.5997125404242,2509.0729428674094,10,us-east-2,21.958,4931.189363995688
2025-11-07,2039.4214234382218,1258.399209486166,2502.3805246137263,14,us-east-1,21.958,4931.189363995688
2025-11-08,1921.4333303389628,1449.4699964067554,2639.5301832554796,12,us-east-2,21.958,4931.189363995688
2025-11-08,2042.5365313211164,1310.703377650018,2483.089292130794,15,us-east-1,21.958,4931.189363995688
2025-11-08,1874.9775422206253,1451.3339920948617,2881.153431548689,14,us-west-2,21.958,4931.189363995688
2025-11-09,1906.6549886213918,1508.286920589292,2980.7087675170683,15,us-west-2,21.958,4931.189363995688
2025-11-09,2105.8258687952366,1365.7249371182177,2469.5921667265543,14,us-east-1,21.958,4931.189363995688
2025-11-09,1959.3701341478024,1445.1805605461734,2790.1994250808484,12,us-east-2,21.958,4931.189363995688
2025-11-10,1971.096837944664,1577.4568810636003,3125.0,18,us-west-2,21.958,4931.189363995688
2025-11-10,2001.6843334531084,1439.2292490118577,2992.094861660079,12,us-east-2,21.958,4931.189363995688
2025-11-10,2118.707009393768,1404.0379087315846,2462.787459575997,14,us-east-1,21.958,4931.189363995688
2025-11-11,1989.7672732405936,1601.9583183614807,3231.1803808839386,14,us-west-2,21.958,4931.189363995688
2025-11-11,2043.1847056105948,1439.3639956881066,2444.147502694934,14,us-east-1,21.958,4931.189363995688
2025-11-11,2090.2091567852435,1429.7745238950774,3137.284405318002,12,us-east-2,21.958,4931.189363995688
2025-11-12,2076.242839931517,1569.9559827524256,3350.880344951491,17,us-west-2,21.958,4931.189363995688
2025-11-12,2113.181923865486,1522.6149838303988,2441.49748472871,17,us-east-1,21.958,4931.189363995688
2025-11-12,2237.9918253683077,1424.9461013295006,3200.7725476104924,10,us-east-2,21.958,4931.189363995688
2025-11-13,2226.871942286962,1539.7951850521022,3440.0826446280994,13,us-west-2,21.958,4931.189363995688
2025-11-13,2063.834834261588,1600.5434782608697,2425.7770391663676,16,us-east-1,21.958,4931.189363995688
2025-11-13,2657.647486362003,1424.9461013295006,3516.528925619835,11,us-east-2,21.958,4931.189363995688
2025-11-14,2094.540341081843,1506.9619116061806,3479.3388429752067,13,us-west-2,21.958,4931.189363995688
2025-11-14,2176.463983006066,1735.6719367588935,2415.8282429033416,17,us-east-1,21.958,4931.189363995688
2025-11-14,2478.8200682716497,1423.8232123607618,3602.6320517427234,10,us-east-2,21.958,4931.189363995688
2025-11-15,2113.0300035932446,1774.3891484010062,2403.409090909091,15,us-east-1,21.958,4931.189363995688
2025-11-15,2520.2614085519226,1424.901185770751,3745.845310815667,10,us-east-2,21.958,4931.189363995688
2025-11-15,2133.1948436938555,1463.2590729428675,3535.528206970895,20,us-west-2,21.958,4931.189363995688
2025-11-16,2662.0970432729328,1437.4775422206253,3863.232123607618,7,us-east-2,21.958,4931.189363995688
2025-11-16,2154.337345789915,1825.5479698167446,2393.145885734819,18,us-east-1,21.958,4931.189363995688
2025-11-16,2153.296802012217,1468.0650377290694,3554.03341717571,14,us-west-2,21.958,4931.189363995688
2025-11-17,2166.1083046226036,1926.1588214157387,2383.129716133669,17,us-east-1,21.958,4931.189363995688
2025-11-17,2193.2521858905257,1532.3392022996766,3651.9942508084805,15,us-west-2,21.958,4931.189363995688
2025-11-17,2639.0203916636724,1433.2779374775423,4004.805964786202,10,us-east-2,21.958,4931.189363995688
2025-11-18,2174.1418321056417,2023.8501616960114,2368.9139417894357,16,us-east-1,21.958,4931.189363995688
2025-11-18,2512.720460534196,1429.0783327344593,4271.649299317284,12,us-east-2,21.958,4931.189363995688
2025-11-18,2274.5807881183373,1580.6234279554437,3687.9716133668708,15,us-west-2,21.958,4931.189363995688
2025-11-19,2635.1534115862178,1428.404599353216,4435.793208767517,9,us-east-2,21.958,4931.189363995688
2025-11-19,2348.001538357887,1665.199425080848,3737.4910168882498,16,us-west-2,21.958,4931.189363995688
2025-11-19,2166.4525691699605,2017.5170679123248,2355.52910528207,15,us-east-1,21.958,4931.189363995688
2025-11-20,2942.1038447718292,1433.2330219187927,4651.275601868488,10,us-east-2,21.958,4931.189363995688
2025-11-20,2382.40785893948,1771.0878548329142,3781.440891124686,14,us-west-2,21.958,4931.189363995688
2025-11-20,2139.239836250706,2007.00682716493,2346.0743801652893,14,us-east-1,21.958,4931.189363995688
2025-11-21,2523.1146694214876,1433.3228530362917,4837.248472871003,4,us-east-2,21.958,4931.189363995688
2025-11-21,2086.2738052461373,1986.8172835070068,2294.1969098095583,5,us-east-1,21.958,4931.189363995688
2025-11-21,2267.4753606077716,1840.4599353215954,3807.9410707869206,7,us-west-2,21.958,4931.189363995688
2025-11-22,2114.745216492993,1968.895975565936,2293.208767517068,16,us-east-1,21.958,4931.189363995688
2025-11-22,2526.5450952209844,1954.7026590010782,3805.8075817463173,14,us-west-2,21.958,4931.189363995688
2025-11-22,2886.9026230686313,1433.3228530362917,4836.327703916637,11,us-east-2,21.958,4931.189363995688
2025-11-23,2711.0317896472284,2010.0386273805248,3918.006647502695,17,us-west-2,21.958,4931.189363995688
2025-11-23,2531.2346878776993,1432.0876751706792,4832.756916996048,11,us-east-2,21.958,4931.189363995688
2025-11-23,2058.2709194214876,1938.3758533956163,2256.7597915918072,16,us-east-1,21.958,4931.189363995688
2025-11-24,2524.0134910005554,1426.2486525332374,4828.48993891484,11,us-east-2,21.958,4931.189363995688
2025-11-24,2034.2228485447358,1907.586237872799,2223.6794825727634,16,us-east-1,21.958,4931.189363995688
2025-11-24,2643.933512140034,2107.2358965145527,4036.6510959396337,14,us-west-2,21.958,4931.189363995688
2025-11-25,2036.3928314768236,1893.9319080129355,2201.4238232123607,16,us-east-1,21.958,4931.189363995688
2025-11-25,2825.1437297879984,1422.3859144807761,4822.358965145527,11,us-east-2,21.958,4931.189363995688
2025-11-25,2846.8858545933645,2188.4656845131153,4180.201221703199,15,us-west-2,21.958,4931.189363995688
2025-11-26,2414.1701101928375,1411.7633848365074,4802.888070427596,12,us-east-2,21.958,4931.189363995688
2025-11-26,1973.8212473050667,1857.6625943226736,2156.7553000359326,16,us-east-1,21.958,4931.189363995688
2025-11-26,2828.4127402982394,2301.2261947538627,4298.643550125764,16,us-west-2,21.958,4931.189363995688
2025-11-27,3060.037504491556,2480.3269852676967,4303.427057132591,20,us-west-2,21.958,4931.189363995688
2025-11-27,3114.7163786626597,1408.2824290334174,4783.484549047791,11,us-east-2,21.958,4931.189363995688
2025-11-27,1952.0061213490067,1830.2865612648222,2127.0436579231045,14,us-east-1,21.958,4931.189363995688
2025-11-28,2769.992414261189,1414.2337405677326,4740.814768235717,9,us-east-2,21.958,4931.189363995688
2025-11-28,3068.5501257635647,2648.490837226015,4323.796263025512,15,us-west-2,21.958,4931.189363995688
2025-11-28,1951.0288305045337,1802.1245059288538,2113.0300035932446,17,us-east-1,21.958,4931.189363995688
2025-11-29,3169.097097456781,1416.6591807402083,4718.53665109594,9,us-east-2,21.958,4931.189363995688
2025-11-29,3064.490816089282,2719.8616600790515,4256.580129356809,17,us-west-2,21.958,4931.189363995688
2025-11-29,1925.7786432934656,1816.991555874955,2076.1767876392382,14,us-east-1,21.958,4931.189363995688
2025-11-30,3209.3415940531804,2695.360222781171,4186.489399928136,16,us-west-2,21.958,4931.189363995688
2025-11-30,2899.37168123927,1416.6591807402083,4705.241645706073,9,us-east-2,21.958,4931.189363995688
2025-11-30,1918.5638811534316,1795.7464965864176,2063.53305785124,16,us-east-1,21.958,4931.189363995688
2025-12-01,3109.8769313690264,2672.3409989220268,4084.8679482572766,15,us-west-2,21.958,4931.189363995688
2025-12-01,1930.0145414121453,1774.5238950772548,2045.611749910169,16,us-east-1,21.958,4931.189363995688
2025-12-01,3111.474000307993,1420.813869924542,4685.883039885017,7,us-east-2,21.958,4931.189363995688
2025-12-02,3159.979394987424,2665.940531800216,4045.3871721164214,16,us-west-2,21.958,4931.189363995688
2025-12-02,2985.7617678763927,1415.2892561983472,4658.52946460654,12,us-east-2,21.958,4931.189363995688
2025-12-02,1890.3461492394301,1750.1572044556235,2002.717391304348,15,us-east-1,21.958,4931.189363995688
2025-12-03,3147.276619954486,2627.200862378728,4058.0982752425443,15,us-west-2,21.958,4931.189363995688
2025-12-03,1879.8583662714097,1737.1316924182538,1988.0749191519942,15,us-east-1,21.958,4931.189363995688
2025-12-03,2816.8175080848005,1417.4901185770752,4544.511318720805,8,us-east-2,21.958,4931.189363995688
2025-12-04,1875.7186489399928,1717.8629177146966,1972.4892202659,16,us-east-1,21.958,4931.189363995688
2025-12-04,3287.554589679096,2619.6775062881784,4089.920948616601,13,us-west-2,21.958,4931.189363995688
2025-12-04,3148.6570247933887,1421.599892202659,4422.565576715774,10,us-east-2,21.958,4931.189363995688
2025-12-05,3341.492993172835,2612.7380524613727,4037.841358246497,15,us-west-2,21.958,4931.189363995688
2025-12-05,2742.835968379447,1450.4805964786203,4321.887351778656,13,us-east-2,21.958,4931.189363995688
2025-12-05,1861.4976920312888,1697.224218469278,1954.186130075458,13,us-east-1,21.958,4931.189363995688
2025-12-06,2743.75,1442.216133668703,4226.733740567733,10,us-east-2,21.958,4931.189363995688
2025-12-06,1840.9774850553688,1683.5474308300397,1929.999101688825,22,us-east-1,21.958,4931.189363995688
2025-12-06,3359.414301113906,2672.2736255839027,4106.674452030184,14,us-west-2,21.958,4931.189363995688
2025-12-07,3456.960414420889,2681.05461731944,4231.023176428315,15,us-west-2,21.958,4931.189363995688
2025-12-07,2530.94931528726,1439.2741645706074,4144.942508084801,9,us-east-2,21.958,4931.189363995688
2025-12-07,1812.3245485986347,1650.916277398491,1948.5492274523897,16,us-east-1,21.958,4931.189363995688
2025-12-08,2269.160569039297,1433.9516708587857,4007.8153072224222,11,us-east-2,21.958,4931.189363995688
2025-12-08,3522.381984369386,2780.1607977003237,4296.599892202659,16,us-west-2,21.958,4931.189363995688
2025-12-08,1778.7801789778075,1613.8609414301116,1966.4705353934603,21,us-east-1,21.958,4931.189363995688
2025-12-09,2425.438130859439,1442.1936758893282,3881.669960474309,11,us-east-2,21.958,4931.189363995688
2025-12-09,3677.989130434783,2765.9450233560906,4328.826805605462,14,us-west-2,21.958,4931.189363995688
2025-12-09,1740.375437926698,1545.4096298957961,1949.9640675530004,16,us-east-1,21.958,4931.189363995688
2025-12-11,3802.1581925979162,3071.5280273086596,4253.256378009342,4,us-west-2,21.958,4931.189363995688
2025-12-11,2229.488561504372,1442.3733381243264,3582.9814947897953,3,us-east-2,21.958,4931.189363995688
2025-12-11,1697.927895556354,1476.104922745239,1929.6397772188286,6,us-east-1,21.958,4931.189363995688
2025-12-12,1672.0987757301987,1442.2835070068272,1921.7795544376572,14,us-east-1,21.958,4931.189363995688
2025-12-12,3798.760330578513,3031.7103844771827,4209.239130434783,15,us-west-2,21.958,4931.189363995688
2025-12-12,2671.08086796822,1442.3733381243264,3566.6546891843336,9,us-east-2,21.958,4931.189363995688
2025-12-13,1628.5499332683128,1409.0909090909092,1883.197089471793,14,us-east-1,21.958,4931.189363995688
2025-12-13,3657.0008384237635,2973.926518145886,4087.4955084441253,15,us-west-2,21.958,4931.189363995688
2025-12-13,2379.7963400236126,1454.6802012217033,3448.7738052461373,7,us-east-2,21.958,4931.189363995688
2025-12-14,1627.662650467122,1398.5132950053899,1864.9389148401006,16,us-east-1,21.958,4931.189363995688
2025-12-14,3570.333554168164,2891.304347826087,4020.818361480417,16,us-west-2,21.958,4931.189363995688
2025-12-14,2248.232572763205,1446.4381961911606,3373.9893999281353,10,us-east-2,21.958,4931.189363995688
2025-12-15,3517.776735986346,2831.701401365433,3937.926697808121,16,us-west-2,21.958,4931.189363995688
2025-12-15,1577.5953707030783,1348.4549047790156,1863.097376931369,18,us-east-1,21.958,4931.189363995688
2025-12-15,2219.8189902982394,1438.1961911606181,3243.015630614445,10,us-east-2,21.958,4931.189363995688
2025-12-16,1584.3530234587547,1298.306683435142,1883.6013295005391,14,us-east-1,21.958,4931.189363995688
2025-12-16,2123.6231653721775,1438.1961911606181,3176.9673014732302,13,us-east-2,21.958,4931.189363995688
2025-12-16,3495.5783127719887,2767.561983471074,3859.9757455982754,18,us-west-2,21.958,4931.189363995688
2025-12-17,1561.4504731105521,1263.7890765361121,1889.5526410348546,15,us-east-1,21.958,4931.189363995688
2025-12-17,3322.2915918074023,2732.932087675171,3730.978260869565,15,us-west-2,21.958,4931.189363995688
2025-12-17,2068.26348283409,1466.201042040963,3111.0761767876393,11,us-east-2,21.958,4931.189363995688
2025-12-18,1559.7945861779854,1229.0468918433346,1895.3467481135467,15,us-east-1,21.958,4931.189363995688
2025-12-18,3317.811264822135,2676.8774703557315,3672.7676967301472,14,us-west-2,21.958,4931.189363995688
2025-12-18,2111.7101771746043,1453.8717211642113,3032.900646784046,13,us-east-2,21.958,4931.189363995688
2025-12-19,3210.9713738172236,2611.0761767876393,3569.866151634926,15,us-west-2,21.958,4931.189363995688
2025-12-19,1560.7945298133627,1195.02335609055,1897.9293927416459,17,us-east-1,21.958,4931.189363995688
2025-12-19,1943.2512331362493,1460.0476104922745,2969.9514911965507,11,us-east-2,21.958,4931.189363995688
2025-12-20,1552.6724757455984,1182.3347107438017,1911.1345670140138,15,us-east-1,21.958,4931.189363995688
2025-12-20,2037.9031171397774,1452.9734099892203,2909.787100251527,12,us-east-2,21.958,4931.189363995688
2025-12-20,3078.90861608747,2550.0583902263747,3457.734459216673,14,us-west-2,21.958,4931.189363995688
2025-12-21,1576.7876392382323,1151.1857707509882,1968.2446999640679,15,us-east-1,21.958,4931.189363995688
2025-12-21,2969.839202299677,2452.5017966223504,3401.7696730147322,16,us-west-2,21.958,4931.189363995688
2025-12-21,2088.0385783817333,1447.7407473948977,2823.998383039885,11,us-east-2,21.958,4931.189363995688
2025-12-22,2994.465560995329,2413.1782249371186,3330.488681279195,16,us-west-2,21.958,4931.189363995688
2025-12-22,1645.852048149479,1126.414840100611,2024.726015091628,14,us-east-1,21.958,4931.189363995688
2025-12-22,1971.8991931532357,1435.299137621272,2721.4561624146604,11,us-east-2,21.958,4931.189363995688
2025-12-23,2148.7311354653257,1435.9728710025154,2649.209486166008,10,us-east-2,21.958,4931.189363995688
2025-12-23,1634.4547251167805,1111.210923463888,2063.4656845131153,20,us-east-1,21.958,4931.189363995688
2025-12-23,2892.4151441443933,2376.908911246856,3253.233920229968,13,us-west-2,21.958,4931.189363995688
2025-12-24,1630.0305425799497,1070.2703916636724,2113.0524613726197,16,us-east-1,21.958,4931.189363995688
2025-12-24,1998.8260706235915,1446.415738411786,2580.6458857348184,11,us-east-2,21.958,4931.189363995688
2025-12-24,2841.8902151455263,2321.909809558031,3186.961013295005,16,us-west-2,21.958,4931.189363995688
2025-12-25,2075.555455743203,1450.3907653611213,2530.5650377290694,12,us-east-2,21.958,4931.189363995688
2025-12-25,1663.2081686429513,1043.904958677686,2216.8747754222063,15,us-east-1,21.958,4931.189363995688
2025-12-25,2772.4937118217754,2250.8758533956166,3060.9279554437658,15,us-west-2,21.958,4931.189363995688
2025-12-26,2110.732572763205,1429.9317283507007,2455.1293568091987,10,us-east-2,21.958,4931.189363995688
2025-12-26,2653.866668163852,2184.310995328782,3019.8526769673017,16,us-west-2,21.958,4931.189363995688
2025-12-26,1755.3658051434734,1020.6162414660439,2209.0370104204094,14,us-east-1,21.958,4931.189363995688
2025-12-27,2104.531605581507,1442.216133668703,2573.3695652173915,12,us-east-2,21.958,4931.189363995688
2025-12-27,2666.9132343693855,2156.216313330938,2962.5853395616246,16,us-west-2,21.958,4931.189363995688
2025-12-27,1666.256437896754,985.6270212001438,2173.7333812432626,15,us-east-1,21.958,4931.189363995688
2025-12-28,1574.6993865817979,952.5916277398491,2137.5538986704996,14,us-east-1,21.958,4931.189363995688
2025-12-28,2086.63802959527,1459.216672655408,2628.2339202299677,11,us-east-2,21.958,4931.189363995688
2025-12-28,2585.189375224578,2105.7087675170683,2877.3805246137263,16,us-west-2,21.958,4931.189363995688
2025-12-29,1696.407717776295,944.5966582824291,2171.8469277757818,14,us-east-1,21.958,4931.189363995688
2025-12-29,2535.3623649078195,2122.484728710025,2783.978620194035,13,us-west-2,21.958,4931.189363995688
2025-12-29,2156.547565576716,1486.5028745957602,2803.5393460294645,12,us-east-2,21.958,4931.189363995688
2025-12-30,2472.256220804887,2158.192597915918,2742.2296083363276,16,us-west-2,21.958,4931.189363995688
2025-12-30,1708.8758428272497,914.3460294646065,2196.123787279914,17,us-east-1,21.958,4931.189363995688
2025-12-30,2199.6590160498267,1531.5756378009344,2920.140136543299,12,us-east-2,21.958,4931.189363995688
2025-12-31,2287.0639735758314,1525.107797340999,3107.1460653970535,13,us-east-2,21.958,4931.189363995688
2025-12-31,1658.5309617918315,889.3056054617321,2151.208228530363,15,us-east-1,21.958,4931.189363995688
2025-12-31,2492.404779015451,2162.2574559827526,2677.618577075099,15,us-west-2,21.958,4931.189363995688
2026-01-01,2389.693992940331,2142.090370104204,2617.6113905856987,17,us-west-2,21.958,4931.189363995688
2026-01-01,2334.308545389214,1514.3056054617318,3278.8582464965866,11,us-east-2,21.958,4931.189363995688
2026-01-01,1607.4230446760093,866.802910528207,2218.9633489040602,18,us-east-1,21.958,4931.189363995688
2026-01-02,2368.707330219188,2176.3609414301113,2564.498742364355,15,us-west-2,21.958,4931.189363995688
2026-01-02,1609.9789538524717,857.1909809558031,2269.336148041682,14,us-east-1,21.958,4931.189363995688
2026-01-02,2333.263237840133,1521.3573481854116,3434.715235357528,11,us-east-2,21.958,4931.189363995688
2026-01-03,2332.8467481135467,2139.620014372979,2535.0565936040243,16,us-west-2,21.958,4931.189363995688
2026-01-03,1672.3150860996711,842.0319798778297,2224.532878189005,13,us-east-1,21.958,4931.189363995688
2026-01-03,2437.0018456211415,1523.3336327703917,3659.7197269134026,11,us-east-2,21.958,4931.189363995688
2026-01-04,2246.1578482452987,1545.611749910169,3800.2829680201226,12,us-east-2,21.958,4931.189363995688
2026-01-04,2329.6773939992813,2124.730506647503,2493.9588573481856,16,us-west-2,21.958,4931.189363995688
2026-01-04,1671.6213735568438,829.3882500898311,2191.6097736255842,23,us-east-1,21.958,4931.189363995688
2026-01-05,2577.2955933753638,1585.2272727272727,4091.178584261588,11,us-east-2,21.958,4931.189363995688
2026-01-05,1680.3614205294045,816.0707869205893,2188.600431189364,15,us-east-1,21.958,4931.189363995688
2026-01-05,2271.46121541502,2063.712720086238,2429.415199425081,16,us-west-2,21.958,4931.189363995688
2026-01-06,1667.403094681998,792.198167445203,2211.7993172835068,16,us-east-1,21.958,4931.189363995688
2026-01-06,2650.4446640316205,1586.9789795185052,4317.193675889329,11,us-east-2,21.958,4931.189363995688
2026-01-06,2251.9358605821058,2022.098454904779,2391.865792310456,15,us-west-2,21.958,4931.189363995688
2026-01-07,1561.8549626701802,777.106539705354,2210.5416816385195,18,us-east-1,21.958,4931.189363995688
2026-01-07,2213.7927754644797,1954.9272367948258,2363.52407473949,17,us-west-2,21.958,4931.189363995688
2026-01-07,2757.7790292711243,1589.808659719727,4515.136543298599,13,us-east-2,21.958,4931.189363995688
2026-01-08,2746.7789127868177,1590.9764642472153,4770.054796981675,14,us-east-2,21.958,4931.189363995688
2026-01-08,1536.9834710743803,749.7080488681279,2186.803808839382,15,us-east-1,21.958,4931.189363995688
2026-01-08,2152.396763315736,1888.6992454186131,2376.97628458498,13,us-west-2,21.958,4931.189363995688
2026-01-09,2740.7249371182174,1611.794825727632,4931.189363995688,3,us-east-2,21.958,4931.189363995688
2026-01-09,1390.6890046712183,732.5952209845491,2198.2348185411424,5,us-east-1,21.958,4931.189363995688
2026-01-09,2111.6488501616964,1831.521739130435,2352.7667984189725,4,us-west-2,21.958,4931.189363995688
2026-01-10,1994.0686509362397,1595.0413223140497,4931.189363995688,9,us-east-2,21.958,4931.189363995688
2026-01-10,2061.631632530842,1797.9024434063958,2351.5091627739853,15,us-west-2,21.958,4931.189363995688
2026-01-10,1589.0771777629486,721.9502335609055,2192.9347826086955,14,us-east-1,21.958,4931.189363995688
2026-01-11,1937.3091088753142,1576.2890765361124,4931.189363995688,10,us-east-2,21.958,4931.189363995688
2026-01-11,1538.398311174991,700.8623787279914,2136.6331297161337,15,us-east-1,21.958,4931.189363995688
2026-01-11,2054.410988591448,1757.298778296802,2316.9466403162055,16,us-west-2,21.958,4931.189363995688
2026-01-12,1957.6581027667985,1727.901545095221,2248.3381243262666,15,us-west-2,21.958,4931.189363995688
2026-01-12,1533.146185171877,688.802551203737,2086.2378727991377,15,us-east-1,21.958,4931.189363995688
2026-01-12,1986.413043478261,1554.190621631333,4931.189363995688,8,us-east-2,21.958,4931.189363995688
2026-01-13,1942.5305425799497,1733.0892921307943,2202.883578871721,15,us-west-2,21.958,4931.189363995688
2026-01-13,1509.3836088154271,670.6566654689185,2025.9387351778657,18,us-east-1,21.958,4931.189363995688
2026-01-13,2013.2500898311175,1502.200862378728,4931.189363995688,7,us-east-2,21.958,4931.189363995688
2026-01-14,1939.2583120204602,1751.4597556593603,2198.3021918792674,17,us-west-2,21.958,4931.189363995688
2026-01-14,1872.7716892242581,1475.2515271289976,4931.189363995688,9,us-east-2,21.958,4931.189363995688
2026-01-14,1541.5948017726673,654.7565576715775,1960.9683794466403,15,us-east-1,21.958,4931.189363995688
2026-01-15,1849.4904579390745,1444.6191160618039,4931.189363995688,9,us-east-2,21.958,4931.189363995688
2026-01-15,1555.0949215474907,650.0179662234999,1933.1881063600433,15,us-east-1,21.958,4931.189363995688
2026-01-15,1937.4086716972092,1761.0716852317644,2178.427057132591,15,us-west-2,21.958,4931.189363995688
2026-01-16,1969.374005441199,1467.189184333453,4931.189363995688,7,us-east-2,21.958,4931.189363995688
2026-01-16,1913.847145937067,1757.8377650017967,2154.5319798778296,14,us-west-2,21.958,4931.189363995688
2026-01-16,1568.50071864894,634.2301473230327,1927.1245059288538,15,us-east-1,21.958,4931.189363995688
2026-01-17,1882.2394255941688,1746.810995328782,2117.0499461013296,14,us-west-2,21.958,4931.189363995688
2026-01-17,1841.6077773785282,1443.0695292849443,4931.189363995688,9,us-east-2,21.958,4931.189363995688
2026-01-17,1606.5312836866692,621.0698886094143,1954.4780812073302,16,us-east-1,21.958,4931.189363995688
2026-01-18,1612.7420155989093,601.1498383039885,1955.4886812791951,17,us-east-1,21.958,4931.189363995688
2026-01-18,1945.4335848604626,1754.3568091987065,2183.524973050665,15,us-west-2,21.958,4931.189363995688
2026-01-18,1928.6355936553566,1419.2642831476824,4931.189363995688,7,us-east-2,21.958,4931.189363995688
2026-01-19,1498.3053014179497,587.00143729788,1972.983291412145,13,us-east-1,21.958,4931.189363995688
2026-01-19,1800.1257635644988,1400.1751706791233,4931.189363995688,9,us-east-2,21.958,4931.189363995688
2026-01-19,1918.3450113786084,1775.8264462809918,2205.4662234998204,15,us-west-2,21.958,4931.189363995688
2026-01-20,1847.0962091268416,1397.3679482572763,4931.189363995688,8,us-east-2,21.958,4931.189363995688
2026-01-20,1644.1873652533238,578.3102766798419,1953.4001077973412,16,us-east-1,21.958,4931.189363995688
2026-01-20,1971.3145056524504,1777.8476464247217,2244.520301832555,13,us-west-2,21.958,4931.189363995688
2026-01-21,1838.8626257635644,1383.9606539705353,4931.189363995688,8,us-east-2,21.958,4931.189363995688
2026-01-21,1519.1059558030902,566.0258713618398,1903.723499820338,16,us-east-1,21.958,4931.189363995688
2026-01-21,1968.75,1792.377829680201,2254.940711462451,14,us-west-2,21.958,4931.189363995688
2026-01-22,1539.9828679225914,563.3309378368667,1878.8627380524613,14,us-east-1,21.958,4931.189363995688
2026-01-22,1895.1510446075663,1373.4504132231407,4931.189363995688,7,us-east-2,21.958,4931.189363995688
2026-01-22,1912.3524696647228,1794.1519942508085,2237.5808480057494,13,us-west-2,21.958,4931.189363995688
2026-01-23,1950.1044286740928,1794.4214876033059,2226.6214516708587,16,us-west-2,21.958,4931.189363995688
2026-01-23,1471.8439334051982,555.5605461731944,1872.7766798418972,15,us-east-1,21.958,4931.189363995688
2026-01-23,1768.1084561025273,1358.201581027668,4931.189363995688,9,us-east-2,21.958,4931.189363995688
2026-01-24,1967.9796981674453,1795.9486166007905,2222.623966942149,15,us-west-2,21.958,4931.189363995688
2026-01-24,1549.0445819003132,553.3372260150917,1875.4940711462452,14,us-east-1,21.958,4931.189363995688
2026-01-24,2430.4437657204458,1355.8659719726913,4931.189363995688,10,us-east-2,21.958,4931.189363995688
2026-01-25,1925.4005411003784,1793.8825008983113,2185.4114265181456,17,us-west-2,21.958,4931.189363995688
2026-01-25,2667.130794107079,1358.3587854832915,4905.003593244701,11,us-east-2,21.958,4931.189363995688
2026-01-25,1505.6631033656724,554.7745238950772,1876.9538268056053,12,us-east-1,21.958,4931.189363995688
2026-01-26,2379.1975631267765,1375.4491555874956,4891.708587854833,11,us-east-2,21.958,4931.189363995688
2026-01-26,1654.6926393764338,556.1219906575639,1918.3659719726913,13,us-east-1,21.958,4931.189363995688
2026-01-26,1909.1403162055335,1794.2642831476824,2145.7060725835427,15,us-west-2,21.958,4931.189363995688
2026-01-27,1910.33357288298,1802.0571325907297,2097.5565936040243,15,us-west-2,21.958,4931.189363995688
2026-01-27,2635.1396873877115,1467.3239310097017,4874.977542220626,12,us-east-2,21.958,4931.189363995688
2026-01-27,1480.1332869205894,550.5749191519943,1982.7299676607977,16,us-east-1,21.958,4931.189363995688
2026-01-28,1531.6145646185173,537.5494071146246,1977.1379805964789,15,us-east-1,21.958,4931.189363995688
2026-01-28,1869.0227756433292,1794.690980955803,2060.6809198706433,13,us-west-2,21.958,4931.189363995688
2026-01-28,2665.4090310216793,1537.3472871002516,4872.147862019404,12,us-east-2,21.958,4931.189363995688
2026-01-29,1563.420768954366,530.9243621990659,1961.2827883578873,16,us-east-1,21.958,4931.189363995688
2026-01-29,1872.4323272248175,1800.5973769313691,2037.7739849083723,12,us-west-2,21.958,4931.189363995688
2026-01-29,2791.0584351419334,1525.3323751347466,4870.05928853755,8,us-east-2,21.958,4931.189363995688
2026-01-30,1839.0703602227811,1774.7933884297522,2021.5594681997845,16,us-west-2,21.958,4931.189363995688
2026-01-30,2553.734555957876,1502.717391304348,4864.579590370105,13,us-east-2,21.958,4931.189363995688
2026-01-30,1622.7886573242306,526.8370463528566,1952.3445921667267,15,us-east-1,21.958,4931.189363995688
2026-01-31,1833.9776577177763,1755.120373697449,1997.2601509162773,14,us-west-2,21.958,4931.189363995688
2026-01-31,2631.233905258115,1503.503413582465,4859.01006108516,12,us-east-2,21.958,4931.189363995688
2026-01-31,1577.2996766079773,515.0916277398492,1994.2732662594324,13,us-east-1,21.958,4931.189363995688
2026-02-01,2621.292594921548,1493.711821775063,4855.48418972332,12,us-east-2,21.958,4931.189363995688
2026-02-01,1841.5828242903342,1745.710564139418,1959.2840459935321,14,us-west-2,21.958,4931.189363995688
2026-02-01,1696.0536067193675,503.63816025871364,2033.4171757096658,16,us-east-1,21.958,4931.189363995688
2026-02-02,1841.836769949418,1739.602048149479,1934.715235357528,13,us-west-2,21.958,4931.189363995688
2026-02-02,2395.928608760984,1458.1611570247933,4849.667624865254,11,us-east-2,21.958,4931.189363995688
2026-02-02,1919.7583542939276,503.6157024793389,2140.697987782968,15,us-east-1,21.958,4931.189363995688
2026-02-03,1844.476883459097,1746.0474308300395,1954.3433345310814,15,us-west-2,21.958,4931.189363995688
2026-02-03,1741.5741219008266,503.6157024793389,2138.7666187567374,16,us-east-1,21.958,4931.189363995688
2026-02-03,2298.753967541023,1426.0240747394898,4847.466762486526,12,us-east-2,21.958,4931.189363995688
2026-02-04,2572.992773585659,1414.9299317283508,4842.93029105282,9,us-east-2,21.958,4931.189363995688
2026-02-04,1855.9333453108156,1757.2314049586778,1966.1336687028386,15,us-west-2,21.958,4931.189363995688
2026-02-04,1925.239779982863,503.75044915558755,2101.711282788358,13,us-east-1,21.958,4931.189363995688
2026-02-05,1875.1901425320398,1747.7991376212722,2016.9331656485808,15,us-west-2,21.958,4931.189363995688
2026-02-05,2800.393011139059,1424.7439813151277,4843.716313330939,10,us-east-2,21.958,4931.189363995688
2026-02-05,1686.381074168798,515.0242544017248,2088.393819619116,17,us-east-1,21.958,4931.189363995688
2026-02-06,1591.0451586311851,538.402802730866,2110.5821056413943,17,us-east-1,21.958,4931.189363995688
2026-02-06,1936.3112348784284,1759.3873517786562,2070.7869205892925,15,us-west-2,21.958,4931.189363995688
2026-02-06,2817.7214337046353,1446.5954006467841,4848.8816025871365,10,us-east-2,21.958,4931.189363995688
2026-02-07,2493.5636004311896,1455.5111390585698,4850.408731584621,10,us-east-2,21.958,4931.189363995688
2026-02-07,1646.4850768056056,559.8499820337765,2133.825907294287,16,us-east-1,21.958,4931.189363995688
2026-02-07,1974.149598754342,1763.2276320517428,2131.5801293568093,15,us-west-2,21.958,4931.189363995688
2026-02-08,1966.651925149949,1741.0168882500898,2126.9762845849805,13,us-west-2,21.958,4931.189363995688
2026-02-08,1572.4937118217752,575.5928853754941,2151.00610851599,14,us-east-1,21.958,4931.189363995688
2026-02-08,2325.4674961073183,1463.4836507366153,4850.318900467122,12,us-east-2,21.958,4931.189363995688
2026-02-09,2003.9553763923825,1720.018864534675,2230.798598634567,16,us-west-2,21.958,4931.189363995688
2026-02-09,2398.9012021036815,1465.4823931009703,4851.509162773985,11,us-east-2,21.958,4931.189363995688
2026-02-09,1625.2994370583303,593.2896155228171,2183.8169241825367,15,us-east-1,21.958,4931.189363995688
2026-02-10,2483.0713259072945,1449.9865253323753,4850.408731584621,10,us-east-2,21.958,4931.189363995688
2026-02-10,2004.546836562647,1710.3395616241467,2233.3587854832913,13,us-west-2,21.958,4931.189363995688
2026-02-10,1634.2540087136185,610.8740567732663,2221.0294646065395,16,us-east-1,21.958,4931.189363995688
2026-02-11,2472.529644268775,1440.194933524973,4849.9820337765,10,us-east-2,21.958,4931.189363995688
2026-02-11,1631.9817272938642,650.893819619116,2249.618217750629,17,us-east-1,21.958,4931.189363995688
2026-02-11,2002.070928083774,1702.0750988142292,2239.3325547969816,14,us-west-2,21.958,4931.189363995688
2026-02-12,1582.3350315692212,689.9478979518506,2267.898850161696,14,us-east-1,21.958,4931.189363995688
2026-02-12,2146.5123068630974,1441.1830758174633,4856.966403162055,10,us-east-2,21.958,4931.189363995688
2026-02-12,2001.2950652772788,1697.7856629536473,2243.2626661875674,15,us-west-2,21.958,4931.189363995688
2026-02-13,1552.6490554899647,719.5472511678046,2275.893819619116,14,us-east-1,21.958,4931.189363995688
2026-02-13,2598.658896275003,1436.8711821775064,4859.48167445203,12,us-east-2,21.958,4931.189363995688
2026-02-13,1952.9958677685952,1692.9572403880707,2251.190262306863,12,us-west-2,21.958,4931.189363995688
2026-02-14,1904.088438735178,1689.0495867768595,2278.948077614086,16,us-west-2,21.958,4931.189363995688
2026-02-14,2481.3712720086237,1436.4220265900108,4869.228350700682,10,us-east-2,21.958,4931.189363995688
2026-02-14,1547.4619254263523,758.7809917355372,2270.6611570247933,13,us-east-1,21.958,4931.189363995688
2026-02-15,1938.3521479618316,1688.6902623068631,2343.1548688465687,18,us-west-2,21.958,4931.189363995688
2026-02-15,1622.1298957959038,803.404599353216,2280.52012217032,15,us-east-1,21.958,4931.189363995688
2026-02-15,2703.7288080227354,1438.420768954366,4880.839022637441,11,us-east-2,21.958,4931.189363995688
2026-02-16,1920.831515322622,1704.0289256198348,2450.637800934244,14,us-west-2,21.958,4931.189363995688
2026-02-16,2608.266459056973,1453.916636722961,4889.417894358606,9,us-east-2,21.958,4931.189363995688
2026-02-16,1646.592406276201,853.3282429033418,2322.493711821775,15,us-east-1,21.958,4931.189363995688
2026-02-17,1652.9928733980119,893.3929213079412,2346.0743801652893,15,us-east-1,21.958,4931.189363995688
2026-02-17,2527.616331297161,1481.9888609414302,4896.042939274165,10,us-east-2,21.958,4931.189363995688
2026-02-17,2017.04064216416,1744.2508084800575,2533.2375134746676,14,us-west-2,21.958,4931.189363995688
2026-02-18,1989.4608849648375,1784.7421846927775,2544.107078692059,14,us-west-2,21.958,4931.189363995688
2026-02-18,1675.4311893639958,943.3839381961913,2384.49964067553,15,us-east-1,21.958,4931.189363995688
2026-02-18,2608.4607092512233,1549.294825727632,4899.905677326627,13,us-east-2,21.958,4931.189363995688
2026-02-19,1802.1373389456392,1010.0386273805245,2420.274883219547,14,us-east-1,21.958,4931.189363995688
2026-02-19,2042.1163569631951,1788.1333093783687,2532.002335609055,14,us-west-2,21.958,4931.189363995688
2026-02-19,2821.699523078431,1598.7468559108877,4900.7590729428675,11,us-east-2,21.958,4931.189363995688
2026-02-20,2042.6997245179064,1810.4787998562704,2538.9642472152354,12,us-west-2,21.958,4931.189363995688
2026-02-20,2862.54205729592,1639.799676607977,4893.864534674812,11,us-east-2,21.958,4931.189363995688
2026-02-20,1955.2897695190186,1101.711282788358,2451.625943226734,14,us-east-1,21.958,4931.189363995688
2026-02-21,2076.8715751886457,1819.529284944305,2560.8605821056417,16,us-west-2,21.958,4931.189363995688
2026-02-21,2911.236647829354,1730.2371541501977,4888.205174272369,11,us-east-2,21.958,4931.189363995688
2026-02-21,1876.392382321236,1130.4796981674453,2515.922565576716,15,us-east-1,21.958,4931.189363995688
2026-02-22,2188.4894633383356,1866.48850161696,2634.4098095580307,17,us-west-2,21.958,4931.189363995688
2026-02-22,2877.8409090909095,1804.4601149838306,4883.780991735538,12,us-east-2,21.958,4931.189363995688
2026-02-22,1965.5399411606181,1192.5754581386993,2666.3447718289617,16,us-east-1,21.958,4931.189363995688
2026-02-23,2261.480416816385,1963.0344951491197,2769.1340280273084,15,us-west-2,21.958,4931.189363995688
2026-02-23,2031.2282027435483,1236.300754581387,2780.8794466403165,17,us-east-1,21.958,4931.189363995688
2026-02-23,2858.272409408773,1902.3086597197268,4881.243262666188,13,us-east-2,21.958,4931.189363995688
2026-02-24,1971.4240798726967,1297.588034495149,2855.933345310816,14,us-east-1,21.958,4931.189363995688
2026-02-24,2679.926737733062,1959.710743801653,4875.696191160619,9,us-east-2,21.958,4931.189363995688
2026-02-24,2335.3245897712304,2020.885734818541,2898.198886094143,15,us-west-2,21.958,4931.189363995688
2026-02-25,1995.0113786082168,1347.511678045275,2858.1342076895435,15,us-east-1,21.958,4931.189363995688
2026-02-25,3200.8331836148045,1965.976464247215,4873.046173194394,10,us-east-2,21.958,4931.189363995688
2026-02-25,2447.402477093065,2138.6543298598635,2921.1507366151636,16,us-west-2,21.958,4931.189363995688
2026-02-26,2012.0891953895907,1434.3783686669062,2860.5147323032697,13,us-east-1,21.958,4931.189363995688
2026-02-26,2987.3427955443767,2060.591088753144,4870.95759971254,10,us-east-2,21.958,4931.189363995688
2026-02-26,2550.8788477661997,2255.883938196191,2948.1674452030184,15,us-west-2,21.958,4931.189363995688
2026-02-27,2631.9259791591808,2344.8616600790515,3056.908012935681,15,us-west-2,21.958,4931.189363995688
2026-02-27,1980.3542554283663,1440.6440891124687,2862.199065756378,14,us-east-1,21.958,4931.189363995688
2026-02-27,3043.458048868128,2113.0524613726197,4872.3499820337765,10,us-east-2,21.958,4931.189363995688
2026-02-28,2744.551181279195,2486.682536830758,3147.5251527129,16,us-west-2,21.958,4931.189363995688
2026-02-28,2031.1654090310217,1415.4464606539705,2861.7499101688827,15,us-east-1,21.958,4931.189363995688
2026-02-28,3321.5123068630974,2160.50574919152,4872.215235357528,10,us-east-2,21.958,4931.189363995688
2026-03-01,2880.3295117678763,2691.0258713618396,3249.0343154868847,16,us-west-2,21.958,4931.189363995688
2026-03-01,3335.52371541502,2188.914840100611,4863.232123607618,10,us-east-2,21.958,4931.189363995688
2026-03-01,2050.103305785124,1340.7743442328424,2873.9893999281353,15,us-east-1,21.958,4931.189363995688
2026-03-02,3261.882206905563,2247.5296442687745,4854.091807402085,11,us-east-2,21.958,4931.189363995688
2026-03-02,2230.700746881577,1297.2511678045275,2745.6881063600435,14,us-east-1,21.958,4931.189363995688
2026-03-02,2992.8247394897594,2787.729069349623,3429.415199425081,18,us-west-2,21.958,4931.189363995688
2026-03-03,3206.771270012377,2286.898131512756,4840.751886453468,9,us-east-2,21.958,4931.189363995688
2026-03-03,2041.7040962989581,1248.1809198706433,2777.8251886453468,15,us-east-1,21.958,4931.189363995688
2026-03-03,3103.087623838612,2808.1431908012937,3608.7854832914118,14,us-west-2,21.958,4931.189363995688
2026-03-04,3071.660732368602,2308.1881063600435,4830.780632411068,11,us-east-2,21.958,4931.189363995688
2026-03-04,2127.36555276081,1216.4705353934603,2784.51760689903,15,us-east-1,21.958,4931.189363995688
2026-03-04,3193.7155207034307,2816.9690980955806,3784.225655767158,17,us-west-2,21.958,4931.189363995688
2026-03-05,3518.9718329540465,2392.6518145885734,4812.859324469997,9,us-east-2,21.958,4931.189363995688
2026-03-05,2301.798119535274,1206.0276679841897,2999.124146604384,15,us-east-1,21.958,4931.189363995688
2026-03-05,3191.704096298958,2794.825727632052,3780.026051024075,15,us-west-2,21.958,4931.189363995688
2026-03-06,2244.997529644269,1153.701042040963,3103.710025152713,16,us-east-1,21.958,4931.189363995688
2026-03-06,3140.97229351676,2731.404958677686,3700.795005389867,14,us-west-2,21.958,4931.189363995688
2026-03-06,3221.381878990575,2425.1482213438735,4801.338483650737,13,us-east-2,21.958,4931.189363995688
2026-03-07,3250.1751706791233,2414.8625583902267,4794.982932087675,10,us-east-2,21.958,4931.189363995688
2026-03-07,2193.9588573481856,1115.9495149119655,3241.9601149838304,15,us-east-1,21.958,4931.189363995688
2026-03-07,2980.0602991376213,2679.213079410708,3649.5463528566293,16,us-west-2,21.958,4931.189363995688
2026-03-08,3213.308071734231,2405.744699964068,4795.791412145168,11,us-east-2,21.958,4931.189363995688
2026-03-08,3040.457689543658,2625.606360043119,3626.527128997485,16,us-west-2,21.958,4931.189363995688
2026-03-08,2235.610177865613,1077.1424721523535,3438.465684513116,16,us-east-1,21.958,4931.189363995688
2026-03-09,2271.4636483411186,1026.904419690981,3547.812612288897,15,us-east-1,21.958,4931.189363995688
2026-03-09,3340.3279958677685,2431.818181818182,4798.037190082645,16,us-east-2,21.958,4931.189363995688
2026-03-09,2852.9524493951376,2512.913223140496,3476.1947538627383,15,us-west-2,21.958,4931.189363995688
2026-03-10,3494.1630189788657,2448.9534674811357,4794.982932087675,11,us-east-2,21.958,4931.189363995688
2026-03-10,2324.620182806324,1013.5195831836148,3714.8535752784765,16,us-east-1,21.958,4931.189363995688
2026-03-10,2798.734985370361,2455.8704635285662,3431.0321595400646,14,us-west-2,21.958,4931.189363995688
2026-03-11,3472.6752990092914,2467.9752066115702,4786.426518145886,14,us-east-2,21.958,4931.189363995688
2026-03-11,2296.357669010831,1046.712181099533,3851.01509162774,14,us-east-1,21.958,4931.189363995688
2026-03-11,2783.795749704841,2369.587675170679,3404.7790154509526,14,us-west-2,21.958,4931.189363995688
2026-03-12,2545.093817373338,1109.3244699964068,4051.6753503413584,16,us-east-1,21.958,4931.189363995688
2026-03-12,2768.4782608695655,2335.945921667266,3381.378009342436,15,us-west-2,21.958,4931.189363995688
2026-03-12,3460.1913402802734,2505.8390226374418,4778.992993172836,10,us-east-2,21.958,4931.189363995688
2026-03-13,3561.4201551083966,2536.7858426158823,4765.159001077974,12,us-east-2,21.958,4931.189363995688
2026-03-13,2469.265665164875,1166.52443406396,4137.0373697448795,13,us-east-1,21.958,4931.189363995688
2026-03-13,2781.473829201102,2313.802551203737,3375.5614444843695,15,us-west-2,21.958,4931.189363995688
2026-03-14,3572.3641477099977,2567.283507006827,4750.044915558749,13,us-east-2,21.958,4931.189363995688
2026-03-14,2390.914639301642,1144.8302191879266,4199.896694214876,17,us-east-1,21.958,4931.189363995688
2026-03-14,2907.9725116780455,2325.682716492993,3446.6627739849087,15,us-west-2,21.958,4931.189363995688
2026-03-15,2554.380764163373,1108.4486166007905,4208.9247215235355,15,us-east-1,21.958,4931.189363995688
2026-03-15,2944.432848597578,2380.996227093065,3480.237154150198,17,us-west-2,21.958,4931.189363995688
2026-03-15,3636.388339920949,2660.9998203377654,4740.006288178225,10,us-east-2,21.958,4931.189363995688
2026-03-16,2963.5560146923785,2452.3445921667267,3453.040783327345,18,us-west-2,21.958,4931.189363995688
2026-03-16,3690.6682744133336,2784.135824649659,4729.159180740208,13,us-east-2,21.958,4931.189363995688
2026-03-16,2390.292344143011,1087.8323751347466,4060.299137621272,16,us-east-1,21.958,4931.189363995688
2026-03-17,2471.021042939274,1055.6728350700685,4151.634926338484,16,us-east-1,21.958,4931.189363995688
2026-03-17,2864.8687342795547,2488.5914480776146,3430.425799496946,16,us-west-2,21.958,4931.189363995688
2026-03-17,3812.9144481102803,2943.5636004311896,4720.220984549048,11,us-east-2,21.958,4931.189363995688
2026-03-18,2651.165040493104,1035.0790513833992,4232.438016528926,13,us-east-1,21.958,4931.189363995688
2026-03-18,3987.7400940776793,3075.413223140496,4715.280273086598,11,us-east-2,21.958,4931.189363995688
2026-03-18,2861.9699964067554,2431.324110671937,3424.51940352138,15,us-west-2,21.958,4931.189363995688
2026-03-19,2477.308018068888,981.0680919870643,4243.083003952569,14,us-east-1,21.958,4931.189363995688
2026-03-19,4020.977811713978,3187.54491555875,4709.688286022279,10,us-east-2,21.958,4931.189363995688
2026-03-19,2767.325313026894,2405.430291052821,3295.7689543657925,13,us-west-2,21.958,4931.189363995688
2026-03-20,3980.473824594378,3302.4613726194752,4706.746316924183,13,us-east-2,21.958,4931.189363995688
2026-03-20,2694.0336096709616,2405.4527488321955,3258.174631692418,14,us-west-2,21.958,4931.189363995688
2026-03-20,2477.206851119895,936.4444843693857,4243.1503772906935,15,us-east-1,21.958,4931.189363995688
2026-03-21,3960.0723140495875,3328.3776500179665,4693.900467121811,10,us-east-2,21.958,4931.189363995688
2026-03-21,2796.9350313717905,2392.4496945742007,3238.5016169601154,13,us-west-2,21.958,4931.189363995688
2026-03-21,2481.113007545814,905.4078332734459,4162.01042040963,16,us-east-1,21.958,4931.189363995688
2026-03-22,2703.2743442328424,935.1419331656485,4076.3564498742367,15,us-east-1,21.958,4931.189363995688
2026-03-22,3899.474896285892,3351.9807761408556,4684.849982033777,11,us-east-2,21.958,4931.189363995688
2026-03-22,2751.2741046831957,2412.5943226733743,3171.285483291412,15,us-west-2,21.958,4931.189363995688
2026-03-23,4005.8188106360044,3298.7333812432626,4677.843154868847,10,us-east-2,21.958,4931.189363995688
2026-03-23,2745.547745238951,2406.890046712181,3110.379985627021,16,us-west-2,21.958,4931.189363995688
2026-03-23,2427.9947448796265,981.7418253683077,4003.7279913762127,16,us-east-1,21.958,4931.189363995688
2026-03-24,2362.036678736283,1023.6929572403881,3933.2554796981676,13,us-east-1,21.958,4931.189363995688
2026-03-24,3840.014234777081,3142.9662234998204,4679.707150556954,13,us-east-2,21.958,4931.189363995688
2026-03-24,2749.88450284893,2427.01221703198,3066.3402802730866,14,us-west-2,21.958,4931.189363995688
2026-03-25,3876.4170858785487,3085.3844771828963,4678.898670499461,10,us-east-2,21.958,4931.189363995688
2026-03-25,2749.687088274045,2418.6579231045635,3143.0785123966944,15,us-west-2,21.958,4931.189363995688
2026-03-25,2570.3433794466405,1093.0201221703198,3820.0233560905494,16,us-east-1,21.958,4931.189363995688
2026-03-26,3655.223679482573,2976.643909450234,4675.619834710744,10,us-east-2,21.958,4931.189363995688
2026-03-26,2798.3804732816593,2395.4365792310455,3166.2998562702123,14,us-west-2,21.958,4931.189363995688
2026-03-26,2334.646364834112,1136.588214157384,3709.3514193316564,15,us-east-1,21.958,4931.189363995688
2026-03-27,3569.155523330425,2831.297161336687,4664.390945023357,14,us-east-2,21.958,4931.189363995688
2026-03-27,2776.607656177814,2341.98706431908,3152.3311174991018,14,us-west-2,21.958,4931.189363995688
2026-03-27,2360.130142831477,1172.8575278476465,3620.8677685950415,16,us-east-1,21.958,4931.189363995688
2026-03-28,3488.923132203765,2666.0303629177147,4649.344232842257,13,us-east-2,21.958,4931.189363995688
2026-03-28,2681.3016528925623,2288.4701760689904,3155.1607977003237,15,us-west-2,21.958,4931.189363995688
2026-03-28,2381.9645536978715,1235.8515989938915,3529.4196909809557,17,us-east-1,21.958,4931.189363995688
2026-03-29,3220.118676887452,2525.893819619116,4639.597556593604,9,us-east-2,21.958,4931.189363995688
2026-03-29,2859.9687275422207,2294.0397053539346,3261.633129716134,16,us-west-2,21.958,4931.189363995688
2026-03-29,2270.4814947897953,1295.0278476464248,3341.3357887172115,14,us-east-1,21.958,4931.189363995688
2026-03-30,3130.0866870283867,2475.0494071146245,4634.364893999282,10,us-east-2,21.958,4931.189363995688
2026-03-30,2905.5907037626407,2395.6836148041684,3407.9455623427957,14,us-west-2,21.958,4931.189363995688
2026-03-30,2208.884796582425,1359.3918433345311,3284.7421846927778,18,us-east-1,21.958,4931.189363995688
2026-03-31,2955.544825727632,2401.6798418972335,3533.5519223859146,14,us-west-2,21.958,4931.189363995688
2026-03-31,3309.765141533916,2384.1852317642833,4631.108515989939,9,us-east-2,21.958,4931.189363995688
2026-03-31,2358.9009804424827,1443.4737693136904,3179.617319439454,14,us-east-1,21.958,4931.189363995688
2026-04-01,2955.237562473459,2400.3772906934964,3698.661516349264,11,us-west-2,21.958,4931.189363995688
2026-04-01,2133.3973380045513,1494.0262306863096,3061.6466043837586,12,us-east-1,21.958,4931.189363995688
2026-04-01,3045.70438825009,2265.922565576716,4627.627560186848,8,us-east-2,21.958,4931.189363995688
2026-04-02,3032.28305785124,2399.389148401006,3741.2414660438376,12,us-west-2,21.958,4931.189363995688
2026-04-02,3241.6681638519585,2234.728710025153,4633.242005030543,14,us-east-2,21.958,4931.189363995688
2026-04-02,2160.0925260510244,1584.5759971254042,3107.5278476464246,15,us-east-1,21.958,4931.189363995688
2026-04-03,2394.0746753246754,1621.3618397412863,3127.313151275602,14,us-east-1,21.958,4931.189363995688
2026-04-03,3042.052191879267,2402.712899748473,3801.113905856989,16,us-west-2,21.958,4931.189363995688
2026-04-03,3154.8708881847588,2145.50395256917,4637.576356449875,11,us-east-2,21.958,4931.189363995688
2026-04-04,2337.5725065448387,1595.1536112109236,3123.4504132231405,14,us-east-1,21.958,4931.189363995688
2026-04-04,3077.373466454494,2431.7283507006828,3859.549047790155,14,us-west-2,21.958,4931.189363995688
2026-04-04,3038.4533327344598,2061.6466043837586,4637.441609773626,12,us-east-2,21.958,4931.189363995688
2026-04-05,2347.600105551563,1587.6751706791233,3118.2626661875674,16,us-east-1,21.958,4931.189363995688
2026-04-05,3096.2540424002873,2443.2042759611927,3931.683435141934,14,us-west-2,21.958,4931.189363995688
2026-04-05,2910.290154509522,2044.915558749551,4635.622529644269,10,us-east-2,21.958,4931.189363995688
2026-04-06,3307.368397412864,2560.141933165649,4114.6918792669785,16,us-west-2,21.958,4931.189363995688
2026-04-06,3117.869655048509,2055.627919511319,4630.6144448436935,10,us-east-2,21.958,4931.189363995688
2026-04-06,2452.454073841179,1645.8183614804168,3247.102946460654,16,us-east-1,21.958,4931.189363995688
2026-04-07,2407.2980297041563,1723.926518145886,3320.1581027667985,18,us-east-1,21.958,4931.189363995688
2026-04-07,3301.7711702000242,2651.3429752066118,4119.048688465685,15,us-west-2,21.958,4931.189363995688
2026-04-07,2822.278758790617,2068.720804886813,4618.262666187567,14,us-east-2,21.958,4931.189363995688
2026-04-08,2464.2039038037065,1727.7218828602229,3373.9220265900112,14,us-east-1,21.958,4931.189363995688
2026-04-08,2949.562322833074,2081.634028027309,4604.114265181459,9,us-east-2,21.958,4931.189363995688
2026-04-08,3325.1268864534677,2675.103305785124,4124.483471074381,16,us-west-2,21.958,4931.189363995688
2026-04-09,3041.8123019632185,2125.1347466762486,4585.676428314769,11,us-east-2,21.958,4931.189363995688
2026-04-09,2405.3284824529887,1715.9764642472153,3374.101688825009,15,us-east-1,21.958,4931.189363995688
2026-04-09,3422.196627483189,2664.0765361121094,4135.353036291772,14,us-west-2,21.958,4931.189363995688
2026-04-10,2972.7250269493356,2140.8551922385914,4568.608515989939,12,us-east-2,21.958,4931.189363995688
2026-04-10,3345.3660963542384,2639.440352137981,4136.56575637801,13,us-west-2,21.958,4931.189363995688
2026-04-10,2309.938315965984,1684.7826086956522,3380.053000359325,15,us-east-1,21.958,4931.189363995688
2026-04-11,2419.56906729634,1655.699784405318,3425.0808480057494,14,us-east-1,21.958,4931.189363995688
2026-04-11,3424.793388429752,2607.2358965145527,4096.5235357527845,15,us-west-2,21.958,4931.189363995688
2026-04-11,2934.4195412624267,2061.219906575638,4554.437657204456,12,us-east-2,21.958,4931.189363995688
2026-04-12,2356.279195113187,1608.7405677326626,3542.198167445203,15,us-east-1,21.958,4931.189363995688
2026-04-12,2812.0283866331297,2007.613187208049,4543.635465325188,10,us-east-2,21.958,4931.189363995688
2026-04-12,3459.1974231302297,2596.1642112827885,4122.5071864894,14,us-west-2,21.958,4931.189363995688
2026-04-13,3483.87381722362,2597.781171397772,4108.403701042042,15,us-west-2,21.958,4931.189363995688
2026-04-13,2740.847434096626,1998.2932087675172,4540.401545095221,11,us-east-2,21.958,4931.189363995688
2026-04-13,2212.5600745598276,1520.616241466044,3567.238591448078,16,us-east-1,21.958,4931.189363995688
2026-04-14,2884.2320188046474,1980.0799496945745,4532.473948975926,12,us-east-2,21.958,4931.189363995688
2026-04-14,2309.258593843574,1512.0598275242544,3564.3864534674813,15,us-east-1,21.958,4931.189363995688
2026-04-14,3478.9795185052103,2596.4337046352857,4110.0431189364,14,us-west-2,21.958,4931.189363995688
2026-04-15,2210.7138579470598,1515.3611210923466,3511.700503054258,15,us-east-1,21.958,4931.189363995688
2026-04-15,2880.9213678284827,1981.607078692059,4519.807761408552,9,us-east-2,21.958,4931.189363995688
2026-04-15,3468.4548406139315,2600.116780452749,4151.230686309738,14,us-west-2,21.958,4931.189363995688
2026-04-16,3509.4896594402526,2599.2858426158823,4154.711642112828,18,us-west-2,21.958,4931.189363995688
2026-04-16,2886.8408641753504,2001.5495867768595,4509.926338483651,12,us-east-2,21.958,4931.189363995688
2026-04-16,2427.1630049792107,1527.1514552641036,3484.279554437657,14,us-east-1,21.958,4931.189363995688
2026-04-17,2894.9250409230644,2020.7509881422925,4500.494071146245,9,us-east-2,21.958,4931.189363995688
2026-04-17,3443.9843094981434,2554.325368307582,4097.332015810276,15,us-west-2,21.958,4931.189363995688
2026-04-17,2338.6857707509885,1522.8844771828963,3374.7754222062526,16,us-east-1,21.958,4931.189363995688
2026-04-18,2384.870194035214,1524.3217750628817,3336.754401724758,14,us-east-1,21.958,4931.189363995688
2026-04-18,2934.213143575792,1986.413043478261,4496.137261947539,14,us-east-2,21.958,4931.189363995688
2026-04-18,3455.205713259073,2557.716492993173,4075.9746676248656,15,us-west-2,21.958,4931.189363995688
2026-04-19,2360.420409629896,1616.3312971613366,3384.0055695292854,15,us-east-1,21.958,4931.189363995688
2026-04-19,2673.120604691751,1890.6306144448438,4495.935141933166,14,us-east-2,21.958,4931.189363995688
2026-04-19,3629.417766028438,2658.507006827165,4190.352137980596,14,us-west-2,21.958,4931.189363995688
2026-04-20,3692.5889328063245,2755.5919870643193,4168.882500898311,15,us-west-2,21.958,4931.189363995688
2026-04-20,2414.8415042220627,1673.5537190082646,3394.313690262307,16,us-east-1,21.958,4931.189363995688
2026-04-20,2532.145503952569,1861.0537190082644,4479.406216313331,8,us-east-2,21.958,4931.189363995688
2026-04-21,2713.7980596478624,1799.1825368307582,4457.599712540425,12,us-east-2,21.958,4931.189363995688
2026-04-21,2514.9330196730148,1745.6881063600433,3389.0585698886093,16,us-east-1,21.958,4931.189363995688
2026-04-21,3570.8173046437405,2869.385555156306,3988.52407473949,17,us-west-2,21.958,4931.189363995688
2026-04-22,2548.595640196431,1829.6577434423284,3312.095759971254,15,us-east-1,21.958,4931.189363995688
2026-04-22,3434.623907054737,2961.282788357887,3851.509162773985,15,us-west-2,21.958,4931.189363995688
2026-04-22,2673.2617678763927,1849.1735537190084,4437.410168882501,10,us-east-2,21.958,4931.189363995688
2026-04-23,2619.632590729429,1911.4714337046353,3241.802910528207,15,us-east-1,21.958,4931.189363995688
2026-04-23,3358.5279674212484,2885.802191879267,3785.079051383399,15,us-west-2,21.958,4931.189363995688
2026-04-23,2858.5016986247674,1891.6636722960834,4420.252425440173,11,us-east-2,21.958,4931.189363995688
2026-04-24,2688.988629947128,1991.802910528207,3220.3781890046716,14,us-east-1,21.958,4931.189363995688
2026-04-24,2833.60656964906,1962.8548329141215,4408.417175709666,12,us-east-2,21.958,4931.189363995688
2026-04-24,3281.822673374057,2939.813151275602,3654.823931009702,16,us-west-2,21.958,4931.189363995688
2026-04-25,2743.1503772906935,2078.579770032339,3329.612827883579,17,us-east-1,21.958,4931.189363995688
2026-04-25,2766.4329696534155,2040.3790873158462,4391.97808120733,11,us-east-2,21.958,4931.189363995688
2026-04-25,3177.3743487243983,2907.4290334171756,3485.7842256557674,16,us-west-2,21.958,4931.189363995688
2026-04-26,3075.853395616242,2820.000898311175,3395.122170319799,15,us-west-2,21.958,4931.189363995688
2026-04-26,2734.5630839022638,2149.0747394897594,3491.915199425081,16,us-east-1,21.958,4931.189363995688
2026-04-26,2836.1602913794795,2117.0724038807043,4377.245777937477,11,us-east-2,21.958,4931.189363995688
2026-04-27,2937.2102946460654,2230.124865253324,4362.895256916996,10,us-east-2,21.958,4931.189363995688
2026-04-27,2949.6032458977124,2695.944125044916,3262.8683075817466,15,us-west-2,21.958,4931.189363995688
2026-04-27,2922.1065958498025,2279.7340998922027,3679.3253683075814,16,us-east-1,21.958,4931.189363995688
2026-04-28,2962.1207442508085,2406.3510600071863,3867.5215594682,16,us-east-1,21.958,4931.189363995688
2026-04-28,3050.116780452749,2377.5152712899753,4338.393819619117,10,us-east-2,21.958,4931.189363995688
2026-04-28,2834.6224098694456,2602.5871361839745,3127.7847646424725,15,us-west-2,21.958,4931.189363995688
2026-04-29,3194.6209875434183,2497.8889687387714,4325.705174272369,12,us-east-2,21.958,4931.189363995688
2026-04-29,2706.9666838842977,2503.0767157743444,3029.621810995329,16,us-west-2,21.958,4931.189363995688
2026-04-29,2949.3956050125767,2461.170499461013,3876.8864534674817,16,us-east-1,21.958,4931.189363995688
2026-04-30,2933.678808839382,2405.9468199784405,3854.7879985627023,20,us-east-1,21.958,4931.189363995688
2026-04-30,3293.7110051285404,2591.223499820338,4311.174991016888,11,us-east-2,21.958,4931.189363995688
2026-04-30,2627.730865971973,2389.7547610492275,2917.108336327704,15,us-west-2,21.958,4931.189363995688
2026-05-01,2861.204506955495,2332.420050305426,3906.8675889328065,14,us-east-1,21.958,4931.189363995688
2026-05-01,2507.337455583503,2311.5343154868847,2775.3099173553724,18,us-west-2,21.958,4931.189363995688
2026-05-01,3236.0312612288894,2723.5671936758895,4294.039705353935,11,us-east-2,21.958,4931.189363995688
2026-05-02,2485.849994866793,2306.099532878189,2659.6748113546532,14,us-west-2,21.958,4931.189363995688
2026-05-02,2970.1341478021322,2272.188286022278,4084.5759971254042,15,us-east-1,21.958,4931.189363995688
2026-05-02,3261.928823811235,2770.526410348545,4273.670499461014,12,us-east-2,21.958,4931.189363995688
2026-05-03,2416.3537549407115,2299.6092346388787,2530.99173553719,15,us-west-2,21.958,4931.189363995688
2026-05-03,3060.4531338226993,2242.633848365074,4245.6207330219195,14,us-east-1,21.958,4931.189363995688
2026-05-03,3447.910201548362,2905.744699964068,4236.9744879626305,11,us-east-2,21.958,4931.189363995688
2026-05-04,3036.439992813511,2188.4656845131153,4330.6009701760695,15,us-east-1,21.958,4931.189363995688
2026-05-04,3376.298467971124,3006.108515989939,4211.350161696012,11,us-east-2,21.958,4931.189363995688
2026-05-04,2391.8405273086596,2332.0607258354294,2479.9676607977003,16,us-west-2,21.958,4931.189363995688
2026-05-05,3388.9911965504853,2883.893280632411,4206.050125763564,12,us-east-2,21.958,4931.189363995688
2026-05-05,3178.461492394299,2210.249730506647,4419.2867409270575,15,us-east-1,21.958,4931.189363995688
2026-05-05,2343.611510360522,2280.385375494071,2417.0185052102047,15,us-west-2,21.958,4931.189363995688
2026-05-06,3374.6774246235263,2817.732662594323,4202.838663312972,11,us-east-2,21.958,4931.189363995688
2026-05-06,2763.0255120373695,2187.7470355731225,4391.955623427955,13,us-east-1,21.958,4931.189363995688
2026-05-06,2310.2497305066477,2189.0945023356094,2453.9390945023356,15,us-west-2,21.958,4931.189363995688
2026-05-07,3347.64234148891,2792.3553719008264,4199.380165289257,11,us-east-2,21.958,4931.189363995688
2026-05-07,3059.1060680919873,2160.2362558390228,4387.014911965505,16,us-east-1,21.958,4931.189363995688
2026-05-07,2290.5755928853755,2130.6818181818185,2461.978979518505,12,us-west-2,21.958,4931.189363995688
2026-05-08,2189.560501257636,2057.424541861301,2476.913402802731,8,us-west-2,21.958,4931.189363995688
2026-05-08,3074.5223978919635,2792.3553719008264,4194.327164929932,6,us-east-2,21.958,4931.189363995688
2026-05-08,2971.522132141574,2211.1929572403883,4217.166726554078,16,us-east-1,21.958,4931.189363995688
2026-05-09,3368.170589292131,2783.3722601509166,4210.54168163852,10,us-east-2,21.958,4931.189363995688
2026-05-09,3050.6672455783128,2292.579949694574,4169.511318720804,18,us-east-1,21.958,4931.189363995688
2026-05-09,2255.8931855171104,2055.942328422566,2488.3668702838663,17,us-west-2,21.958,4931.189363995688
2026-05-10,3198.250538986705,2722.1523535752785,4217.862917714697,10,us-east-2,21.958,4931.189363995688
2026-05-10,3076.254641274404,2355.0125763564497,4111.03126122889,15,us-east-1,21.958,4931.189363995688
2026-05-10,2250.7739296276845,2072.4937118217754,2506.175889328063,13,us-west-2,21.958,4931.189363995688
2026-05-11,3077.188884896395,2593.806144448437,4218.109953287819,15,us-east-2,21.958,4931.189363995688
2026-05-11,2302.778423622414,2129.581386992454,2555.807581746317,17,us-west-2,21.958,4931.189363995688
2026-05-11,3144.37842150874,2439.790693496227,4123.54024434064,17,us-east-1,21.958,4931.189363995688
2026-05-12,2325.639298119536,2194.3720804886816,2596.793029105282,15,us-west-2,21.958,4931.189363995688
2026-05-12,3028.057932904322,2506.0860582105643,4214.561624146605,11,us-east-2,21.958,4931.189363995688
2026-05-12,3123.4338653857067,2491.690621631333,4138.833992094862,19,us-east-1,21.958,4931.189363995688
2026-05-13,2383.219547251168,2383.219547251168,2383.219547251168,1,us-west-2,21.958,4931.189363995688
