date,voll_mean,voll_min,voll_max,obs_count,series,aws_ondemand_price_usd_per_hour,aws_ondemand_voll,azure_ondemand_price_usd_per_hour,azure_ondemand_voll,comparison_power_mw
2024-01-25,2678.00035932447,2364.310097017607,2786.2468559108875,5,EC2 p4d.24xlarge us-east-1,32.773,7359.9539587499185,32.77,7359.414301113907,0.0044528
2024-01-26,2581.229787998563,2360.5596478620196,2790.132051742724,11,EC2 p4d.24xlarge us-east-1,32.773,7359.9539587499185,32.77,7359.414301113907,0.0044528
2024-01-26,1177.5062881782248,1177.5062881782248,1177.5062881782248,1,Azure Standard_ND96amsr_A100_v4 eastus,32.773,7359.9539587499185,32.77,7359.414301113907,0.0044528
2024-01-27,2582.871077374536,2349.914660438376,2793.725296442688,12,EC2 p4d.24xlarge us-east-1,32.773,7359.9539587499185,32.77,7359.414301113907,0.0044528
2024-01-28,2652.3460893520187,2349.128638160259,2772.188286022278,9,EC2 p4d.24xlarge us-east-1,32.773,7359.9539587499185,32.77,7359.414301113907,0.0044528
2024-01-29,1177.5062881782248,1177.5062881782248,1177.5062881782248,1,Azure Standard_ND96amsr_A100_v4 eastus,32.773,7359.9539587499185,32.77,7359.414301113907,0.0044528
2024-01-30,2605.380322493712,2344.9514911965503,2790.513833992095,8,EC2 p4d.24xlarge us-east-1,32.773,7359.9539587499185,32.77,7359.414301113907,0.0044528
2024-01-31,2629.628344167511,2341.5603665109597,2776.724757455983,11,EC2 p4d.24xlarge us-east-1,32.773,7359.9539587499185,32.77,7359.414301113907,0.0044528
2024-01-31,1177.5062881782248,1177.5062881782248,1177.5062881782248,1,Azure Standard_ND96amsr_A100_v4 eastus,32.773,7359.9539587499185,32.77,7359.414301113907,0.0044528
2024-02-01,2577.624293600758,2339.49425080848,2770.6836148041684,11,EC2 p4d.24xlarge us-east-1,32.773,7359.9539587499185,32.77,7359.414301113907,0.0044528
2024-02-02,2579.4331656485806,2347.219726913403,2766.5962989579593,5,EC2 p4d.24xlarge us-east-1,32.773,7359.9539587499185,32.77,7359.414301113907,0.0044528
2024-02-02,1026.6349263384836,1026.6349263384836,1026.6349263384836,1,Azure Standard_ND96amsr_A100_v4 eastus,32.773,7359.9539587499185,32.77,7359.414301113907,0.0044528
2024-02-05,1026.6349263384836,1026.6349263384836,1026.6349263384836,1,Azure Standard_ND96amsr_A100_v4 eastus,32.773,7359.9539587499185,32.77,7359.414301113907,0.0044528
2024-02-06,2582.1168702838663,2370.104204096299,2728.193496227093,6,EC2 p4d.24xlarge us-east-1,32.773,7359.9539587499185,32.77,7359.414301113907,0.0044528
2024-02-07,2581.175247677224,2363.8384836507366,2725.341358246497,14,EC2 p4d.24xlarge us-east-1,32.773,7359.9539587499185,32.77,7359.414301113907,0.0044528
2024-02-07,1026.6349263384836,1026.6349263384836,1026.6349263384836,1,Azure Standard_ND96amsr_A100_v4 eastus,32.773,7359.9539587499185,32.77,7359.414301113907,0.0044528
2024-02-08,2565.327808719607,2361.8846568451313,2717.1891843334533,12,EC2 p4d.24xlarge us-east-1,32.773,7359.9539587499185,32.77,7359.414301113907,0.0044528
2024-02-09,1026.6349263384836,1026.6349263384836,1026.6349263384836,1,Azure Standard_ND96amsr_A100_v4 eastus,32.773,7359.9539587499185,32.77,7359.414301113907,0.0044528
2024-02-09,2567.6938718844935,2356.315127560187,2683.5474308300395,11,EC2 p4d.24xlarge us-east-1,32.773,7359.9539587499185,32.77,7359.414301113907,0.0044528
2024-02-10,2536.606180380884,2357.325727632052,2675.0583902263747,11,EC2 p4d.24xlarge us-east-1,32.773,7359.9539587499185,32.77,7359.414301113907,0.0044528
2024-02-11,2533.7928331101166,2345.2659001077973,2655.99173553719,11,EC2 p4d.24xlarge us-east-1,32.773,7359.9539587499185,32.77,7359.414301113907,0.0044528
2024-02-12,1026.6349263384836,1026.6349263384836,1026.6349263384836,1,Azure Standard_ND96amsr_A100_v4 eastus,32.773,7359.9539587499185,32.77,7359.414301113907,0.0044528
2024-02-12,2534.9461761887655,2342.2790154509526,2655.4976643909454,12,EC2 p4d.24xlarge us-east-1,32.773,7359.9539587499185,32.77,7359.414301113907,0.0044528
2024-02-13,2533.798957959037,2345.6252245777937,2654.3523176428316,12,EC2 p4d.24xlarge us-east-1,32.773,7359.9539587499185,32.77,7359.414301113907,0.0044528
2024-02-14,2545.903701042041,2355.933345310816,2657.047251167805,13,EC2 p4d.24xlarge us-east-1,32.773,7359.9539587499185,32.77,7359.414301113907,0.0044528
2024-02-14,1026.6349263384836,1026.6349263384836,1026.6349263384836,1,Azure Standard_ND96amsr_A100_v4 eastus,32.773,7359.9539587499185,32.77,7359.414301113907,0.0044528
2024-02-15,2536.9187178105162,2364.6245059288535,2657.8557312252965,12,EC2 p4d.24xlarge us-east-1,32.773,7359.9539587499185,32.77,7359.414301113907,0.0044528
2024-02-16,1026.6349263384836,1026.6349263384836,1026.6349263384836,1,Azure Standard_ND96amsr_A100_v4 eastus,32.773,7359.9539587499185,32.77,7359.414301113907,0.0044528
2024-02-16,2532.620945350015,2369.138519583184,2653.49892202659,11,EC2 p4d.24xlarge us-east-1,32.773,7359.9539587499185,32.77,7359.414301113907,0.0044528
2024-02-17,2521.566205533597,2358.313869924542,2657.4964067553,10,EC2 p4d.24xlarge us-east-1,32.773,7359.9539587499185,32.77,7359.414301113907,0.0044528
2024-02-18,2541.7110063849195,2321.3483650736616,2672.7676967301477,13,EC2 p4d.24xlarge us-east-1,32.773,7359.9539587499185,32.77,7359.414301113907,0.0044528
2024-02-19,1026.6349263384836,1026.6349263384836,1026.6349263384836,1,Azure Standard_ND96amsr_A100_v4 eastus,32.773,7359.9539587499185,32.77,7359.414301113907,0.0044528
2024-02-19,2543.664047953484,2306.4363995688104,2675.5075458138704,11,EC2 p4d.24xlarge us-east-1,32.773,7359.9539587499185,32.77,7359.414301113907,0.0044528
2024-02-20,2535.101509162774,2326.895436579231,2670.9935321595403,10,EC2 p4d.24xlarge us-east-1,32.773,7359.9539587499185,32.77,7359.414301113907,0.0044528
2024-02-21,1026.6349263384836,1026.6349263384836,1026.6349263384836,1,Azure Standard_ND96amsr_A100_v4 eastus,32.773,7359.9539587499185,32.77,7359.414301113907,0.0044528
2024-02-21,2535.808065452334,2327.3670499461014,2673.823212360762,13,EC2 p4d.24xlarge us-east-1,32.773,7359.9539587499185,32.77,7359.414301113907,0.0044528
2024-02-22,2521.1502375533996,2315.756378009343,2666.2549407114625,9,EC2 p4d.24xlarge us-east-1,32.773,7359.9539587499185,32.77,7359.414301113907,0.0044528
2024-02-23,1026.6349263384836,1026.6349263384836,1026.6349263384836,1,Azure Standard_ND96amsr_A100_v4 eastus,32.773,7359.9539587499185,32.77,7359.414301113907,0.0044528
2024-02-23,2500.211477422446,2292.310456342077,2655.7671577434426,12,EC2 p4d.24xlarge us-east-1,32.773,7359.9539587499185,32.77,7359.414301113907,0.0044528
2024-02-24,2468.8941040843215,2269.3586058210567,2644.740388070428,12,EC2 p4d.24xlarge us-east-1,32.773,7359.9539587499185,32.77,7359.414301113907,0.0044528
2024-02-25,2503.031800215595,2267.7865612648225,2652.3311174991018,14,EC2 p4d.24xlarge us-east-1,32.773,7359.9539587499185,32.77,7359.414301113907,0.0044528
2024-02-26,1026.6349263384836,1026.6349263384836,1026.6349263384836,1,Azure Standard_ND96amsr_A100_v4 eastus,32.773,7359.9539587499185,32.77,7359.414301113907,0.0044528
2024-02-26,2489.7991775462133,2265.495867768595,2658.5519223859146,9,EC2 p4d.24xlarge us-east-1,32.773,7359.9539587499185,32.77,7359.414301113907,0.0044528
2024-02-27,2471.158086433868,2252.515271289975,2653.296802012217,11,EC2 p4d.24xlarge us-east-1,32.773,7359.9539587499185,32.77,7359.414301113907,0.0044528
2024-02-28,2466.571595400647,2251.729249011858,2648.9175350341357,10,EC2 p4d.24xlarge us-east-1,32.773,7359.9539587499185,32.77,7359.414301113907,0.0044528
2024-02-28,1026.6349263384836,1026.6349263384836,1026.6349263384836,1,Azure Standard_ND96amsr_A100_v4 eastus,32.773,7359.9539587499185,32.77,7359.414301113907,0.0044528
2024-02-29,2534.0385076057014,2264.911965504851,2659.293029105282,12,EC2 p4d.24xlarge us-east-1,32.773,7359.9539587499185,32.77,7359.414301113907,0.0044528
2024-03-01,2501.518962532258,2273.3560905497666,2672.565576715774,11,EC2 p4d.24xlarge us-east-1,32.773,7359.9539587499185,32.77,7359.414301113907,0.0044528
2024-03-01,821.3034495149119,821.3034495149119,821.3034495149119,1,Azure Standard_ND96amsr_A100_v4 eastus,32.773,7359.9539587499185,32.77,7359.414301113907,0.0044528
2024-03-02,2555.395175252344,2290.8731584620914,2683.8618397412865,11,EC2 p4d.24xlarge us-east-1,32.773,7359.9539587499185,32.77,7359.414301113907,0.0044528
2024-03-03,2521.361431418025,2280.3629177146963,2689.9928135106,11,EC2 p4d.24xlarge us-east-1,32.773,7359.9539587499185,32.77,7359.414301113907,0.0044528
2024-03-04,821.3034495149119,821.3034495149119,821.3034495149119,1,Azure Standard_ND96amsr_A100_v4 eastus,32.773,7359.9539587499185,32.77,7359.414301113907,0.0044528
2024-03-06,821.3034495149119,821.3034495149119,821.3034495149119,1,Azure Standard_ND96amsr_A100_v4 eastus,32.773,7359.9539587499185,32.77,7359.414301113907,0.0044528
2024-03-08,821.3034495149119,821.3034495149119,821.3034495149119,1,Azure Standard_ND96amsr_A100_v4 eastus,32.773,7359.9539587499185,32.77,7359.414301113907,0.0044528
2024-03-09,2622.7766798418975,2271.1327703916636,2787.7739849083723,11,EC2 p4d.24xlarge us-east-1,32.773,7359.9539587499185,32.77,7359.414301113907,0.0044528
2024-03-10,2579.969906575638,2277.7802730865974,2806.3690262306864,10,EC2 p4d.24xlarge us-east-1,32.773,7359.9539587499185,32.77,7359.414301113907,0.0044528
2024-03-11,2646.5504850880343,2292.085878548329,2809.423284225656,10,EC2 p4d.24xlarge us-east-1,32.773,7359.9539587499185,32.77,7359.414301113907,0.0044528
2024-03-11,821.3034495149119,821.3034495149119,821.3034495149119,1,Azure Standard_ND96amsr_A100_v4 eastus,32.773,7359.9539587499185,32.77,7359.414301113907,0.0044528
2024-03-12,2650.8807192478143,2298.935501257636,2838.730686309738,12,EC2 p4d.24xlarge us-east-1,32.773,7359.9539587499185,32.77,7359.414301113907,0.0044528
2024-03-13,821.3034495149119,821.3034495149119,821.3034495149119,1,Azure Standard_ND96amsr_A100_v4 eastus,32.773,7359.9539587499185,32.77,7359.414301113907,0.0044528
2024-03-13,2630.827793747754,2306.930470715056,2859.4816744520303,10,EC2 p4d.24xlarge us-east-1,32.773,7359.9539587499185,32.77,7359.414301113907,0.0044528
2024-03-14,2684.8031949934125,2317.8674092705714,2880.0530003593244,12,EC2 p4d.24xlarge us-east-1,32.773,7359.9539587499185,32.77,7359.414301113907,0.0044528
2024-03-15,821.3034495149119,821.3034495149119,821.3034495149119,1,Azure Standard_ND96amsr_A100_v4 eastus,32.773,7359.9539587499185,32.77,7359.414301113907,0.0044528
2024-03-15,2704.401350461133,2328.8492633848364,2905.0260510240746,12,EC2 p4d.24xlarge us-east-1,32.773,7359.9539587499185,32.77,7359.414301113907,0.0044528
2024-03-16,2702.13226407082,2340.167984189723,2917.1307941070786,11,EC2 p4d.24xlarge us-east-1,32.773,7359.9539587499185,32.77,7359.414301113907,0.0044528
2024-03-17,2737.3313171238074,2347.444304707151,2937.6572044556237,9,EC2 p4d.24xlarge us-east-1,32.773,7359.9539587499185,32.77,7359.414301113907,0.0044528
2024-03-18,821.3034495149119,821.3034495149119,821.3034495149119,1,Azure Standard_ND96amsr_A100_v4 eastus,32.773,7359.9539587499185,32.77,7359.414301113907,0.0044528
2024-03-18,2753.864609534076,2359.99820337765,2962.136183974129,12,EC2 p4d.24xlarge us-east-1,32.773,7359.9539587499185,32.77,7359.414301113907,0.0044528
2024-03-19,2785.951449736035,2373.315666546892,2979.226554078333,13,EC2 p4d.24xlarge us-east-1,32.773,7359.9539587499185,32.77,7359.414301113907,0.0044528
2024-03-20,821.3034495149119,821.3034495149119,821.3034495149119,1,Azure Standard_ND96amsr_A100_v4 eastus,32.773,7359.9539587499185,32.77,7359.414301113907,0.0044528
2024-03-20,2784.113366870284,2386.3636363636365,2989.422385914481,9,EC2 p4d.24xlarge us-east-1,32.773,7359.9539587499185,32.77,7359.414301113907,0.0044528
2024-03-21,2797.4944604144207,2395.9755659360403,3004.716133668703,12,EC2 p4d.24xlarge us-east-1,32.773,7359.9539587499185,32.77,7359.414301113907,0.0044528
2024-03-22,821.3034495149119,821.3034495149119,821.3034495149119,1,Azure Standard_ND96amsr_A100_v4 eastus,32.773,7359.9539587499185,32.77,7359.414301113907,0.0044528
2024-03-22,2861.263324949096,2401.657384117859,3025.736615163493,12,EC2 p4d.24xlarge us-east-1,32.773,7359.9539587499185,32.77,7359.414301113907,0.0044528
2024-03-23,2820.3995238950774,2415.4464606539705,3038.2680560546173,12,EC2 p4d.24xlarge us-east-1,32.773,7359.9539587499185,32.77,7359.414301113907,0.0044528
2024-03-24,2857.6914686104415,2431.4588573481856,3048.0596478620196,14,EC2 p4d.24xlarge us-east-1,32.773,7359.9539587499185,32.77,7359.414301113907,0.0044528
2024-03-25,2863.757635644987,2449.0882141573843,3060.6135465325187,10,EC2 p4d.24xlarge us-east-1,32.773,7359.9539587499185,32.77,7359.414301113907,0.0044528
2024-03-25,821.3034495149119,821.3034495149119,821.3034495149119,1,Azure Standard_ND96amsr_A100_v4 eastus,32.773,7359.9539587499185,32.77,7359.414301113907,0.0044528
2024-03-26,2843.401904419691,2464.381961911606,3061.46694214876,9,EC2 p4d.24xlarge us-east-1,32.773,7359.9539587499185,32.77,7359.414301113907,0.0044528
2024-03-27,821.3034495149119,821.3034495149119,821.3034495149119,1,Azure Standard_ND96amsr_A100_v4 eastus,32.773,7359.9539587499185,32.77,7359.414301113907,0.0044528
2024-03-27,2839.9270734655215,2476.2845849802375,3065.9809558030906,11,EC2 p4d.24xlarge us-east-1,32.773,7359.9539587499185,32.77,7359.414301113907,0.0044528
2024-03-28,2920.8849862258953,2500.9656845131153,3078.624685591089,12,EC2 p4d.24xlarge us-east-1,32.773,7359.9539587499185,32.77,7359.414301113907,0.0044528
2024-03-29,2937.926697808121,2527.623068630974,3085.2721882860224,12,EC2 p4d.24xlarge us-east-1,32.773,7359.9539587499185,32.77,7359.414301113907,0.0044528
2024-03-29,821.3034495149119,821.3034495149119,821.3034495149119,1,Azure Standard_ND96amsr_A100_v4 eastus,32.773,7359.9539587499185,32.77,7359.414301113907,0.0044528
2024-03-30,2926.188016528926,2559.4457420050303,3096.2540424002877,10,EC2 p4d.24xlarge us-east-1,32.773,7359.9539587499185,32.77,7359.414301113907,0.0044528
2024-03-31,2905.9672361415087,2582.3526769673012,3097.7587136183975,11,EC2 p4d.24xlarge us-east-1,32.773,7359.9539587499185,32.77,7359.414301113907,0.0044528
2024-04-01,766.1246855910888,766.1246855910888,766.1246855910888,1,Azure Standard_ND96amsr_A100_v4 eastus,32.773,7359.9539587499185,32.77,7359.414301113907,0.0044528
2024-04-01,3004.230228987685,2608.9876033057853,3100.1616960114984,11,EC2 p4d.24xlarge us-east-1,32.773,7359.9539587499185,32.77,7359.414301113907,0.0044528
2024-04-02,2939.998427955444,2635.6674452030184,3098.1629536471437,12,EC2 p4d.24xlarge us-east-1,32.773,7359.9539587499185,32.77,7359.414301113907,0.0044528
2024-04-03,766.1246855910888,766.1246855910888,766.1246855910888,1,Azure Standard_ND96amsr_A100_v4 eastus,32.773,7359.9539587499185,32.77,7359.414301113907,0.0044528
2024-04-03,2958.5429392741644,2670.9486166007905,3116.4660438375854,12,EC2 p4d.24xlarge us-east-1,32.773,7359.9539587499185,32.77,7359.414301113907,0.0044528
2024-04-04,2948.9861333420445,2708.7675170679126,3109.122349982034,11,EC2 p4d.24xlarge us-east-1,32.773,7359.9539587499185,32.77,7359.414301113907,0.0044528
2024-04-05,2978.8986704994613,2740.5677326625946,3098.814229249012,10,EC2 p4d.24xlarge us-east-1,32.773,7359.9539587499185,32.77,7359.414301113907,0.0044528
2024-04-05,766.1246855910888,766.1246855910888,766.1246855910888,1,Azure Standard_ND96amsr_A100_v4 eastus,32.773,7359.9539587499185,32.77,7359.414301113907,0.0044528
2024-04-06,2949.5766708587857,2755.322493711822,3106.3600431189366,12,EC2 p4d.24xlarge us-east-1,32.773,7359.9539587499185,32.77,7359.414301113907,0.0044528
2024-04-07,2977.24353215954,2787.6392382321237,3115.5452748832195,10,EC2 p4d.24xlarge us-east-1,32.773,7359.9539587499185,32.77,7359.414301113907,0.0044528
2024-04-08,766.1246855910888,766.1246855910888,766.1246855910888,1,Azure Standard_ND96amsr_A100_v4 eastus,32.773,7359.9539587499185,32.77,7359.414301113907,0.0044528
2024-04-08,2983.2995786103943,2806.391484010061,3101.598993891484,11,EC2 p4d.24xlarge us-east-1,32.773,7359.9539587499185,32.77,7359.414301113907,0.0044528
2024-04-09,3010.474308300395,2826.5585698886093,3102.295185052102,10,EC2 p4d.24xlarge us-east-1,32.773,7359.9539587499185,32.77,7359.414301113907,0.0044528
2024-04-10,766.1246855910888,766.1246855910888,766.1246855910888,1,Azure Standard_ND96amsr_A100_v4 eastus,32.773,7359.9539587499185,32.77,7359.414301113907,0.0044528
2024-04-10,3021.3369320223433,2829.6352856629537,3113.00754581387,11,EC2 p4d.24xlarge us-east-1,32.773,7359.9539587499185,32.77,7359.414301113907,0.0044528
2024-04-11,2994.2523056653495,2836.799317283507,3110.379985627021,15,EC2 p4d.24xlarge us-east-1,32.773,7359.9539587499185,32.77,7359.414301113907,0.0044528
2024-04-12,3024.7403064057753,2838.214157384118,3107.797340998922,11,EC2 p4d.24xlarge us-east-1,32.773,7359.9539587499185,32.77,7359.414301113907,0.0044528
2024-04-12,766.1246855910888,766.1246855910888,766.1246855910888,1,Azure Standard_ND96amsr_A100_v4 eastus,32.773,7359.9539587499185,32.77,7359.414301113907,0.0044528
2024-04-13,2959.677057132591,2830.4437657204458,3102.0481494789797,10,EC2 p4d.24xlarge us-east-1,32.773,7359.9539587499185,32.77,7359.414301113907,0.0044528
2024-04-14,2995.359406134649,2840.3251886453468,3105.349443047072,11,EC2 p4d.24xlarge us-east-1,32.773,7359.9539587499185,32.77,7359.414301113907,0.0044528
2024-04-15,766.1246855910888,766.1246855910888,766.1246855910888,1,Azure Standard_ND96amsr_A100_v4 eastus,32.773,7359.9539587499185,32.77,7359.414301113907,0.0044528
2024-04-15,3000.5104040766996,2840.0107797341,3113.6363636363635,11,EC2 p4d.24xlarge us-east-1,32.773,7359.9539587499185,32.77,7359.414301113907,0.0044528
2024-04-16,3001.8992864842667,2850.610851598994,3127.3580668343516,14,EC2 p4d.24xlarge us-east-1,32.773,7359.9539587499185,32.77,7359.414301113907,0.0044528
2024-04-17,766.1246855910888,766.1246855910888,766.1246855910888,1,Azure Standard_ND96amsr_A100_v4 eastus,32.773,7359.9539587499185,32.77,7359.414301113907,0.0044528
2024-04-17,3032.041636722961,2864.0406036651098,3158.5743801652893,12,EC2 p4d.24xlarge us-east-1,32.773,7359.9539587499185,32.77,7359.414301113907,0.0044528
2024-04-18,3023.727664717604,2867.0948616600795,3161.02227811714,11,EC2 p4d.24xlarge us-east-1,32.773,7359.9539587499185,32.77,7359.414301113907,0.0044528
2024-04-19,766.1246855910888,766.1246855910888,766.1246855910888,1,Azure Standard_ND96amsr_A100_v4 eastus,32.773,7359.9539587499185,32.77,7359.414301113907,0.0044528
2024-04-19,3051.6622499700566,2879.8284225655766,3150.309917355372,12,EC2 p4d.24xlarge us-east-1,32.773,7359.9539587499185,32.77,7359.414301113907,0.0044528
2024-04-20,3072.9755332701793,2884.7915918074023,3126.414840100611,11,EC2 p4d.24xlarge us-east-1,32.773,7359.9539587499185,32.77,7359.414301113907,0.0044528
2024-04-21,3029.1256982327773,2884.9487962630255,3119.183435141933,11,EC2 p4d.24xlarge us-east-1,32.773,7359.9539587499185,32.77,7359.414301113907,0.0044528
2024-04-22,3028.2416783719336,2882.7479338842977,3119.587675170679,11,EC2 p4d.24xlarge us-east-1,32.773,7359.9539587499185,32.77,7359.414301113907,0.0044528
2024-04-22,766.1246855910888,766.1246855910888,766.1246855910888,1,Azure Standard_ND96amsr_A100_v4 eastus,32.773,7359.9539587499185,32.77,7359.414301113907,0.0044528
2024-04-23,3054.4048342961387,2880.5470715055694,3138.182716492993,13,EC2 p4d.24xlarge us-east-1,32.773,7359.9539587499185,32.77,7359.414301113907,0.0044528
2024-04-24,3082.3998383039884,2875.920768954366,3168.343514193317,10,EC2 p4d.24xlarge us-east-1,32.773,7359.9539587499185,32.77,7359.414301113907,0.0044528
2024-04-24,766.1246855910888,766.1246855910888,766.1246855910888,1,Azure Standard_ND96amsr_A100_v4 eastus,32.773,7359.9539587499185,32.77,7359.414301113907,0.0044528
2024-04-25,3056.1388339920945,2882.411067193676,3186.2648221343875,12,EC2 p4d.24xlarge us-east-1,32.773,7359.9539587499185,32.77,7359.414301113907,0.0044528
2024-04-26,3075.1325008983113,2883.9606539705355,3189.723320158103,12,EC2 p4d.24xlarge us-east-1,32.773,7359.9539587499185,32.77,7359.414301113907,0.0044528
2024-04-26,766.1246855910888,766.1246855910888,766.1246855910888,1,Azure Standard_ND96amsr_A100_v4 eastus,32.773,7359.9539587499185,32.77,7359.414301113907,0.0044528
2024-04-27,3012.4640675530004,2876.2351778656125,3204.3657923104565,14,EC2 p4d.24xlarge us-east-1,32.773,7359.9539587499185,32.77,7359.414301113907,0.0044528
2024-04-28,3028.26760689903,2882.7030183255483,3196.9547251167805,10,EC2 p4d.24xlarge us-east-1,32.773,7359.9539587499185,32.77,7359.414301113907,0.0044528
2024-04-29,3050.2492813510603,2890.1814588573484,3179.7296083363276,10,EC2 p4d.24xlarge us-east-1,32.773,7359.9539587499185,32.77,7359.414301113907,0.0044528
2024-04-29,766.1246855910888,766.1246855910888,766.1246855910888,1,Azure Standard_ND96amsr_A100_v4 eastus,32.773,7359.9539587499185,32.77,7359.414301113907,0.0044528
2024-04-30,3046.991882533564,2909.5400646784046,3173.194394538268,11,EC2 p4d.24xlarge us-east-1,32.773,7359.9539587499185,32.77,7359.414301113907,0.0044528
2024-05-01,735.9414301113907,735.9414301113907,735.9414301113907,1,Azure Standard_ND96amsr_A100_v4 eastus,32.773,7359.9539587499185,32.77,7359.414301113907,0.0044528
2024-05-01,3052.940471912804,2903.4989220265898,3177.2592526051026,12,EC2 p4d.24xlarge us-east-1,32.773,7359.9539587499185,32.77,7359.414301113907,0.0044528
2024-05-02,3061.5445235684183,2916.816385195832,3167.849443047072,11,EC2 p4d.24xlarge us-east-1,32.773,7359.9539587499185,32.77,7359.414301113907,0.0044528
2024-05-03,3044.829810864666,2930.1563061444485,3167.130794107079,11,EC2 p4d.24xlarge us-east-1,32.773,7359.9539587499185,32.77,7359.414301113907,0.0044528
2024-05-03,735.9414301113907,735.9414301113907,735.9414301113907,1,Azure Standard_ND96amsr_A100_v4 eastus,32.773,7359.9539587499185,32.77,7359.414301113907,0.0044528
2024-05-04,3073.5083951262536,2946.4831117499107,3174.4520301832554,11,EC2 p4d.24xlarge us-east-1,32.773,7359.9539587499185,32.77,7359.414301113907,0.0044528
2024-05-05,3058.063567765328,2925.013474667625,3186.422026590011,11,EC2 p4d.24xlarge us-east-1,32.773,7359.9539587499185,32.77,7359.414301113907,0.0044528
2024-05-06,3062.709605940831,2920.2524254401724,3181.324110671937,12,EC2 p4d.24xlarge us-east-1,32.773,7359.9539587499185,32.77,7359.414301113907,0.0044528
2024-05-06,735.9414301113907,735.9414301113907,735.9414301113907,1,Azure Standard_ND96amsr_A100_v4 eastus,32.773,7359.9539587499185,32.77,7359.414301113907,0.0044528
2024-05-07,3044.7566267724374,2902.3760330578516,3195.5848005749194,13,EC2 p4d.24xlarge us-east-1,32.773,7359.9539587499185,32.77,7359.414301113907,0.0044528
2024-05-08,3074.342735656965,2906.7103844771827,3210.3620194035216,12,EC2 p4d.24xlarge us-east-1,32.773,7359.9539587499185,32.77,7359.414301113907,0.0044528
2024-05-08,735.9414301113907,735.9414301113907,735.9414301113907,1,Azure Standard_ND96amsr_A100_v4 eastus,32.773,7359.9539587499185,32.77,7359.414301113907,0.0044528
2024-05-09,3061.7262274197233,2931.6609773625587,3210.586597197269,11,EC2 p4d.24xlarge us-east-1,32.773,7359.9539587499185,32.77,7359.414301113907,0.0044528
2024-05-10,735.9414301113907,735.9414301113907,735.9414301113907,1,Azure Standard_ND96amsr_A100_v4 eastus,32.773,7359.9539587499185,32.77,7359.414301113907,0.0044528
2024-05-13,735.9414301113907,735.9414301113907,735.9414301113907,1,Azure Standard_ND96amsr_A100_v4 eastus,32.773,7359.9539587499185,32.77,7359.414301113907,0.0044528
2024-05-15,3126.7217630853993,2948.234818541143,3252.425440172476,6,EC2 p4d.24xlarge us-east-1,32.773,7359.9539587499185,32.77,7359.414301113907,0.0044528
2024-05-15,735.9414301113907,735.9414301113907,735.9414301113907,1,Azure Standard_ND96amsr_A100_v4 eastus,32.773,7359.9539587499185,32.77,7359.414301113907,0.0044528
2024-05-16,3106.556038284389,2948.6615163492634,3256.8945382680563,11,EC2 p4d.24xlarge us-east-1,32.773,7359.9539587499185,32.77,7359.414301113907,0.0044528
2024-05-17,3120.5960294646065,2956.634028027309,3249.2588932806325,10,EC2 p4d.24xlarge us-east-1,32.773,7359.9539587499185,32.77,7359.414301113907,0.0044528
2024-05-17,735.9414301113907,735.9414301113907,735.9414301113907,1,Azure Standard_ND96amsr_A100_v4 eastus,32.773,7359.9539587499185,32.77,7359.414301113907,0.0044528
2024-05-18,3131.4065919707314,2963.8654329859864,3244.4529284944306,11,EC2 p4d.24xlarge us-east-1,32.773,7359.9539587499185,32.77,7359.414301113907,0.0044528
2024-05-19,3143.1121990657566,2981.7418253683077,3251.9538268056053,10,EC2 p4d.24xlarge us-east-1,32.773,7359.9539587499185,32.77,7359.414301113907,0.0044528
2024-05-20,3153.4142734735624,2991.6457060725834,3258.3318361480415,13,EC2 p4d.24xlarge us-east-1,32.773,7359.9539587499185,32.77,7359.414301113907,0.0044528
2024-05-20,735.9414301113907,735.9414301113907,735.9414301113907,1,Azure Standard_ND96amsr_A100_v4 eastus,32.773,7359.9539587499185,32.77,7359.414301113907,0.0044528
2024-05-21,3198.46189164371,3003.278835788717,3282.698526769673,9,EC2 p4d.24xlarge us-east-1,32.773,7359.9539587499185,32.77,7359.414301113907,0.0044528
2024-05-22,735.9414301113907,735.9414301113907,735.9414301113907,1,Azure Standard_ND96amsr_A100_v4 eastus,32.773,7359.9539587499185,32.77,7359.414301113907,0.0044528
2024-05-22,3178.0064841733906,3008.98311174991,3285.011678045275,11,EC2 p4d.24xlarge us-east-1,32.773,7359.9539587499185,32.77,7359.414301113907,0.0044528
2024-05-23,3214.7657857772847,3019.4933524973053,3303.202479338843,11,EC2 p4d.24xlarge us-east-1,32.773,7359.9539587499185,32.77,7359.414301113907,0.0044528
2024-05-24,3211.5032829190213,3019.5382680560547,3334.03701042041,11,EC2 p4d.24xlarge us-east-1,32.773,7359.9539587499185,32.77,7359.414301113907,0.0044528
2024-05-24,735.9414301113907,735.9414301113907,735.9414301113907,1,Azure Standard_ND96amsr_A100_v4 eastus,32.773,7359.9539587499185,32.77,7359.414301113907,0.0044528
2024-05-25,3222.7934210956128,3024.007366151635,3362.5583902263743,11,EC2 p4d.24xlarge us-east-1,32.773,7359.9539587499185,32.77,7359.414301113907,0.0044528
2024-05-26,3244.323364382653,3028.3641753503416,3399.8607617678763,13,EC2 p4d.24xlarge us-east-1,32.773,7359.9539587499185,32.77,7359.414301113907,0.0044528
2024-05-27,3228.0898449376714,3020.1670858785483,3416.299856270212,13,EC2 p4d.24xlarge us-east-1,32.773,7359.9539587499185,32.77,7359.414301113907,0.0044528
2024-05-27,735.9414301113907,735.9414301113907,735.9414301113907,1,Azure Standard_ND96amsr_A100_v4 eastus,32.773,7359.9539587499185,32.77,7359.414301113907,0.0044528
2024-05-28,3254.057372140376,3032.9455623427957,3429.1457060725834,9,EC2 p4d.24xlarge us-east-1,32.773,7359.9539587499185,32.77,7359.414301113907,0.0044528
2024-05-29,735.9414301113907,735.9414301113907,735.9414301113907,1,Azure Standard_ND96amsr_A100_v4 eastus,32.773,7359.9539587499185,32.77,7359.414301113907,0.0044528
2024-05-29,3283.5088783087795,3044.5562342795547,3437.095759971254,12,EC2 p4d.24xlarge us-east-1,32.773,7359.9539587499185,32.77,7359.414301113907,0.0044528
2024-05-30,3255.7146410901355,3036.7184692777582,3460.002694933525,13,EC2 p4d.24xlarge us-east-1,32.773,7359.9539587499185,32.77,7359.414301113907,0.0044528
2024-05-31,3327.209845490478,3038.51509162774,3467.1891843334533,10,EC2 p4d.24xlarge us-east-1,32.773,7359.9539587499185,32.77,7359.414301113907,0.0044528
2024-05-31,735.9414301113907,735.9414301113907,735.9414301113907,1,Azure Standard_ND96amsr_A100_v4 eastus,32.773,7359.9539587499185,32.77,7359.414301113907,0.0044528
2024-06-01,3304.2194959191006,3034.6074380165287,3486.480416816385,14,EC2 p4d.24xlarge us-east-1,32.773,7359.9539587499185,32.77,7359.414301113907,0.0044528
2024-06-02,3268.631319273612,3031.5980955803093,3506.8271649299318,13,EC2 p4d.24xlarge us-east-1,32.773,7359.9539587499185,32.77,7359.414301113907,0.0044528
2024-06-03,3278.337634338353,3035.932446999641,3512.014911965505,11,EC2 p4d.24xlarge us-east-1,32.773,7359.9539587499185,32.77,7359.414301113907,0.0044528
2024-06-03,735.9414301113907,735.9414301113907,735.9414301113907,1,Azure Standard_ND96amsr_A100_v4 eastus,32.773,7359.9539587499185,32.77,7359.414301113907,0.0044528
2024-06-04,3265.7584510351307,3039.4358605821058,3520.3692058929214,13,EC2 p4d.24xlarge us-east-1,32.773,7359.9539587499185,32.77,7359.414301113907,0.0044528
2024-06-05,735.9414301113907,735.9414301113907,735.9414301113907,1,Azure Standard_ND96amsr_A100_v4 eastus,32.773,7359.9539587499185,32.77,7359.414301113907,0.0044528
2024-06-05,3282.0222980796107,3076.8729787998564,3518.9319080129358,9,EC2 p4d.24xlarge us-east-1,32.773,7359.9539587499185,32.77,7359.414301113907,0.0044528
2024-06-06,3264.3995198118446,3076.7831476823576,3512.5538986704996,11,EC2 p4d.24xlarge us-east-1,32.773,7359.9539587499185,32.77,7359.414301113907,0.0044528
2024-06-07,735.9414301113907,735.9414301113907,735.9414301113907,1,Azure Standard_ND96amsr_A100_v4 eastus,32.773,7359.9539587499185,32.77,7359.414301113907,0.0044528
2024-06-07,3304.848807319163,3087.428135106001,3512.0598275242546,13,EC2 p4d.24xlarge us-east-1,32.773,7359.9539587499185,32.77,7359.414301113907,0.0044528
2024-06-08,3298.587405677327,3059.153790873159,3511.5882141573843,10,EC2 p4d.24xlarge us-east-1,32.773,7359.9539587499185,32.77,7359.414301113907,0.0044528
2024-06-09,3338.261114559174,3053.9660438375854,3514.3505210204817,11,EC2 p4d.24xlarge us-east-1,32.773,7359.9539587499185,32.77,7359.414301113907,0.0044528
2024-06-10,735.9414301113907,735.9414301113907,735.9414301113907,1,Azure Standard_ND96amsr_A100_v4 eastus,32.773,7359.9539587499185,32.77,7359.414301113907,0.0044528
2024-06-12,735.9414301113907,735.9414301113907,735.9414301113907,1,Azure Standard_ND96amsr_A100_v4 eastus,32.773,7359.9539587499185,32.77,7359.414301113907,0.0044528
2024-06-14,735.9414301113907,735.9414301113907,735.9414301113907,1,Azure Standard_ND96amsr_A100_v4 eastus,32.773,7359.9539587499185,32.77,7359.414301113907,0.0044528
2024-06-17,735.9414301113907,735.9414301113907,735.9414301113907,1,Azure Standard_ND96amsr_A100_v4 eastus,32.773,7359.9539587499185,32.77,7359.414301113907,0.0044528
2024-06-19,735.9414301113907,735.9414301113907,735.9414301113907,1,Azure Standard_ND96amsr_A100_v4 eastus,32.773,7359.9539587499185,32.77,7359.414301113907,0.0044528
2024-06-21,735.9414301113907,735.9414301113907,735.9414301113907,1,Azure Standard_ND96amsr_A100_v4 eastus,32.773,7359.9539587499185,32.77,7359.414301113907,0.0044528
2024-06-22,3898.4683794466405,3114.849083722602,5409.944304707151,3,EC2 p4d.24xlarge us-east-1,32.773,7359.9539587499185,32.77,7359.414301113907,0.0044528
2024-06-23,3997.10107497904,3064.341537908732,5329.051383399209,12,EC2 p4d.24xlarge us-east-1,32.773,7359.9539587499185,32.77,7359.414301113907,0.0044528
2024-06-24,3840.2966060170515,3081.2073302191884,5155.744699964068,11,EC2 p4d.24xlarge us-east-1,32.773,7359.9539587499185,32.77,7359.414301113907,0.0044528
2024-06-24,735.9414301113907,735.9414301113907,735.9414301113907,1,Azure Standard_ND96amsr_A100_v4 eastus,32.773,7359.9539587499185,32.77,7359.414301113907,0.0044528
2024-06-25,3861.978979518505,3078.7594322673376,4981.629536471434,10,EC2 p4d.24xlarge us-east-1,32.773,7359.9539587499185,32.77,7359.414301113907,0.0044528
2024-06-26,735.9414301113907,735.9414301113907,735.9414301113907,1,Azure Standard_ND96amsr_A100_v4 eastus,32.773,7359.9539587499185,32.77,7359.414301113907,0.0044528
2024-06-26,3899.142112827884,3081.2073302191884,5003.323751347467,10,EC2 p4d.24xlarge us-east-1,32.773,7359.9539587499185,32.77,7359.414301113907,0.0044528
2024-06-27,3717.778701042041,3089.179841897233,4981.539705353935,12,EC2 p4d.24xlarge us-east-1,32.773,7359.9539587499185,32.77,7359.414301113907,0.0044528
2024-06-28,735.9414301113907,735.9414301113907,735.9414301113907,1,Azure Standard_ND96amsr_A100_v4 eastus,32.773,7359.9539587499185,32.77,7359.414301113907,0.0044528
2024-06-28,4010.64090419103,3046.51006108516,4931.95292849443,11,EC2 p4d.24xlarge us-east-1,32.773,7359.9539587499185,32.77,7359.414301113907,0.0044528
2024-06-29,4063.2860222781173,3064.00467121811,4941.407653611211,13,EC2 p4d.24xlarge us-east-1,32.773,7359.9539587499185,32.77,7359.414301113907,0.0044528
2024-06-30,4002.1952479338847,3054.5499461013296,4827.03018325548,12,EC2 p4d.24xlarge us-east-1,32.773,7359.9539587499185,32.77,7359.414301113907,0.0044528
2024-07-01,735.9414301113907,735.9414301113907,735.9414301113907,1,Azure Standard_ND96amsr_A100_v4 eastus,32.773,7359.9539587499185,32.77,7359.414301113907,0.0044528
2024-07-01,4076.1216639989552,3057.424541861301,4627.223320158103,11,EC2 p4d.24xlarge us-east-1,32.773,7359.9539587499185,32.77,7359.414301113907,0.0044528
2024-07-02,4132.579500538986,3030.407833273446,4814.902982393101,10,EC2 p4d.24xlarge us-east-1,32.773,7359.9539587499185,32.77,7359.414301113907,0.0044528
2024-07-03,735.9414301113907,735.9414301113907,735.9414301113907,1,Azure Standard_ND96amsr_A100_v4 eastus,32.773,7359.9539587499185,32.77,7359.414301113907,0.0044528
2024-07-03,4100.533270179336,3004.019942508085,5069.866151634927,11,EC2 p4d.24xlarge us-east-1,32.773,7359.9539587499185,32.77,7359.414301113907,0.0044528
2024-07-04,4063.0328618560743,2993.8016528925623,5278.3417175709665,11,EC2 p4d.24xlarge us-east-1,32.773,7359.9539587499185,32.77,7359.414301113907,0.0044528
2024-07-05,4225.9130108124,2970.4231045634206,5462.652712899749,11,EC2 p4d.24xlarge us-east-1,32.773,7359.9539587499185,32.77,7359.414301113907,0.0044528
2024-07-05,735.9414301113907,735.9414301113907,735.9414301113907,1,Azure Standard_ND96amsr_A100_v4 eastus,32.773,7359.9539587499185,32.77,7359.414301113907,0.0044528
2024-07-06,4440.440241576605,2961.1255839022638,5850.835429392742,13,EC2 p4d.24xlarge us-east-1,32.773,7359.9539587499185,32.77,7359.414301113907,0.0044528
2024-07-07,4401.924382161536,2949.49245418613,6074.200503054259,9,EC2 p4d.24xlarge us-east-1,32.773,7359.9539587499185,32.77,7359.414301113907,0.0044528
2024-07-08,4545.514432866211,2929.639777218829,6553.157563780093,3,EC2 p4d.24xlarge us-east-1,32.773,7359.9539587499185,32.77,7359.414301113907,0.0044528
2024-07-08,735.9414301113907,735.9414301113907,735.9414301113907,1,Azure Standard_ND96amsr_A100_v4 eastus,32.773,7359.9539587499185,32.77,7359.414301113907,0.0044528
2024-07-09,4602.254352725966,2896.6492993172833,6742.274523895077,11,EC2 p4d.24xlarge us-east-1,32.773,7359.9539587499185,32.77,7359.414301113907,0.0044528
2024-07-10,4365.6974887212045,2917.3329141214517,7004.1322314049585,9,EC2 p4d.24xlarge us-east-1,32.773,7359.9539587499185,32.77,7359.414301113907,0.0044528
2024-07-10,735.9414301113907,735.9414301113907,735.9414301113907,1,Azure Standard_ND96amsr_A100_v4 eastus,32.773,7359.9539587499185,32.77,7359.414301113907,0.0044528
2024-07-11,4800.429964394212,2916.726554078333,7264.911965504852,11,EC2 p4d.24xlarge us-east-1,32.773,7359.9539587499185,32.77,7359.414301113907,0.0044528
2024-07-12,4877.511528326746,2928.3596837944665,7359.99820337765,12,EC2 p4d.24xlarge us-east-1,32.773,7359.9539587499185,32.77,7359.414301113907,0.0044528
2024-07-12,735.9414301113907,735.9414301113907,735.9414301113907,1,Azure Standard_ND96amsr_A100_v4 eastus,32.773,7359.9539587499185,32.77,7359.414301113907,0.0044528
2024-07-13,3873.4778616201543,2851.396873877111,7359.99820337765,9,EC2 p4d.24xlarge us-east-1,32.773,7359.9539587499185,32.77,7359.414301113907,0.0044528
2024-07-14,3966.2880659360403,2865.8147682357167,7359.99820337765,8,EC2 p4d.24xlarge us-east-1,32.773,7359.9539587499185,32.77,7359.414301113907,0.0044528
2024-07-15,735.9414301113907,735.9414301113907,735.9414301113907,1,Azure Standard_ND96amsr_A100_v4 eastus,32.773,7359.9539587499185,32.77,7359.414301113907,0.0044528
2024-07-15,3921.25179662235,2825.1661875673735,7359.99820337765,8,EC2 p4d.24xlarge us-east-1,32.773,7359.9539587499185,32.77,7359.414301113907,0.0044528
2024-07-16,3698.5002286610265,2835.6315127560188,7359.99820337765,11,EC2 p4d.24xlarge us-east-1,32.773,7359.9539587499185,32.77,7359.414301113907,0.0044528
2024-07-17,735.9414301113907,735.9414301113907,735.9414301113907,1,Azure Standard_ND96amsr_A100_v4 eastus,32.773,7359.9539587499185,32.77,7359.414301113907,0.0044528
2024-07-17,3745.353734978241,2843.7163133309377,7359.99820337765,9,EC2 p4d.24xlarge us-east-1,32.773,7359.9539587499185,32.77,7359.414301113907,0.0044528
2024-07-18,3733.5035133948177,2860.5821056413943,7359.99820337765,9,EC2 p4d.24xlarge us-east-1,32.773,7359.9539587499185,32.77,7359.414301113907,0.0044528
2024-07-19,3781.4128189004673,3014.215774344233,7359.99820337765,8,EC2 p4d.24xlarge us-east-1,32.773,7359.9539587499185,32.77,7359.414301113907,0.0044528
2024-07-19,735.9414301113907,735.9414301113907,735.9414301113907,1,Azure Standard_ND96amsr_A100_v4 eastus,32.773,7359.9539587499185,32.77,7359.414301113907,0.0044528
2024-07-20,3738.0951311534313,3080.8929213079414,7359.99820337765,10,EC2 p4d.24xlarge us-east-1,32.773,7359.9539587499185,32.77,7359.414301113907,0.0044528
2024-07-21,3916.5356629536473,3303.427057132591,7359.99820337765,8,EC2 p4d.24xlarge us-east-1,32.773,7359.9539587499185,32.77,7359.414301113907,0.0044528
2024-07-22,3967.0572448796265,3421.622349982034,7359.99820337765,8,EC2 p4d.24xlarge us-east-1,32.773,7359.9539587499185,32.77,7359.414301113907,0.0044528
2024-07-22,735.9414301113907,735.9414301113907,735.9414301113907,1,Azure Standard_ND96amsr_A100_v4 eastus,32.773,7359.9539587499185,32.77,7359.414301113907,0.0044528
2024-07-23,3992.017507086677,3482.1909809558033,7359.99820337765,9,EC2 p4d.24xlarge us-east-1,32.773,7359.9539587499185,32.77,7359.414301113907,0.0044528
2024-07-24,4056.159420289855,3398.715415019763,7359.99820337765,9,EC2 p4d.24xlarge us-east-1,32.773,7359.9539587499185,32.77,7359.414301113907,0.0044528
2024-07-24,735.9414301113907,735.9414301113907,735.9414301113907,1,Azure Standard_ND96amsr_A100_v4 eastus,32.773,7359.9539587499185,32.77,7359.414301113907,0.0044528
2024-07-25,4887.323196027832,3258.533956162415,7330.825547969816,11,EC2 p4d.24xlarge us-east-1,32.773,7359.9539587499185,32.77,7359.414301113907,0.0044528
2024-07-26,4719.8004115898475,3194.5742005030543,7103.0812073302195,11,EC2 p4d.24xlarge us-east-1,32.773,7359.9539587499185,32.77,7359.414301113907,0.0044528
2024-07-26,735.9414301113907,735.9414301113907,735.9414301113907,1,Azure Standard_ND96amsr_A100_v4 eastus,32.773,7359.9539587499185,32.77,7359.414301113907,0.0044528
2024-07-27,4288.101868487244,3013.0030542579952,6799.56431908013,10,EC2 p4d.24xlarge us-east-1,32.773,7359.9539587499185,32.77,7359.414301113907,0.0044528
2024-07-28,4510.9732165068135,2852.8341717570966,6942.732662594323,13,EC2 p4d.24xlarge us-east-1,32.773,7359.9539587499185,32.77,7359.414301113907,0.0044528
2024-07-29,735.9414301113907,735.9414301113907,735.9414301113907,1,Azure Standard_ND96amsr_A100_v4 eastus,32.773,7359.9539587499185,32.77,7359.414301113907,0.0044528
2024-07-29,4145.000898311175,2750.6288178224936,7095.51293568092,10,EC2 p4d.24xlarge us-east-1,32.773,7359.9539587499185,32.77,7359.414301113907,0.0044528
2024-07-30,3964.8045764871135,2540.8731584620914,7359.99820337765,11,EC2 p4d.24xlarge us-east-1,32.773,7359.9539587499185,32.77,7359.414301113907,0.0044528
2024-07-31,735.9414301113907,735.9414301113907,735.9414301113907,1,Azure Standard_ND96amsr_A100_v4 eastus,32.773,7359.9539587499185,32.77,7359.414301113907,0.0044528
2024-07-31,3103.9009162773987,2423.48634567014,7359.99820337765,10,EC2 p4d.24xlarge us-east-1,32.773,7359.9539587499185,32.77,7359.414301113907,0.0044528
2024-08-01,3020.968080009582,2326.805605461732,7359.99820337765,9,EC2 p4d.24xlarge us-east-1,32.773,7359.9539587499185,32.77,7359.414301113907,0.0044528
2024-08-02,809.5355731225296,809.5355731225296,809.5355731225296,1,Azure Standard_ND96amsr_A100_v4 eastus,32.773,7359.9539587499185,32.77,7359.414301113907,0.0044528
2024-08-02,2870.9051982273327,2160.640495867769,7359.99820337765,9,EC2 p4d.24xlarge us-east-1,32.773,7359.9539587499185,32.77,7359.414301113907,0.0044528
2024-08-03,2729.6622349982035,2031.4408911246858,7359.99820337765,10,EC2 p4d.24xlarge us-east-1,32.773,7359.9539587499185,32.77,7359.414301113907,0.0044528
2024-08-04,2594.614624505929,1934.2436219906576,7359.99820337765,11,EC2 p4d.24xlarge us-east-1,32.773,7359.9539587499185,32.77,7359.414301113907,0.0044528
2024-08-05,809.5355731225296,809.5355731225296,809.5355731225296,1,Azure Standard_ND96amsr_A100_v4 eastus,32.773,7359.9539587499185,32.77,7359.414301113907,0.0044528
2024-08-05,2546.453916636723,1886.4534674811357,7359.99820337765,10,EC2 p4d.24xlarge us-east-1,32.773,7359.9539587499185,32.77,7359.414301113907,0.0044528
2024-08-06,2669.5028970535395,1892.4721523535754,7359.99820337765,8,EC2 p4d.24xlarge us-east-1,32.773,7359.9539587499185,32.77,7359.414301113907,0.0044528
2024-08-07,809.5355731225296,809.5355731225296,809.5355731225296,1,Azure Standard_ND96amsr_A100_v4 eastus,32.773,7359.9539587499185,32.77,7359.414301113907,0.0044528
2024-08-07,2503.6687845033157,1885.1733740567731,7359.99820337765,11,EC2 p4d.24xlarge us-east-1,32.773,7359.9539587499185,32.77,7359.414301113907,0.0044528
2024-08-08,2633.678684073941,1909.8095580309018,7359.99820337765,9,EC2 p4d.24xlarge us-east-1,32.773,7359.9539587499185,32.77,7359.414301113907,0.0044528
2024-08-09,2657.4290334171756,1932.9410707869206,7359.99820337765,9,EC2 p4d.24xlarge us-east-1,32.773,7359.9539587499185,32.77,7359.414301113907,0.0044528
2024-08-09,809.5355731225296,809.5355731225296,809.5355731225296,1,Azure Standard_ND96amsr_A100_v4 eastus,32.773,7359.9539587499185,32.77,7359.414301113907,0.0044528
2024-08-10,2758.10164390945,1970.198526769673,7359.99820337765,8,EC2 p4d.24xlarge us-east-1,32.773,7359.9539587499185,32.77,7359.414301113907,0.0044528
2024-08-11,2650.5095420609255,1963.50610851599,7359.99820337765,9,EC2 p4d.24xlarge us-east-1,32.773,7359.9539587499185,32.77,7359.414301113907,0.0044528
2024-08-12,2677.3490837226013,1986.0537190082646,7359.99820337765,9,EC2 p4d.24xlarge us-east-1,32.773,7359.9539587499185,32.77,7359.414301113907,0.0044528
2024-08-12,809.5355731225296,809.5355731225296,809.5355731225296,1,Azure Standard_ND96amsr_A100_v4 eastus,32.773,7359.9539587499185,32.77,7359.414301113907,0.0044528
2024-08-13,2717.4986026270612,2010.9593963348905,7359.99820337765,9,EC2 p4d.24xlarge us-east-1,32.773,7359.9539587499185,32.77,7359.414301113907,0.0044528
2024-08-14,2703.370164091508,2000.1572044556235,7359.99820337765,9,EC2 p4d.24xlarge us-east-1,32.773,7359.9539587499185,32.77,7359.414301113907,0.0044528
2024-08-14,809.5355731225296,809.5355731225296,809.5355731225296,1,Azure Standard_ND96amsr_A100_v4 eastus,32.773,7359.9539587499185,32.77,7359.414301113907,0.0044528
2024-08-15,2670.400646784046,1999.6631333093783,7359.99820337765,10,EC2 p4d.24xlarge us-east-1,32.773,7359.9539587499185,32.77,7359.414301113907,0.0044528
2024-08-16,809.5355731225296,809.5355731225296,809.5355731225296,1,Azure Standard_ND96amsr_A100_v4 eastus,32.773,7359.9539587499185,32.77,7359.414301113907,0.0044528
2024-08-16,2745.3736974487965,2036.49389148401,7359.99820337765,9,EC2 p4d.24xlarge us-east-1,32.773,7359.9539587499185,32.77,7359.414301113907,0.0044528
2024-08-17,2765.5632411067195,2080.1742723679486,7359.99820337765,9,EC2 p4d.24xlarge us-east-1,32.773,7359.9539587499185,32.77,7359.414301113907,0.0044528
2024-08-18,2859.885914480776,2132.8377650017965,7359.99820337765,8,EC2 p4d.24xlarge us-east-1,32.773,7359.9539587499185,32.77,7359.414301113907,0.0044528
2024-08-19,2738.6384052526705,2176.7876392382323,7359.99820337765,11,EC2 p4d.24xlarge us-east-1,32.773,7359.9539587499185,32.77,7359.414301113907,0.0044528
2024-08-19,809.5355731225296,809.5355731225296,809.5355731225296,1,Azure Standard_ND96amsr_A100_v4 eastus,32.773,7359.9539587499185,32.77,7359.414301113907,0.0044528
2024-08-20,2860.819159979239,2204.186130075458,7359.99820337765,9,EC2 p4d.24xlarge us-east-1,32.773,7359.9539587499185,32.77,7359.414301113907,0.0044528
2024-08-21,809.5355731225296,809.5355731225296,809.5355731225296,1,Azure Standard_ND96amsr_A100_v4 eastus,32.773,7359.9539587499185,32.77,7359.414301113907,0.0044528
2024-08-21,3028.428340434269,2209.126841537909,7359.99820337765,7,EC2 p4d.24xlarge us-east-1,32.773,7359.9539587499185,32.77,7359.414301113907,0.0044528
2024-08-22,2950.994318181818,2209.2840459935323,7359.99820337765,8,EC2 p4d.24xlarge us-east-1,32.773,7359.9539587499185,32.77,7359.414301113907,0.0044528
2024-08-23,809.5355731225296,809.5355731225296,809.5355731225296,1,Azure Standard_ND96amsr_A100_v4 eastus,32.773,7359.9539587499185,32.77,7359.414301113907,0.0044528
2024-08-23,2738.7467810516227,2220.288357887172,7359.99820337765,12,EC2 p4d.24xlarge us-east-1,32.773,7359.9539587499185,32.77,7359.414301113907,0.0044528
2024-08-24,3178.232423044676,2267.831476823572,7359.99820337765,6,EC2 p4d.24xlarge us-east-1,32.773,7359.9539587499185,32.77,7359.414301113907,0.0044528
2024-08-25,2903.778396614365,2285.752784764643,7359.99820337765,9,EC2 p4d.24xlarge us-east-1,32.773,7359.9539587499185,32.77,7359.414301113907,0.0044528
2024-08-26,2906.68044077135,2322.3365073661516,7359.99820337765,9,EC2 p4d.24xlarge us-east-1,32.773,7359.9539587499185,32.77,7359.414301113907,0.0044528
2024-08-26,809.5355731225296,809.5355731225296,809.5355731225296,1,Azure Standard_ND96amsr_A100_v4 eastus,32.773,7359.9539587499185,32.77,7359.414301113907,0.0044528
2024-08-27,2855.4617319439453,2330.803090190442,7359.99820337765,10,EC2 p4d.24xlarge us-east-1,32.773,7359.9539587499185,32.77,7359.414301113907,0.0044528
2024-08-28,2885.1159819539266,2307.716492993173,7359.99820337765,9,EC2 p4d.24xlarge us-east-1,32.773,7359.9539587499185,32.77,7359.414301113907,0.0044528
2024-08-28,809.5355731225296,809.5355731225296,809.5355731225296,1,Azure Standard_ND96amsr_A100_v4 eastus,32.773,7359.9539587499185,32.77,7359.414301113907,0.0044528
2024-08-29,2963.834553539346,2326.783147682357,7359.99820337765,8,EC2 p4d.24xlarge us-east-1,32.773,7359.9539587499185,32.77,7359.414301113907,0.0044528
2024-08-30,2968.264350521021,2324.2678763923827,7359.99820337765,8,EC2 p4d.24xlarge us-east-1,32.773,7359.9539587499185,32.77,7359.414301113907,0.0044528
2024-08-30,809.5355731225296,809.5355731225296,809.5355731225296,1,Azure Standard_ND96amsr_A100_v4 eastus,32.773,7359.9539587499185,32.77,7359.414301113907,0.0044528
2024-08-31,2974.819214876033,2316.5424002874597,7359.99820337765,8,EC2 p4d.24xlarge us-east-1,32.773,7359.9539587499185,32.77,7359.414301113907,0.0044528
2024-09-01,2930.0939234239627,2334.688286022278,7359.99820337765,9,EC2 p4d.24xlarge us-east-1,32.773,7359.9539587499185,32.77,7359.414301113907,0.0044528
2024-09-02,3027.965549766439,2371.721164211283,7359.99820337765,8,EC2 p4d.24xlarge us-east-1,32.773,7359.9539587499185,32.77,7359.414301113907,0.0044528
2024-09-02,890.4958677685951,890.4958677685951,890.4958677685951,1,Azure Standard_ND96amsr_A100_v4 eastus,32.773,7359.9539587499185,32.77,7359.414301113907,0.0044528
2024-09-03,3039.553763923823,2382.792849443047,7359.99820337765,8,EC2 p4d.24xlarge us-east-1,32.773,7359.9539587499185,32.77,7359.414301113907,0.0044528
2024-09-04,3346.8073204194297,2442.1712181099533,7359.99820337765,11,EC2 p4d.24xlarge us-east-1,32.773,7359.9539587499185,32.77,7359.414301113907,0.0044528
2024-09-04,890.4958677685951,890.4958677685951,890.4958677685951,1,Azure Standard_ND96amsr_A100_v4 eastus,32.773,7359.9539587499185,32.77,7359.414301113907,0.0044528
2024-09-05,3009.809058969138,2447.8754940711465,7359.99820337765,9,EC2 p4d.24xlarge us-east-1,32.773,7359.9539587499185,32.77,7359.414301113907,0.0044528
2024-09-06,3082.7007725476105,2446.123787279914,7359.99820337765,8,EC2 p4d.24xlarge us-east-1,32.773,7359.9539587499185,32.77,7359.414301113907,0.0044528
2024-09-06,890.4958677685951,890.4958677685951,890.4958677685951,1,Azure Standard_ND96amsr_A100_v4 eastus,32.773,7359.9539587499185,32.77,7359.414301113907,0.0044528
2024-09-07,3118.8858695652175,2487.693136902623,7359.99820337765,8,EC2 p4d.24xlarge us-east-1,32.773,7359.9539587499185,32.77,7359.414301113907,0.0044528
2024-09-08,3192.9319753862737,2520.50395256917,7359.99820337765,8,EC2 p4d.24xlarge us-east-1,32.773,7359.9539587499185,32.77,7359.414301113907,0.0044528
2024-09-09,3272.581297161337,2507.6581027667985,7359.99820337765,8,EC2 p4d.24xlarge us-east-1,32.773,7359.9539587499185,32.77,7359.414301113907,0.0044528
2024-09-09,890.4958677685951,890.4958677685951,890.4958677685951,1,Azure Standard_ND96amsr_A100_v4 eastus,32.773,7359.9539587499185,32.77,7359.414301113907,0.0044528
2024-09-10,3362.6418048354803,2490.5452748832195,7359.99820337765,7,EC2 p4d.24xlarge us-east-1,32.773,7359.9539587499185,32.77,7359.414301113907,0.0044528
2024-09-11,3260.500259512117,2444.3496227093065,7359.99820337765,9,EC2 p4d.24xlarge us-east-1,32.773,7359.9539587499185,32.77,7359.414301113907,0.0044528
2024-09-11,890.4958677685951,890.4958677685951,890.4958677685951,1,Azure Standard_ND96amsr_A100_v4 eastus,32.773,7359.9539587499185,32.77,7359.414301113907,0.0044528
2024-09-12,3241.0817662793947,2422.9473589651457,7359.99820337765,9,EC2 p4d.24xlarge us-east-1,32.773,7359.9539587499185,32.77,7359.414301113907,0.0044528
2024-09-13,4530.346584784243,2467.481135465325,7269.04419690981,11,EC2 p4d.24xlarge us-east-1,32.773,7359.9539587499185,32.77,7359.414301113907,0.0044528
2024-09-13,890.4958677685951,890.4958677685951,890.4958677685951,1,Azure Standard_ND96amsr_A100_v4 eastus,32.773,7359.9539587499185,32.77,7359.414301113907,0.0044528
2024-09-14,4468.657106458041,2494.385555156306,6976.239669421488,11,EC2 p4d.24xlarge us-east-1,32.773,7359.9539587499185,32.77,7359.414301113907,0.0044528
2024-09-15,4766.645297749323,2514.8445921667267,6892.943765720446,11,EC2 p4d.24xlarge us-east-1,32.773,7359.9539587499185,32.77,7359.414301113907,0.0044528
2024-09-16,4642.1869385555165,2469.0756378009346,6628.750449155588,10,EC2 p4d.24xlarge us-east-1,32.773,7359.9539587499185,32.77,7359.414301113907,0.0044528
2024-09-16,890.4958677685951,890.4958677685951,890.4958677685951,1,Azure Standard_ND96amsr_A100_v4 eastus,32.773,7359.9539587499185,32.77,7359.414301113907,0.0044528
2024-09-17,4037.4169062163137,2387.396694214876,6411.696011498383,10,EC2 p4d.24xlarge us-east-1,32.773,7359.9539587499185,32.77,7359.414301113907,0.0044528
2024-09-18,4492.253793637194,2348.612109234639,6252.425440172477,13,EC2 p4d.24xlarge us-east-1,32.773,7359.9539587499185,32.77,7359.414301113907,0.0044528
2024-09-18,890.4958677685951,890.4958677685951,890.4958677685951,1,Azure Standard_ND96amsr_A100_v4 eastus,32.773,7359.9539587499185,32.77,7359.414301113907,0.0044528
2024-09-19,4051.1950993670357,2337.5404240028747,5972.309558030902,13,EC2 p4d.24xlarge us-east-1,32.773,7359.9539587499185,32.77,7359.414301113907,0.0044528
2024-09-20,890.4958677685951,890.4958677685951,890.4958677685951,1,Azure Standard_ND96amsr_A100_v4 eastus,32.773,7359.9539587499185,32.77,7359.414301113907,0.0044528
2024-09-20,4285.507790807827,2345.8947179302913,5801.316025871362,11,EC2 p4d.24xlarge us-east-1,32.773,7359.9539587499185,32.77,7359.414301113907,0.0044528
2024-09-21,3871.5231274295234,2319.192418253683,5544.735896514552,11,EC2 p4d.24xlarge us-east-1,32.773,7359.9539587499185,32.77,7359.414301113907,0.0044528
2024-09-22,4032.597466762487,2305.0440172475746,5358.111749910169,10,EC2 p4d.24xlarge us-east-1,32.773,7359.9539587499185,32.77,7359.414301113907,0.0044528
2024-09-23,3643.246945742005,2139.934423284226,5127.919511318722,12,EC2 p4d.24xlarge us-east-1,32.773,7359.9539587499185,32.77,7359.414301113907,0.0044528
2024-09-23,890.4958677685951,890.4958677685951,890.4958677685951,1,Azure Standard_ND96amsr_A100_v4 eastus,32.773,7359.9539587499185,32.77,7359.414301113907,0.0044528
2024-09-24,3406.153023225427,2081.409450233561,4829.747574559828,11,EC2 p4d.24xlarge us-east-1,32.773,7359.9539587499185,32.77,7359.414301113907,0.0044528
2024-09-25,3419.050934243622,2071.078871721164,4676.02407473949,14,EC2 p4d.24xlarge us-east-1,32.773,7359.9539587499185,32.77,7359.414301113907,0.0044528
2024-09-25,890.4958677685951,890.4958677685951,890.4958677685951,1,Azure Standard_ND96amsr_A100_v4 eastus,32.773,7359.9539587499185,32.77,7359.414301113907,0.0044528
2024-09-26,3598.4645295416044,2080.668343514193,4451.962809917355,7,EC2 p4d.24xlarge us-east-1,32.773,7359.9539587499185,32.77,7359.414301113907,0.0044528
2024-09-27,3148.0375984059065,2054.8643550125767,4297.857527847646,11,EC2 p4d.24xlarge us-east-1,32.773,7359.9539587499185,32.77,7359.414301113907,0.0044528
2024-09-27,890.4958677685951,890.4958677685951,890.4958677685951,1,Azure Standard_ND96amsr_A100_v4 eastus,32.773,7359.9539587499185,32.77,7359.414301113907,0.0044528
2024-09-28,3387.8084201700804,2083.879805964786,4160.707869205893,9,EC2 p4d.24xlarge us-east-1,32.773,7359.9539587499185,32.77,7359.414301113907,0.0044528
2024-09-29,2919.2283507006828,2126.998742364355,3984.0998922026592,10,EC2 p4d.24xlarge us-east-1,32.773,7359.9539587499185,32.77,7359.414301113907,0.0044528
2024-09-30,890.4958677685951,890.4958677685951,890.4958677685951,1,Azure Standard_ND96amsr_A100_v4 eastus,32.773,7359.9539587499185,32.77,7359.414301113907,0.0044528
2024-09-30,3227.7094063161258,2707.9141214516712,3871.2720086237873,9,EC2 p4d.24xlarge us-east-1,32.773,7359.9539587499185,32.77,7359.414301113907,0.0044528
2024-10-01,2729.424182536831,2142.2700323392023,3632.927596119296,10,EC2 p4d.24xlarge us-east-1,32.773,7359.9539587499185,32.77,7359.414301113907,0.0044528
2024-10-02,979.5409629895796,979.5409629895796,979.5409629895796,1,Azure Standard_ND96amsr_A100_v4 eastus,32.773,7359.9539587499185,32.77,7359.414301113907,0.0044528
2024-10-02,2828.110963887891,2120.216492993173,3487.01940352138,8,EC2 p4d.24xlarge us-east-1,32.773,7359.9539587499185,32.77,7359.414301113907,0.0044528
2024-10-03,2685.1812342795542,2109.2121810995327,3349.9820337765004,12,EC2 p4d.24xlarge us-east-1,32.773,7359.9539587499185,32.77,7359.414301113907,0.0044528
2024-10-04,2625.9237633249495,2128.144089112469,3166.591807402084,15,EC2 p4d.24xlarge us-east-1,32.773,7359.9539587499185,32.77,7359.414301113907,0.0044528
2024-10-04,979.5409629895796,979.5409629895796,979.5409629895796,1,Azure Standard_ND96amsr_A100_v4 eastus,32.773,7359.9539587499185,32.77,7359.414301113907,0.0044528
2024-10-05,2634.2526051024074,2140.00179662235,2977.721882860223,12,EC2 p4d.24xlarge us-east-1,32.773,7359.9539587499185,32.77,7359.414301113907,0.0044528
2024-10-06,2506.7107928004443,2135.847107438017,2820.5848005749194,11,EC2 p4d.24xlarge us-east-1,32.773,7359.9539587499185,32.77,7359.414301113907,0.0044528
2024-10-07,979.5409629895796,979.5409629895796,979.5409629895796,1,Azure Standard_ND96amsr_A100_v4 eastus,32.773,7359.9539587499185,32.77,7359.414301113907,0.0044528
2024-10-07,2494.428429098749,2146.7840459935323,2750.269493352497,11,EC2 p4d.24xlarge us-east-1,32.773,7359.9539587499185,32.77,7359.414301113907,0.0044528
2024-10-08,2456.7497719671633,2120.1042040962993,2771.424721523536,13,EC2 p4d.24xlarge us-east-1,32.773,7359.9539587499185,32.77,7359.414301113907,0.0044528
2024-10-09,979.5409629895796,979.5409629895796,979.5409629895796,1,Azure Standard_ND96amsr_A100_v4 eastus,32.773,7359.9539587499185,32.77,7359.414301113907,0.0044528
2024-10-09,2494.9312791951133,2134.095400646784,2775.8713618397414,10,EC2 p4d.24xlarge us-east-1,32.773,7359.9539587499185,32.77,7359.414301113907,0.0044528
2024-10-10,2314.502485327584,2125.8758533956166,2775.5569529284944,12,EC2 p4d.24xlarge us-east-1,32.773,7359.9539587499185,32.77,7359.414301113907,0.0044528
2024-10-11,2407.388609414301,2145.5264103485447,2803.2473948975926,10,EC2 p4d.24xlarge us-east-1,32.773,7359.9539587499185,32.77,7359.414301113907,0.0044528
2024-10-11,979.5409629895796,979.5409629895796,979.5409629895796,1,Azure Standard_ND96amsr_A100_v4 eastus,32.773,7359.9539587499185,32.77,7359.414301113907,0.0044528
2024-10-12,2444.3795664151394,2144.4259791591808,2842.256557671578,9,EC2 p4d.24xlarge us-east-1,32.773,7359.9539587499185,32.77,7359.414301113907,0.0044528
2024-10-13,2477.6971793029106,2155.3853754940715,2900.3323751347466,10,EC2 p4d.24xlarge us-east-1,32.773,7359.9539587499185,32.77,7359.414301113907,0.0044528
2024-10-14,2516.688171691765,2239.9389148401006,2953.4674811354653,11,EC2 p4d.24xlarge us-east-1,32.773,7359.9539587499185,32.77,7359.414301113907,0.0044528
2024-10-14,979.5409629895796,979.5409629895796,979.5409629895796,1,Azure Standard_ND96amsr_A100_v4 eastus,32.773,7359.9539587499185,32.77,7359.414301113907,0.0044528
2024-10-15,2531.9708947179306,2291.7939274164573,2981.023176428315,10,EC2 p4d.24xlarge us-east-1,32.773,7359.9539587499185,32.77,7359.414301113907,0.0044528
2024-10-16,2589.384207689544,2343.1099532878193,3059.7601509162773,10,EC2 p4d.24xlarge us-east-1,32.773,7359.9539587499185,32.77,7359.414301113907,0.0044528
2024-10-16,979.5409629895796,979.5409629895796,979.5409629895796,1,Azure Standard_ND96amsr_A100_v4 eastus,32.773,7359.9539587499185,32.77,7359.414301113907,0.0044528
2024-10-17,2715.0885182011666,2407.9231045634206,3117.2745238950774,13,EC2 p4d.24xlarge us-east-1,32.773,7359.9539587499185,32.77,7359.414301113907,0.0044528
2024-10-18,2737.3412983590847,2453.5573122529645,3140.383578871721,9,EC2 p4d.24xlarge us-east-1,32.773,7359.9539587499185,32.77,7359.414301113907,0.0044528
2024-10-18,979.5409629895796,979.5409629895796,979.5409629895796,1,Azure Standard_ND96amsr_A100_v4 eastus,32.773,7359.9539587499185,32.77,7359.414301113907,0.0044528
2024-10-19,2799.731504771031,2490.9270571325906,3177.2817103844773,9,EC2 p4d.24xlarge us-east-1,32.773,7359.9539587499185,32.77,7359.414301113907,0.0044528
2024-10-20,2884.1904143287543,2419.5337765001796,3365.3206970894717,13,EC2 p4d.24xlarge us-east-1,32.773,7359.9539587499185,32.77,7359.414301113907,0.0044528
2024-10-21,2915.6669552151047,2291.0528206970894,3520.7959037010423,11,EC2 p4d.24xlarge us-east-1,32.773,7359.9539587499185,32.77,7359.414301113907,0.0044528
2024-10-21,979.5409629895796,979.5409629895796,979.5409629895796,1,Azure Standard_ND96amsr_A100_v4 eastus,32.773,7359.9539587499185,32.77,7359.414301113907,0.0044528
2024-10-22,2847.4892202659,2146.3348904060367,3544.0846209126844,12,EC2 p4d.24xlarge us-east-1,32.773,7359.9539587499185,32.77,7359.414301113907,0.0044528
2024-10-23,2850.9454725116784,2145.6386992454186,3395.5264103485447,10,EC2 p4d.24xlarge us-east-1,32.773,7359.9539587499185,32.77,7359.414301113907,0.0044528
2024-10-23,979.5409629895796,979.5409629895796,979.5409629895796,1,Azure Standard_ND96amsr_A100_v4 eastus,32.773,7359.9539587499185,32.77,7359.414301113907,0.0044528
2024-10-24,2995.7217930291054,2066.924182536831,3466.8747754222063,10,EC2 p4d.24xlarge us-east-1,32.773,7359.9539587499185,32.77,7359.414301113907,0.0044528
2024-10-25,3223.1404958677685,2055.8749550844414,3683.8842975206617,9,EC2 p4d.24xlarge us-east-1,32.773,7359.9539587499185,32.77,7359.414301113907,0.0044528
2024-10-25,979.5409629895796,979.5409629895796,979.5409629895796,1,Azure Standard_ND96amsr_A100_v4 eastus,32.773,7359.9539587499185,32.77,7359.414301113907,0.0044528
2024-10-26,3313.9485267696728,2068.496227093065,3777.9150197628455,8,EC2 p4d.24xlarge us-east-1,32.773,7359.9539587499185,32.77,7359.414301113907,0.0044528
2024-10-27,3491.5184453227935,2093.2896155228173,3959.6658282429034,9,EC2 p4d.24xlarge us-east-1,32.773,7359.9539587499185,32.77,7359.414301113907,0.0044528
2024-10-28,3559.831607487016,2104.6757096658284,4224.218469277758,11,EC2 p4d.24xlarge us-east-1,32.773,7359.9539587499185,32.77,7359.414301113907,0.0044528
2024-10-28,979.5409629895796,979.5409629895796,979.5409629895796,1,Azure Standard_ND96amsr_A100_v4 eastus,32.773,7359.9539587499185,32.77,7359.414301113907,0.0044528
2024-10-29,3770.6555425799497,2116.2863816025874,4397.929392741647,8,EC2 p4d.24xlarge us-east-1,32.773,7359.9539587499185,32.77,7359.414301113907,0.0044528
2024-10-30,3597.5606768366383,2133.9606539705355,4454.1187567373345,11,EC2 p4d.24xlarge us-east-1,32.773,7359.9539587499185,32.77,7359.414301113907,0.0044528
2024-10-30,979.5409629895796,979.5409629895796,979.5409629895796,1,Azure Standard_ND96amsr_A100_v4 eastus,32.773,7359.9539587499185,32.77,7359.414301113907,0.0044528
2024-10-31,3782.1595400646784,2258.691160618038,4646.222601509163,12,EC2 p4d.24xlarge us-east-1,32.773,7359.9539587499185,32.77,7359.414301113907,0.0044528
2024-11-01,1030.3180021559467,1030.3180021559467,1030.3180021559467,1,Azure Standard_ND96amsr_A100_v4 eastus,32.773,7359.9539587499185,32.77,7359.414301113907,0.0044528
2024-11-02,3989.0069169960475,2379.805964786202,4813.173733381243,6,EC2 p4d.24xlarge us-east-1,32.773,7359.9539587499185,32.77,7359.414301113907,0.0044528
2024-11-03,4050.7495907693537,2371.00251527129,4971.02946460654,9,EC2 p4d.24xlarge us-east-1,32.773,7359.9539587499185,32.77,7359.414301113907,0.0044528
2024-11-04,4060.197056805933,2386.700503054258,5088.820517427237,11,EC2 p4d.24xlarge us-east-1,32.773,7359.9539587499185,32.77,7359.414301113907,0.0044528
2024-11-04,1030.3180021559467,1030.3180021559467,1030.3180021559467,1,Azure Standard_ND96amsr_A100_v4 eastus,32.773,7359.9539587499185,32.77,7359.414301113907,0.0044528
2024-11-05,4221.581551682836,2387.149658641754,5233.807941070787,12,EC2 p4d.24xlarge us-east-1,32.773,7359.9539587499185,32.77,7359.414301113907,0.0044528
2024-11-06,1030.3180021559467,1030.3180021559467,1030.3180021559467,1,Azure Standard_ND96amsr_A100_v4 eastus,32.773,7359.9539587499185,32.77,7359.414301113907,0.0044528
2024-11-06,4374.3015630614445,2396.918792669781,5373.697448796263,10,EC2 p4d.24xlarge us-east-1,32.773,7359.9539587499185,32.77,7359.414301113907,0.0044528
2024-11-07,4391.0311115103605,2407.2493711821776,5536.920589292132,12,EC2 p4d.24xlarge us-east-1,32.773,7359.9539587499185,32.77,7359.414301113907,0.0044528
2024-11-08,4489.957629656246,2413.223140495868,5751.212720086239,12,EC2 p4d.24xlarge us-east-1,32.773,7359.9539587499185,32.77,7359.414301113907,0.0044528
2024-11-08,1030.3180021559467,1030.3180021559467,1030.3180021559467,1,Azure Standard_ND96amsr_A100_v4 eastus,32.773,7359.9539587499185,32.77,7359.414301113907,0.0044528
2024-11-09,4475.1106556038285,2428.292310456342,6021.334890406038,11,EC2 p4d.24xlarge us-east-1,32.773,7359.9539587499185,32.77,7359.414301113907,0.0044528
2024-11-10,4761.9447314049585,2450.2560186848727,6070.607258354294,8,EC2 p4d.24xlarge us-east-1,32.773,7359.9539587499185,32.77,7359.414301113907,0.0044528
2024-11-11,4441.9204395736015,2482.303269852677,6196.954725116781,12,EC2 p4d.24xlarge us-east-1,32.773,7359.9539587499185,32.77,7359.414301113907,0.0044528
2024-11-11,1030.3180021559467,1030.3180021559467,1030.3180021559467,1,Azure Standard_ND96amsr_A100_v4 eastus,32.773,7359.9539587499185,32.77,7359.414301113907,0.0044528
2024-11-12,4260.2286547444655,2469.5921667265543,6418.837585339562,13,EC2 p4d.24xlarge us-east-1,32.773,7359.9539587499185,32.77,7359.414301113907,0.0044528
2024-11-13,4599.608417992356,2523.939992813511,6575.031440891125,11,EC2 p4d.24xlarge us-east-1,32.773,7359.9539587499185,32.77,7359.414301113907,0.0044528
2024-11-13,1030.3180021559467,1030.3180021559467,1030.3180021559467,1,Azure Standard_ND96amsr_A100_v4 eastus,32.773,7359.9539587499185,32.77,7359.414301113907,0.0044528
2024-11-14,4409.455224178545,2418.02910528207,6692.7551203736975,9,EC2 p4d.24xlarge us-east-1,32.773,7359.9539587499185,32.77,7359.414301113907,0.0044528
2024-11-15,1030.3180021559467,1030.3180021559467,1030.3180021559467,1,Azure Standard_ND96amsr_A100_v4 eastus,32.773,7359.9539587499185,32.77,7359.414301113907,0.0044528
2024-11-15,4413.949955901088,2315.913582464966,6927.820697089472,11,EC2 p4d.24xlarge us-east-1,32.773,7359.9539587499185,32.77,7359.414301113907,0.0044528
2024-11-16,4293.210495038558,2194.6640316205535,7113.030003593245,13,EC2 p4d.24xlarge us-east-1,32.773,7359.9539587499185,32.77,7359.414301113907,0.0044528
2024-11-17,4462.550632084409,2185.8605821056417,7164.907473948976,11,EC2 p4d.24xlarge us-east-1,32.773,7359.9539587499185,32.77,7359.414301113907,0.0044528
2024-11-18,4114.57509881423,2224.6227093065036,7359.99820337765,10,EC2 p4d.24xlarge us-east-1,32.773,7359.9539587499185,32.77,7359.414301113907,0.0044528
2024-11-18,1030.3180021559467,1030.3180021559467,1030.3180021559467,1,Azure Standard_ND96amsr_A100_v4 eastus,32.773,7359.9539587499185,32.77,7359.414301113907,0.0044528
2024-11-19,4076.699441413779,2162.9311893639956,7330.848005749192,11,EC2 p4d.24xlarge us-east-1,32.773,7359.9539587499185,32.77,7359.414301113907,0.0044528
2024-11-19,1030.3180021559467,1030.3180021559467,1030.3180021559467,1,Azure Standard_ND96amsr_A100_v4 eastus,32.773,7359.9539587499185,32.77,7359.414301113907,0.0044528
2024-11-20,4410.219412504492,2122.327524254402,7331.386992454187,12,EC2 p4d.24xlarge us-east-1,32.773,7359.9539587499185,32.77,7359.414301113907,0.0044528
2024-11-20,1030.3180021559467,1030.3180021559467,1030.3180021559467,1,Azure Standard_ND96amsr_A100_v4 eastus,32.773,7359.9539587499185,32.77,7359.414301113907,0.0044528
2024-11-21,4439.3954365792315,2136.094143011139,7359.99820337765,10,EC2 p4d.24xlarge us-east-1,32.773,7359.9539587499185,32.77,7359.414301113907,0.0044528
2024-11-22,1030.3180021559467,1030.3180021559467,1030.3180021559467,1,Azure Standard_ND96amsr_A100_v4 eastus,32.773,7359.9539587499185,32.77,7359.414301113907,0.0044528
2024-11-22,4499.63046744847,2177.9554437657207,7340.527308659719,11,EC2 p4d.24xlarge us-east-1,32.773,7359.9539587499185,32.77,7359.414301113907,0.0044528
2024-11-23,4583.63481200797,2199.784405318002,7330.915379087315,11,EC2 p4d.24xlarge us-east-1,32.773,7359.9539587499185,32.77,7359.414301113907,0.0044528
2024-11-24,4024.14532108208,2222.0849802371545,7331.072583542939,14,EC2 p4d.24xlarge us-east-1,32.773,7359.9539587499185,32.77,7359.414301113907,0.0044528
2024-11-25,1030.3180021559467,1030.3180021559467,1030.3180021559467,1,Azure Standard_ND96amsr_A100_v4 eastus,32.773,7359.9539587499185,32.77,7359.414301113907,0.0044528
2024-11-25,4061.697644791428,2237.6706791232486,7359.99820337765,11,EC2 p4d.24xlarge us-east-1,32.773,7359.9539587499185,32.77,7359.414301113907,0.0044528
2024-11-26,4623.88085399449,2243.3075817463173,7331.02766798419,12,EC2 p4d.24xlarge us-east-1,32.773,7359.9539587499185,32.77,7359.414301113907,0.0044528
2024-11-27,3776.2699874236437,2306.279195113187,7331.02766798419,12,EC2 p4d.24xlarge us-east-1,32.773,7359.9539587499185,32.77,7359.414301113907,0.0044528
2024-11-27,1030.3180021559467,1030.3180021559467,1030.3180021559467,1,Azure Standard_ND96amsr_A100_v4 eastus,32.773,7359.9539587499185,32.77,7359.414301113907,0.0044528
2024-11-28,3698.933816924183,2319.911067193676,7359.99820337765,8,EC2 p4d.24xlarge us-east-1,32.773,7359.9539587499185,32.77,7359.414301113907,0.0044528
2024-11-29,2973.2797340998923,2368.891484010061,7359.99820337765,10,EC2 p4d.24xlarge us-east-1,32.773,7359.9539587499185,32.77,7359.414301113907,0.0044528
2024-11-30,3119.8090447102304,2351.598993891484,7359.99820337765,7,EC2 p4d.24xlarge us-east-1,32.773,7359.9539587499185,32.77,7359.414301113907,0.0044528
2024-12-01,2930.1534989220268,2240.0287459575998,7359.99820337765,8,EC2 p4d.24xlarge us-east-1,32.773,7359.9539587499185,32.77,7359.414301113907,0.0044528
2024-12-02,2742.8733980117377,2073.9310097017606,7359.99820337765,9,EC2 p4d.24xlarge us-east-1,32.773,7359.9539587499185,32.77,7359.414301113907,0.0044528
2024-12-02,1133.3542939274164,1133.3542939274164,1133.3542939274164,1,Azure Standard_ND96amsr_A100_v4 eastus,32.773,7359.9539587499185,32.77,7359.414301113907,0.0044528
2024-12-03,3579.2053796006367,2009.5894717930291,7359.99820337765,7,EC2 p4d.24xlarge us-east-1,32.773,7359.9539587499185,32.77,7359.414301113907,0.0044528
2024-12-04,1133.3542939274164,1133.3542939274164,1133.3542939274164,1,Azure Standard_ND96amsr_A100_v4 eastus,32.773,7359.9539587499185,32.77,7359.414301113907,0.0044528
2024-12-04,3671.6620829763124,2028.3866331297163,7321.05641394179,13,EC2 p4d.24xlarge us-east-1,32.773,7359.9539587499185,32.77,7359.414301113907,0.0044528
2024-12-05,3977.76904419691,2104.765540783327,6823.706431908013,10,EC2 p4d.24xlarge us-east-1,32.773,7359.9539587499185,32.77,7359.414301113907,0.0044528
2024-12-06,1133.3542939274164,1133.3542939274164,1133.3542939274164,1,Azure Standard_ND96amsr_A100_v4 eastus,32.773,7359.9539587499185,32.77,7359.414301113907,0.0044528
2024-12-06,4289.666052820698,2071.9098095580307,6500.943226733741,8,EC2 p4d.24xlarge us-east-1,32.773,7359.9539587499185,32.77,7359.414301113907,0.0044528
2024-12-07,3576.5885135944427,2130.7716492993172,6365.724937118219,9,EC2 p4d.24xlarge us-east-1,32.773,7359.9539587499185,32.77,7359.414301113907,0.0044528
2024-12-08,3355.488272955934,2217.2790154509526,6104.114265181459,11,EC2 p4d.24xlarge us-east-1,32.773,7359.9539587499185,32.77,7359.414301113907,0.0044528
2024-12-09,1133.3542939274164,1133.3542939274164,1133.3542939274164,1,Azure Standard_ND96amsr_A100_v4 eastus,32.773,7359.9539587499185,32.77,7359.414301113907,0.0044528
2024-12-09,3799.788896873877,2313.5555156306145,5888.58695652174,10,EC2 p4d.24xlarge us-east-1,32.773,7359.9539587499185,32.77,7359.414301113907,0.0044528
2024-12-10,3990.4534021494137,2408.8663312971617,5759.2076895436585,11,EC2 p4d.24xlarge us-east-1,32.773,7359.9539587499185,32.77,7359.414301113907,0.0044528
2024-12-11,3677.1204226962404,2516.618756737334,5529.240028745958,11,EC2 p4d.24xlarge us-east-1,32.773,7359.9539587499185,32.77,7359.414301113907,0.0044528
2024-12-11,1133.3542939274164,1133.3542939274164,1133.3542939274164,1,Azure Standard_ND96amsr_A100_v4 eastus,32.773,7359.9539587499185,32.77,7359.414301113907,0.0044528
2024-12-12,3559.3628209734934,2648.603126122889,5345.9171757096665,13,EC2 p4d.24xlarge us-east-1,32.773,7359.9539587499185,32.77,7359.414301113907,0.0044528
2024-12-13,3593.172144061472,2833.9696370822853,5066.58731584621,13,EC2 p4d.24xlarge us-east-1,32.773,7359.9539587499185,32.77,7359.414301113907,0.0044528
2024-12-13,1133.3542939274164,1133.3542939274164,1133.3542939274164,1,Azure Standard_ND96amsr_A100_v4 eastus,32.773,7359.9539587499185,32.77,7359.414301113907,0.0044528
2024-12-14,3821.0564139417897,3072.583542939274,4831.566654689184,11,EC2 p4d.24xlarge us-east-1,32.773,7359.9539587499185,32.77,7359.414301113907,0.0044528
2024-12-15,3520.0160062718455,3070.02335609055,4469.030722242184,11,EC2 p4d.24xlarge us-east-1,32.773,7359.9539587499185,32.77,7359.414301113907,0.0044528
2024-12-16,3567.826236675051,3054.325368307582,4310.478799856271,12,EC2 p4d.24xlarge us-east-1,32.773,7359.9539587499185,32.77,7359.414301113907,0.0044528
2024-12-16,1133.3542939274164,1133.3542939274164,1133.3542939274164,1,Azure Standard_ND96amsr_A100_v4 eastus,32.773,7359.9539587499185,32.77,7359.414301113907,0.0044528
2024-12-17,3606.8586058210567,3013.0030542579952,4125.471613366871,10,EC2 p4d.24xlarge us-east-1,32.773,7359.9539587499185,32.77,7359.414301113907,0.0044528
2024-12-18,1133.3542939274164,1133.3542939274164,1133.3542939274164,1,Azure Standard_ND96amsr_A100_v4 eastus,32.773,7359.9539587499185,32.77,7359.414301113907,0.0044528
2024-12-18,3245.9433083983927,2820.809378368667,3819.6415738411783,11,EC2 p4d.24xlarge us-east-1,32.773,7359.9539587499185,32.77,7359.414301113907,0.0044528
2024-12-19,3165.4895047311056,2733.9426877470355,3680.762666187568,12,EC2 p4d.24xlarge us-east-1,32.773,7359.9539587499185,32.77,7359.414301113907,0.0044528
2024-12-20,1133.3542939274164,1133.3542939274164,1133.3542939274164,1,Azure Standard_ND96amsr_A100_v4 eastus,32.773,7359.9539587499185,32.77,7359.414301113907,0.0044528
2024-12-20,3117.048074619715,2625.6512756018683,3643.392921307941,12,EC2 p4d.24xlarge us-east-1,32.773,7359.9539587499185,32.77,7359.414301113907,0.0044528
2024-12-21,3056.281236729494,2597.6688825008987,3558.727093065038,11,EC2 p4d.24xlarge us-east-1,32.773,7359.9539587499185,32.77,7359.414301113907,0.0044528
2024-12-22,2991.89682487832,2610.2452389507725,3494.54275961193,11,EC2 p4d.24xlarge us-east-1,32.773,7359.9539587499185,32.77,7359.414301113907,0.0044528
2024-12-23,1133.3542939274164,1133.3542939274164,1133.3542939274164,1,Azure Standard_ND96amsr_A100_v4 eastus,32.773,7359.9539587499185,32.77,7359.414301113907,0.0044528
2024-12-23,3078.5042302289876,2647.5700682716492,3467.211642112828,11,EC2 p4d.24xlarge us-east-1,32.773,7359.9539587499185,32.77,7359.414301113907,0.0044528
2024-12-24,2923.3809668592276,2627.1559468199785,3337.023895077255,13,EC2 p4d.24xlarge us-east-1,32.773,7359.9539587499185,32.77,7359.414301113907,0.0044528
2024-12-25,1133.3542939274164,1133.3542939274164,1133.3542939274164,1,Azure Standard_ND96amsr_A100_v4 eastus,32.773,7359.9539587499185,32.77,7359.414301113907,0.0044528
2024-12-25,3034.545679123248,2657.54132231405,3333.700143729788,12,EC2 p4d.24xlarge us-east-1,32.773,7359.9539587499185,32.77,7359.414301113907,0.0044528
2024-12-26,2996.290723439933,2672.992274523895,3307.581746316924,12,EC2 p4d.24xlarge us-east-1,32.773,7359.9539587499185,32.77,7359.414301113907,0.0044528
2024-12-27,1133.3542939274164,1133.3542939274164,1133.3542939274164,1,Azure Standard_ND96amsr_A100_v4 eastus,32.773,7359.9539587499185,32.77,7359.414301113907,0.0044528
2024-12-27,3004.121002515272,2686.1076176787637,3328.040783327345,12,EC2 p4d.24xlarge us-east-1,32.773,7359.9539587499185,32.77,7359.414301113907,0.0044528
2024-12-28,2962.3342207558885,2720.7824290334174,3333.04886812792,11,EC2 p4d.24xlarge us-east-1,32.773,7359.9539587499185,32.77,7359.414301113907,0.0044528
2024-12-29,2963.286713286713,2723.207869205893,3294.713438735178,13,EC2 p4d.24xlarge us-east-1,32.773,7359.9539587499185,32.77,7359.414301113907,0.0044528
2024-12-30,1133.3542939274164,1133.3542939274164,1133.3542939274164,1,Azure Standard_ND96amsr_A100_v4 eastus,32.773,7359.9539587499185,32.77,7359.414301113907,0.0044528
2024-12-30,2925.247035573123,2691.9690980955806,3291.3672296083364,10,EC2 p4d.24xlarge us-east-1,32.773,7359.9539587499185,32.77,7359.414301113907,0.0044528
2024-12-31,2972.4873487842856,2694.731404958678,3290.109593963349,12,EC2 p4d.24xlarge us-east-1,32.773,7359.9539587499185,32.77,7359.414301113907,0.0044528
2025-01-01,1246.6762486525333,1246.6762486525333,1246.6762486525333,1,Azure Standard_ND96amsr_A100_v4 eastus,32.773,7359.9539587499185,32.77,7359.414301113907,0.0044528
2025-01-01,2965.370104204096,2709.0370104204094,3275.96119295724,11,EC2 p4d.24xlarge us-east-1,32.773,7359.9539587499185,32.77,7359.414301113907,0.0044528
2025-01-02,2990.2716982981087,2768.797161336687,3228.3956162414665,11,EC2 p4d.24xlarge us-east-1,32.773,7359.9539587499185,32.77,7359.414301113907,0.0044528
2025-01-03,1246.6762486525333,1246.6762486525333,1246.6762486525333,1,Azure Standard_ND96amsr_A100_v4 eastus,32.773,7359.9539587499185,32.77,7359.414301113907,0.0044528
2025-01-03,2981.0293012772354,2802.708408192598,3227.9689184333456,11,EC2 p4d.24xlarge us-east-1,32.773,7359.9539587499185,32.77,7359.414301113907,0.0044528
2025-01-04,2960.1088589814785,2816.138160258714,3175.2380524613727,11,EC2 p4d.24xlarge us-east-1,32.773,7359.9539587499185,32.77,7359.414301113907,0.0044528
2025-01-05,2941.965889841384,2781.8675889328065,3117.4991016888252,14,EC2 p4d.24xlarge us-east-1,32.773,7359.9539587499185,32.77,7359.414301113907,0.0044528
2025-01-06,2865.7576029791267,2746.5415019762845,3116.5109593963352,11,EC2 p4d.24xlarge us-east-1,32.773,7359.9539587499185,32.77,7359.414301113907,0.0044528
2025-01-06,1246.6762486525333,1246.6762486525333,1246.6762486525333,1,Azure Standard_ND96amsr_A100_v4 eastus,32.773,7359.9539587499185,32.77,7359.414301113907,0.0044528
2025-01-07,2874.231623119963,2748.5402443406397,3105.596478620194,14,EC2 p4d.24xlarge us-east-1,32.773,7359.9539587499185,32.77,7359.414301113907,0.0044528
2025-01-08,1246.6762486525333,1246.6762486525333,1246.6762486525333,1,Azure Standard_ND96amsr_A100_v4 eastus,32.773,7359.9539587499185,32.77,7359.414301113907,0.0044528
2025-01-08,2886.1533498840363,2749.1016888250088,3059.715235357528,11,EC2 p4d.24xlarge us-east-1,32.773,7359.9539587499185,32.77,7359.414301113907,0.0044528
2025-01-09,2893.0392112827885,2703.512396694215,3075.682716492993,12,EC2 p4d.24xlarge us-east-1,32.773,7359.9539587499185,32.77,7359.414301113907,0.0044528
2025-01-10,1246.6762486525333,1246.6762486525333,1246.6762486525333,1,Azure Standard_ND96amsr_A100_v4 eastus,32.773,7359.9539587499185,32.77,7359.414301113907,0.0044528
2025-01-10,2828.990747394898,2684.0864175350343,3043.7702120014374,10,EC2 p4d.24xlarge us-east-1,32.773,7359.9539587499185,32.77,7359.414301113907,0.0044528
2025-01-11,2843.291657139124,2645.50395256917,3032.7659001077977,11,EC2 p4d.24xlarge us-east-1,32.773,7359.9539587499185,32.77,7359.414301113907,0.0044528
2025-01-12,2802.5377290693496,2625.4042400287462,3004.9407114624505,10,EC2 p4d.24xlarge us-east-1,32.773,7359.9539587499185,32.77,7359.414301113907,0.0044528
2025-01-13,2748.555216193556,2591.6951131872083,2978.799856270212,9,EC2 p4d.24xlarge us-east-1,32.773,7359.9539587499185,32.77,7359.414301113907,0.0044528
2025-01-13,1246.6762486525333,1246.6762486525333,1246.6762486525333,1,Azure Standard_ND96amsr_A100_v4 eastus,32.773,7359.9539587499185,32.77,7359.414301113907,0.0044528
2025-01-14,2785.146424721524,2554.100790513834,2968.9633489040607,12,EC2 p4d.24xlarge us-east-1,32.773,7359.9539587499185,32.77,7359.414301113907,0.0044528
2025-01-15,1246.6762486525333,1246.6762486525333,1246.6762486525333,1,Azure Standard_ND96amsr_A100_v4 eastus,32.773,7359.9539587499185,32.77,7359.414301113907,0.0044528
2025-01-15,2740.801667864415,2528.3866331297163,2941.5648580668344,12,EC2 p4d.24xlarge us-east-1,32.773,7359.9539587499185,32.77,7359.414301113907,0.0044528
2025-01-16,2718.419371581427,2537.8413582464964,2941.160618038088,9,EC2 p4d.24xlarge us-east-1,32.773,7359.9539587499185,32.77,7359.414301113907,0.0044528
2025-01-17,1246.6762486525333,1246.6762486525333,1246.6762486525333,1,Azure Standard_ND96amsr_A100_v4 eastus,32.773,7359.9539587499185,32.77,7359.414301113907,0.0044528
2025-01-17,2707.689543657923,2546.0384477182897,2885.3530362917713,12,EC2 p4d.24xlarge us-east-1,32.773,7359.9539587499185,32.77,7359.414301113907,0.0044528
2025-01-18,2679.1412145167087,2516.012396694215,2865.3206970894717,10,EC2 p4d.24xlarge us-east-1,32.773,7359.9539587499185,32.77,7359.414301113907,0.0044528
2025-01-19,2651.5593865351325,2533.596837944664,2799.51940352138,11,EC2 p4d.24xlarge us-east-1,32.773,7359.9539587499185,32.77,7359.414301113907,0.0044528
2025-01-20,2648.4303739738525,2532.518864534675,2739.085519223859,13,EC2 p4d.24xlarge us-east-1,32.773,7359.9539587499185,32.77,7359.414301113907,0.0044528
2025-01-20,1246.6762486525333,1246.6762486525333,1246.6762486525333,1,Azure Standard_ND96amsr_A100_v4 eastus,32.773,7359.9539587499185,32.77,7359.414301113907,0.0044528
2025-01-21,2644.9812987946298,2515.7429033417175,2709.306503772907,11,EC2 p4d.24xlarge us-east-1,32.773,7359.9539587499185,32.77,7359.414301113907,0.0044528
2025-01-22,2652.407473948976,2503.8851958318364,2728.4854473589653,10,EC2 p4d.24xlarge us-east-1,32.773,7359.9539587499185,32.77,7359.414301113907,0.0044528
2025-01-22,1246.6762486525333,1246.6762486525333,1246.6762486525333,1,Azure Standard_ND96amsr_A100_v4 eastus,32.773,7359.9539587499185,32.77,7359.414301113907,0.0044528
2025-01-23,2608.807941070787,2491.4660438375854,2742.296981674452,11,EC2 p4d.24xlarge us-east-1,32.773,7359.9539587499185,32.77,7359.414301113907,0.0044528
2025-01-24,1246.6762486525333,1246.6762486525333,1246.6762486525333,1,Azure Standard_ND96amsr_A100_v4 eastus,32.773,7359.9539587499185,32.77,7359.414301113907,0.0044528
2025-01-24,2574.357707509882,2463.3713618397414,2697.920409629896,13,EC2 p4d.24xlarge us-east-1,32.773,7359.9539587499185,32.77,7359.414301113907,0.0044528
2025-01-25,2560.1509162773987,2464.2696730147322,2603.710025152713,10,EC2 p4d.24xlarge us-east-1,32.773,7359.9539587499185,32.77,7359.414301113907,0.0044528
2025-01-26,2528.125306242446,2454.7475745598276,2599.1286381602586,11,EC2 p4d.24xlarge us-east-1,32.773,7359.9539587499185,32.77,7359.414301113907,0.0044528
2025-01-27,2477.8203515851737,2409.5625224577793,2562.1406755300036,13,EC2 p4d.24xlarge us-east-1,32.773,7359.9539587499185,32.77,7359.414301113907,0.0044528
2025-01-27,1246.6762486525333,1246.6762486525333,1246.6762486525333,1,Azure Standard_ND96amsr_A100_v4 eastus,32.773,7359.9539587499185,32.77,7359.414301113907,0.0044528
2025-01-28,2373.881194263875,2326.311534315487,2464.718828602228,11,EC2 p4d.24xlarge us-east-1,32.773,7359.9539587499185,32.77,7359.414301113907,0.0044528
2025-01-29,2253.3427540838607,2184.647862019404,2311.736435501258,13,EC2 p4d.24xlarge us-east-1,32.773,7359.9539587499185,32.77,7359.414301113907,0.0044528
2025-01-29,1246.6762486525333,1246.6762486525333,1246.6762486525333,1,Azure Standard_ND96amsr_A100_v4 eastus,32.773,7359.9539587499185,32.77,7359.414301113907,0.0044528
2025-01-30,2176.448730931304,2080.5785123966944,2216.403162055336,11,EC2 p4d.24xlarge us-east-1,32.773,7359.9539587499185,32.77,7359.414301113907,0.0044528
2025-01-31,2122.286691928266,2022.906934962271,2200.4356809198707,11,EC2 p4d.24xlarge us-east-1,32.773,7359.9539587499185,32.77,7359.414301113907,0.0044528
2025-01-31,1246.6762486525333,1246.6762486525333,1246.6762486525333,1,Azure Standard_ND96amsr_A100_v4 eastus,32.773,7359.9539587499185,32.77,7359.414301113907,0.0044528
2025-02-01,2086.399160487375,2015.091627739849,2199.0432985986345,11,EC2 p4d.24xlarge us-east-1,32.773,7359.9539587499185,32.77,7359.414301113907,0.0044528
2025-02-02,2092.391304347826,2007.1864893999282,2200.9522098454904,11,EC2 p4d.24xlarge us-east-1,32.773,7359.9539587499185,32.77,7359.414301113907,0.0044528
2025-02-03,2100.622080488681,1999.3487243981315,2231.47233201581,10,EC2 p4d.24xlarge us-east-1,32.773,7359.9539587499185,32.77,7359.414301113907,0.0044528
2025-02-03,1371.0698886094144,1371.0698886094144,1371.0698886094144,1,Azure Standard_ND96amsr_A100_v4 eastus,32.773,7359.9539587499185,32.77,7359.414301113907,0.0044528
2025-02-04,2134.2329545454545,2058.390226374416,2231.3825008983113,8,EC2 p4d.24xlarge us-east-1,32.773,7359.9539587499185,32.77,7359.414301113907,0.0044528
2025-02-05,2128.881112599223,2050.4626302551205,2234.4592166726557,11,EC2 p4d.24xlarge us-east-1,32.773,7359.9539587499185,32.77,7359.414301113907,0.0044528
2025-02-05,1371.0698886094144,1371.0698886094144,1371.0698886094144,1,Azure Standard_ND96amsr_A100_v4 eastus,32.773,7359.9539587499185,32.77,7359.414301113907,0.0044528
2025-02-06,2111.648850161696,2022.8620194035216,2218.514193316565,10,EC2 p4d.24xlarge us-east-1,32.773,7359.9539587499185,32.77,7359.414301113907,0.0044528
2025-02-07,1371.0698886094144,1371.0698886094144,1371.0698886094144,1,Azure Standard_ND96amsr_A100_v4 eastus,32.773,7359.9539587499185,32.77,7359.414301113907,0.0044528
2025-02-07,2113.460784633979,2030.7896155228173,2225.49856270212,11,EC2 p4d.24xlarge us-east-1,32.773,7359.9539587499185,32.77,7359.414301113907,0.0044528
2025-02-08,2101.752115114494,2022.9743083003953,2218.693855551563,11,EC2 p4d.24xlarge us-east-1,32.773,7359.9539587499185,32.77,7359.414301113907,0.0044528
2025-02-09,2135.5079949694577,2034.8095580309023,2282.1819978440535,10,EC2 p4d.24xlarge us-east-1,32.773,7359.9539587499185,32.77,7359.414301113907,0.0044528
2025-02-10,2150.244789795185,2042.6248652533238,2278.5887531440894,10,EC2 p4d.24xlarge us-east-1,32.773,7359.9539587499185,32.77,7359.414301113907,0.0044528
2025-02-10,1371.0698886094144,1371.0698886094144,1371.0698886094144,1,Azure Standard_ND96amsr_A100_v4 eastus,32.773,7359.9539587499185,32.77,7359.414301113907,0.0044528
2025-02-11,2171.7603049124787,2038.8295005389868,2227.093065037729,7,EC2 p4d.24xlarge us-east-1,32.773,7359.9539587499185,32.77,7359.414301113907,0.0044528
2025-02-12,1371.0698886094144,1371.0698886094144,1371.0698886094144,1,Azure Standard_ND96amsr_A100_v4 eastus,32.773,7359.9539587499185,32.77,7359.414301113907,0.0044528
2025-02-12,2128.121631333094,2027.016708587855,2223.9489759252606,9,EC2 p4d.24xlarge us-east-1,32.773,7359.9539587499185,32.77,7359.414301113907,0.0044528
2025-02-13,1371.0698886094144,1371.0698886094144,1371.0698886094144,1,Azure Standard_ND96amsr_A100_v4 eastus,32.773,7359.9539587499185,32.77,7359.414301113907,0.0044528
2025-02-13,2142.207150556953,2034.8769313690264,2217.2565576715774,10,EC2 p4d.24xlarge us-east-1,32.773,7359.9539587499185,32.77,7359.414301113907,0.0044528
2025-02-14,2163.500119774824,2038.8070427596122,2224.016349263385,6,EC2 p4d.24xlarge us-east-1,32.773,7359.9539587499185,32.77,7359.414301113907,0.0044528
2025-02-14,1371.0698886094144,1371.0698886094144,1371.0698886094144,1,Azure Standard_ND96amsr_A100_v4 eastus,32.773,7359.9539587499185,32.77,7359.414301113907,0.0044528
2025-02-15,2133.6584947571296,2030.9243621990659,2239.5346748113548,11,EC2 p4d.24xlarge us-east-1,32.773,7359.9539587499185,32.77,7359.414301113907,0.0044528
2025-02-16,2139.125943226734,2053.808839381962,2272.7721882860224,9,EC2 p4d.24xlarge us-east-1,32.773,7359.9539587499185,32.77,7359.414301113907,0.0044528
2025-02-17,2134.2862917714697,1989.9613726194757,2275.5344951491197,12,EC2 p4d.24xlarge us-east-1,32.773,7359.9539587499185,32.77,7359.414301113907,0.0044528
2025-02-17,1371.0698886094144,1371.0698886094144,1371.0698886094144,1,Azure Standard_ND96amsr_A100_v4 eastus,32.773,7359.9539587499185,32.77,7359.414301113907,0.0044528
2025-02-18,2122.6671981674453,1963.438735177866,2246.5864175350343,8,EC2 p4d.24xlarge us-east-1,32.773,7359.9539587499185,32.77,7359.414301113907,0.0044528
2025-02-19,1371.0698886094144,1371.0698886094144,1371.0698886094144,1,Azure Standard_ND96amsr_A100_v4 eastus,32.773,7359.9539587499185,32.77,7359.414301113907,0.0044528
2025-02-19,2153.74820337765,1965.2802730865972,2277.9599353215954,10,EC2 p4d.24xlarge us-east-1,32.773,7359.9539587499185,32.77,7359.414301113907,0.0044528
2025-02-20,2180.0864374975044,1965.6171397772189,2352.811713977722,9,EC2 p4d.24xlarge us-east-1,32.773,7359.9539587499185,32.77,7359.414301113907,0.0044528
2025-02-21,2342.6804482572766,1965.594681997844,2529.0828242903344,8,EC2 p4d.24xlarge us-east-1,32.773,7359.9539587499185,32.77,7359.414301113907,0.0044528
2025-02-21,1371.0698886094144,1371.0698886094144,1371.0698886094144,1,Azure Standard_ND96amsr_A100_v4 eastus,32.773,7359.9539587499185,32.77,7359.414301113907,0.0044528
2025-02-22,2208.7960996962074,1943.1593604024436,2490.724937118218,11,EC2 p4d.24xlarge us-east-1,32.773,7359.9539587499185,32.77,7359.414301113907,0.0044528
2025-02-23,2233.278311773865,1954.3657923104565,2423.980416816385,12,EC2 p4d.24xlarge us-east-1,32.773,7359.9539587499185,32.77,7359.414301113907,0.0044528
2025-02-24,2263.6161516349266,2030.1832554796981,2355.304527488322,10,EC2 p4d.24xlarge us-east-1,32.773,7359.9539587499185,32.77,7359.414301113907,0.0044528
2025-02-24,1371.0698886094144,1371.0698886094144,1371.0698886094144,1,Azure Standard_ND96amsr_A100_v4 eastus,32.773,7359.9539587499185,32.77,7359.414301113907,0.0044528
2025-02-25,2206.9409510120972,2047.5655767157743,2384.611929572404,9,EC2 p4d.24xlarge us-east-1,32.773,7359.9539587499185,32.77,7359.414301113907,0.0044528
2025-02-26,1371.0698886094144,1371.0698886094144,1371.0698886094144,1,Azure Standard_ND96amsr_A100_v4 eastus,32.773,7359.9539587499185,32.77,7359.414301113907,0.0044528
2025-02-26,2186.9310695891727,2016.5064678404601,2416.1875673733384,12,EC2 p4d.24xlarge us-east-1,32.773,7359.9539587499185,32.77,7359.414301113907,0.0044528
2025-02-27,2151.3833992094865,1935.2766798418972,2427.618577075099,10,EC2 p4d.24xlarge us-east-1,32.773,7359.9539587499185,32.77,7359.414301113907,0.0044528
2025-02-28,1371.0698886094144,1371.0698886094144,1371.0698886094144,1,Azure Standard_ND96amsr_A100_v4 eastus,32.773,7359.9539587499185,32.77,7359.414301113907,0.0044528
2025-02-28,2216.240966982074,1924.2499101688827,2453.085698886094,9,EC2 p4d.24xlarge us-east-1,32.773,7359.9539587499185,32.77,7359.414301113907,0.0044528
2025-03-01,2127.8072224218467,1924.2499101688827,2450.817463169242,9,EC2 p4d.24xlarge us-east-1,32.773,7359.9539587499185,32.77,7359.414301113907,0.0044528
2025-03-02,2108.5711135791985,1861.9744879626305,2425.395256916996,11,EC2 p4d.24xlarge us-east-1,32.773,7359.9539587499185,32.77,7359.414301113907,0.0044528
2025-03-03,2010.4478580269092,1742.00503054258,2344.098095580309,9,EC2 p4d.24xlarge us-east-1,32.773,7359.9539587499185,32.77,7359.414301113907,0.0044528
2025-03-03,1507.9500538986706,1507.9500538986706,1507.9500538986706,1,Azure Standard_ND96amsr_A100_v4 eastus,32.773,7359.9539587499185,32.77,7359.414301113907,0.0044528
2025-03-04,1938.825008983112,1666.2549407114625,2259.746676248653,11,EC2 p4d.24xlarge us-east-1,32.773,7359.9539587499185,32.77,7359.414301113907,0.0044528
2025-03-05,1507.9500538986706,1507.9500538986706,1507.9500538986706,1,Azure Standard_ND96amsr_A100_v4 eastus,32.773,7359.9539587499185,32.77,7359.414301113907,0.0044528
2025-03-05,1969.5203018325549,1702.5242544017249,2203.310276679842,10,EC2 p4d.24xlarge us-east-1,32.773,7359.9539587499185,32.77,7359.414301113907,0.0044528
2025-03-06,1951.548588653332,1790.2667984189725,2065.711462450593,9,EC2 p4d.24xlarge us-east-1,32.773,7359.9539587499185,32.77,7359.414301113907,0.0044528
2025-03-07,1507.9500538986706,1507.9500538986706,1507.9500538986706,1,Azure Standard_ND96amsr_A100_v4 eastus,32.773,7359.9539587499185,32.77,7359.414301113907,0.0044528
2025-03-07,1953.5323591647705,1856.1354653251888,2072.3814229249015,9,EC2 p4d.24xlarge us-east-1,32.773,7359.9539587499185,32.77,7359.414301113907,0.0044528
2025-03-08,2028.1570647183298,1873.427955443766,2179.909270571326,9,EC2 p4d.24xlarge us-east-1,32.773,7359.9539587499185,32.77,7359.414301113907,0.0044528
2025-03-09,2057.512127200863,1918.9498742364358,2257.321236076177,10,EC2 p4d.24xlarge us-east-1,32.773,7359.9539587499185,32.77,7359.414301113907,0.0044528
2025-03-10,2093.6287279913763,1967.5934243621991,2294.01724757456,10,EC2 p4d.24xlarge us-east-1,32.773,7359.9539587499185,32.77,7359.414301113907,0.0044528
2025-03-10,1507.9500538986706,1507.9500538986706,1507.9500538986706,1,Azure Standard_ND96amsr_A100_v4 eastus,32.773,7359.9539587499185,32.77,7359.414301113907,0.0044528
2025-03-11,2143.193047071506,1981.8541142651816,2347.399389148401,10,EC2 p4d.24xlarge us-east-1,32.773,7359.9539587499185,32.77,7359.414301113907,0.0044528
2025-03-12,1507.9500538986706,1507.9500538986706,1507.9500538986706,1,Azure Standard_ND96amsr_A100_v4 eastus,32.773,7359.9539587499185,32.77,7359.414301113907,0.0044528
2025-03-12,2163.0618528076307,1991.1516349263384,2354.922745238951,11,EC2 p4d.24xlarge us-east-1,32.773,7359.9539587499185,32.77,7359.414301113907,0.0044528
2025-03-13,2219.6543575002074,2016.4390945023356,2460.5641394178947,13,EC2 p4d.24xlarge us-east-1,32.773,7359.9539587499185,32.77,7359.414301113907,0.0044528
2025-03-14,2271.9992663792073,2103.4629895795906,2477.3625583902267,12,EC2 p4d.24xlarge us-east-1,32.773,7359.9539587499185,32.77,7359.414301113907,0.0044528
2025-03-14,1507.9500538986706,1507.9500538986706,1507.9500538986706,1,Azure Standard_ND96amsr_A100_v4 eastus,32.773,7359.9539587499185,32.77,7359.414301113907,0.0044528
2025-03-15,2344.5676673308726,2170.3647143370463,2488.5465325188648,11,EC2 p4d.24xlarge us-east-1,32.773,7359.9539587499185,32.77,7359.414301113907,0.0044528
2025-03-16,2428.263115343155,2222.5565936040243,2609.5490477901544,10,EC2 p4d.24xlarge us-east-1,32.773,7359.9539587499185,32.77,7359.414301113907,0.0044528
2025-03-17,1507.9500538986706,1507.9500538986706,1507.9500538986706,1,Azure Standard_ND96amsr_A100_v4 eastus,32.773,7359.9539587499185,32.77,7359.414301113907,0.0044528
2025-03-17,2515.324371998824,2388.272547610492,2672.5206611570247,11,EC2 p4d.24xlarge us-east-1,32.773,7359.9539587499185,32.77,7359.414301113907,0.0044528
2025-03-18,2527.254761049228,2316.6771469637083,2683.884297520661,10,EC2 p4d.24xlarge us-east-1,32.773,7359.9539587499185,32.77,7359.414301113907,0.0044528
2025-03-19,2483.6937806922983,2236.839741286382,2685.9953287818903,12,EC2 p4d.24xlarge us-east-1,32.773,7359.9539587499185,32.77,7359.414301113907,0.0044528
2025-03-19,1507.9500538986706,1507.9500538986706,1507.9500538986706,1,Azure Standard_ND96amsr_A100_v4 eastus,32.773,7359.9539587499185,32.77,7359.414301113907,0.0044528
2025-03-20,2402.6373599451213,2165.2667984189725,2615.5452748832195,11,EC2 p4d.24xlarge us-east-1,32.773,7359.9539587499185,32.77,7359.414301113907,0.0044528
2025-03-21,2320.1786890645585,2083.99209486166,2571.887351778656,12,EC2 p4d.24xlarge us-east-1,32.773,7359.9539587499185,32.77,7359.414301113907,0.0044528
2025-03-21,1507.9500538986706,1507.9500538986706,1507.9500538986706,1,Azure Standard_ND96amsr_A100_v4 eastus,32.773,7359.9539587499185,32.77,7359.414301113907,0.0044528
2025-03-22,2290.0733160120512,2071.819978440532,2499.393639956881,13,EC2 p4d.24xlarge us-east-1,32.773,7359.9539587499185,32.77,7359.414301113907,0.0044528
2025-03-23,1507.9500538986706,1507.9500538986706,1507.9500538986706,1,Azure Standard_ND96amsr_A100_v4 eastus,32.773,7359.9539587499185,32.77,7359.414301113907,0.0044528
2025-03-23,2179.061999804005,2039.7727272727275,2322.4712540424002,11,EC2 p4d.24xlarge us-east-1,32.773,7359.9539587499185,32.77,7359.414301113907,0.0044528
2025-03-24,2146.2364216810856,2048.688465684513,2212.091268415379,13,EC2 p4d.24xlarge us-east-1,32.773,7359.9539587499185,32.77,7359.414301113907,0.0044528
2025-03-24,1507.9500538986706,1507.9500538986706,1507.9500538986706,1,Azure Standard_ND96amsr_A100_v4 eastus,32.773,7359.9539587499185,32.77,7359.414301113907,0.0044528
2025-03-25,2130.9692777578157,2022.1882860222784,2220.04132231405,10,EC2 p4d.24xlarge us-east-1,32.773,7359.9539587499185,32.77,7359.414301113907,0.0044528
2025-03-26,2122.572314049587,2039.4583183614807,2199.7394897592526,10,EC2 p4d.24xlarge us-east-1,32.773,7359.9539587499185,32.77,7359.414301113907,0.0044528
2025-03-26,1507.9500538986706,1507.9500538986706,1507.9500538986706,1,Azure Standard_ND96amsr_A100_v4 eastus,32.773,7359.9539587499185,32.77,7359.414301113907,0.0044528
2025-03-27,2137.488771110313,2071.6852317642833,2206.5441969098097,10,EC2 p4d.24xlarge us-east-1,32.773,7359.9539587499185,32.77,7359.414301113907,0.0044528
2025-03-28,1507.9500538986706,1507.9500538986706,1507.9500538986706,1,Azure Standard_ND96amsr_A100_v4 eastus,32.773,7359.9539587499185,32.77,7359.414301113907,0.0044528
2025-03-28,2171.397772188286,2053.898670499461,2238.030003593245,12,EC2 p4d.24xlarge us-east-1,32.773,7359.9539587499185,32.77,7359.414301113907,0.0044528
2025-03-29,2150.0663368252303,2030.9468199784405,2241.5558749550846,13,EC2 p4d.24xlarge us-east-1,32.773,7359.9539587499185,32.77,7359.414301113907,0.0044528
2025-03-30,2172.4757455982754,2022.7272727272727,2263.227632051743,12,EC2 p4d.24xlarge us-east-1,32.773,7359.9539587499185,32.77,7359.414301113907,0.0044528
2025-03-31,1507.9500538986706,1507.9500538986706,1507.9500538986706,1,Azure Standard_ND96amsr_A100_v4 eastus,32.773,7359.9539587499185,32.77,7359.414301113907,0.0044528
2025-03-31,2145.6960913482653,2001.9313690262306,2303.337226015092,9,EC2 p4d.24xlarge us-east-1,32.773,7359.9539587499185,32.77,7359.414301113907,0.0044528
2025-04-01,2201.5001796622355,1985.6943945382684,2339.4493352497307,10,EC2 p4d.24xlarge us-east-1,32.773,7359.9539587499185,32.77,7359.414301113907,0.0044528
2025-04-02,1658.8214157384118,1658.8214157384118,1658.8214157384118,1,Azure Standard_ND96amsr_A100_v4 eastus,32.773,7359.9539587499185,32.77,7359.414301113907,0.0044528
2025-04-02,2186.3321954725116,1977.3850161696012,2344.6819978440535,11,EC2 p4d.24xlarge us-east-1,32.773,7359.9539587499185,32.77,7359.414301113907,0.0044528
2025-04-03,2231.025422206252,1983.6507366151636,2373.383039885016,10,EC2 p4d.24xlarge us-east-1,32.773,7359.9539587499185,32.77,7359.414301113907,0.0044528
2025-04-04,2258.088883807533,2001.2576356449872,2420.5668343514194,11,EC2 p4d.24xlarge us-east-1,32.773,7359.9539587499185,32.77,7359.414301113907,0.0044528
2025-04-04,1658.8214157384118,1658.8214157384118,1658.8214157384118,1,Azure Standard_ND96amsr_A100_v4 eastus,32.773,7359.9539587499185,32.77,7359.414301113907,0.0044528
2025-04-05,2239.1671838761313,1977.7443406395976,2456.3645346748112,11,EC2 p4d.24xlarge us-east-1,32.773,7359.9539587499185,32.77,7359.414301113907,0.0044528
2025-04-06,2247.982883088884,1983.8977721882861,2452.5017966223504,11,EC2 p4d.24xlarge us-east-1,32.773,7359.9539587499185,32.77,7359.414301113907,0.0044528
2025-04-07,2303.658372260151,2016.1471433704635,2479.608336327704,10,EC2 p4d.24xlarge us-east-1,32.773,7359.9539587499185,32.77,7359.414301113907,0.0044528
2025-04-07,1658.8214157384118,1658.8214157384118,1658.8214157384118,1,Azure Standard_ND96amsr_A100_v4 eastus,32.773,7359.9539587499185,32.77,7359.414301113907,0.0044528
2025-04-08,2269.3154177837973,2006.6025871361842,2490.9495149119657,13,EC2 p4d.24xlarge us-east-1,32.773,7359.9539587499185,32.77,7359.414301113907,0.0044528
2025-04-09,2310.907539280698,2013.0704275961195,2504.895795903701,11,EC2 p4d.24xlarge us-east-1,32.773,7359.9539587499185,32.77,7359.414301113907,0.0044528
2025-04-09,1658.8214157384118,1658.8214157384118,1658.8214157384118,1,Azure Standard_ND96amsr_A100_v4 eastus,32.773,7359.9539587499185,32.77,7359.414301113907,0.0044528
2025-04-10,2269.296415047403,2010.4204096298959,2513.003054257995,13,EC2 p4d.24xlarge us-east-1,32.773,7359.9539587499185,32.77,7359.414301113907,0.0044528
2025-04-11,2184.917355371901,2024.995508444125,2506.175889328063,10,EC2 p4d.24xlarge us-east-1,32.773,7359.9539587499185,32.77,7359.414301113907,0.0044528
2025-04-11,1658.8214157384118,1658.8214157384118,1658.8214157384118,1,Azure Standard_ND96amsr_A100_v4 eastus,32.773,7359.9539587499185,32.77,7359.414301113907,0.0044528
2025-04-12,2180.178763923823,1987.9850880344952,2507.411067193676,9,EC2 p4d.24xlarge us-east-1,32.773,7359.9539587499185,32.77,7359.414301113907,0.0044528
2025-04-13,2138.158531192128,1984.52659001078,2451.4238232123607,13,EC2 p4d.24xlarge us-east-1,32.773,7359.9539587499185,32.77,7359.414301113907,0.0044528
2025-04-14,2107.337977329893,1989.130434782609,2424.609234638879,11,EC2 p4d.24xlarge us-east-1,32.773,7359.9539587499185,32.77,7359.414301113907,0.0044528
2025-04-14,1658.8214157384118,1658.8214157384118,1658.8214157384118,1,Azure Standard_ND96amsr_A100_v4 eastus,32.773,7359.9539587499185,32.77,7359.414301113907,0.0044528
2025-04-15,2078.856749311295,1974.3981315127562,2233.2015810276685,9,EC2 p4d.24xlarge us-east-1,32.773,7359.9539587499185,32.77,7359.414301113907,0.0044528
2025-04-16,2065.9379117259555,1974.734998203378,2168.3884297520663,12,EC2 p4d.24xlarge us-east-1,32.773,7359.9539587499185,32.77,7359.414301113907,0.0044528
2025-04-16,1658.8214157384118,1658.8214157384118,1658.8214157384118,1,Azure Standard_ND96amsr_A100_v4 eastus,32.773,7359.9539587499185,32.77,7359.414301113907,0.0044528
2025-04-17,2086.5732423044674,2043.3435141933164,2160.5731225296445,15,EC2 p4d.24xlarge us-east-1,32.773,7359.9539587499185,32.77,7359.414301113907,0.0044528
2025-04-18,2125.1777907533838,2078.108156665469,2182.402084081926,12,EC2 p4d.24xlarge us-east-1,32.773,7359.9539587499185,32.77,7359.414301113907,0.0044528
2025-04-18,1658.8214157384118,1658.8214157384118,1658.8214157384118,1,Azure Standard_ND96amsr_A100_v4 eastus,32.773,7359.9539587499185,32.77,7359.414301113907,0.0044528
2025-04-19,2177.771289974847,2119.8347107438017,2237.2664390945024,10,EC2 p4d.24xlarge us-east-1,32.773,7359.9539587499185,32.77,7359.414301113907,0.0044528
2025-04-20,2216.133668702839,2152.4658641753504,2266.1471433704637,10,EC2 p4d.24xlarge us-east-1,32.773,7359.9539587499185,32.77,7359.414301113907,0.0044528
2025-04-21,2245.6678943586057,2196.6627739849087,2316.6097736255842,10,EC2 p4d.24xlarge us-east-1,32.773,7359.9539587499185,32.77,7359.414301113907,0.0044528
2025-04-21,1658.8214157384118,1658.8214157384118,1658.8214157384118,1,Azure Standard_ND96amsr_A100_v4 eastus,32.773,7359.9539587499185,32.77,7359.414301113907,0.0044528
2025-04-22,2286.8389246398588,2200.7500898311177,2368.195292849443,11,EC2 p4d.24xlarge us-east-1,32.773,7359.9539587499185,32.77,7359.414301113907,0.0044528
2025-04-23,1658.8214157384118,1658.8214157384118,1658.8214157384118,1,Azure Standard_ND96amsr_A100_v4 eastus,32.773,7359.9539587499185,32.77,7359.414301113907,0.0044528
2025-04-23,2278.0375167412535,2196.7301473230327,2408.282429033417,11,EC2 p4d.24xlarge us-east-1,32.773,7359.9539587499185,32.77,7359.414301113907,0.0044528
2025-04-24,2251.470984549048,2196.6403162055335,2343.6713977721884,10,EC2 p4d.24xlarge us-east-1,32.773,7359.9539587499185,32.77,7359.414301113907,0.0044528
2025-04-25,1658.8214157384118,1658.8214157384118,1658.8214157384118,1,Azure Standard_ND96amsr_A100_v4 eastus,32.773,7359.9539587499185,32.77,7359.414301113907,0.0044528
2025-04-25,2250.640046712181,2202.614085519224,2352.0481494789797,10,EC2 p4d.24xlarge us-east-1,32.773,7359.9539587499185,32.77,7359.414301113907,0.0044528
2025-04-26,2240.74065756378,2153.139597556594,2372.4398131512758,10,EC2 p4d.24xlarge us-east-1,32.773,7359.9539587499185,32.77,7359.414301113907,0.0044528
2025-04-27,2262.104743083004,2124.9550844412506,2403.903162055336,9,EC2 p4d.24xlarge us-east-1,32.773,7359.9539587499185,32.77,7359.414301113907,0.0044528
2025-04-28,1658.8214157384118,1658.8214157384118,1658.8214157384118,1,Azure Standard_ND96amsr_A100_v4 eastus,32.773,7359.9539587499185,32.77,7359.414301113907,0.0044528
2025-04-28,2225.238426757696,2144.942508084801,2319.1250449155586,12,EC2 p4d.24xlarge us-east-1,32.773,7359.9539587499185,32.77,7359.414301113907,0.0044528
2025-04-29,2224.3860388623234,2160.5282069708946,2337.1810995328783,13,EC2 p4d.24xlarge us-east-1,32.773,7359.9539587499185,32.77,7359.414301113907,0.0044528
2025-04-29,1658.8214157384118,1658.8214157384118,1658.8214157384118,1,Azure Standard_ND96amsr_A100_v4 eastus,32.773,7359.9539587499185,32.77,7359.414301113907,0.0044528
2025-04-30,1658.8214157384118,1658.8214157384118,1658.8214157384118,1,Azure Standard_ND96amsr_A100_v4 eastus,32.773,7359.9539587499185,32.77,7359.414301113907,0.0044528
2025-04-30,2184.1897233201585,2069.9784405318005,2335.114983830399,10,EC2 p4d.24xlarge us-east-1,32.773,7359.9539587499185,32.77,7359.414301113907,0.0044528
2025-05-01,2139.31309138819,2002.3356090549769,2320.786920589292,9,EC2 p4d.24xlarge us-east-1,32.773,7359.9539587499185,32.77,7359.414301113907,0.0044528
2025-05-02,2095.2833672695333,1874.1466043837586,2326.4462809917354,9,EC2 p4d.24xlarge us-east-1,32.773,7359.9539587499185,32.77,7359.414301113907,0.0044528
2025-05-02,1824.4026230686309,1824.4026230686309,1824.4026230686309,1,Azure Standard_ND96amsr_A100_v4 eastus,32.773,7359.9539587499185,32.77,7359.414301113907,0.0044528
2025-05-03,2054.983381243263,1787.3922026590012,2335.9683794466405,10,EC2 p4d.24xlarge us-east-1,32.773,7359.9539587499185,32.77,7359.414301113907,0.0044528
2025-05-04,2027.8790873158462,1743.9363995688107,2303.314768235717,10,EC2 p4d.24xlarge us-east-1,32.773,7359.9539587499185,32.77,7359.414301113907,0.0044528
2025-05-05,1904.9343484249612,1585.9010061085162,2263.407294286741,12,EC2 p4d.24xlarge us-east-1,32.773,7359.9539587499185,32.77,7359.414301113907,0.0044528
2025-05-06,1854.613326945343,1537.8638160258715,2252.605102407474,9,EC2 p4d.24xlarge us-east-1,32.773,7359.9539587499185,32.77,7359.414301113907,0.0044528
2025-05-07,1778.0211838107994,1476.6439094502337,2219.547251167805,11,EC2 p4d.24xlarge us-east-1,32.773,7359.9539587499185,32.77,7359.414301113907,0.0044528
2025-05-07,1824.4026230686309,1824.4026230686309,1824.4026230686309,1,Azure Standard_ND96amsr_A100_v4 eastus,32.773,7359.9539587499185,32.77,7359.414301113907,0.0044528
2025-05-08,1824.4026230686309,1824.4026230686309,1824.4026230686309,1,Azure Standard_ND96amsr_A100_v4 eastus,32.773,7359.9539587499185,32.77,7359.414301113907,0.0044528
2025-05-08,1680.425799496946,1437.5449155587496,2221.209126841538,10,EC2 p4d.24xlarge us-east-1,32.773,7359.9539587499185,32.77,7359.414301113907,0.0044528
2025-05-09,1824.4026230686309,1824.4026230686309,1824.4026230686309,1,Azure Standard_ND96amsr_A100_v4 eastus,32.773,7359.9539587499185,32.77,7359.414301113907,0.0044528
2025-05-09,1705.2551203736978,1379.2669780812075,2227.8341717570966,10,EC2 p4d.24xlarge us-east-1,32.773,7359.9539587499185,32.77,7359.414301113907,0.0044528
2025-05-10,1673.5593334531084,1312.118217750629,2231.0680919870642,12,EC2 p4d.24xlarge us-east-1,32.773,7359.9539587499185,32.77,7359.414301113907,0.0044528
2025-05-11,1601.4642472152354,1208.7675170679122,2222.3769313690264,10,EC2 p4d.24xlarge us-east-1,32.773,7359.9539587499185,32.77,7359.414301113907,0.0044528
2025-05-12,1824.4026230686309,1824.4026230686309,1824.4026230686309,1,Azure Standard_ND96amsr_A100_v4 eastus,32.773,7359.9539587499185,32.77,7359.414301113907,0.0044528
2025-05-12,1193.6309737693139,1193.6309737693139,1193.6309737693139,1,EC2 p4d.24xlarge us-east-1,32.773,7359.9539587499185,32.77,7359.414301113907,0.0044528
2025-05-16,1824.4026230686309,1824.4026230686309,1824.4026230686309,1,Azure Standard_ND96amsr_A100_v4 eastus,32.773,7359.9539587499185,32.77,7359.414301113907,0.0044528
2025-05-16,1529.7790154509523,917.6024074739489,2069.2148760330583,3,EC2 p4d.24xlarge us-east-1,32.773,7359.9539587499185,32.77,7359.414301113907,0.0044528
2025-05-17,1824.4026230686309,1824.4026230686309,1824.4026230686309,1,Azure Standard_ND96amsr_A100_v4 eastus,32.773,7359.9539587499185,32.77,7359.414301113907,0.0044528
2025-05-17,1532.0304078332736,875.9656845131154,2056.3690262306864,12,EC2 p4d.24xlarge us-east-1,32.773,7359.9539587499185,32.77,7359.414301113907,0.0044528
2025-05-18,1824.4026230686309,1824.4026230686309,1824.4026230686309,1,Azure Standard_ND96amsr_A100_v4 eastus,32.773,7359.9539587499185,32.77,7359.414301113907,0.0044528
2025-05-18,1680.2849279717768,871.6313330937837,2055.2685950413224,11,EC2 p4d.24xlarge us-east-1,32.773,7359.9539587499185,32.77,7359.414301113907,0.0044528
2025-05-19,1470.8373258274444,875.1122888968739,2036.2693136902624,9,EC2 p4d.24xlarge us-east-1,32.773,7359.9539587499185,32.77,7359.414301113907,0.0044528
2025-05-19,1824.4026230686309,1824.4026230686309,1824.4026230686309,1,Azure Standard_ND96amsr_A100_v4 eastus,32.773,7359.9539587499185,32.77,7359.414301113907,0.0044528
2025-05-20,1688.179347826087,886.5657563780094,2016.0573122529645,8,EC2 p4d.24xlarge us-east-1,32.773,7359.9539587499185,32.77,7359.414301113907,0.0044528
2025-05-21,1546.0996962074935,890.2712899748473,2014.4852676967303,11,EC2 p4d.24xlarge us-east-1,32.773,7359.9539587499185,32.77,7359.414301113907,0.0044528
2025-05-21,1824.4026230686309,1824.4026230686309,1824.4026230686309,1,Azure Standard_ND96amsr_A100_v4 eastus,32.773,7359.9539587499185,32.77,7359.414301113907,0.0044528
2025-05-22,1521.8469277757818,901.4328063241106,2007.8602227811714,10,EC2 p4d.24xlarge us-east-1,32.773,7359.9539587499185,32.77,7359.414301113907,0.0044528
2025-05-23,1651.3491000555323,946.9547251167804,2027.0616241466043,11,EC2 p4d.24xlarge us-east-1,32.773,7359.9539587499185,32.77,7359.414301113907,0.0044528
2025-05-23,1824.4026230686309,1824.4026230686309,1824.4026230686309,1,Azure Standard_ND96amsr_A100_v4 eastus,32.773,7359.9539587499185,32.77,7359.414301113907,0.0044528
2025-05-24,1582.028910647982,964.1349263384836,2028.319259791592,12,EC2 p4d.24xlarge us-east-1,32.773,7359.9539587499185,32.77,7359.414301113907,0.0044528
2025-05-25,1554.1662923703436,1009.6119295724038,2048.1719367588935,12,EC2 p4d.24xlarge us-east-1,32.773,7359.9539587499185,32.77,7359.414301113907,0.0044528
2025-05-26,1660.2727497305068,1077.2547610492275,2061.399568810636,8,EC2 p4d.24xlarge us-east-1,32.773,7359.9539587499185,32.77,7359.414301113907,0.0044528
2025-05-26,1824.4026230686309,1824.4026230686309,1824.4026230686309,1,Azure Standard_ND96amsr_A100_v4 eastus,32.773,7359.9539587499185,32.77,7359.414301113907,0.0044528
2025-05-27,1668.006647502695,1109.3918433345311,2048.9579590370104,10,EC2 p4d.24xlarge us-east-1,32.773,7359.9539587499185,32.77,7359.414301113907,0.0044528
2025-05-28,1824.4026230686309,1824.4026230686309,1824.4026230686309,1,Azure Standard_ND96amsr_A100_v4 eastus,32.773,7359.9539587499185,32.77,7359.414301113907,0.0044528
2025-05-28,1518.044825727632,1143.5725835429394,1932.6715774344234,10,EC2 p4d.24xlarge us-east-1,32.773,7359.9539587499185,32.77,7359.414301113907,0.0044528
2025-05-29,1601.9336148041682,1197.808120733022,1927.6410348544734,10,EC2 p4d.24xlarge us-east-1,32.773,7359.9539587499185,32.77,7359.414301113907,0.0044528
2025-05-30,1824.4026230686309,1824.4026230686309,1824.4026230686309,1,Azure Standard_ND96amsr_A100_v4 eastus,32.773,7359.9539587499185,32.77,7359.414301113907,0.0044528
2025-05-30,1674.384656845131,1263.092885375494,1937.432626661876,10,EC2 p4d.24xlarge us-east-1,32.773,7359.9539587499185,32.77,7359.414301113907,0.0044528
2025-05-31,1719.7067014013653,1324.0432985986345,1936.9610132950056,10,EC2 p4d.24xlarge us-east-1,32.773,7359.9539587499185,32.77,7359.414301113907,0.0044528
2025-06-01,1689.4762845849802,1381.4902982393103,1938.083902263744,12,EC2 p4d.24xlarge us-east-1,32.773,7359.9539587499185,32.77,7359.414301113907,0.0044528
2025-06-02,1730.4055874955084,1483.7405677326626,2061.916097736256,4,EC2 p4d.24xlarge us-east-1,32.773,7359.9539587499185,32.77,7359.414301113907,0.0044528
2025-06-02,1913.4477182896158,1913.4477182896158,1913.4477182896158,1,Azure Standard_ND96amsr_A100_v4 eastus,32.773,7359.9539587499185,32.77,7359.414301113907,0.0044528
2025-06-03,1844.4228696204982,1493.8465684513114,2105.0574919151995,13,EC2 p4d.24xlarge us-east-1,32.773,7359.9539587499185,32.77,7359.414301113907,0.0044528
2025-06-04,1803.637343612191,1463.6408551922386,2101.3968738771114,11,EC2 p4d.24xlarge us-east-1,32.773,7359.9539587499185,32.77,7359.414301113907,0.0044528
2025-06-04,1913.4477182896158,1913.4477182896158,1913.4477182896158,1,Azure Standard_ND96amsr_A100_v4 eastus,32.773,7359.9539587499185,32.77,7359.414301113907,0.0044528
2025-06-05,1774.9038058450114,1404.711642112828,2097.623966942149,12,EC2 p4d.24xlarge us-east-1,32.773,7359.9539587499185,32.77,7359.414301113907,0.0044528
2025-06-06,1705.967780572524,1310.8830398850164,2021.1327703916638,12,EC2 p4d.24xlarge us-east-1,32.773,7359.9539587499185,32.77,7359.414301113907,0.0044528
2025-06-06,1913.4477182896158,1913.4477182896158,1913.4477182896158,1,Azure Standard_ND96amsr_A100_v4 eastus,32.773,7359.9539587499185,32.77,7359.414301113907,0.0044528
2025-06-07,1626.401365432986,1278.4315486884657,1857.1011498383039,10,EC2 p4d.24xlarge us-east-1,32.773,7359.9539587499185,32.77,7359.414301113907,0.0044528
2025-06-08,1572.8530362917716,1288.2455982752426,1719.794286740927,11,EC2 p4d.24xlarge us-east-1,32.773,7359.9539587499185,32.77,7359.414301113907,0.0044528
2025-06-09,1464.2603156066596,1289.9523895077255,1637.800934243622,12,EC2 p4d.24xlarge us-east-1,32.773,7359.9539587499185,32.77,7359.414301113907,0.0044528
2025-06-09,1913.4477182896158,1913.4477182896158,1913.4477182896158,1,Azure Standard_ND96amsr_A100_v4 eastus,32.773,7359.9539587499185,32.77,7359.414301113907,0.0044528
2025-06-10,1497.4370059288538,1289.5930650377293,1537.4595759971255,8,EC2 p4d.24xlarge us-east-1,32.773,7359.9539587499185,32.77,7359.414301113907,0.0044528
2025-06-11,1414.7554520578235,1269.0217391304348,1512.2394897592526,13,EC2 p4d.24xlarge us-east-1,32.773,7359.9539587499185,32.77,7359.414301113907,0.0044528
2025-06-11,1913.4477182896158,1913.4477182896158,1913.4477182896158,1,Azure Standard_ND96amsr_A100_v4 eastus,32.773,7359.9539587499185,32.77,7359.414301113907,0.0044528
2025-06-12,1402.6080967780572,1257.4559827524254,1513.6318720804886,12,EC2 p4d.24xlarge us-east-1,32.773,7359.9539587499185,32.77,7359.414301113907,0.0044528
2025-06-12,1913.4477182896158,1913.4477182896158,1913.4477182896158,1,Azure Standard_ND96amsr_A100_v4 eastus,32.773,7359.9539587499185,32.77,7359.414301113907,0.0044528
2025-06-13,1387.5033686669065,1252.1334890406038,1525.3997484728711,12,EC2 p4d.24xlarge us-east-1,32.773,7359.9539587499185,32.77,7359.414301113907,0.0044528
2025-06-14,1382.242633848365,1245.8902263744162,1540.1545095220984,12,EC2 p4d.24xlarge us-east-1,32.773,7359.9539587499185,32.77,7359.414301113907,0.0044528
2025-06-15,1379.7947358965146,1236.6376212720086,1539.0540783327347,12,EC2 p4d.24xlarge us-east-1,32.773,7359.9539587499185,32.77,7359.414301113907,0.0044528
2025-06-16,1371.6662674172558,1235.9414301113907,1544.0397053539348,9,EC2 p4d.24xlarge us-east-1,32.773,7359.9539587499185,32.77,7359.414301113907,0.0044528
2025-06-16,1913.4477182896158,1913.4477182896158,1913.4477182896158,1,Azure Standard_ND96amsr_A100_v4 eastus,32.773,7359.9539587499185,32.77,7359.414301113907,0.0044528
2025-06-17,1369.9694574200503,1224.3532159540066,1525.7815307222422,11,EC2 p4d.24xlarge us-east-1,24.153,5424.1286414330925,32.77,7359.414301113907,0.0044528
2025-06-18,1354.8186228073043,1211.9565217391305,1518.1683435141936,11,EC2 p4d.24xlarge us-east-1,24.153,5424.1286414330925,32.77,7359.414301113907,0.0044528
2025-06-18,1913.4477182896158,1913.4477182896158,1913.4477182896158,1,Azure Standard_ND96amsr_A100_v4 eastus,24.153,5424.1286414330925,32.77,7359.414301113907,0.0044528
2025-06-19,1425.9616920190044,1209.6433704635288,1516.281890046712,9,EC2 p4d.24xlarge us-east-1,24.153,5424.1286414330925,32.77,7359.414301113907,0.0044528
2025-06-20,1354.947698327145,1195.405138339921,1481.4498742364356,9,EC2 p4d.24xlarge us-east-1,24.153,5424.1286414330925,32.77,7359.414301113907,0.0044528
2025-06-21,1913.4477182896158,1913.4477182896158,1913.4477182896158,1,Azure Standard_ND96amsr_A100_v4 eastus,24.153,5424.1286414330925,32.77,7359.414301113907,0.0044528
2025-06-21,1329.7315332888454,1193.6309737693139,1462.3832195472512,14,EC2 p4d.24xlarge us-east-1,24.153,5424.1286414330925,32.77,7359.414301113907,0.0044528
2025-06-22,1326.462001437298,1177.8656126482213,1446.8873517786562,10,EC2 p4d.24xlarge us-east-1,24.153,5424.1286414330925,32.77,7359.414301113907,0.0044528
2025-06-23,1913.4477182896158,1913.4477182896158,1913.4477182896158,1,Azure Standard_ND96amsr_A100_v4 eastus,24.153,5424.1286414330925,32.77,7359.414301113907,0.0044528
2025-06-23,1302.5387271928776,1153.0946819978442,1437.4326266618757,9,EC2 p4d.24xlarge us-east-1,24.153,5424.1286414330925,32.77,7359.414301113907,0.0044528
2025-06-24,1314.8580668343513,1121.8559108875315,1414.0316205533597,14,EC2 p4d.24xlarge us-east-1,24.153,5424.1286414330925,32.77,7359.414301113907,0.0044528
2025-06-25,1913.4477182896158,1913.4477182896158,1913.4477182896158,1,Azure Standard_ND96amsr_A100_v4 eastus,24.153,5424.1286414330925,32.77,7359.414301113907,0.0044528
2025-06-25,1308.7682656605582,1107.7748832195473,1391.5064678404601,12,EC2 p4d.24xlarge us-east-1,24.153,5424.1286414330925,32.77,7359.414301113907,0.0044528
2025-06-26,1249.9051782648621,1077.2547610492275,1396.0653970535395,9,EC2 p4d.24xlarge us-east-1,24.153,5424.1286414330925,32.77,7359.414301113907,0.0044528
2025-06-27,1276.9368587056333,1058.4351419331658,1411.112109234639,9,EC2 p4d.24xlarge us-east-1,24.153,5424.1286414330925,32.77,7359.414301113907,0.0044528
2025-06-27,1913.4477182896158,1913.4477182896158,1913.4477182896158,1,Azure Standard_ND96amsr_A100_v4 eastus,24.153,5424.1286414330925,32.77,7359.414301113907,0.0044528
2025-06-28,1258.3902263744162,1041.4795185052103,1444.0576715774346,10,EC2 p4d.24xlarge us-east-1,24.153,5424.1286414330925,32.77,7359.414301113907,0.0044528
2025-06-29,1301.7039329696536,1026.4328063241107,1460.811174991017,11,EC2 p4d.24xlarge us-east-1,24.153,5424.1286414330925,32.77,7359.414301113907,0.0044528
2025-06-30,1913.4477182896158,1913.4477182896158,1913.4477182896158,1,Azure Standard_ND96amsr_A100_v4 eastus,24.153,5424.1286414330925,32.77,7359.414301113907,0.0044528
2025-06-30,1272.067830660177,1016.1246855910889,1462.9671218109954,11,EC2 p4d.24xlarge us-east-1,24.153,5424.1286414330925,32.77,7359.414301113907,0.0044528
2025-07-01,1334.032927187796,1034.1358246496586,1489.0630614444844,11,EC2 p4d.24xlarge us-east-1,24.153,5424.1286414330925,32.77,7359.414301113907,0.0044528
2025-07-02,1913.4477182896158,1913.4477182896158,1913.4477182896158,1,Azure Standard_ND96amsr_A100_v4 eastus,24.153,5424.1286414330925,32.77,7359.414301113907,0.0044528
2025-07-02,1352.785513235118,1033.304886812792,1512.531440891125,12,EC2 p4d.24xlarge us-east-1,24.153,5424.1286414330925,32.77,7359.414301113907,0.0044528
2025-07-03,1315.1743472272128,1036.3142292490118,1507.2763205174272,12,EC2 p4d.24xlarge us-east-1,24.153,5424.1286414330925,32.77,7359.414301113907,0.0044528
2025-07-04,1293.5825291309482,1042.0858785483292,1500.7860222781171,14,EC2 p4d.24xlarge us-east-1,24.153,5424.1286414330925,32.77,7359.414301113907,0.0044528
2025-07-04,1913.4477182896158,1913.4477182896158,1913.4477182896158,1,Azure Standard_ND96amsr_A100_v4 eastus,24.153,5424.1286414330925,32.77,7359.414301113907,0.0044528
2025-07-05,1323.48634567014,1065.307222421847,1505.8839381961911,10,EC2 p4d.24xlarge us-east-1,24.153,5424.1286414330925,32.77,7359.414301113907,0.0044528
2025-07-06,1324.1948886094144,1058.8618397412865,1528.6561264822135,12,EC2 p4d.24xlarge us-east-1,24.153,5424.1286414330925,32.77,7359.414301113907,0.0044528
2025-07-07,1366.4959875434186,1058.2554796981676,1525.107797340999,9,EC2 p4d.24xlarge us-east-1,24.153,5424.1286414330925,32.77,7359.414301113907,0.0044528
2025-07-07,1913.4477182896158,1913.4477182896158,1913.4477182896158,1,Azure Standard_ND96amsr_A100_v4 eastus,24.153,5424.1286414330925,32.77,7359.414301113907,0.0044528
2025-07-08,1370.5373184128125,1035.1913402802732,1537.594322673374,14,EC2 p4d.24xlarge us-east-1,24.153,5424.1286414330925,32.77,7359.414301113907,0.0044528
2025-07-09,1913.4477182896158,1913.4477182896158,1913.4477182896158,1,Azure Standard_ND96amsr_A100_v4 eastus,24.153,5424.1286414330925,32.77,7359.414301113907,0.0044528
2025-07-09,1309.3042579949695,1024.703557312253,1537.3248293208767,10,EC2 p4d.24xlarge us-east-1,24.153,5424.1286414330925,32.77,7359.414301113907,0.0044528
2025-07-10,1329.1793927416459,1006.1085159899391,1540.5362917714697,10,EC2 p4d.24xlarge us-east-1,24.153,5424.1286414330925,32.77,7359.414301113907,0.0044528
2025-07-11,1913.4477182896158,1913.4477182896158,1913.4477182896158,1,Azure Standard_ND96amsr_A100_v4 eastus,24.153,5424.1286414330925,32.77,7359.414301113907,0.0044528
2025-07-11,1328.340220385675,986.4579590370105,1584.3514193316566,9,EC2 p4d.24xlarge us-east-1,24.153,5424.1286414330925,32.77,7359.414301113907,0.0044528
2025-07-12,1343.1074579789995,989.1528925619834,1619.3406395975567,9,EC2 p4d.24xlarge us-east-1,24.153,5424.1286414330925,32.77,7359.414301113907,0.0044528
2025-07-13,1386.19707449994,1017.0903701042042,1617.4541861300756,12,EC2 p4d.24xlarge us-east-1,24.153,5424.1286414330925,32.77,7359.414301113907,0.0044528
2025-07-14,1380.896187894032,1103.6875673733382,1654.195113187208,11,EC2 p4d.24xlarge us-east-1,24.153,5424.1286414330925,32.77,7359.414301113907,0.0044528
2025-07-14,1913.4477182896158,1913.4477182896158,1913.4477182896158,1,Azure Standard_ND96amsr_A100_v4 eastus,24.153,5424.1286414330925,32.77,7359.414301113907,0.0044528
2025-07-15,1444.0144835401754,1155.4976643909451,1733.4710743801654,13,EC2 p4d.24xlarge us-east-1,24.153,5424.1286414330925,32.77,7359.414301113907,0.0044528
2025-07-16,1913.4477182896158,1913.4477182896158,1913.4477182896158,1,Azure Standard_ND96amsr_A100_v4 eastus,24.153,5424.1286414330925,32.77,7359.414301113907,0.0044528
2025-07-16,1531.4229249011858,1204.6577434423284,1804.1681638519583,10,EC2 p4d.24xlarge us-east-1,24.153,5424.1286414330925,32.77,7359.414301113907,0.0044528
2025-07-17,1634.640512200699,1252.402982393101,1931.077075098814,11,EC2 p4d.24xlarge us-east-1,24.153,5424.1286414330925,32.77,7359.414301113907,0.0044528
2025-07-18,1913.4477182896158,1913.4477182896158,1913.4477182896158,1,Azure Standard_ND96amsr_A100_v4 eastus,24.153,5424.1286414330925,32.77,7359.414301113907,0.0044528
2025-07-18,1663.8987453587258,1330.3539346029465,1935.2093065037732,12,EC2 p4d.24xlarge us-east-1,24.153,5424.1286414330925,32.77,7359.414301113907,0.0044528
2025-07-19,1702.793747754222,1438.7127200862378,1892.3598634567013,11,EC2 p4d.24xlarge us-east-1,24.153,5424.1286414330925,32.77,7359.414301113907,0.0044528
2025-07-20,1789.7862019403522,1535.4383758533957,1941.2729069349623,10,EC2 p4d.24xlarge us-east-1,24.153,5424.1286414330925,32.77,7359.414301113907,0.0044528
2025-07-21,1913.4477182896158,1913.4477182896158,1913.4477182896158,1,Azure Standard_ND96amsr_A100_v4 eastus,24.153,5424.1286414330925,32.77,7359.414301113907,0.0044528
2025-07-21,1871.110312612289,1611.3905856988863,2017.9886812791951,10,EC2 p4d.24xlarge us-east-1,24.153,5424.1286414330925,32.77,7359.414301113907,0.0044528
2025-07-22,1906.6080768155869,1686.3097376931369,2083.385734818541,9,EC2 p4d.24xlarge us-east-1,24.153,5424.1286414330925,32.77,7359.414301113907,0.0044528
2025-07-23,1913.4477182896158,1913.4477182896158,1913.4477182896158,1,Azure Standard_ND96amsr_A100_v4 eastus,24.153,5424.1286414330925,32.77,7359.414301113907,0.0044528
2025-07-23,1922.544990418014,1765.7204455623428,2153.02730865972,12,EC2 p4d.24xlarge us-east-1,24.153,5424.1286414330925,32.77,7359.414301113907,0.0044528
2025-07-24,2005.5264852078096,1849.4430470715058,2229.810456342077,12,EC2 p4d.24xlarge us-east-1,24.153,5424.1286414330925,32.77,7359.414301113907,0.0044528
2025-07-25,1913.4477182896158,1913.4477182896158,1913.4477182896158,1,Azure Standard_ND96amsr_A100_v4 eastus,24.153,5424.1286414330925,32.77,7359.414301113907,0.0044528
2025-07-25,2072.4692124260937,1853.2833273445922,2238.3668702838663,11,EC2 p4d.24xlarge us-east-1,24.153,5424.1286414330925,32.77,7359.414301113907,0.0044528
2025-07-26,2055.940286806259,1829.8598634567013,2220.6252245777937,11,EC2 p4d.24xlarge us-east-1,24.153,5424.1286414330925,32.77,7359.414301113907,0.0044528
2025-07-27,2110.3844771828963,1840.033237513475,2283.4620912684154,10,EC2 p4d.24xlarge us-east-1,24.153,5424.1286414330925,32.77,7359.414301113907,0.0044528
2025-07-28,2106.2667569584564,1850.6782249371183,2246.00251527129,13,EC2 p4d.24xlarge us-east-1,24.153,5424.1286414330925,32.77,7359.414301113907,0.0044528
2025-07-28,1913.4477182896158,1913.4477182896158,1913.4477182896158,1,Azure Standard_ND96amsr_A100_v4 eastus,24.153,5424.1286414330925,32.77,7359.414301113907,0.0044528
2025-07-29,2083.2346552118383,1846.523535752785,2233.6058210564142,11,EC2 p4d.24xlarge us-east-1,24.153,5424.1286414330925,32.77,7359.414301113907,0.0044528
2025-07-30,1913.4477182896158,1913.4477182896158,1913.4477182896158,1,Azure Standard_ND96amsr_A100_v4 eastus,24.153,5424.1286414330925,32.77,7359.414301113907,0.0044528
2025-07-30,2091.0275046548854,1839.606539705354,2256.804707150557,11,EC2 p4d.24xlarge us-east-1,24.153,5424.1286414330925,32.77,7359.414301113907,0.0044528
2025-07-31,2082.7983775118164,1835.6315127560188,2242.0724038807043,13,EC2 p4d.24xlarge us-east-1,24.153,5424.1286414330925,32.77,7359.414301113907,0.0044528
2025-08-01,2091.058128899487,1842.2340998922025,2236.5702479338843,11,EC2 p4d.24xlarge us-east-1,24.153,5424.1286414330925,32.77,7359.414301113907,0.0044528
2025-08-01,1913.4477182896158,1913.4477182896158,1913.4477182896158,1,Azure Standard_ND96amsr_A100_v4 eastus,24.153,5424.1286414330925,32.77,7359.414301113907,0.0044528
2025-08-02,2087.5200078398066,1833.0713259072943,2249.1016888250088,11,EC2 p4d.24xlarge us-east-1,24.153,5424.1286414330925,32.77,7359.414301113907,0.0044528
2025-08-03,2076.7906336088154,1825.7276320517428,2213.8205174272366,12,EC2 p4d.24xlarge us-east-1,24.153,5424.1286414330925,32.77,7359.414301113907,0.0044528
2025-08-04,2095.2950952209844,1851.9134028027308,2227.7667984189725,10,EC2 p4d.24xlarge us-east-1,24.153,5424.1286414330925,32.77,7359.414301113907,0.0044528
2025-08-04,1913.4477182896158,1913.4477182896158,1913.4477182896158,1,Azure Standard_ND96amsr_A100_v4 eastus,24.153,5424.1286414330925,32.77,7359.414301113907,0.0044528
2025-08-05,2096.712181099533,1865.3206970894717,2238.1872080488683,10,EC2 p4d.24xlarge us-east-1,24.153,5424.1286414330925,32.77,7359.414301113907,0.0044528
2025-08-06,2060.5304527488324,1857.5727632051744,2258.7585339561624,10,EC2 p4d.24xlarge us-east-1,24.153,5424.1286414330925,32.77,7359.414301113907,0.0044528
2025-08-06,1913.4477182896158,1913.4477182896158,1913.4477182896158,1,Azure Standard_ND96amsr_A100_v4 eastus,24.153,5424.1286414330925,32.77,7359.414301113907,0.0044528
2025-08-07,2054.673463887891,1850.790513833992,2274.4565217391305,12,EC2 p4d.24xlarge us-east-1,24.153,5424.1286414330925,32.77,7359.414301113907,0.0044528
2025-08-08,1913.4477182896158,1913.4477182896158,1913.4477182896158,1,Azure Standard_ND96amsr_A100_v4 eastus,24.153,5424.1286414330925,32.77,7359.414301113907,0.0044528
2025-08-08,2100.610851598994,1866.308839381962,2239.085519223859,13,EC2 p4d.24xlarge us-east-1,24.153,5424.1286414330925,32.77,7359.414301113907,0.0044528
2025-08-09,2084.388848963948,1857.7524254401726,2235.402443406396,12,EC2 p4d.24xlarge us-east-1,24.153,5424.1286414330925,32.77,7359.414301113907,0.0044528
2025-08-10,2076.421781596054,1841.3582464965864,2235.5596478620196,11,EC2 p4d.24xlarge us-east-1,24.153,5424.1286414330925,32.77,7359.414301113907,0.0044528
2025-08-11,1913.4477182896158,1913.4477182896158,1913.4477182896158,1,Azure Standard_ND96amsr_A100_v4 eastus,24.153,5424.1286414330925,32.77,7359.414301113907,0.0044528
2025-08-11,2097.791379479306,1844.2553000359324,2254.0424002874597,11,EC2 p4d.24xlarge us-east-1,24.153,5424.1286414330925,32.77,7359.414301113907,0.0044528
2025-08-12,2010.4260240747396,1820.7420050305427,2239.018145885735,12,EC2 p4d.24xlarge us-east-1,24.153,5424.1286414330925,32.77,7359.414301113907,0.0044528
2025-08-13,1913.4477182896158,1913.4477182896158,1913.4477182896158,1,Azure Standard_ND96amsr_A100_v4 eastus,24.153,5424.1286414330925,32.77,7359.414301113907,0.0044528
2025-08-13,2033.576251646904,1790.424002874596,2248.4279554437658,12,EC2 p4d.24xlarge us-east-1,24.153,5424.1286414330925,32.77,7359.414301113907,0.0044528
2025-08-14,2053.7741319047464,1791.5468918433346,2238.860941430112,11,EC2 p4d.24xlarge us-east-1,24.153,5424.1286414330925,32.77,7359.414301113907,0.0044528
2025-08-15,2115.5153311773865,1801.3160258713617,2288.4252605102406,12,EC2 p4d.24xlarge us-east-1,24.153,5424.1286414330925,32.77,7359.414301113907,0.0044528
2025-08-15,1913.4477182896158,1913.4477182896158,1913.4477182896158,1,Azure Standard_ND96amsr_A100_v4 eastus,24.153,5424.1286414330925,32.77,7359.414301113907,0.0044528
2025-08-16,2099.3064289136423,1804.7296083363276,2390.6530722242182,12,EC2 p4d.24xlarge us-east-1,24.153,5424.1286414330925,32.77,7359.414301113907,0.0044528
2025-08-17,2154.569409510121,1816.4525691699605,2467.3913043478265,12,EC2 p4d.24xlarge us-east-1,24.153,5424.1286414330925,32.77,7359.414301113907,0.0044528
2025-08-18,2096.56657982992,1815.0601868487247,2549.227452389508,12,EC2 p4d.24xlarge us-east-1,24.153,5424.1286414330925,32.77,7359.414301113907,0.0044528
2025-08-18,1913.4477182896158,1913.4477182896158,1913.4477182896158,1,Azure Standard_ND96amsr_A100_v4 eastus,24.153,5424.1286414330925,32.77,7359.414301113907,0.0044528
2025-08-19,2196.8068780692297,1819.6415738411786,2685.4338842975208,12,EC2 p4d.24xlarge us-east-1,24.153,5424.1286414330925,32.77,7359.414301113907,0.0044528
2025-08-20,2242.3007246376815,1824.1555874955086,2713.7531440891125,12,EC2 p4d.24xlarge us-east-1,24.153,5424.1286414330925,32.77,7359.414301113907,0.0044528
2025-08-20,1913.4477182896158,1913.4477182896158,1913.4477182896158,1,Azure Standard_ND96amsr_A100_v4 eastus,24.153,5424.1286414330925,32.77,7359.414301113907,0.0044528
2025-08-21,2268.2602162479993,1865.2533237513476,2749.775422206252,11,EC2 p4d.24xlarge us-east-1,24.153,5424.1286414330925,32.77,7359.414301113907,0.0044528
2025-08-22,2367.0424601748714,1887.4865253323753,2918.837585339562,12,EC2 p4d.24xlarge us-east-1,24.153,5424.1286414330925,32.77,7359.414301113907,0.0044528
2025-08-22,1913.4477182896158,1913.4477182896158,1913.4477182896158,1,Azure Standard_ND96amsr_A100_v4 eastus,24.153,5424.1286414330925,32.77,7359.414301113907,0.0044528
2025-08-23,2326.9291232482933,1886.5432985986345,3022.2781171397774,12,EC2 p4d.24xlarge us-east-1,24.153,5424.1286414330925,32.77,7359.414301113907,0.0044528
2025-08-24,2258.094157982992,1923.48634567014,2974.3532159540064,12,EC2 p4d.24xlarge us-east-1,24.153,5424.1286414330925,32.77,7359.414301113907,0.0044528
2025-08-25,2393.375275909861,1987.2888968738773,2917.6473230326988,14,EC2 p4d.24xlarge us-east-1,24.153,5424.1286414330925,32.77,7359.414301113907,0.0044528
2025-08-25,1913.4477182896158,1913.4477182896158,1913.4477182896158,1,Azure Standard_ND96amsr_A100_v4 eastus,24.153,5424.1286414330925,32.77,7359.414301113907,0.0044528
2025-08-26,2459.2166726554083,2081.0501257635647,2816.632231404959,12,EC2 p4d.24xlarge us-east-1,24.153,5424.1286414330925,32.77,7359.414301113907,0.0044528
2025-08-27,2428.26168621174,2081.095041322314,2762.4416097736257,11,EC2 p4d.24xlarge us-east-1,24.153,5424.1286414330925,32.77,7359.414301113907,0.0044528
2025-08-27,1913.4477182896158,1913.4477182896158,1913.4477182896158,1,Azure Standard_ND96amsr_A100_v4 eastus,24.153,5424.1286414330925,32.77,7359.414301113907,0.0044528
2025-08-28,2423.87561384597,2054.0558749550846,2672.5431189363994,12,EC2 p4d.24xlarge us-east-1,24.153,5424.1286414330925,32.77,7359.414301113907,0.0044528
2025-08-29,2374.339741286382,2033.507006827165,2654.644268774704,10,EC2 p4d.24xlarge us-east-1,24.153,5424.1286414330925,32.77,7359.414301113907,0.0044528
2025-08-29,1913.4477182896158,1913.4477182896158,1913.4477182896158,1,Azure Standard_ND96amsr_A100_v4 eastus,24.153,5424.1286414330925,32.77,7359.414301113907,0.0044528
2025-08-30,2419.617993172835,2044.2867409270573,2666.2998562702123,12,EC2 p4d.24xlarge us-east-1,24.153,5424.1286414330925,32.77,7359.414301113907,0.0044528
2025-08-31,2411.735936439494,2059.7601509162773,2669.982932087675,9,EC2 p4d.24xlarge us-east-1,24.153,5424.1286414330925,32.77,7359.414301113907,0.0044528
2025-09-01,2423.823212360762,2057.424541861301,2601.9583183614805,14,EC2 p4d.24xlarge us-east-1,24.153,5424.1286414330925,32.77,7359.414301113907,0.0044528
2025-09-01,1913.4477182896158,1913.4477182896158,1913.4477182896158,1,Azure Standard_ND96amsr_A100_v4 eastus,24.153,5424.1286414330925,32.77,7359.414301113907,0.0044528
2025-09-02,2394.4559228650137,2070.427596119296,2593.312073302192,9,EC2 p4d.24xlarge us-east-1,24.153,5424.1286414330925,32.77,7359.414301113907,0.0044528
2025-09-03,1913.4477182896158,1913.4477182896158,1913.4477182896158,1,Azure Standard_ND96amsr_A100_v4 eastus,24.153,5424.1286414330925,32.77,7359.414301113907,0.0044528
2025-09-03,2352.7115177312808,2065.0377290693496,2578.916636722961,13,EC2 p4d.24xlarge us-east-1,24.153,5424.1286414330925,32.77,7359.414301113907,0.0044528
2025-09-04,2360.984474188526,2056.683435141933,2515.810276679842,12,EC2 p4d.24xlarge us-east-1,24.153,5424.1286414330925,32.77,7359.414301113907,0.0044528
2025-09-05,1913.4477182896158,1913.4477182896158,1913.4477182896158,1,Azure Standard_ND96amsr_A100_v4 eastus,24.153,5424.1286414330925,32.77,7359.414301113907,0.0044528
2025-09-05,2355.6463847965824,2047.0715055695293,2525.06288178225,9,EC2 p4d.24xlarge us-east-1,24.153,5424.1286414330925,32.77,7359.414301113907,0.0044528
2025-09-06,2409.122991632873,2068.7432626661875,2663.3129716133667,14,EC2 p4d.24xlarge us-east-1,24.153,5424.1286414330925,32.77,7359.414301113907,0.0044528
2025-09-07,2363.5484040004794,2034.023535752785,2692.822493711822,12,EC2 p4d.24xlarge us-east-1,24.153,5424.1286414330925,32.77,7359.414301113907,0.0044528
2025-09-08,2283.882051742724,2040.603665109594,2687.3652533237514,10,EC2 p4d.24xlarge us-east-1,24.153,5424.1286414330925,32.77,7359.414301113907,0.0044528
2025-09-08,1913.4477182896158,1913.4477182896158,1913.4477182896158,1,Azure Standard_ND96amsr_A100_v4 eastus,24.153,5424.1286414330925,32.77,7359.414301113907,0.0044528
2025-09-09,2403.147618192085,2012.711103126123,2700.0763564498743,14,EC2 p4d.24xlarge us-east-1,24.153,5424.1286414330925,32.77,7359.414301113907,0.0044528
2025-09-10,1913.4477182896158,1913.4477182896158,1913.4477182896158,1,Azure Standard_ND96amsr_A100_v4 eastus,24.153,5424.1286414330925,32.77,7359.414301113907,0.0044528
2025-09-10,2368.0006587615285,1998.8771110312614,2700.3683075817466,15,EC2 p4d.24xlarge us-east-1,24.153,5424.1286414330925,32.77,7359.414301113907,0.0044528
2025-09-11,2358.1772517666786,1979.922745238951,2696.6403162055335,12,EC2 p4d.24xlarge us-east-1,24.153,5424.1286414330925,32.77,7359.414301113907,0.0044528
2025-09-12,1913.4477182896158,1913.4477182896158,1913.4477182896158,1,Azure Standard_ND96amsr_A100_v4 eastus,24.153,5424.1286414330925,32.77,7359.414301113907,0.0044528
2025-09-12,2357.264479142848,1951.019583183615,2693.4737693136904,11,EC2 p4d.24xlarge us-east-1,24.153,5424.1286414330925,32.77,7359.414301113907,0.0044528
2025-09-13,2388.164750269493,1955.3539346029463,2684.715235357528,10,EC2 p4d.24xlarge us-east-1,24.153,5424.1286414330925,32.77,7359.414301113907,0.0044528
2025-09-14,2374.654966844151,1938.01652892562,2672.2960833632774,11,EC2 p4d.24xlarge us-east-1,24.153,5424.1286414330925,32.77,7359.414301113907,0.0044528
2025-09-15,2289.1832105641392,1901.4777218828606,2663.8744160977367,12,EC2 p4d.24xlarge us-east-1,24.153,5424.1286414330925,32.77,7359.414301113907,0.0044528
2025-09-15,1913.4477182896158,1913.4477182896158,1913.4477182896158,1,Azure Standard_ND96amsr_A100_v4 eastus,24.153,5424.1286414330925,32.77,7359.414301113907,0.0044528
2025-09-16,2266.0593538692715,1813.5555156306145,2667.9617319439453,11,EC2 p4d.24xlarge us-east-1,24.153,5424.1286414330925,32.77,7359.414301113907,0.0044528
2025-09-17,1913.4477182896158,1913.4477182896158,1913.4477182896158,1,Azure Standard_ND96amsr_A100_v4 eastus,24.153,5424.1286414330925,32.77,7359.414301113907,0.0044528
2025-09-17,2313.012785962391,1819.5742005030543,2677.1469637082287,12,EC2 p4d.24xlarge us-east-1,24.153,5424.1286414330925,32.77,7359.414301113907,0.0044528
2025-09-18,2275.6411696011496,1781.0366510959398,2682.4694574200503,12,EC2 p4d.24xlarge us-east-1,24.153,5424.1286414330925,32.77,7359.414301113907,0.0044528
2025-09-19,1913.4477182896158,1913.4477182896158,1913.4477182896158,1,Azure Standard_ND96amsr_A100_v4 eastus,24.153,5424.1286414330925,32.77,7359.414301113907,0.0044528
2025-09-19,2237.9154689184334,1741.9601149838304,2679.819439453827,10,EC2 p4d.24xlarge us-east-1,24.153,5424.1286414330925,32.77,7359.414301113907,0.0044528
2025-09-20,2247.76238852775,1748.6749910168883,2695.0682716492997,11,EC2 p4d.24xlarge us-east-1,24.153,5424.1286414330925,32.77,7359.414301113907,0.0044528
2025-09-21,2172.906934962271,1777.488321954725,2654.2400287459577,10,EC2 p4d.24xlarge us-east-1,24.153,5424.1286414330925,32.77,7359.414301113907,0.0044528
2025-09-22,1913.4477182896158,1913.4477182896158,1913.4477182896158,1,Azure Standard_ND96amsr_A100_v4 eastus,24.153,5424.1286414330925,32.77,7359.414301113907,0.0044528
2025-09-22,2284.51760689903,1778.6561264822135,2567.553000359325,12,EC2 p4d.24xlarge us-east-1,24.153,5424.1286414330925,32.77,7359.414301113907,0.0044528
2025-09-23,2166.115702479339,1778.0946819978442,2521.8738771110316,10,EC2 p4d.24xlarge us-east-1,24.153,5424.1286414330925,32.77,7359.414301113907,0.0044528
2025-09-24,2140.7878189004673,1806.818181818182,2512.5314408911245,11,EC2 p4d.24xlarge us-east-1,24.153,5424.1286414330925,32.77,7359.414301113907,0.0044528
2025-09-24,1913.4477182896158,1913.4477182896158,1913.4477182896158,1,Azure Standard_ND96amsr_A100_v4 eastus,24.153,5424.1286414330925,32.77,7359.414301113907,0.0044528
2025-09-25,2234.659465205414,1805.8300395256917,2627.8521379805966,12,EC2 p4d.24xlarge us-east-1,24.153,5424.1286414330925,32.77,7359.414301113907,0.0044528
2025-09-26,2297.502694933525,1777.6455264103486,2695.3826805605463,10,EC2 p4d.24xlarge us-east-1,24.153,5424.1286414330925,32.77,7359.414301113907,0.0044528
2025-09-26,1913.4477182896158,1913.4477182896158,1913.4477182896158,1,Azure Standard_ND96amsr_A100_v4 eastus,24.153,5424.1286414330925,32.77,7359.414301113907,0.0044528
2025-09-27,2199.0957000838425,1752.8296802012217,2705.533596837945,12,EC2 p4d.24xlarge us-east-1,24.153,5424.1286414330925,32.77,7359.414301113907,0.0044528
2025-09-28,2222.045247242876,1705.6683435141933,2576.3339920948615,13,EC2 p4d.24xlarge us-east-1,24.153,5424.1286414330925,32.77,7359.414301113907,0.0044528
2025-09-29,1913.4477182896158,1913.4477182896158,1913.4477182896158,1,Azure Standard_ND96amsr_A100_v4 eastus,24.153,5424.1286414330925,32.77,7359.414301113907,0.0044528
2025-09-29,2018.9337794945504,1632.6131872080489,2412.4146604383764,12,EC2 p4d.24xlarge us-east-1,24.153,5424.1286414330925,32.77,7359.414301113907,0.0044528
2025-09-30,2012.98059647862,1556.4813151275603,2359.3244699964066,9,EC2 p4d.24xlarge us-east-1,24.153,5424.1286414330925,32.77,7359.414301113907,0.0044528
2025-10-01,1913.4477182896158,1913.4477182896158,1913.4477182896158,1,Azure Standard_ND96amsr_A100_v4 eastus,24.153,5424.1286414330925,32.77,7359.414301113907,0.0044528
2025-10-01,1935.2860372499701,1495.0592885375493,2364.6918792669785,12,EC2 p4d.24xlarge us-east-1,24.153,5424.1286414330925,32.77,7359.414301113907,0.0044528
2025-10-02,1917.880322493712,1436.9834710743803,2375.808480057492,8,EC2 p4d.24xlarge us-east-1,24.153,5424.1286414330925,32.77,7359.414301113907,0.0044528
2025-10-03,1913.4477182896158,1913.4477182896158,1913.4477182896158,1,Azure Standard_ND96amsr_A100_v4 eastus,24.153,5424.1286414330925,32.77,7359.414301113907,0.0044528
2025-10-03,1936.3076960768303,1429.9766439094503,2367.948257276321,11,EC2 p4d.24xlarge us-east-1,24.153,5424.1286414330925,32.77,7359.414301113907,0.0044528
2025-10-04,1950.098814229249,1437.095759971254,2360.2003233920227,11,EC2 p4d.24xlarge us-east-1,24.153,5424.1286414330925,32.77,7359.414301113907,0.0044528
2025-10-05,1960.9427134130692,1439.4538268056056,2444.6640316205535,7,EC2 p4d.24xlarge us-east-1,24.153,5424.1286414330925,32.77,7359.414301113907,0.0044528
2025-10-06,1913.4477182896158,1913.4477182896158,1913.4477182896158,1,Azure Standard_ND96amsr_A100_v4 eastus,24.153,5424.1286414330925,32.77,7359.414301113907,0.0044528
2025-10-06,2071.321415738412,1439.4762845849802,2489.1528925619837,10,EC2 p4d.24xlarge us-east-1,24.153,5424.1286414330925,32.77,7359.414301113907,0.0044528
2025-10-07,2114.826625943227,1440.0377290693498,2510.6899029823935,12,EC2 p4d.24xlarge us-east-1,24.153,5424.1286414330925,32.77,7359.414301113907,0.0044528
2025-10-08,2063.6045144219775,1449.604743083004,2509.589471793029,11,EC2 p4d.24xlarge us-east-1,24.153,5424.1286414330925,32.77,7359.414301113907,0.0044528
2025-10-08,1913.4477182896158,1913.4477182896158,1913.4477182896158,1,Azure Standard_ND96amsr_A100_v4 eastus,24.153,5424.1286414330925,32.77,7359.414301113907,0.0044528
2025-10-09,2141.9219367588935,1440.0601868487245,2483.8528566295367,10,EC2 p4d.24xlarge us-east-1,24.153,5424.1286414330925,32.77,7359.414301113907,0.0044528
2025-10-10,2167.018505210205,1430.8300395256917,2563.0614444843695,11,EC2 p4d.24xlarge us-east-1,24.153,5424.1286414330925,32.77,7359.414301113907,0.0044528
2025-10-10,1913.4477182896158,1913.4477182896158,1913.4477182896158,1,Azure Standard_ND96amsr_A100_v4 eastus,24.153,5424.1286414330925,32.77,7359.414301113907,0.0044528
2025-10-11,2427.4097197269134,1437.0283866331297,2737.0418613007546,10,EC2 p4d.24xlarge us-east-1,24.153,5424.1286414330925,32.77,7359.414301113907,0.0044528
2025-10-12,2437.2180301034055,1435.4563420768955,2876.527128997485,9,EC2 p4d.24xlarge us-east-1,24.153,5424.1286414330925,32.77,7359.414301113907,0.0044528
2025-10-13,1913.4477182896158,1913.4477182896158,1913.4477182896158,1,Azure Standard_ND96amsr_A100_v4 eastus,24.153,5424.1286414330925,32.77,7359.414301113907,0.0044528
2025-10-13,2441.7826985267698,1428.5393460294647,3061.938555515631,10,EC2 p4d.24xlarge us-east-1,24.153,5424.1286414330925,32.77,7359.414301113907,0.0044528
2025-10-14,2636.0242743641957,1393.909450233561,3195.8992094861665,9,EC2 p4d.24xlarge us-east-1,24.153,5424.1286414330925,32.77,7359.414301113907,0.0044528
2025-10-15,2571.6362329729204,1403.1395975565936,3363.142292490119,11,EC2 p4d.24xlarge us-east-1,24.153,5424.1286414330925,32.77,7359.414301113907,0.0044528
2025-10-15,1913.4477182896158,1913.4477182896158,1913.4477182896158,1,Azure Standard_ND96amsr_A100_v4 eastus,24.153,5424.1286414330925,32.77,7359.414301113907,0.0044528
2025-10-16,2618.8792343122204,1412.4595759971253,3487.3562702120016,11,EC2 p4d.24xlarge us-east-1,24.153,5424.1286414330925,32.77,7359.414301113907,0.0044528
2025-10-17,2328.7294885615042,502.0661157024793,3671.55497664391,15,EC2 p4d.24xlarge us-east-1,24.153,5424.1286414330925,32.77,7359.414301113907,0.0044528
2025-10-17,1913.4477182896158,1913.4477182896158,1913.4477182896158,1,Azure Standard_ND96amsr_A100_v4 eastus,24.153,5424.1286414330925,32.77,7359.414301113907,0.0044528
2025-10-18,2024.7277426131182,525.3099173553719,3664.593065037729,13,EC2 p4d.24xlarge us-east-1,24.153,5424.1286414330925,32.77,7359.414301113907,0.0044528
2025-10-19,1936.399568810636,529.8688465684513,3446.819978440532,15,EC2 p4d.24xlarge us-east-1,24.153,5424.1286414330925,32.77,7359.414301113907,0.0044528
2025-10-20,1913.4477182896158,1913.4477182896158,1913.4477182896158,1,Azure Standard_ND96amsr_A100_v4 eastus,24.153,5424.1286414330925,32.77,7359.414301113907,0.0044528
2025-10-20,2113.6187182382832,557.9186130075459,3306.1893639956884,14,EC2 p4d.24xlarge us-east-1,24.153,5424.1286414330925,32.77,7359.414301113907,0.0044528
2025-10-21,2015.187073302192,601.6888250089831,3164.5706072583544,16,EC2 p4d.24xlarge us-east-1,21.958,4931.189363995688,32.77,7359.414301113907,0.0044528
2025-10-22,1913.4477182896158,1913.4477182896158,1913.4477182896158,1,Azure Standard_ND96amsr_A100_v4 eastus,21.958,4931.189363995688,32.77,7359.414301113907,0.0044528
2025-10-22,1856.5207026175408,627.605102407474,2919.48886094143,13,EC2 p4d.24xlarge us-east-1,21.958,4931.189363995688,32.77,7359.414301113907,0.0044528
2025-10-23,1834.3980624118967,659.8769313690262,2769.1789435860583,13,EC2 p4d.24xlarge us-east-1,21.958,4931.189363995688,32.77,7359.414301113907,0.0044528
2025-10-24,1913.4477182896158,1913.4477182896158,1913.4477182896158,1,Azure Standard_ND96amsr_A100_v4 eastus,21.958,4931.189363995688,32.77,7359.414301113907,0.0044528
2025-10-24,1837.8757935082047,669.0846209126842,2654.3074020840822,15,EC2 p4d.24xlarge us-east-1,21.958,4931.189363995688,32.77,7359.414301113907,0.0044528
2025-10-25,1924.5388669301715,707.1730147323033,2637.1272008623787,15,EC2 p4d.24xlarge us-east-1,21.958,4931.189363995688,32.77,7359.414301113907,0.0044528
2025-10-26,2007.7563555515633,736.6825368307582,2610.1778656126485,16,EC2 p4d.24xlarge us-east-1,21.958,4931.189363995688,32.77,7359.414301113907,0.0044528
2025-10-27,2061.1231653721775,768.303090190442,2578.9390945023356,13,EC2 p4d.24xlarge us-east-1,21.958,4931.189363995688,32.77,7359.414301113907,0.0044528
2025-10-27,1913.4477182896158,1913.4477182896158,1913.4477182896158,1,Azure Standard_ND96amsr_A100_v4 eastus,21.958,4931.189363995688,32.77,7359.414301113907,0.0044528
2025-10-28,1987.0996098762898,796.5549766439095,2571.1462450592885,14,EC2 p4d.24xlarge us-east-1,21.958,4931.189363995688,32.77,7359.414301113907,0.0044528
2025-10-29,1913.4477182896158,1913.4477182896158,1913.4477182896158,1,Azure Standard_ND96amsr_A100_v4 eastus,21.958,4931.189363995688,32.77,7359.414301113907,0.0044528
2025-10-29,2097.2836452085467,826.9403521379807,2559.400826446281,13,EC2 p4d.24xlarge us-east-1,21.958,4931.189363995688,32.77,7359.414301113907,0.0044528
2025-10-30,1982.1322452251309,869.4753862738053,2565.9809558030906,13,EC2 p4d.24xlarge us-east-1,21.958,4931.189363995688,32.77,7359.414301113907,0.0044528
2025-10-31,2025.746239926082,922.4308300395257,2634.8365073661516,14,EC2 p4d.24xlarge us-east-1,21.958,4931.189363995688,32.77,7359.414301113907,0.0044528
2025-10-31,1913.4477182896158,1913.4477182896158,1913.4477182896158,1,Azure Standard_ND96amsr_A100_v4 eastus,21.958,4931.189363995688,32.77,7359.414301113907,0.0044528
2025-11-01,2161.5882141573843,975.2290693496228,2619.8347107438017,15,EC2 p4d.24xlarge us-east-1,21.958,4931.189363995688,32.77,7359.414301113907,0.0044528
2025-11-02,1928.078961552282,998.6525332375135,2604.8778296802016,14,EC2 p4d.24xlarge us-east-1,21.958,4931.189363995688,32.77,7359.414301113907,0.0044528
2025-11-03,1913.4477182896158,1913.4477182896158,1913.4477182896158,1,Azure Standard_ND96amsr_A100_v4 eastus,21.958,4931.189363995688,32.77,7359.414301113907,0.0044528
2025-11-03,2035.6879067353377,1039.0540783327344,2590.504850880345,18,EC2 p4d.24xlarge us-east-1,21.958,4931.189363995688,32.77,7359.414301113907,0.0044528
2025-11-04,2103.141670582382,1105.3269852676967,2565.0601868487242,13,EC2 p4d.24xlarge us-east-1,21.958,4931.189363995688,32.77,7359.414301113907,0.0044528
2025-11-05,1913.4477182896158,1913.4477182896158,1913.4477182896158,1,Azure Standard_ND96amsr_A100_v4 eastus,21.958,4931.189363995688,32.77,7359.414301113907,0.0044528
2025-11-05,2048.016135914481,1153.8807042759613,2523.782788357887,16,EC2 p4d.24xlarge us-east-1,21.958,4931.189363995688,32.77,7359.414301113907,0.0044528
2025-11-06,2088.0328910220214,1226.8460294646068,2511.296263025512,14,EC2 p4d.24xlarge us-east-1,21.958,4931.189363995688,32.77,7359.414301113907,0.0044528
2025-11-07,1913.4477182896158,1913.4477182896158,1913.4477182896158,1,Azure Standard_ND96amsr_A100_v4 eastus,21.958,4931.189363995688,32.77,7359.414301113907,0.0044528
2025-11-07,2039.4214234382218,1258.399209486166,2502.3805246137263,14,EC2 p4d.24xlarge us-east-1,21.958,4931.189363995688,32.77,7359.414301113907,0.0044528
2025-11-08,2042.5365313211164,1310.703377650018,2483.089292130794,15,EC2 p4d.24xlarge us-east-1,21.958,4931.189363995688,32.77,7359.414301113907,0.0044528
2025-11-09,2105.8258687952366,1365.7249371182177,2469.5921667265543,14,EC2 p4d.24xlarge us-east-1,21.958,4931.189363995688,32.77,7359.414301113907,0.0044528
2025-11-10,1913.4477182896158,1913.4477182896158,1913.4477182896158,1,Azure Standard_ND96amsr_A100_v4 eastus,21.958,4931.189363995688,32.77,7359.414301113907,0.0044528
2025-11-10,2118.707009393768,1404.0379087315846,2462.787459575997,14,EC2 p4d.24xlarge us-east-1,21.958,4931.189363995688,32.77,7359.414301113907,0.0044528
2025-11-11,2043.1847056105948,1439.3639956881066,2444.147502694934,14,EC2 p4d.24xlarge us-east-1,21.958,4931.189363995688,32.77,7359.414301113907,0.0044528
2025-11-12,1913.4477182896158,1913.4477182896158,1913.4477182896158,1,Azure Standard_ND96amsr_A100_v4 eastus,21.958,4931.189363995688,32.77,7359.414301113907,0.0044528
2025-11-12,2113.181923865486,1522.6149838303988,2441.49748472871,17,EC2 p4d.24xlarge us-east-1,21.958,4931.189363995688,32.77,7359.414301113907,0.0044528
2025-11-13,2063.834834261588,1600.5434782608697,2425.7770391663676,16,EC2 p4d.24xlarge us-east-1,21.958,4931.189363995688,32.77,7359.414301113907,0.0044528
2025-11-14,1913.4477182896158,1913.4477182896158,1913.4477182896158,1,Azure Standard_ND96amsr_A100_v4 eastus,21.958,4931.189363995688,32.77,7359.414301113907,0.0044528
2025-11-14,2176.463983006066,1735.6719367588935,2415.8282429033416,17,EC2 p4d.24xlarge us-east-1,21.958,4931.189363995688,32.77,7359.414301113907,0.0044528
2025-11-15,2113.0300035932446,1774.3891484010062,2403.409090909091,15,EC2 p4d.24xlarge us-east-1,21.958,4931.189363995688,32.77,7359.414301113907,0.0044528
2025-11-16,2154.337345789915,1825.5479698167446,2393.145885734819,18,EC2 p4d.24xlarge us-east-1,21.958,4931.189363995688,32.77,7359.414301113907,0.0044528
2025-11-17,2166.1083046226036,1926.1588214157387,2383.129716133669,17,EC2 p4d.24xlarge us-east-1,21.958,4931.189363995688,32.77,7359.414301113907,0.0044528
2025-11-17,1913.4477182896158,1913.4477182896158,1913.4477182896158,1,Azure Standard_ND96amsr_A100_v4 eastus,21.958,4931.189363995688,32.77,7359.414301113907,0.0044528
2025-11-18,2174.1418321056417,2023.8501616960114,2368.9139417894357,16,EC2 p4d.24xlarge us-east-1,21.958,4931.189363995688,32.77,7359.414301113907,0.0044528
2025-11-19,1913.4477182896158,1913.4477182896158,1913.4477182896158,1,Azure Standard_ND96amsr_A100_v4 eastus,21.958,4931.189363995688,32.77,7359.414301113907,0.0044528
2025-11-19,2166.4525691699605,2017.5170679123248,2355.52910528207,15,EC2 p4d.24xlarge us-east-1,21.958,4931.189363995688,32.77,7359.414301113907,0.0044528
2025-11-20,2139.239836250706,2007.00682716493,2346.0743801652893,14,EC2 p4d.24xlarge us-east-1,21.958,4931.189363995688,32.77,7359.414301113907,0.0044528
2025-11-21,2086.2738052461373,1986.8172835070068,2294.1969098095583,5,EC2 p4d.24xlarge us-east-1,21.958,4931.189363995688,32.77,7359.414301113907,0.0044528
2025-11-21,1913.4477182896158,1913.4477182896158,1913.4477182896158,1,Azure Standard_ND96amsr_A100_v4 eastus,21.958,4931.189363995688,32.77,7359.414301113907,0.0044528
2025-11-22,2114.745216492993,1968.895975565936,2293.208767517068,16,EC2 p4d.24xlarge us-east-1,21.958,4931.189363995688,32.77,7359.414301113907,0.0044528
2025-11-23,2058.2709194214876,1938.3758533956163,2256.7597915918072,16,EC2 p4d.24xlarge us-east-1,21.958,4931.189363995688,32.77,7359.414301113907,0.0044528
2025-11-24,1913.4477182896158,1913.4477182896158,1913.4477182896158,1,Azure Standard_ND96amsr_A100_v4 eastus,21.958,4931.189363995688,32.77,7359.414301113907,0.0044528
2025-11-24,2034.2228485447358,1907.586237872799,2223.6794825727634,16,EC2 p4d.24xlarge us-east-1,21.958,4931.189363995688,32.77,7359.414301113907,0.0044528
2025-11-25,2036.3928314768236,1893.9319080129355,2201.4238232123607,16,EC2 p4d.24xlarge us-east-1,21.958,4931.189363995688,32.77,7359.414301113907,0.0044528
2025-11-26,1913.4477182896158,1913.4477182896158,1913.4477182896158,1,Azure Standard_ND96amsr_A100_v4 eastus,21.958,4931.189363995688,32.77,7359.414301113907,0.0044528
2025-11-26,1973.8212473050667,1857.6625943226736,2156.7553000359326,16,EC2 p4d.24xlarge us-east-1,21.958,4931.189363995688,32.77,7359.414301113907,0.0044528
2025-11-27,1952.0061213490067,1830.2865612648222,2127.0436579231045,14,EC2 p4d.24xlarge us-east-1,21.958,4931.189363995688,32.77,7359.414301113907,0.0044528
2025-11-28,1951.0288305045337,1802.1245059288538,2113.0300035932446,17,EC2 p4d.24xlarge us-east-1,21.958,4931.189363995688,32.77,7359.414301113907,0.0044528
2025-11-28,1913.4477182896158,1913.4477182896158,1913.4477182896158,1,Azure Standard_ND96amsr_A100_v4 eastus,21.958,4931.189363995688,32.77,7359.414301113907,0.0044528
2025-11-29,1925.7786432934656,1816.991555874955,2076.1767876392382,14,EC2 p4d.24xlarge us-east-1,21.958,4931.189363995688,32.77,7359.414301113907,0.0044528
2025-11-30,1918.5638811534316,1795.7464965864176,2063.53305785124,16,EC2 p4d.24xlarge us-east-1,21.958,4931.189363995688,32.77,7359.414301113907,0.0044528
2025-12-01,1930.0145414121453,1774.5238950772548,2045.611749910169,16,EC2 p4d.24xlarge us-east-1,21.958,4931.189363995688,32.77,7359.414301113907,0.0044528
2025-12-01,1913.4477182896158,1913.4477182896158,1913.4477182896158,1,Azure Standard_ND96amsr_A100_v4 eastus,21.958,4931.189363995688,32.77,7359.414301113907,0.0044528
2025-12-02,1890.3461492394301,1750.1572044556235,2002.717391304348,15,EC2 p4d.24xlarge us-east-1,21.958,4931.189363995688,32.77,7359.414301113907,0.0044528
2025-12-03,1879.8583662714097,1737.1316924182538,1988.0749191519942,15,EC2 p4d.24xlarge us-east-1,21.958,4931.189363995688,32.77,7359.414301113907,0.0044528
2025-12-03,1913.4477182896158,1913.4477182896158,1913.4477182896158,1,Azure Standard_ND96amsr_A100_v4 eastus,21.958,4931.189363995688,32.77,7359.414301113907,0.0044528
2025-12-04,1875.7186489399928,1717.8629177146966,1972.4892202659,16,EC2 p4d.24xlarge us-east-1,21.958,4931.189363995688,32.77,7359.414301113907,0.0044528
2025-12-05,1913.4477182896158,1913.4477182896158,1913.4477182896158,1,Azure Standard_ND96amsr_A100_v4 eastus,21.958,4931.189363995688,32.77,7359.414301113907,0.0044528
2025-12-05,1861.4976920312888,1697.224218469278,1954.186130075458,13,EC2 p4d.24xlarge us-east-1,21.958,4931.189363995688,32.77,7359.414301113907,0.0044528
2025-12-06,1840.9774850553688,1683.5474308300397,1929.999101688825,22,EC2 p4d.24xlarge us-east-1,21.958,4931.189363995688,32.77,7359.414301113907,0.0044528
2025-12-07,1812.3245485986347,1650.916277398491,1948.5492274523897,16,EC2 p4d.24xlarge us-east-1,21.958,4931.189363995688,32.77,7359.414301113907,0.0044528
2025-12-08,1913.4477182896158,1913.4477182896158,1913.4477182896158,1,Azure Standard_ND96amsr_A100_v4 eastus,21.958,4931.189363995688,32.77,7359.414301113907,0.0044528
2025-12-08,1778.7801789778075,1613.8609414301116,1966.4705353934603,21,EC2 p4d.24xlarge us-east-1,21.958,4931.189363995688,32.77,7359.414301113907,0.0044528
2025-12-09,1740.375437926698,1545.4096298957961,1949.9640675530004,16,EC2 p4d.24xlarge us-east-1,21.958,4931.189363995688,32.77,7359.414301113907,0.0044528
2025-12-10,1913.4477182896158,1913.4477182896158,1913.4477182896158,1,Azure Standard_ND96amsr_A100_v4 eastus,21.958,4931.189363995688,32.77,7359.414301113907,0.0044528
2025-12-11,1697.927895556354,1476.104922745239,1929.6397772188286,6,EC2 p4d.24xlarge us-east-1,21.958,4931.189363995688,32.77,7359.414301113907,0.0044528
2025-12-12,1913.4477182896158,1913.4477182896158,1913.4477182896158,1,Azure Standard_ND96amsr_A100_v4 eastus,21.958,4931.189363995688,32.77,7359.414301113907,0.0044528
2025-12-12,1672.0987757301987,1442.2835070068272,1921.7795544376572,14,EC2 p4d.24xlarge us-east-1,21.958,4931.189363995688,32.77,7359.414301113907,0.0044528
2025-12-13,1628.5499332683128,1409.0909090909092,1883.197089471793,14,EC2 p4d.24xlarge us-east-1,21.958,4931.189363995688,32.77,7359.414301113907,0.0044528
2025-12-14,1627.662650467122,1398.5132950053899,1864.9389148401006,16,EC2 p4d.24xlarge us-east-1,21.958,4931.189363995688,32.77,7359.414301113907,0.0044528
2025-12-15,1913.4477182896158,1913.4477182896158,1913.4477182896158,1,Azure Standard_ND96amsr_A100_v4 eastus,21.958,4931.189363995688,32.77,7359.414301113907,0.0044528
2025-12-15,1577.5953707030783,1348.4549047790156,1863.097376931369,18,EC2 p4d.24xlarge us-east-1,21.958,4931.189363995688,32.77,7359.414301113907,0.0044528
2025-12-16,1584.3530234587547,1298.306683435142,1883.6013295005391,14,EC2 p4d.24xlarge us-east-1,21.958,4931.189363995688,32.77,7359.414301113907,0.0044528
2025-12-17,1913.4477182896158,1913.4477182896158,1913.4477182896158,1,Azure Standard_ND96amsr_A100_v4 eastus,21.958,4931.189363995688,32.77,7359.414301113907,0.0044528
2025-12-17,1561.4504731105521,1263.7890765361121,1889.5526410348546,15,EC2 p4d.24xlarge us-east-1,21.958,4931.189363995688,32.77,7359.414301113907,0.0044528
2025-12-18,1559.7945861779854,1229.0468918433346,1895.3467481135467,15,EC2 p4d.24xlarge us-east-1,21.958,4931.189363995688,32.77,7359.414301113907,0.0044528
2025-12-19,1913.4477182896158,1913.4477182896158,1913.4477182896158,1,Azure Standard_ND96amsr_A100_v4 eastus,21.958,4931.189363995688,32.77,7359.414301113907,0.0044528
2025-12-19,1560.7945298133627,1195.02335609055,1897.9293927416459,17,EC2 p4d.24xlarge us-east-1,21.958,4931.189363995688,32.77,7359.414301113907,0.0044528
2025-12-20,1552.6724757455984,1182.3347107438017,1911.1345670140138,15,EC2 p4d.24xlarge us-east-1,21.958,4931.189363995688,32.77,7359.414301113907,0.0044528
2025-12-21,1576.7876392382323,1151.1857707509882,1968.2446999640679,15,EC2 p4d.24xlarge us-east-1,21.958,4931.189363995688,32.77,7359.414301113907,0.0044528
2025-12-22,1913.4477182896158,1913.4477182896158,1913.4477182896158,1,Azure Standard_ND96amsr_A100_v4 eastus,21.958,4931.189363995688,32.77,7359.414301113907,0.0044528
2025-12-22,1645.852048149479,1126.414840100611,2024.726015091628,14,EC2 p4d.24xlarge us-east-1,21.958,4931.189363995688,32.77,7359.414301113907,0.0044528
2025-12-23,1634.4547251167805,1111.210923463888,2063.4656845131153,20,EC2 p4d.24xlarge us-east-1,21.958,4931.189363995688,32.77,7359.414301113907,0.0044528
2025-12-24,1913.4477182896158,1913.4477182896158,1913.4477182896158,1,Azure Standard_ND96amsr_A100_v4 eastus,21.958,4931.189363995688,32.77,7359.414301113907,0.0044528
2025-12-24,1630.0305425799497,1070.2703916636724,2113.0524613726197,16,EC2 p4d.24xlarge us-east-1,21.958,4931.189363995688,32.77,7359.414301113907,0.0044528
2025-12-25,1663.2081686429513,1043.904958677686,2216.8747754222063,15,EC2 p4d.24xlarge us-east-1,21.958,4931.189363995688,32.77,7359.414301113907,0.0044528
2025-12-26,1913.4477182896158,1913.4477182896158,1913.4477182896158,1,Azure Standard_ND96amsr_A100_v4 eastus,21.958,4931.189363995688,32.77,7359.414301113907,0.0044528
2025-12-26,1755.3658051434734,1020.6162414660439,2209.0370104204094,14,EC2 p4d.24xlarge us-east-1,21.958,4931.189363995688,32.77,7359.414301113907,0.0044528
2025-12-27,1666.256437896754,985.6270212001438,2173.7333812432626,15,EC2 p4d.24xlarge us-east-1,21.958,4931.189363995688,32.77,7359.414301113907,0.0044528
2025-12-28,1574.6993865817979,952.5916277398491,2137.5538986704996,14,EC2 p4d.24xlarge us-east-1,21.958,4931.189363995688,32.77,7359.414301113907,0.0044528
2025-12-29,1696.407717776295,944.5966582824291,2171.8469277757818,14,EC2 p4d.24xlarge us-east-1,21.958,4931.189363995688,32.77,7359.414301113907,0.0044528
2025-12-29,1913.4477182896158,1913.4477182896158,1913.4477182896158,1,Azure Standard_ND96amsr_A100_v4 eastus,21.958,4931.189363995688,32.77,7359.414301113907,0.0044528
2025-12-30,1708.8758428272497,914.3460294646065,2196.123787279914,17,EC2 p4d.24xlarge us-east-1,21.958,4931.189363995688,32.77,7359.414301113907,0.0044528
2025-12-31,1913.4477182896158,1913.4477182896158,1913.4477182896158,1,Azure Standard_ND96amsr_A100_v4 eastus,21.958,4931.189363995688,32.77,7359.414301113907,0.0044528
2025-12-31,1658.5309617918315,889.3056054617321,2151.208228530363,15,EC2 p4d.24xlarge us-east-1,21.958,4931.189363995688,32.77,7359.414301113907,0.0044528
2026-01-01,1607.4230446760093,866.802910528207,2218.9633489040602,18,EC2 p4d.24xlarge us-east-1,21.958,4931.189363995688,32.77,7359.414301113907,0.0044528
2026-01-02,1609.9789538524717,857.1909809558031,2269.336148041682,14,EC2 p4d.24xlarge us-east-1,21.958,4931.189363995688,32.77,7359.414301113907,0.0044528
2026-01-02,1913.4477182896158,1913.4477182896158,1913.4477182896158,1,Azure Standard_ND96amsr_A100_v4 eastus,21.958,4931.189363995688,32.77,7359.414301113907,0.0044528
2026-01-03,1672.3150860996711,842.0319798778297,2224.532878189005,13,EC2 p4d.24xlarge us-east-1,21.958,4931.189363995688,32.77,7359.414301113907,0.0044528
2026-01-04,1671.6213735568438,829.3882500898311,2191.6097736255842,23,EC2 p4d.24xlarge us-east-1,21.958,4931.189363995688,32.77,7359.414301113907,0.0044528
2026-01-05,1680.3614205294045,816.0707869205893,2188.600431189364,15,EC2 p4d.24xlarge us-east-1,21.958,4931.189363995688,32.77,7359.414301113907,0.0044528
2026-01-06,1667.403094681998,792.198167445203,2211.7993172835068,16,EC2 p4d.24xlarge us-east-1,21.958,4931.189363995688,32.77,7359.414301113907,0.0044528
2026-01-07,1913.4477182896158,1913.4477182896158,1913.4477182896158,1,Azure Standard_ND96amsr_A100_v4 eastus,21.958,4931.189363995688,32.77,7359.414301113907,0.0044528
2026-01-07,1561.8549626701802,777.106539705354,2210.5416816385195,18,EC2 p4d.24xlarge us-east-1,21.958,4931.189363995688,32.77,7359.414301113907,0.0044528
2026-01-08,1536.9834710743803,749.7080488681279,2186.803808839382,15,EC2 p4d.24xlarge us-east-1,21.958,4931.189363995688,32.77,7359.414301113907,0.0044528
2026-01-09,1913.4477182896158,1913.4477182896158,1913.4477182896158,1,Azure Standard_ND96amsr_A100_v4 eastus,21.958,4931.189363995688,32.77,7359.414301113907,0.0044528
2026-01-09,1390.6890046712183,732.5952209845491,2198.2348185411424,5,EC2 p4d.24xlarge us-east-1,21.958,4931.189363995688,32.77,7359.414301113907,0.0044528
2026-01-10,1589.0771777629486,721.9502335609055,2192.9347826086955,14,EC2 p4d.24xlarge us-east-1,21.958,4931.189363995688,32.77,7359.414301113907,0.0044528
2026-01-10,1913.4477182896158,1913.4477182896158,1913.4477182896158,1,Azure Standard_ND96amsr_A100_v4 eastus,21.958,4931.189363995688,32.77,7359.414301113907,0.0044528
2026-01-11,1538.398311174991,700.8623787279914,2136.6331297161337,15,EC2 p4d.24xlarge us-east-1,21.958,4931.189363995688,32.77,7359.414301113907,0.0044528
2026-01-11,1913.4477182896158,1913.4477182896158,1913.4477182896158,1,Azure Standard_ND96amsr_A100_v4 eastus,21.958,4931.189363995688,32.77,7359.414301113907,0.0044528
2026-01-12,1913.4477182896158,1913.4477182896158,1913.4477182896158,1,Azure Standard_ND96amsr_A100_v4 eastus,21.958,4931.189363995688,32.77,7359.414301113907,0.0044528
2026-01-12,1533.146185171877,688.802551203737,2086.2378727991377,15,EC2 p4d.24xlarge us-east-1,21.958,4931.189363995688,32.77,7359.414301113907,0.0044528
2026-01-13,1509.3836088154271,670.6566654689185,2025.9387351778657,18,EC2 p4d.24xlarge us-east-1,21.958,4931.189363995688,32.77,7359.414301113907,0.0044528
2026-01-14,1541.5948017726673,654.7565576715775,1960.9683794466403,15,EC2 p4d.24xlarge us-east-1,21.958,4931.189363995688,32.77,7359.414301113907,0.0044528
2026-01-15,1555.0949215474907,650.0179662234999,1933.1881063600433,15,EC2 p4d.24xlarge us-east-1,21.958,4931.189363995688,32.77,7359.414301113907,0.0044528
2026-01-16,1568.50071864894,634.2301473230327,1927.1245059288538,15,EC2 p4d.24xlarge us-east-1,21.958,4931.189363995688,32.77,7359.414301113907,0.0044528
2026-01-16,1913.4477182896158,1913.4477182896158,1913.4477182896158,1,Azure Standard_ND96amsr_A100_v4 eastus,21.958,4931.189363995688,32.77,7359.414301113907,0.0044528
2026-01-17,1606.5312836866692,621.0698886094143,1954.4780812073302,16,EC2 p4d.24xlarge us-east-1,21.958,4931.189363995688,32.77,7359.414301113907,0.0044528
2026-01-18,1612.7420155989093,601.1498383039885,1955.4886812791951,17,EC2 p4d.24xlarge us-east-1,21.958,4931.189363995688,32.77,7359.414301113907,0.0044528
2026-01-19,1498.3053014179497,587.00143729788,1972.983291412145,13,EC2 p4d.24xlarge us-east-1,21.958,4931.189363995688,32.77,7359.414301113907,0.0044528
2026-01-20,1644.1873652533238,578.3102766798419,1953.4001077973412,16,EC2 p4d.24xlarge us-east-1,21.958,4931.189363995688,32.77,7359.414301113907,0.0044528
2026-01-21,1913.4477182896158,1913.4477182896158,1913.4477182896158,1,Azure Standard_ND96amsr_A100_v4 eastus,21.958,4931.189363995688,32.77,7359.414301113907,0.0044528
2026-01-21,1519.1059558030902,566.0258713618398,1903.723499820338,16,EC2 p4d.24xlarge us-east-1,21.958,4931.189363995688,32.77,7359.414301113907,0.0044528
2026-01-22,1539.9828679225914,563.3309378368667,1878.8627380524613,14,EC2 p4d.24xlarge us-east-1,21.958,4931.189363995688,32.77,7359.414301113907,0.0044528
2026-01-23,1471.8439334051982,555.5605461731944,1872.7766798418972,15,EC2 p4d.24xlarge us-east-1,21.958,4931.189363995688,32.77,7359.414301113907,0.0044528
2026-01-23,1913.4477182896158,1913.4477182896158,1913.4477182896158,1,Azure Standard_ND96amsr_A100_v4 eastus,21.958,4931.189363995688,32.77,7359.414301113907,0.0044528
2026-01-24,1549.0445819003132,553.3372260150917,1875.4940711462452,14,EC2 p4d.24xlarge us-east-1,21.958,4931.189363995688,32.77,7359.414301113907,0.0044528
2026-01-25,1505.6631033656724,554.7745238950772,1876.9538268056053,12,EC2 p4d.24xlarge us-east-1,21.958,4931.189363995688,32.77,7359.414301113907,0.0044528
2026-01-26,1654.6926393764338,556.1219906575639,1918.3659719726913,13,EC2 p4d.24xlarge us-east-1,21.958,4931.189363995688,32.77,7359.414301113907,0.0044528
2026-01-27,1480.1332869205894,550.5749191519943,1982.7299676607977,16,EC2 p4d.24xlarge us-east-1,21.958,4931.189363995688,32.77,7359.414301113907,0.0044528
2026-01-28,1531.6145646185173,537.5494071146246,1977.1379805964789,15,EC2 p4d.24xlarge us-east-1,21.958,4931.189363995688,32.77,7359.414301113907,0.0044528
2026-01-28,1913.4477182896158,1913.4477182896158,1913.4477182896158,1,Azure Standard_ND96amsr_A100_v4 eastus,21.958,4931.189363995688,32.77,7359.414301113907,0.0044528
2026-01-29,1563.420768954366,530.9243621990659,1961.2827883578873,16,EC2 p4d.24xlarge us-east-1,21.958,4931.189363995688,32.77,7359.414301113907,0.0044528
2026-01-30,1622.7886573242306,526.8370463528566,1952.3445921667267,15,EC2 p4d.24xlarge us-east-1,21.958,4931.189363995688,32.77,7359.414301113907,0.0044528
2026-01-30,1913.4477182896158,1913.4477182896158,1913.4477182896158,1,Azure Standard_ND96amsr_A100_v4 eastus,21.958,4931.189363995688,32.77,7359.414301113907,0.0044528
2026-01-31,1577.2996766079773,515.0916277398492,1994.2732662594324,13,EC2 p4d.24xlarge us-east-1,21.958,4931.189363995688,32.77,7359.414301113907,0.0044528
2026-02-01,1696.0536067193675,503.63816025871364,2033.4171757096658,16,EC2 p4d.24xlarge us-east-1,21.958,4931.189363995688,32.77,7359.414301113907,0.0044528
2026-02-02,1919.7583542939276,503.6157024793389,2140.697987782968,15,EC2 p4d.24xlarge us-east-1,21.958,4931.189363995688,32.77,7359.414301113907,0.0044528
2026-02-02,1913.4477182896158,1913.4477182896158,1913.4477182896158,1,Azure Standard_ND96amsr_A100_v4 eastus,21.958,4931.189363995688,32.77,7359.414301113907,0.0044528
2026-02-03,1741.5741219008266,503.6157024793389,2138.7666187567374,16,EC2 p4d.24xlarge us-east-1,21.958,4931.189363995688,32.77,7359.414301113907,0.0044528
2026-02-04,1913.4477182896158,1913.4477182896158,1913.4477182896158,1,Azure Standard_ND96amsr_A100_v4 eastus,21.958,4931.189363995688,32.77,7359.414301113907,0.0044528
2026-02-04,1925.239779982863,503.75044915558755,2101.711282788358,13,EC2 p4d.24xlarge us-east-1,21.958,4931.189363995688,32.77,7359.414301113907,0.0044528
2026-02-05,1686.381074168798,515.0242544017248,2088.393819619116,17,EC2 p4d.24xlarge us-east-1,21.958,4931.189363995688,32.77,7359.414301113907,0.0044528
2026-02-06,1591.0451586311851,538.402802730866,2110.5821056413943,17,EC2 p4d.24xlarge us-east-1,21.958,4931.189363995688,32.77,7359.414301113907,0.0044528
2026-02-07,1646.4850768056056,559.8499820337765,2133.825907294287,16,EC2 p4d.24xlarge us-east-1,21.958,4931.189363995688,32.77,7359.414301113907,0.0044528
2026-02-08,1572.4937118217752,575.5928853754941,2151.00610851599,14,EC2 p4d.24xlarge us-east-1,21.958,4931.189363995688,32.77,7359.414301113907,0.0044528
2026-02-09,1913.4477182896158,1913.4477182896158,1913.4477182896158,1,Azure Standard_ND96amsr_A100_v4 eastus,21.958,4931.189363995688,32.77,7359.414301113907,0.0044528
2026-02-09,1625.2994370583303,593.2896155228171,2183.8169241825367,15,EC2 p4d.24xlarge us-east-1,21.958,4931.189363995688,32.77,7359.414301113907,0.0044528
2026-02-10,1634.2540087136185,610.8740567732663,2221.0294646065395,16,EC2 p4d.24xlarge us-east-1,21.958,4931.189363995688,32.77,7359.414301113907,0.0044528
2026-02-11,1631.9817272938642,650.893819619116,2249.618217750629,17,EC2 p4d.24xlarge us-east-1,21.958,4931.189363995688,32.77,7359.414301113907,0.0044528
2026-02-11,1913.4477182896158,1913.4477182896158,1913.4477182896158,1,Azure Standard_ND96amsr_A100_v4 eastus,21.958,4931.189363995688,32.77,7359.414301113907,0.0044528
2026-02-12,1582.3350315692212,689.9478979518506,2267.898850161696,14,EC2 p4d.24xlarge us-east-1,21.958,4931.189363995688,32.77,7359.414301113907,0.0044528
2026-02-13,1552.6490554899647,719.5472511678046,2275.893819619116,14,EC2 p4d.24xlarge us-east-1,21.958,4931.189363995688,32.77,7359.414301113907,0.0044528
2026-02-13,1913.4477182896158,1913.4477182896158,1913.4477182896158,1,Azure Standard_ND96amsr_A100_v4 eastus,21.958,4931.189363995688,32.77,7359.414301113907,0.0044528
2026-02-14,1547.4619254263523,758.7809917355372,2270.6611570247933,13,EC2 p4d.24xlarge us-east-1,21.958,4931.189363995688,32.77,7359.414301113907,0.0044528
2026-02-15,1622.1298957959038,803.404599353216,2280.52012217032,15,EC2 p4d.24xlarge us-east-1,21.958,4931.189363995688,32.77,7359.414301113907,0.0044528
2026-02-16,1913.4477182896158,1913.4477182896158,1913.4477182896158,1,Azure Standard_ND96amsr_A100_v4 eastus,21.958,4931.189363995688,32.77,7359.414301113907,0.0044528
2026-02-16,1646.592406276201,853.3282429033418,2322.493711821775,15,EC2 p4d.24xlarge us-east-1,21.958,4931.189363995688,32.77,7359.414301113907,0.0044528
2026-02-17,1652.9928733980119,893.3929213079412,2346.0743801652893,15,EC2 p4d.24xlarge us-east-1,21.958,4931.189363995688,32.77,7359.414301113907,0.0044528
2026-02-18,1913.4477182896158,1913.4477182896158,1913.4477182896158,1,Azure Standard_ND96amsr_A100_v4 eastus,21.958,4931.189363995688,32.77,7359.414301113907,0.0044528
2026-02-18,1675.4311893639958,943.3839381961913,2384.49964067553,15,EC2 p4d.24xlarge us-east-1,21.958,4931.189363995688,32.77,7359.414301113907,0.0044528
2026-02-19,1802.1373389456392,1010.0386273805245,2420.274883219547,14,EC2 p4d.24xlarge us-east-1,21.958,4931.189363995688,32.77,7359.414301113907,0.0044528
2026-02-20,1955.2897695190186,1101.711282788358,2451.625943226734,14,EC2 p4d.24xlarge us-east-1,21.958,4931.189363995688,32.77,7359.414301113907,0.0044528
2026-02-20,1913.4477182896158,1913.4477182896158,1913.4477182896158,1,Azure Standard_ND96amsr_A100_v4 eastus,21.958,4931.189363995688,32.77,7359.414301113907,0.0044528
2026-02-21,1876.392382321236,1130.4796981674453,2515.922565576716,15,EC2 p4d.24xlarge us-east-1,21.958,4931.189363995688,32.77,7359.414301113907,0.0044528
2026-02-22,1965.5399411606181,1192.5754581386993,2666.3447718289617,16,EC2 p4d.24xlarge us-east-1,21.958,4931.189363995688,32.77,7359.414301113907,0.0044528
2026-02-23,2031.2282027435483,1236.300754581387,2780.8794466403165,17,EC2 p4d.24xlarge us-east-1,21.958,4931.189363995688,32.77,7359.414301113907,0.0044528
2026-02-23,1913.4477182896158,1913.4477182896158,1913.4477182896158,1,Azure Standard_ND96amsr_A100_v4 eastus,21.958,4931.189363995688,32.77,7359.414301113907,0.0044528
2026-02-24,1971.4240798726967,1297.588034495149,2855.933345310816,14,EC2 p4d.24xlarge us-east-1,21.958,4931.189363995688,32.77,7359.414301113907,0.0044528
2026-02-25,1995.0113786082168,1347.511678045275,2858.1342076895435,15,EC2 p4d.24xlarge us-east-1,21.958,4931.189363995688,32.77,7359.414301113907,0.0044528
2026-02-25,1913.4477182896158,1913.4477182896158,1913.4477182896158,1,Azure Standard_ND96amsr_A100_v4 eastus,21.958,4931.189363995688,32.77,7359.414301113907,0.0044528
2026-02-26,2012.0891953895907,1434.3783686669062,2860.5147323032697,13,EC2 p4d.24xlarge us-east-1,21.958,4931.189363995688,32.77,7359.414301113907,0.0044528
2026-02-27,1913.4477182896158,1913.4477182896158,1913.4477182896158,1,Azure Standard_ND96amsr_A100_v4 eastus,21.958,4931.189363995688,32.77,7359.414301113907,0.0044528
2026-02-27,1980.3542554283663,1440.6440891124687,2862.199065756378,14,EC2 p4d.24xlarge us-east-1,21.958,4931.189363995688,32.77,7359.414301113907,0.0044528
2026-02-28,2031.1654090310217,1415.4464606539705,2861.7499101688827,15,EC2 p4d.24xlarge us-east-1,21.958,4931.189363995688,32.77,7359.414301113907,0.0044528
2026-03-01,2050.103305785124,1340.7743442328424,2873.9893999281353,15,EC2 p4d.24xlarge us-east-1,21.958,4931.189363995688,32.77,7359.414301113907,0.0044528
2026-03-02,1913.4477182896158,1913.4477182896158,1913.4477182896158,1,Azure Standard_ND96amsr_A100_v4 eastus,21.958,4931.189363995688,32.77,7359.414301113907,0.0044528
2026-03-02,2230.700746881577,1297.2511678045275,2745.6881063600435,14,EC2 p4d.24xlarge us-east-1,21.958,4931.189363995688,32.77,7359.414301113907,0.0044528
2026-03-03,2041.7040962989581,1248.1809198706433,2777.8251886453468,15,EC2 p4d.24xlarge us-east-1,21.958,4931.189363995688,32.77,7359.414301113907,0.0044528
2026-03-04,2127.36555276081,1216.4705353934603,2784.51760689903,15,EC2 p4d.24xlarge us-east-1,21.958,4931.189363995688,32.77,7359.414301113907,0.0044528
2026-03-04,1913.4477182896158,1913.4477182896158,1913.4477182896158,1,Azure Standard_ND96amsr_A100_v4 eastus,21.958,4931.189363995688,32.77,7359.414301113907,0.0044528
2026-03-05,2301.798119535274,1206.0276679841897,2999.124146604384,15,EC2 p4d.24xlarge us-east-1,21.958,4931.189363995688,32.77,7359.414301113907,0.0044528
2026-03-06,2244.997529644269,1153.701042040963,3103.710025152713,16,EC2 p4d.24xlarge us-east-1,21.958,4931.189363995688,32.77,7359.414301113907,0.0044528
2026-03-06,1913.4477182896158,1913.4477182896158,1913.4477182896158,1,Azure Standard_ND96amsr_A100_v4 eastus,21.958,4931.189363995688,32.77,7359.414301113907,0.0044528
2026-03-07,2193.9588573481856,1115.9495149119655,3241.9601149838304,15,EC2 p4d.24xlarge us-east-1,21.958,4931.189363995688,32.77,7359.414301113907,0.0044528
2026-03-08,2235.610177865613,1077.1424721523535,3438.465684513116,16,EC2 p4d.24xlarge us-east-1,21.958,4931.189363995688,32.77,7359.414301113907,0.0044528
2026-03-09,2271.4636483411186,1026.904419690981,3547.812612288897,15,EC2 p4d.24xlarge us-east-1,21.958,4931.189363995688,32.77,7359.414301113907,0.0044528
2026-03-09,1913.4477182896158,1913.4477182896158,1913.4477182896158,1,Azure Standard_ND96amsr_A100_v4 eastus,21.958,4931.189363995688,32.77,7359.414301113907,0.0044528
2026-03-10,2324.620182806324,1013.5195831836148,3714.8535752784765,16,EC2 p4d.24xlarge us-east-1,21.958,4931.189363995688,32.77,7359.414301113907,0.0044528
2026-03-11,1913.4477182896158,1913.4477182896158,1913.4477182896158,1,Azure Standard_ND96amsr_A100_v4 eastus,21.958,4931.189363995688,32.77,7359.414301113907,0.0044528
2026-03-11,2296.357669010831,1046.712181099533,3851.01509162774,14,EC2 p4d.24xlarge us-east-1,21.958,4931.189363995688,32.77,7359.414301113907,0.0044528
2026-03-12,2545.093817373338,1109.3244699964068,4051.6753503413584,16,EC2 p4d.24xlarge us-east-1,21.958,4931.189363995688,32.77,7359.414301113907,0.0044528
2026-03-13,1913.4477182896158,1913.4477182896158,1913.4477182896158,1,Azure Standard_ND96amsr_A100_v4 eastus,21.958,4931.189363995688,32.77,7359.414301113907,0.0044528
2026-03-13,2469.265665164875,1166.52443406396,4137.0373697448795,13,EC2 p4d.24xlarge us-east-1,21.958,4931.189363995688,32.77,7359.414301113907,0.0044528
2026-03-14,2390.914639301642,1144.8302191879266,4199.896694214876,17,EC2 p4d.24xlarge us-east-1,21.958,4931.189363995688,32.77,7359.414301113907,0.0044528
2026-03-15,2554.380764163373,1108.4486166007905,4208.9247215235355,15,EC2 p4d.24xlarge us-east-1,21.958,4931.189363995688,32.77,7359.414301113907,0.0044528
2026-03-16,2390.292344143011,1087.8323751347466,4060.299137621272,16,EC2 p4d.24xlarge us-east-1,21.958,4931.189363995688,32.77,7359.414301113907,0.0044528
2026-03-16,1913.4477182896158,1913.4477182896158,1913.4477182896158,1,Azure Standard_ND96amsr_A100_v4 eastus,21.958,4931.189363995688,32.77,7359.414301113907,0.0044528
2026-03-17,2471.021042939274,1055.6728350700685,4151.634926338484,16,EC2 p4d.24xlarge us-east-1,21.958,4931.189363995688,32.77,7359.414301113907,0.0044528
2026-03-18,1913.4477182896158,1913.4477182896158,1913.4477182896158,1,Azure Standard_ND96amsr_A100_v4 eastus,21.958,4931.189363995688,32.77,7359.414301113907,0.0044528
2026-03-18,2651.165040493104,1035.0790513833992,4232.438016528926,13,EC2 p4d.24xlarge us-east-1,21.958,4931.189363995688,32.77,7359.414301113907,0.0044528
2026-03-19,2477.308018068888,981.0680919870643,4243.083003952569,14,EC2 p4d.24xlarge us-east-1,21.958,4931.189363995688,32.77,7359.414301113907,0.0044528
2026-03-20,1913.4477182896158,1913.4477182896158,1913.4477182896158,1,Azure Standard_ND96amsr_A100_v4 eastus,21.958,4931.189363995688,32.77,7359.414301113907,0.0044528
2026-03-20,2477.206851119895,936.4444843693857,4243.1503772906935,15,EC2 p4d.24xlarge us-east-1,21.958,4931.189363995688,32.77,7359.414301113907,0.0044528
2026-03-21,2481.113007545814,905.4078332734459,4162.01042040963,16,EC2 p4d.24xlarge us-east-1,21.958,4931.189363995688,32.77,7359.414301113907,0.0044528
2026-03-22,2703.2743442328424,935.1419331656485,4076.3564498742367,15,EC2 p4d.24xlarge us-east-1,21.958,4931.189363995688,32.77,7359.414301113907,0.0044528
2026-03-23,2427.9947448796265,981.7418253683077,4003.7279913762127,16,EC2 p4d.24xlarge us-east-1,21.958,4931.189363995688,32.77,7359.414301113907,0.0044528
2026-03-23,1913.4477182896158,1913.4477182896158,1913.4477182896158,1,Azure Standard_ND96amsr_A100_v4 eastus,21.958,4931.189363995688,32.77,7359.414301113907,0.0044528
2026-03-24,2362.036678736283,1023.6929572403881,3933.2554796981676,13,EC2 p4d.24xlarge us-east-1,21.958,4931.189363995688,32.77,7359.414301113907,0.0044528
2026-03-25,2570.3433794466405,1093.0201221703198,3820.0233560905494,16,EC2 p4d.24xlarge us-east-1,21.958,4931.189363995688,32.77,7359.414301113907,0.0044528
2026-03-25,1913.4477182896158,1913.4477182896158,1913.4477182896158,1,Azure Standard_ND96amsr_A100_v4 eastus,21.958,4931.189363995688,32.77,7359.414301113907,0.0044528
2026-03-26,2334.646364834112,1136.588214157384,3709.3514193316564,15,EC2 p4d.24xlarge us-east-1,21.958,4931.189363995688,32.77,7359.414301113907,0.0044528
2026-03-27,2360.130142831477,1172.8575278476465,3620.8677685950415,16,EC2 p4d.24xlarge us-east-1,21.958,4931.189363995688,32.77,7359.414301113907,0.0044528
2026-03-27,1913.4477182896158,1913.4477182896158,1913.4477182896158,1,Azure Standard_ND96amsr_A100_v4 eastus,21.958,4931.189363995688,32.77,7359.414301113907,0.0044528
2026-03-28,2381.9645536978715,1235.8515989938915,3529.4196909809557,17,EC2 p4d.24xlarge us-east-1,21.958,4931.189363995688,32.77,7359.414301113907,0.0044528
2026-03-29,2270.4814947897953,1295.0278476464248,3341.3357887172115,14,EC2 p4d.24xlarge us-east-1,21.958,4931.189363995688,32.77,7359.414301113907,0.0044528
2026-03-30,2208.884796582425,1359.3918433345311,3284.7421846927778,18,EC2 p4d.24xlarge us-east-1,21.958,4931.189363995688,32.77,7359.414301113907,0.0044528
2026-03-30,1913.4477182896158,1913.4477182896158,1913.4477182896158,1,Azure Standard_ND96amsr_A100_v4 eastus,21.958,4931.189363995688,32.77,7359.414301113907,0.0044528
2026-03-31,2358.9009804424827,1443.4737693136904,3179.617319439454,14,EC2 p4d.24xlarge us-east-1,21.958,4931.189363995688,32.77,7359.414301113907,0.0044528
2026-04-01,1913.4477182896158,1913.4477182896158,1913.4477182896158,1,Azure Standard_ND96amsr_A100_v4 eastus,21.958,4931.189363995688,32.77,7359.414301113907,0.0044528
2026-04-01,2133.3973380045513,1494.0262306863096,3061.6466043837586,12,EC2 p4d.24xlarge us-east-1,21.958,4931.189363995688,32.77,7359.414301113907,0.0044528
2026-04-02,2160.0925260510244,1584.5759971254042,3107.5278476464246,15,EC2 p4d.24xlarge us-east-1,21.958,4931.189363995688,32.77,7359.414301113907,0.0044528
2026-04-03,1913.4477182896158,1913.4477182896158,1913.4477182896158,1,Azure Standard_ND96amsr_A100_v4 eastus,21.958,4931.189363995688,32.77,7359.414301113907,0.0044528
2026-04-03,2394.0746753246754,1621.3618397412863,3127.313151275602,14,EC2 p4d.24xlarge us-east-1,21.958,4931.189363995688,32.77,7359.414301113907,0.0044528
2026-04-04,2337.5725065448387,1595.1536112109236,3123.4504132231405,14,EC2 p4d.24xlarge us-east-1,21.958,4931.189363995688,32.77,7359.414301113907,0.0044528
2026-04-05,2347.600105551563,1587.6751706791233,3118.2626661875674,16,EC2 p4d.24xlarge us-east-1,21.958,4931.189363995688,32.77,7359.414301113907,0.0044528
2026-04-06,2452.454073841179,1645.8183614804168,3247.102946460654,16,EC2 p4d.24xlarge us-east-1,21.958,4931.189363995688,32.77,7359.414301113907,0.0044528
2026-04-06,1913.4477182896158,1913.4477182896158,1913.4477182896158,1,Azure Standard_ND96amsr_A100_v4 eastus,21.958,4931.189363995688,32.77,7359.414301113907,0.0044528
2026-04-07,2407.2980297041563,1723.926518145886,3320.1581027667985,18,EC2 p4d.24xlarge us-east-1,21.958,4931.189363995688,32.77,7359.414301113907,0.0044528
2026-04-08,2464.2039038037065,1727.7218828602229,3373.9220265900112,14,EC2 p4d.24xlarge us-east-1,21.958,4931.189363995688,32.77,7359.414301113907,0.0044528
2026-04-08,1913.4477182896158,1913.4477182896158,1913.4477182896158,1,Azure Standard_ND96amsr_A100_v4 eastus,21.958,4931.189363995688,32.77,7359.414301113907,0.0044528
2026-04-09,2405.3284824529887,1715.9764642472153,3374.101688825009,15,EC2 p4d.24xlarge us-east-1,21.958,4931.189363995688,32.77,7359.414301113907,0.0044528
2026-04-10,1913.4477182896158,1913.4477182896158,1913.4477182896158,1,Azure Standard_ND96amsr_A100_v4 eastus,21.958,4931.189363995688,32.77,7359.414301113907,0.0044528
2026-04-10,2309.938315965984,1684.7826086956522,3380.053000359325,15,EC2 p4d.24xlarge us-east-1,21.958,4931.189363995688,32.77,7359.414301113907,0.0044528
2026-04-11,2419.56906729634,1655.699784405318,3425.0808480057494,14,EC2 p4d.24xlarge us-east-1,21.958,4931.189363995688,32.77,7359.414301113907,0.0044528
2026-04-12,2356.279195113187,1608.7405677326626,3542.198167445203,15,EC2 p4d.24xlarge us-east-1,21.958,4931.189363995688,32.77,7359.414301113907,0.0044528
2026-04-13,2212.5600745598276,1520.616241466044,3567.238591448078,16,EC2 p4d.24xlarge us-east-1,21.958,4931.189363995688,32.77,7359.414301113907,0.0044528
2026-04-13,1913.4477182896158,1913.4477182896158,1913.4477182896158,1,Azure Standard_ND96amsr_A100_v4 eastus,21.958,4931.189363995688,32.77,7359.414301113907,0.0044528
2026-04-14,2309.258593843574,1512.0598275242544,3564.3864534674813,15,EC2 p4d.24xlarge us-east-1,21.958,4931.189363995688,32.77,7359.414301113907,0.0044528
2026-04-15,2210.7138579470598,1515.3611210923466,3511.700503054258,15,EC2 p4d.24xlarge us-east-1,21.958,4931.189363995688,32.77,7359.414301113907,0.0044528
2026-04-16,2427.1630049792107,1527.1514552641036,3484.279554437657,14,EC2 p4d.24xlarge us-east-1,21.958,4931.189363995688,32.77,7359.414301113907,0.0044528
2026-04-17,2338.6857707509885,1522.8844771828963,3374.7754222062526,16,EC2 p4d.24xlarge us-east-1,21.958,4931.189363995688,32.77,7359.414301113907,0.0044528
2026-04-17,1913.4477182896158,1913.4477182896158,1913.4477182896158,1,Azure Standard_ND96amsr_A100_v4 eastus,21.958,4931.189363995688,32.77,7359.414301113907,0.0044528
2026-04-18,2384.870194035214,1524.3217750628817,3336.754401724758,14,EC2 p4d.24xlarge us-east-1,21.958,4931.189363995688,32.77,7359.414301113907,0.0044528
2026-04-19,2360.420409629896,1616.3312971613366,3384.0055695292854,15,EC2 p4d.24xlarge us-east-1,21.958,4931.189363995688,32.77,7359.414301113907,0.0044528
2026-04-20,2414.8415042220627,1673.5537190082646,3394.313690262307,16,EC2 p4d.24xlarge us-east-1,21.958,4931.189363995688,32.77,7359.414301113907,0.0044528
2026-04-20,1913.4477182896158,1913.4477182896158,1913.4477182896158,1,Azure Standard_ND96amsr_A100_v4 eastus,21.958,4931.189363995688,32.77,7359.414301113907,0.0044528
2026-04-21,2514.9330196730148,1745.6881063600433,3389.0585698886093,16,EC2 p4d.24xlarge us-east-1,21.958,4931.189363995688,32.77,7359.414301113907,0.0044528
2026-04-22,2548.595640196431,1829.6577434423284,3312.095759971254,15,EC2 p4d.24xlarge us-east-1,21.958,4931.189363995688,32.77,7359.414301113907,0.0044528
2026-04-22,1913.4477182896158,1913.4477182896158,1913.4477182896158,1,Azure Standard_ND96amsr_A100_v4 eastus,21.958,4931.189363995688,32.77,7359.414301113907,0.0044528
2026-04-23,2619.632590729429,1911.4714337046353,3241.802910528207,15,EC2 p4d.24xlarge us-east-1,21.958,4931.189363995688,32.77,7359.414301113907,0.0044528
2026-04-24,2688.988629947128,1991.802910528207,3220.3781890046716,14,EC2 p4d.24xlarge us-east-1,21.958,4931.189363995688,32.77,7359.414301113907,0.0044528
2026-04-24,1913.4477182896158,1913.4477182896158,1913.4477182896158,1,Azure Standard_ND96amsr_A100_v4 eastus,21.958,4931.189363995688,32.77,7359.414301113907,0.0044528
2026-04-25,2743.1503772906935,2078.579770032339,3329.612827883579,17,EC2 p4d.24xlarge us-east-1,21.958,4931.189363995688,32.77,7359.414301113907,0.0044528
2026-04-26,2734.5630839022638,2149.0747394897594,3491.915199425081,16,EC2 p4d.24xlarge us-east-1,21.958,4931.189363995688,32.77,7359.414301113907,0.0044528
2026-04-27,2922.1065958498025,2279.7340998922027,3679.3253683075814,16,EC2 p4d.24xlarge us-east-1,21.958,4931.189363995688,32.77,7359.414301113907,0.0044528
2026-04-27,1913.4477182896158,1913.4477182896158,1913.4477182896158,1,Azure Standard_ND96amsr_A100_v4 eastus,21.958,4931.189363995688,32.77,7359.414301113907,0.0044528
2026-04-28,2962.1207442508085,2406.3510600071863,3867.5215594682,16,EC2 p4d.24xlarge us-east-1,21.958,4931.189363995688,32.77,7359.414301113907,0.0044528
2026-04-29,2949.3956050125767,2461.170499461013,3876.8864534674817,16,EC2 p4d.24xlarge us-east-1,21.958,4931.189363995688,32.77,7359.414301113907,0.0044528
2026-04-29,1913.4477182896158,1913.4477182896158,1913.4477182896158,1,Azure Standard_ND96amsr_A100_v4 eastus,21.958,4931.189363995688,32.77,7359.414301113907,0.0044528
2026-04-30,2933.678808839382,2405.9468199784405,3854.7879985627023,20,EC2 p4d.24xlarge us-east-1,21.958,4931.189363995688,32.77,7359.414301113907,0.0044528
2026-05-01,1913.4477182896158,1913.4477182896158,1913.4477182896158,1,Azure Standard_ND96amsr_A100_v4 eastus,21.958,4931.189363995688,32.77,7359.414301113907,0.0044528
2026-05-01,2861.204506955495,2332.420050305426,3906.8675889328065,14,EC2 p4d.24xlarge us-east-1,21.958,4931.189363995688,32.77,7359.414301113907,0.0044528
2026-05-02,2970.1341478021322,2272.188286022278,4084.5759971254042,15,EC2 p4d.24xlarge us-east-1,21.958,4931.189363995688,32.77,7359.414301113907,0.0044528
2026-05-03,3060.4531338226993,2242.633848365074,4245.6207330219195,14,EC2 p4d.24xlarge us-east-1,21.958,4931.189363995688,32.77,7359.414301113907,0.0044528
2026-05-04,1913.4477182896158,1913.4477182896158,1913.4477182896158,1,Azure Standard_ND96amsr_A100_v4 eastus,21.958,4931.189363995688,32.77,7359.414301113907,0.0044528
2026-05-04,3036.439992813511,2188.4656845131153,4330.6009701760695,15,EC2 p4d.24xlarge us-east-1,21.958,4931.189363995688,32.77,7359.414301113907,0.0044528
2026-05-05,3178.461492394299,2210.249730506647,4419.2867409270575,15,EC2 p4d.24xlarge us-east-1,21.958,4931.189363995688,32.77,7359.414301113907,0.0044528
2026-05-06,2763.0255120373695,2187.7470355731225,4391.955623427955,13,EC2 p4d.24xlarge us-east-1,21.958,4931.189363995688,32.77,7359.414301113907,0.0044528
2026-05-06,1913.4477182896158,1913.4477182896158,1913.4477182896158,1,Azure Standard_ND96amsr_A100_v4 eastus,21.958,4931.189363995688,32.77,7359.414301113907,0.0044528
2026-05-07,3059.1060680919873,2160.2362558390228,4387.014911965505,16,EC2 p4d.24xlarge us-east-1,21.958,4931.189363995688,32.77,7359.414301113907,0.0044528
2026-05-08,1913.4477182896158,1913.4477182896158,1913.4477182896158,1,Azure Standard_ND96amsr_A100_v4 eastus,21.958,4931.189363995688,32.77,7359.414301113907,0.0044528
2026-05-08,2971.522132141574,2211.1929572403883,4217.166726554078,16,EC2 p4d.24xlarge us-east-1,21.958,4931.189363995688,32.77,7359.414301113907,0.0044528
2026-05-09,3050.6672455783128,2292.579949694574,4169.511318720804,18,EC2 p4d.24xlarge us-east-1,21.958,4931.189363995688,32.77,7359.414301113907,0.0044528
2026-05-10,3076.254641274404,2355.0125763564497,4111.03126122889,15,EC2 p4d.24xlarge us-east-1,21.958,4931.189363995688,32.77,7359.414301113907,0.0044528
2026-05-11,3144.37842150874,2439.790693496227,4123.54024434064,17,EC2 p4d.24xlarge us-east-1,21.958,4931.189363995688,32.77,7359.414301113907,0.0044528
2026-05-11,1913.4477182896158,1913.4477182896158,1913.4477182896158,1,Azure Standard_ND96amsr_A100_v4 eastus,21.958,4931.189363995688,32.77,7359.414301113907,0.0044528
2026-05-12,3123.4338653857067,2491.690621631333,4138.833992094862,19,EC2 p4d.24xlarge us-east-1,21.958,4931.189363995688,32.77,7359.414301113907,0.0044528
