API Name,GPU model,Physical Processor,GPUs,vCPUs,Instance Memory,Instance Storage,On Demand Filled,Linux Reserved cost Filled,Linux Spot Average cost Filled,gpu_model_clean,cpu_model_clean,gpu_count,vcpu_count,memory_gib,price_usd_per_hour,reserved_price_usd_per_hour,spot_price_usd_per_hour,gpu_tdp_w_per_gpu,cpu_tdp_w_package,threads_per_package,cpu_tdp_w_per_vcpu,storage_is_local_ssd,storage_total_gb,storage_total_tb,storage_drive_count_explicit,proxy_model,proxy_capacity_gb,estimated_drive_count,estimated_per_drive_gb,idle_w_per_tb,active_w_per_tb,ssd_idle_w_per_tb,ssd_active_w_per_tb,idle_w,active_w,ssd_idle_w_total,ssd_active_w_total,ram_idle_w_total,ram_active_w_total,cpu_mapping_status,gpu_mapping_status,cpu_source_type,cpu_source_name,cpu_source_note,source_type,source_note,price_usd_per_hour_custom,price_usd_per_hour_hi,price_usd_per_hour_inf_median,price_usd_per_hour_inf_p10,price_usd_per_hour_inf_p90,price_usd_per_hour_lo,price_usd_per_hour_mid,price_usd_per_hour_trng_median,price_usd_per_hour_trng_p10,price_usd_per_hour_trng_p90,reserved_price_usd_per_hour_custom,reserved_price_usd_per_hour_hi,reserved_price_usd_per_hour_inf_median,reserved_price_usd_per_hour_inf_p10,reserved_price_usd_per_hour_inf_p90,reserved_price_usd_per_hour_lo,reserved_price_usd_per_hour_mid,reserved_price_usd_per_hour_trng_median,reserved_price_usd_per_hour_trng_p10,reserved_price_usd_per_hour_trng_p90,spot_price_usd_per_hour_custom,spot_price_usd_per_hour_hi,spot_price_usd_per_hour_inf_median,spot_price_usd_per_hour_inf_p10,spot_price_usd_per_hour_inf_p90,spot_price_usd_per_hour_lo,spot_price_usd_per_hour_mid,spot_price_usd_per_hour_trng_median,spot_price_usd_per_hour_trng_p10,spot_price_usd_per_hour_trng_p90,cpu_utilization_custom,cpu_utilization_hi,cpu_utilization_inf_median,cpu_utilization_inf_p10,cpu_utilization_inf_p90,cpu_utilization_lo,cpu_utilization_mid,cpu_utilization_trng_median,cpu_utilization_trng_p10,cpu_utilization_trng_p90,gpu_utilization_custom,gpu_utilization_hi,gpu_utilization_inf_median,gpu_utilization_inf_p10,gpu_utilization_inf_p90,gpu_utilization_lo,gpu_utilization_mid,gpu_utilization_trng_median,gpu_utilization_trng_p10,gpu_utilization_trng_p90,total_cpu_power_w_custom,total_cpu_power_w_hi,total_cpu_power_w_inf_median,total_cpu_power_w_inf_p10,total_cpu_power_w_inf_p90,total_cpu_power_w_lo,total_cpu_power_w_mid,total_cpu_power_w_trng_median,total_cpu_power_w_trng_p10,total_cpu_power_w_trng_p90,total_gpu_power_w_custom,total_gpu_power_w_hi,total_gpu_power_w_inf_median,total_gpu_power_w_inf_p10,total_gpu_power_w_inf_p90,total_gpu_power_w_lo,total_gpu_power_w_mid,total_gpu_power_w_trng_median,total_gpu_power_w_trng_p10,total_gpu_power_w_trng_p90,total_ram_power_w_custom,total_ram_power_w_hi,total_ram_power_w_inf_median,total_ram_power_w_inf_p10,total_ram_power_w_inf_p90,total_ram_power_w_lo,total_ram_power_w_mid,total_ram_power_w_trng_median,total_ram_power_w_trng_p10,total_ram_power_w_trng_p90,total_ssd_power_w_custom,total_ssd_power_w_hi,total_ssd_power_w_inf_median,total_ssd_power_w_inf_p10,total_ssd_power_w_inf_p90,total_ssd_power_w_lo,total_ssd_power_w_mid,total_ssd_power_w_trng_median,total_ssd_power_w_trng_p10,total_ssd_power_w_trng_p90,other_components_power_w_custom,other_components_power_w_hi,other_components_power_w_inf_median,other_components_power_w_inf_p10,other_components_power_w_inf_p90,other_components_power_w_lo,other_components_power_w_mid,other_components_power_w_trng_median,other_components_power_w_trng_p10,other_components_power_w_trng_p90,total_power_w_custom,total_power_w_hi,total_power_w_inf_median,total_power_w_inf_p10,total_power_w_inf_p90,total_power_w_lo,total_power_w_mid,total_power_w_trng_median,total_power_w_trng_p10,total_power_w_trng_p90,total_power_mw_custom,total_power_mw_hi,total_power_mw_inf_median,total_power_mw_inf_p10,total_power_mw_inf_p90,total_power_mw_lo,total_power_mw_mid,total_power_mw_trng_median,total_power_mw_trng_p10,total_power_mw_trng_p90,voll_usd_per_mwh_custom,voll_usd_per_mwh_hi,voll_usd_per_mwh_inf_median,voll_usd_per_mwh_inf_p10,voll_usd_per_mwh_inf_p90,voll_usd_per_mwh_lo,voll_usd_per_mwh_mid,voll_usd_per_mwh_trng_median,voll_usd_per_mwh_trng_p10,voll_usd_per_mwh_trng_p90,voll_reserved_usd_per_mwh_custom,voll_reserved_usd_per_mwh_hi,voll_reserved_usd_per_mwh_inf_median,voll_reserved_usd_per_mwh_inf_p10,voll_reserved_usd_per_mwh_inf_p90,voll_reserved_usd_per_mwh_lo,voll_reserved_usd_per_mwh_mid,voll_reserved_usd_per_mwh_trng_median,voll_reserved_usd_per_mwh_trng_p10,voll_reserved_usd_per_mwh_trng_p90,voll_spot_usd_per_mwh_custom,voll_spot_usd_per_mwh_hi,voll_spot_usd_per_mwh_inf_median,voll_spot_usd_per_mwh_inf_p10,voll_spot_usd_per_mwh_inf_p90,voll_spot_usd_per_mwh_lo,voll_spot_usd_per_mwh_mid,voll_spot_usd_per_mwh_trng_median,voll_spot_usd_per_mwh_trng_p10,voll_spot_usd_per_mwh_trng_p90,proxy_model_custom,proxy_model_hi,proxy_model_inf_median,proxy_model_inf_p10,proxy_model_inf_p90,proxy_model_lo,proxy_model_mid,proxy_model_trng_median,proxy_model_trng_p10,proxy_model_trng_p90,estimated_drive_count_custom,estimated_drive_count_hi,estimated_drive_count_inf_median,estimated_drive_count_inf_p10,estimated_drive_count_inf_p90,estimated_drive_count_lo,estimated_drive_count_mid,estimated_drive_count_trng_median,estimated_drive_count_trng_p10,estimated_drive_count_trng_p90,estimated_per_drive_gb_custom,estimated_per_drive_gb_hi,estimated_per_drive_gb_inf_median,estimated_per_drive_gb_inf_p10,estimated_per_drive_gb_inf_p90,estimated_per_drive_gb_lo,estimated_per_drive_gb_mid,estimated_per_drive_gb_trng_median,estimated_per_drive_gb_trng_p10,estimated_per_drive_gb_trng_p90,cpu_mapping_status_custom,cpu_mapping_status_hi,cpu_mapping_status_inf_median,cpu_mapping_status_inf_p10,cpu_mapping_status_inf_p90,cpu_mapping_status_lo,cpu_mapping_status_mid,cpu_mapping_status_trng_median,cpu_mapping_status_trng_p10,cpu_mapping_status_trng_p90,gpu_mapping_status_custom,gpu_mapping_status_hi,gpu_mapping_status_inf_median,gpu_mapping_status_inf_p10,gpu_mapping_status_inf_p90,gpu_mapping_status_lo,gpu_mapping_status_mid,gpu_mapping_status_trng_median,gpu_mapping_status_trng_p10,gpu_mapping_status_trng_p90
dl2q.24xlarge,Qualcomm AI 100 Accelerators,Intel Xeon Platinum 8259 (Cascade Lake),8.0,96 vCPUs,768 GiB,EBS only,11.5952,7.305,10.078,QA100,Intel Xeon Platinum 8259 (Cascade Lake),8.0,96.0,768.0,11.5952,7.305,10.078,75,210.0,48.0,4.375,False,0.0,0.0,,No host-local SSD attributed,0.0,0,0.0,0.0,0.0,0.0,0.0,0.0,0.0,0.0,0.0,0.0,0.0,resolved,resolved,benchmark_proxy,"Closest Cascade Lake benchmark/reference listings, CPU World",Custom AWS-adjacent SKU; inferred from common reference sites.,not_applicable,EBS-only or no local SSD in instance dataset.,11.5952,11.5952,11.5952,11.5952,11.5952,11.5952,11.5952,11.5952,11.5952,11.5952,7.305,7.305,7.305,7.305,7.305,7.305,7.305,7.305,7.305,7.305,10.078,10.078,10.078,10.078,10.078,10.078,10.078,10.078,10.078,10.078,1.2,1.2,0.9,0.7,1.1,0.7,0.9,1.1,0.9,1.2,1.2,1.2,0.9,0.7,1.1,0.7,0.9,1.1,0.9,1.2,554.4,554.4,415.80000000000007,323.40000000000003,508.2000000000001,323.40000000000003,415.80000000000007,508.2000000000001,415.80000000000007,554.4,792.0,792.0,594.0000000000001,462.0,726.0000000000001,462.0,594.0000000000001,726.0000000000001,594.0000000000001,792.0,0.0,0.0,0.0,0.0,0.0,0.0,0.0,0.0,0.0,0.0,0.0,0.0,0.0,0.0,0.0,0.0,0.0,0.0,0.0,0.0,0.0,0.0,0.0,0.0,0.0,0.0,0.0,0.0,0.0,0.0,1346.4,1346.4,1009.8000000000002,785.4000000000001,1234.2000000000003,785.4000000000001,1009.8000000000002,1234.2000000000003,1009.8000000000002,1346.4,0.0013464,0.0013464,0.0010098000000000002,0.0007854000000000001,0.0012342000000000002,0.0007854000000000001,0.0010098000000000002,0.0012342000000000002,0.0010098000000000002,0.0013464,8612.002376708258,8612.002376708258,11482.66983561101,14763.432645785584,9394.911683681736,14763.432645785584,11482.66983561101,9394.911683681736,11482.66983561101,8612.002376708258,5425.579322638146,5425.579322638146,7234.105763517527,9300.993124522534,5918.81380651434,9300.993124522534,7234.105763517527,5918.81380651434,7234.105763517527,5425.579322638146,7485.145573380867,7485.145573380867,9980.194097841155,12831.67812579577,8165.613352779126,12831.67812579577,9980.194097841155,8165.613352779126,9980.194097841155,7485.145573380867,No host-local SSD attributed,No host-local SSD attributed,No host-local SSD attributed,No host-local SSD attributed,No host-local SSD attributed,No host-local SSD attributed,No host-local SSD attributed,No host-local SSD attributed,No host-local SSD attributed,No host-local SSD attributed,0,0,0,0,0,0,0,0,0,0,0.0,0.0,0.0,0.0,0.0,0.0,0.0,0.0,0.0,0.0,resolved,resolved,resolved,resolved,resolved,resolved,resolved,resolved,resolved,resolved,resolved,resolved,resolved,resolved,resolved,resolved,resolved,resolved,resolved,resolved
g2.2xlarge,NVIDIA GRID K520,Intel Xeon E5-2670 (Sandy Bridge),1.0,8 vCPUs,15 GiB,EBS only,0.65,,,K520,Intel Xeon E5-2670 (Sandy Bridge),1.0,8.0,15.0,0.65,,,225,115.0,16.0,7.1875,False,0.0,0.0,,No host-local SSD attributed,0.0,0,0.0,0.0,0.0,0.0,0.0,0.0,0.0,0.0,0.0,0.0,0.0,resolved,resolved,vendor spec,Common Sandy Bridge Xeon benchmark/reference listings,Direct vendor-like proxy value.,not_applicable,EBS-only or no local SSD in instance dataset.,0.65,0.65,0.65,0.65,0.65,0.65,0.65,0.65,0.65,0.65,,,,,,,,,,,,,,,,,,,,,1.2,1.2,0.9,0.7,1.1,0.7,0.9,1.1,0.9,1.2,1.2,1.2,0.9,0.7,1.1,0.7,0.9,1.1,0.9,1.2,75.9,75.9,56.925000000000004,44.275,69.57500000000002,44.275,56.925000000000004,69.57500000000002,56.925000000000004,75.9,297.0,297.0,222.75000000000003,173.25,272.25000000000006,173.25,222.75000000000003,272.25000000000006,222.75000000000003,297.0,0.0,0.0,0.0,0.0,0.0,0.0,0.0,0.0,0.0,0.0,0.0,0.0,0.0,0.0,0.0,0.0,0.0,0.0,0.0,0.0,0.0,0.0,0.0,0.0,0.0,0.0,0.0,0.0,0.0,0.0,372.9,372.9,279.675,217.525,341.82500000000005,217.525,279.675,341.82500000000005,279.675,372.9,0.00037289999999999996,0.00037289999999999996,0.000279675,0.00021752500000000002,0.00034182500000000003,0.00021752500000000002,0.000279675,0.00034182500000000003,0.000279675,0.00037289999999999996,1743.094663448646,1743.094663448646,2324.1262179315277,2988.1622801976782,1901.5578146712498,2988.1622801976782,2324.1262179315277,1901.5578146712498,2324.1262179315277,1743.094663448646,,,,,,,,,,,,,,,,,,,,,No host-local SSD attributed,No host-local SSD attributed,No host-local SSD attributed,No host-local SSD attributed,No host-local SSD attributed,No host-local SSD attributed,No host-local SSD attributed,No host-local SSD attributed,No host-local SSD attributed,No host-local SSD attributed,0,0,0,0,0,0,0,0,0,0,0.0,0.0,0.0,0.0,0.0,0.0,0.0,0.0,0.0,0.0,resolved,resolved,resolved,resolved,resolved,resolved,resolved,resolved,resolved,resolved,resolved,resolved,resolved,resolved,resolved,resolved,resolved,resolved,resolved,resolved
g2.8xlarge,NVIDIA GRID K520,Intel Xeon E5-2670 (Sandy Bridge),4.0,32 vCPUs,60 GiB,EBS only,2.6,,,K520,Intel Xeon E5-2670 (Sandy Bridge),4.0,32.0,60.0,2.6,,,225,115.0,16.0,7.1875,False,0.0,0.0,,No host-local SSD attributed,0.0,0,0.0,0.0,0.0,0.0,0.0,0.0,0.0,0.0,0.0,0.0,0.0,resolved,resolved,vendor spec,Common Sandy Bridge Xeon benchmark/reference listings,Direct vendor-like proxy value.,not_applicable,EBS-only or no local SSD in instance dataset.,2.6,2.6,2.6,2.6,2.6,2.6,2.6,2.6,2.6,2.6,,,,,,,,,,,,,,,,,,,,,1.2,1.2,0.9,0.7,1.1,0.7,0.9,1.1,0.9,1.2,1.2,1.2,0.9,0.7,1.1,0.7,0.9,1.1,0.9,1.2,303.6,303.6,227.70000000000002,177.1,278.30000000000007,177.1,227.70000000000002,278.30000000000007,227.70000000000002,303.6,1188.0,1188.0,891.0000000000001,693.0,1089.0000000000002,693.0,891.0000000000001,1089.0000000000002,891.0000000000001,1188.0,0.0,0.0,0.0,0.0,0.0,0.0,0.0,0.0,0.0,0.0,0.0,0.0,0.0,0.0,0.0,0.0,0.0,0.0,0.0,0.0,0.0,0.0,0.0,0.0,0.0,0.0,0.0,0.0,0.0,0.0,1491.6,1491.6,1118.7,870.1,1367.3000000000002,870.1,1118.7,1367.3000000000002,1118.7,1491.6,0.0014915999999999998,0.0014915999999999998,0.0011187,0.0008701000000000001,0.0013673000000000001,0.0008701000000000001,0.0011187,0.0013673000000000001,0.0011187,0.0014915999999999998,1743.094663448646,1743.094663448646,2324.1262179315277,2988.1622801976782,1901.5578146712498,2988.1622801976782,2324.1262179315277,1901.5578146712498,2324.1262179315277,1743.094663448646,,,,,,,,,,,,,,,,,,,,,No host-local SSD attributed,No host-local SSD attributed,No host-local SSD attributed,No host-local SSD attributed,No host-local SSD attributed,No host-local SSD attributed,No host-local SSD attributed,No host-local SSD attributed,No host-local SSD attributed,No host-local SSD attributed,0,0,0,0,0,0,0,0,0,0,0.0,0.0,0.0,0.0,0.0,0.0,0.0,0.0,0.0,0.0,resolved,resolved,resolved,resolved,resolved,resolved,resolved,resolved,resolved,resolved,resolved,resolved,resolved,resolved,resolved,resolved,resolved,resolved,resolved,resolved
g3.16xlarge,NVIDIA Tesla M60,Intel Xeon E5-2686 v4 (Broadwell),4.0,64 vCPUs,488 GiB,EBS only,4.56,,,M60,Intel Xeon E5-2686 v4 (Broadwell),4.0,64.0,488.0,4.56,,,300,145.0,36.0,4.027777777777778,False,0.0,0.0,,No host-local SSD attributed,0.0,0,0.0,0.0,0.0,0.0,0.0,0.0,0.0,0.0,0.0,0.0,0.0,resolved,resolved,benchmark_proxy,"Broadwell Xeon benchmark reference listings, CPU World","AWS-associated custom part; direct vendor-like proxy value, CPU World.",not_applicable,EBS-only or no local SSD in instance dataset.,4.56,4.56,4.56,4.56,4.56,4.56,4.56,4.56,4.56,4.56,,,,,,,,,,,,,,,,,,,,,1.2,1.2,0.9,0.7,1.1,0.7,0.9,1.1,0.9,1.2,1.2,1.2,0.9,0.7,1.1,0.7,0.9,1.1,0.9,1.2,340.26666666666665,340.26666666666665,255.20000000000002,198.48888888888888,311.91111111111115,198.48888888888888,255.20000000000002,311.91111111111115,255.20000000000002,340.26666666666665,1584.0,1584.0,1188.0000000000002,924.0,1452.0000000000002,924.0,1188.0000000000002,1452.0000000000002,1188.0000000000002,1584.0,0.0,0.0,0.0,0.0,0.0,0.0,0.0,0.0,0.0,0.0,0.0,0.0,0.0,0.0,0.0,0.0,0.0,0.0,0.0,0.0,0.0,0.0,0.0,0.0,0.0,0.0,0.0,0.0,0.0,0.0,1924.2666666666667,1924.2666666666667,1443.2000000000003,1122.4888888888888,1763.9111111111115,1122.4888888888888,1443.2000000000003,1763.9111111111115,1443.2000000000003,1924.2666666666667,0.0019242666666666667,0.0019242666666666667,0.0014432000000000002,0.0011224888888888888,0.0017639111111111116,0.0011224888888888888,0.0014432000000000002,0.0017639111111111116,0.0014432000000000002,0.0019242666666666667,2369.733924611973,2369.733924611973,3159.645232815964,4062.401013620526,2585.1642813948793,4062.401013620526,3159.645232815964,2585.1642813948793,3159.645232815964,2369.733924611973,,,,,,,,,,,,,,,,,,,,,No host-local SSD attributed,No host-local SSD attributed,No host-local SSD attributed,No host-local SSD attributed,No host-local SSD attributed,No host-local SSD attributed,No host-local SSD attributed,No host-local SSD attributed,No host-local SSD attributed,No host-local SSD attributed,0,0,0,0,0,0,0,0,0,0,0.0,0.0,0.0,0.0,0.0,0.0,0.0,0.0,0.0,0.0,resolved,resolved,resolved,resolved,resolved,resolved,resolved,resolved,resolved,resolved,resolved,resolved,resolved,resolved,resolved,resolved,resolved,resolved,resolved,resolved
g3.4xlarge,NVIDIA Tesla M60,Intel Xeon E5-2686 v4 (Broadwell),1.0,16 vCPUs,122 GiB,EBS only,1.14,,,M60,Intel Xeon E5-2686 v4 (Broadwell),1.0,16.0,122.0,1.14,,,300,145.0,36.0,4.027777777777778,False,0.0,0.0,,No host-local SSD attributed,0.0,0,0.0,0.0,0.0,0.0,0.0,0.0,0.0,0.0,0.0,0.0,0.0,resolved,resolved,benchmark_proxy,"Broadwell Xeon benchmark reference listings, CPU World","AWS-associated custom part; direct vendor-like proxy value, CPU World.",not_applicable,EBS-only or no local SSD in instance dataset.,1.14,1.14,1.14,1.14,1.14,1.14,1.14,1.14,1.14,1.14,,,,,,,,,,,,,,,,,,,,,1.2,1.2,0.9,0.7,1.1,0.7,0.9,1.1,0.9,1.2,1.2,1.2,0.9,0.7,1.1,0.7,0.9,1.1,0.9,1.2,85.06666666666666,85.06666666666666,63.800000000000004,49.62222222222222,77.97777777777779,49.62222222222222,63.800000000000004,77.97777777777779,63.800000000000004,85.06666666666666,396.0,396.0,297.00000000000006,231.0,363.00000000000006,231.0,297.00000000000006,363.00000000000006,297.00000000000006,396.0,0.0,0.0,0.0,0.0,0.0,0.0,0.0,0.0,0.0,0.0,0.0,0.0,0.0,0.0,0.0,0.0,0.0,0.0,0.0,0.0,0.0,0.0,0.0,0.0,0.0,0.0,0.0,0.0,0.0,0.0,481.06666666666666,481.06666666666666,360.80000000000007,280.6222222222222,440.9777777777779,280.6222222222222,360.80000000000007,440.9777777777779,360.80000000000007,481.06666666666666,0.0004810666666666667,0.0004810666666666667,0.00036080000000000004,0.0002806222222222222,0.0004409777777777779,0.0002806222222222222,0.00036080000000000004,0.0004409777777777779,0.00036080000000000004,0.0004810666666666667,2369.733924611973,2369.733924611973,3159.645232815964,4062.401013620526,2585.1642813948793,4062.401013620526,3159.645232815964,2585.1642813948793,3159.645232815964,2369.733924611973,,,,,,,,,,,,,,,,,,,,,No host-local SSD attributed,No host-local SSD attributed,No host-local SSD attributed,No host-local SSD attributed,No host-local SSD attributed,No host-local SSD attributed,No host-local SSD attributed,No host-local SSD attributed,No host-local SSD attributed,No host-local SSD attributed,0,0,0,0,0,0,0,0,0,0,0.0,0.0,0.0,0.0,0.0,0.0,0.0,0.0,0.0,0.0,resolved,resolved,resolved,resolved,resolved,resolved,resolved,resolved,resolved,resolved,resolved,resolved,resolved,resolved,resolved,resolved,resolved,resolved,resolved,resolved
g3.8xlarge,NVIDIA Tesla M60,Intel Xeon E5-2686 v4 (Broadwell),2.0,32 vCPUs,244 GiB,EBS only,2.28,,,M60,Intel Xeon E5-2686 v4 (Broadwell),2.0,32.0,244.0,2.28,,,300,145.0,36.0,4.027777777777778,False,0.0,0.0,,No host-local SSD attributed,0.0,0,0.0,0.0,0.0,0.0,0.0,0.0,0.0,0.0,0.0,0.0,0.0,resolved,resolved,benchmark_proxy,"Broadwell Xeon benchmark reference listings, CPU World","AWS-associated custom part; direct vendor-like proxy value, CPU World.",not_applicable,EBS-only or no local SSD in instance dataset.,2.28,2.28,2.28,2.28,2.28,2.28,2.28,2.28,2.28,2.28,,,,,,,,,,,,,,,,,,,,,1.2,1.2,0.9,0.7,1.1,0.7,0.9,1.1,0.9,1.2,1.2,1.2,0.9,0.7,1.1,0.7,0.9,1.1,0.9,1.2,170.13333333333333,170.13333333333333,127.60000000000001,99.24444444444444,155.95555555555558,99.24444444444444,127.60000000000001,155.95555555555558,127.60000000000001,170.13333333333333,792.0,792.0,594.0000000000001,462.0,726.0000000000001,462.0,594.0000000000001,726.0000000000001,594.0000000000001,792.0,0.0,0.0,0.0,0.0,0.0,0.0,0.0,0.0,0.0,0.0,0.0,0.0,0.0,0.0,0.0,0.0,0.0,0.0,0.0,0.0,0.0,0.0,0.0,0.0,0.0,0.0,0.0,0.0,0.0,0.0,962.1333333333333,962.1333333333333,721.6000000000001,561.2444444444444,881.9555555555557,561.2444444444444,721.6000000000001,881.9555555555557,721.6000000000001,962.1333333333333,0.0009621333333333334,0.0009621333333333334,0.0007216000000000001,0.0005612444444444444,0.0008819555555555558,0.0005612444444444444,0.0007216000000000001,0.0008819555555555558,0.0007216000000000001,0.0009621333333333334,2369.733924611973,2369.733924611973,3159.645232815964,4062.401013620526,2585.1642813948793,4062.401013620526,3159.645232815964,2585.1642813948793,3159.645232815964,2369.733924611973,,,,,,,,,,,,,,,,,,,,,No host-local SSD attributed,No host-local SSD attributed,No host-local SSD attributed,No host-local SSD attributed,No host-local SSD attributed,No host-local SSD attributed,No host-local SSD attributed,No host-local SSD attributed,No host-local SSD attributed,No host-local SSD attributed,0,0,0,0,0,0,0,0,0,0,0.0,0.0,0.0,0.0,0.0,0.0,0.0,0.0,0.0,0.0,resolved,resolved,resolved,resolved,resolved,resolved,resolved,resolved,resolved,resolved,resolved,resolved,resolved,resolved,resolved,resolved,resolved,resolved,resolved,resolved
g3s.xlarge,NVIDIA Tesla M60,Intel Xeon E5-2686 v4 (Broadwell),1.0,4 vCPUs,30.5 GiB,EBS only,0.75,,,M60,Intel Xeon E5-2686 v4 (Broadwell),1.0,4.0,30.5,0.75,,,300,145.0,36.0,4.027777777777778,False,0.0,0.0,,No host-local SSD attributed,0.0,0,0.0,0.0,0.0,0.0,0.0,0.0,0.0,0.0,0.0,0.0,0.0,resolved,resolved,benchmark_proxy,"Broadwell Xeon benchmark reference listings, CPU World","AWS-associated custom part; direct vendor-like proxy value, CPU World.",not_applicable,EBS-only or no local SSD in instance dataset.,0.75,0.75,0.75,0.75,0.75,0.75,0.75,0.75,0.75,0.75,,,,,,,,,,,,,,,,,,,,,1.2,1.2,0.9,0.7,1.1,0.7,0.9,1.1,0.9,1.2,1.2,1.2,0.9,0.7,1.1,0.7,0.9,1.1,0.9,1.2,21.266666666666666,21.266666666666666,15.950000000000001,12.405555555555555,19.494444444444447,12.405555555555555,15.950000000000001,19.494444444444447,15.950000000000001,21.266666666666666,396.0,396.0,297.00000000000006,231.0,363.00000000000006,231.0,297.00000000000006,363.00000000000006,297.00000000000006,396.0,0.0,0.0,0.0,0.0,0.0,0.0,0.0,0.0,0.0,0.0,0.0,0.0,0.0,0.0,0.0,0.0,0.0,0.0,0.0,0.0,0.0,0.0,0.0,0.0,0.0,0.0,0.0,0.0,0.0,0.0,417.26666666666665,417.26666666666665,312.95000000000005,243.40555555555557,382.4944444444445,243.40555555555557,312.95000000000005,382.4944444444445,312.95000000000005,417.26666666666665,0.00041726666666666665,0.00041726666666666665,0.00031295000000000004,0.00024340555555555556,0.0003824944444444445,0.00024340555555555556,0.00031295000000000004,0.0003824944444444445,0.00031295000000000004,0.00041726666666666665,1797.4117271129574,1797.4117271129574,2396.548969483943,3081.277246479355,1960.812793214135,3081.277246479355,2396.548969483943,1960.812793214135,2396.548969483943,1797.4117271129574,,,,,,,,,,,,,,,,,,,,,No host-local SSD attributed,No host-local SSD attributed,No host-local SSD attributed,No host-local SSD attributed,No host-local SSD attributed,No host-local SSD attributed,No host-local SSD attributed,No host-local SSD attributed,No host-local SSD attributed,No host-local SSD attributed,0,0,0,0,0,0,0,0,0,0,0.0,0.0,0.0,0.0,0.0,0.0,0.0,0.0,0.0,0.0,resolved,resolved,resolved,resolved,resolved,resolved,resolved,resolved,resolved,resolved,resolved,resolved,resolved,resolved,resolved,resolved,resolved,resolved,resolved,resolved
g4ad.16xlarge,AMD Radeon Pro V520,AMD EPYC 7R32,4.0,64 vCPUs,256 GiB,2400 GB (2×1200 GB NVMe SSD),3.468,2.1848,2.2351,V520,AMD EPYC 7R32,4.0,64.0,256.0,3.468,2.1848,2.2351,225,280.0,96.0,2.9166666666666665,True,2400.0,2.4,2,Benchmark for medium,2.5,2,1200.0,0.0,0.0,0.0,0.0,0.0,0.0,0.0,0.0,0.0,0.0,resolved,resolved,benchmark_proxy,"Closest EPYC Rome custom-SKU benchmark/reference listings, serversupply",AWS custom Rome part; package TDP inferred from common benchmark/reference sources.,proxy_reference,Proxy SSD class with watts expressed on a per-TB basis.,3.468,3.468,3.468,3.468,3.468,3.468,3.468,3.468,3.468,3.468,2.1848,2.1848,2.1848,2.1848,2.1848,2.1848,2.1848,2.1848,2.1848,2.1848,2.2351,2.2351,2.2351,2.2351,2.2351,2.2351,2.2351,2.2351,2.2351,2.2351,1.2,1.2,0.9,0.7,1.1,0.7,0.9,1.1,0.9,1.2,1.2,1.2,0.9,0.7,1.1,0.7,0.9,1.1,0.9,1.2,246.4,246.4,184.8,143.73333333333332,225.8666666666667,143.73333333333332,184.8,225.8666666666667,184.8,246.4,1188.0,1188.0,891.0000000000001,693.0,1089.0000000000002,693.0,891.0000000000001,1089.0000000000002,891.0000000000001,1188.0,0.0,0.0,0.0,0.0,0.0,0.0,0.0,0.0,0.0,0.0,0.0,0.0,0.0,0.0,0.0,0.0,0.0,0.0,0.0,0.0,0.0,0.0,0.0,0.0,0.0,0.0,0.0,0.0,0.0,0.0,1434.4,1434.4,1075.8000000000002,836.7333333333333,1314.866666666667,836.7333333333333,1075.8000000000002,1314.866666666667,1075.8000000000002,1434.4,0.0014344000000000002,0.0014344000000000002,0.0010758000000000002,0.0008367333333333334,0.001314866666666667,0.0008367333333333334,0.0010758000000000002,0.001314866666666667,0.0010758000000000002,0.0014344000000000002,2417.735638594534,2417.735638594534,3223.647518126045,4144.6896661620585,2637.529787557673,4144.6896661620585,3223.647518126045,2637.529787557673,3223.647518126045,2417.735638594534,1523.1455660903512,1523.1455660903512,2030.8607547871347,2611.1066847263164,1661.6133448258374,2611.1066847263164,2030.8607547871347,1661.6133448258374,2030.8607547871347,1523.1455660903512,1558.2124930284438,1558.2124930284438,2077.616657371258,2671.2214166201898,1699.8681742128476,2671.2214166201898,2077.616657371258,1699.8681742128476,2077.616657371258,1558.2124930284438,Benchmark for medium,Benchmark for medium,Benchmark for medium,Benchmark for medium,Benchmark for medium,Benchmark for medium,Benchmark for medium,Benchmark for medium,Benchmark for medium,Benchmark for medium,2,2,2,2,2,2,2,2,2,2,1200.0,1200.0,1200.0,1200.0,1200.0,1200.0,1200.0,1200.0,1200.0,1200.0,resolved,resolved,resolved,resolved,resolved,resolved,resolved,resolved,resolved,resolved,resolved,resolved,resolved,resolved,resolved,resolved,resolved,resolved,resolved,resolved
g4ad.2xlarge,AMD Radeon Pro V520,AMD EPYC 7R32,1.0,8 vCPUs,32 GiB,300 GB NVMe SSD,0.5412,0.3409,0.2767,V520,AMD EPYC 7R32,1.0,8.0,32.0,0.5412,0.3409,0.2767,225,280.0,96.0,2.9166666666666665,True,300.0,0.3,,Benchmark for small,1.0,1,300.0,0.0,0.0,0.0,0.0,0.0,0.0,0.0,0.0,0.0,0.0,resolved,resolved,benchmark_proxy,"Closest EPYC Rome custom-SKU benchmark/reference listings, serversupply",AWS custom Rome part; package TDP inferred from common benchmark/reference sources.,proxy_reference,Proxy SSD class with watts expressed on a per-TB basis.,0.5412,0.5412,0.5412,0.5412,0.5412,0.5412,0.5412,0.5412,0.5412,0.5412,0.3409,0.3409,0.3409,0.3409,0.3409,0.3409,0.3409,0.3409,0.3409,0.3409,0.2767,0.2767,0.2767,0.2767,0.2767,0.2767,0.2767,0.2767,0.2767,0.2767,1.2,1.2,0.9,0.7,1.1,0.7,0.9,1.1,0.9,1.2,1.2,1.2,0.9,0.7,1.1,0.7,0.9,1.1,0.9,1.2,30.8,30.8,23.1,17.966666666666665,28.233333333333338,17.966666666666665,23.1,28.233333333333338,23.1,30.8,297.0,297.0,222.75000000000003,173.25,272.25000000000006,173.25,222.75000000000003,272.25000000000006,222.75000000000003,297.0,0.0,0.0,0.0,0.0,0.0,0.0,0.0,0.0,0.0,0.0,0.0,0.0,0.0,0.0,0.0,0.0,0.0,0.0,0.0,0.0,0.0,0.0,0.0,0.0,0.0,0.0,0.0,0.0,0.0,0.0,327.8,327.8,245.85000000000002,191.21666666666667,300.4833333333334,191.21666666666667,245.85000000000002,300.4833333333334,245.85000000000002,327.8,0.0003278,0.0003278,0.00024585000000000004,0.00019121666666666666,0.0003004833333333334,0.00019121666666666666,0.00024585000000000004,0.0003004833333333334,0.00024585000000000004,0.0003278,1651.006711409396,1651.006711409396,2201.342281879194,2830.2972195589646,1801.0982306284316,2830.2972195589646,2201.342281879194,1801.0982306284316,2201.342281879194,1651.006711409396,1039.9633923123856,1039.9633923123856,1386.6178564165139,1782.7943868212324,1134.5055188862384,1782.7943868212324,1386.6178564165139,1134.5055188862384,1386.6178564165139,1039.9633923123856,844.1122635753509,844.1122635753509,1125.4830181004677,1447.0495947006013,920.8497420822007,1447.0495947006013,1125.4830181004677,920.8497420822007,1125.4830181004677,844.1122635753509,Benchmark for small,Benchmark for small,Benchmark for small,Benchmark for small,Benchmark for small,Benchmark for small,Benchmark for small,Benchmark for small,Benchmark for small,Benchmark for small,1,1,1,1,1,1,1,1,1,1,300.0,300.0,300.0,300.0,300.0,300.0,300.0,300.0,300.0,300.0,resolved,resolved,resolved,resolved,resolved,resolved,resolved,resolved,resolved,resolved,resolved,resolved,resolved,resolved,resolved,resolved,resolved,resolved,resolved,resolved
g4ad.4xlarge,AMD Radeon Pro V520,AMD EPYC 7R32,1.0,16 vCPUs,64 GiB,600 GB NVMe SSD,0.867,0.5462,0.3638,V520,AMD EPYC 7R32,1.0,16.0,64.0,0.867,0.5462,0.3638,225,280.0,96.0,2.9166666666666665,True,600.0,0.6,,Benchmark for small,1.0,1,600.0,0.0,0.0,0.0,0.0,0.0,0.0,0.0,0.0,0.0,0.0,resolved,resolved,benchmark_proxy,"Closest EPYC Rome custom-SKU benchmark/reference listings, serversupply",AWS custom Rome part; package TDP inferred from common benchmark/reference sources.,proxy_reference,Proxy SSD class with watts expressed on a per-TB basis.,0.867,0.867,0.867,0.867,0.867,0.867,0.867,0.867,0.867,0.867,0.5462,0.5462,0.5462,0.5462,0.5462,0.5462,0.5462,0.5462,0.5462,0.5462,0.3638,0.3638,0.3638,0.3638,0.3638,0.3638,0.3638,0.3638,0.3638,0.3638,1.2,1.2,0.9,0.7,1.1,0.7,0.9,1.1,0.9,1.2,1.2,1.2,0.9,0.7,1.1,0.7,0.9,1.1,0.9,1.2,61.6,61.6,46.2,35.93333333333333,56.466666666666676,35.93333333333333,46.2,56.466666666666676,46.2,61.6,297.0,297.0,222.75000000000003,173.25,272.25000000000006,173.25,222.75000000000003,272.25000000000006,222.75000000000003,297.0,0.0,0.0,0.0,0.0,0.0,0.0,0.0,0.0,0.0,0.0,0.0,0.0,0.0,0.0,0.0,0.0,0.0,0.0,0.0,0.0,0.0,0.0,0.0,0.0,0.0,0.0,0.0,0.0,0.0,0.0,358.6,358.6,268.95000000000005,209.18333333333334,328.71666666666675,209.18333333333334,268.95000000000005,328.71666666666675,268.95000000000005,358.6,0.00035860000000000004,0.00035860000000000004,0.00026895000000000006,0.00020918333333333334,0.00032871666666666675,0.00020918333333333334,0.00026895000000000006,0.00032871666666666675,0.00026895000000000006,0.00035860000000000004,2417.735638594534,2417.735638594534,3223.647518126045,4144.6896661620585,2637.529787557673,4144.6896661620585,3223.647518126045,2637.529787557673,3223.647518126045,2417.735638594534,1523.1455660903512,1523.1455660903512,2030.8607547871347,2611.1066847263164,1661.6133448258374,2611.1066847263164,2030.8607547871347,1661.6133448258374,2030.8607547871347,1523.1455660903512,1014.5008365867261,1014.5008365867261,1352.6677821156347,1739.1442912915306,1106.7281853673373,1739.1442912915306,1352.6677821156347,1106.7281853673373,1352.6677821156347,1014.5008365867261,Benchmark for small,Benchmark for small,Benchmark for small,Benchmark for small,Benchmark for small,Benchmark for small,Benchmark for small,Benchmark for small,Benchmark for small,Benchmark for small,1,1,1,1,1,1,1,1,1,1,600.0,600.0,600.0,600.0,600.0,600.0,600.0,600.0,600.0,600.0,resolved,resolved,resolved,resolved,resolved,resolved,resolved,resolved,resolved,resolved,resolved,resolved,resolved,resolved,resolved,resolved,resolved,resolved,resolved,resolved
g4ad.8xlarge,AMD Radeon Pro V520,AMD EPYC 7R32,2.0,32 vCPUs,128 GiB,1200 GB NVMe SSD,1.734,1.0924,0.6783,V520,AMD EPYC 7R32,2.0,32.0,128.0,1.734,1.0924,0.6783,225,280.0,96.0,2.9166666666666665,True,1200.0,1.2,,Benchmark for medium,2.5,1,1200.0,0.0,0.0,0.0,0.0,0.0,0.0,0.0,0.0,0.0,0.0,resolved,resolved,benchmark_proxy,"Closest EPYC Rome custom-SKU benchmark/reference listings, serversupply",AWS custom Rome part; package TDP inferred from common benchmark/reference sources.,proxy_reference,Proxy SSD class with watts expressed on a per-TB basis.,1.734,1.734,1.734,1.734,1.734,1.734,1.734,1.734,1.734,1.734,1.0924,1.0924,1.0924,1.0924,1.0924,1.0924,1.0924,1.0924,1.0924,1.0924,0.6783,0.6783,0.6783,0.6783,0.6783,0.6783,0.6783,0.6783,0.6783,0.6783,1.2,1.2,0.9,0.7,1.1,0.7,0.9,1.1,0.9,1.2,1.2,1.2,0.9,0.7,1.1,0.7,0.9,1.1,0.9,1.2,123.2,123.2,92.4,71.86666666666666,112.93333333333335,71.86666666666666,92.4,112.93333333333335,92.4,123.2,594.0,594.0,445.50000000000006,346.5,544.5000000000001,346.5,445.50000000000006,544.5000000000001,445.50000000000006,594.0,0.0,0.0,0.0,0.0,0.0,0.0,0.0,0.0,0.0,0.0,0.0,0.0,0.0,0.0,0.0,0.0,0.0,0.0,0.0,0.0,0.0,0.0,0.0,0.0,0.0,0.0,0.0,0.0,0.0,0.0,717.2,717.2,537.9000000000001,418.3666666666667,657.4333333333335,418.3666666666667,537.9000000000001,657.4333333333335,537.9000000000001,717.2,0.0007172000000000001,0.0007172000000000001,0.0005379000000000001,0.0004183666666666667,0.0006574333333333335,0.0004183666666666667,0.0005379000000000001,0.0006574333333333335,0.0005379000000000001,0.0007172000000000001,2417.735638594534,2417.735638594534,3223.647518126045,4144.6896661620585,2637.529787557673,4144.6896661620585,3223.647518126045,2637.529787557673,3223.647518126045,2417.735638594534,1523.1455660903512,1523.1455660903512,2030.8607547871347,2611.1066847263164,1661.6133448258374,2611.1066847263164,2030.8607547871347,1661.6133448258374,2030.8607547871347,1523.1455660903512,945.761293920803,945.761293920803,1261.0150585610706,1621.3050752928054,1031.7395933681487,1621.3050752928054,1261.0150585610706,1031.7395933681487,1261.0150585610706,945.761293920803,Benchmark for medium,Benchmark for medium,Benchmark for medium,Benchmark for medium,Benchmark for medium,Benchmark for medium,Benchmark for medium,Benchmark for medium,Benchmark for medium,Benchmark for medium,1,1,1,1,1,1,1,1,1,1,1200.0,1200.0,1200.0,1200.0,1200.0,1200.0,1200.0,1200.0,1200.0,1200.0,resolved,resolved,resolved,resolved,resolved,resolved,resolved,resolved,resolved,resolved,resolved,resolved,resolved,resolved,resolved,resolved,resolved,resolved,resolved,resolved
g4ad.xlarge,AMD Radeon Pro V520,AMD EPYC 7R32,1.0,4 vCPUs,16 GiB,150 GB NVMe SSD,0.3785,0.2385,0.1146,V520,AMD EPYC 7R32,1.0,4.0,16.0,0.3785,0.2385,0.1146,225,280.0,96.0,2.9166666666666665,True,150.0,0.15,,Benchmark for small,1.0,1,150.0,0.0,0.0,0.0,0.0,0.0,0.0,0.0,0.0,0.0,0.0,resolved,resolved,benchmark_proxy,"Closest EPYC Rome custom-SKU benchmark/reference listings, serversupply",AWS custom Rome part; package TDP inferred from common benchmark/reference sources.,proxy_reference,Proxy SSD class with watts expressed on a per-TB basis.,0.3785,0.3785,0.3785,0.3785,0.3785,0.3785,0.3785,0.3785,0.3785,0.3785,0.2385,0.2385,0.2385,0.2385,0.2385,0.2385,0.2385,0.2385,0.2385,0.2385,0.1146,0.1146,0.1146,0.1146,0.1146,0.1146,0.1146,0.1146,0.1146,0.1146,1.2,1.2,0.9,0.7,1.1,0.7,0.9,1.1,0.9,1.2,1.2,1.2,0.9,0.7,1.1,0.7,0.9,1.1,0.9,1.2,15.4,15.4,11.55,8.983333333333333,14.116666666666669,8.983333333333333,11.55,14.116666666666669,11.55,15.4,297.0,297.0,222.75000000000003,173.25,272.25000000000006,173.25,222.75000000000003,272.25000000000006,222.75000000000003,297.0,0.0,0.0,0.0,0.0,0.0,0.0,0.0,0.0,0.0,0.0,0.0,0.0,0.0,0.0,0.0,0.0,0.0,0.0,0.0,0.0,0.0,0.0,0.0,0.0,0.0,0.0,0.0,0.0,0.0,0.0,312.4,312.4,234.30000000000004,182.23333333333332,286.36666666666673,182.23333333333332,234.30000000000004,286.36666666666673,234.30000000000004,312.4,0.0003124,0.0003124,0.00023430000000000003,0.0001822333333333333,0.0002863666666666667,0.0001822333333333333,0.00023430000000000003,0.0002863666666666667,0.00023430000000000003,0.0003124,1211.5877080665814,1211.5877080665814,1615.4502774221082,2077.0074995427112,1321.732045163543,2077.0074995427112,1615.4502774221082,1321.732045163543,1615.4502774221082,1211.5877080665814,763.4443021766965,763.4443021766965,1017.9257362355952,1308.761660874337,832.8483296473051,1308.761660874337,1017.9257362355952,832.8483296473051,1017.9257362355952,763.4443021766965,366.8373879641485,366.8373879641485,489.1165172855313,628.8640936528261,400.18624141543467,628.8640936528261,489.1165172855313,400.18624141543467,489.1165172855313,366.8373879641485,Benchmark for small,Benchmark for small,Benchmark for small,Benchmark for small,Benchmark for small,Benchmark for small,Benchmark for small,Benchmark for small,Benchmark for small,Benchmark for small,1,1,1,1,1,1,1,1,1,1,150.0,150.0,150.0,150.0,150.0,150.0,150.0,150.0,150.0,150.0,resolved,resolved,resolved,resolved,resolved,resolved,resolved,resolved,resolved,resolved,resolved,resolved,resolved,resolved,resolved,resolved,resolved,resolved,resolved,resolved
g4dn.12xlarge,NVIDIA T4 Tensor Core,Intel Xeon Family,4.0,48 vCPUs,192 GiB,900 GB NVMe SSD,3.912,2.465,1.2862,T4,Intel Xeon Family,4.0,48.0,192.0,3.912,2.465,1.2862,70,210.0,48.0,4.375,True,900.0,0.9,,Benchmark for small,1.0,1,900.0,0.0,0.0,0.0,0.0,0.0,0.0,0.0,0.0,0.0,0.0,resolved,resolved,family_proxy,identical config to 8259 (Cascade Lake) model,Used CPU World benchmark for 8259CL.,proxy_reference,Proxy SSD class with watts expressed on a per-TB basis.,3.912,3.912,3.912,3.912,3.912,3.912,3.912,3.912,3.912,3.912,2.465,2.465,2.465,2.465,2.465,2.465,2.465,2.465,2.465,2.465,1.2862,1.2862,1.2862,1.2862,1.2862,1.2862,1.2862,1.2862,1.2862,1.2862,1.2,1.2,0.9,0.7,1.1,0.7,0.9,1.1,0.9,1.2,1.2,1.2,0.9,0.7,1.1,0.7,0.9,1.1,0.9,1.2,277.2,277.2,207.90000000000003,161.70000000000002,254.10000000000005,161.70000000000002,207.90000000000003,254.10000000000005,207.90000000000003,277.2,369.6,369.6,277.20000000000005,215.6,338.80000000000007,215.6,277.20000000000005,338.80000000000007,277.20000000000005,369.6,0.0,0.0,0.0,0.0,0.0,0.0,0.0,0.0,0.0,0.0,0.0,0.0,0.0,0.0,0.0,0.0,0.0,0.0,0.0,0.0,0.0,0.0,0.0,0.0,0.0,0.0,0.0,0.0,0.0,0.0,646.8,646.8,485.1000000000001,377.3,592.9000000000001,377.3,485.1000000000001,592.9000000000001,485.1000000000001,646.8,0.0006468,0.0006468,0.0004851000000000001,0.0003773,0.0005929,0.0003773,0.0004851000000000001,0.0005929,0.0004851000000000001,0.0006468,6048.237476808905,6048.237476808905,8064.3166357452055,10368.40710310098,6598.0772474278965,10368.40710310098,8064.3166357452055,6598.0772474278965,8064.3166357452055,6048.237476808905,3811.069882498454,3811.069882498454,5081.4265099979375,6533.262655711635,4157.530780907404,6533.262655711635,5081.4265099979375,4157.530780907404,5081.4265099979375,3811.069882498454,1988.5590599876314,1988.5590599876314,2651.412079983508,3408.958388550225,2169.3371563501432,3408.958388550225,2651.412079983508,2169.3371563501432,2651.412079983508,1988.5590599876314,Benchmark for small,Benchmark for small,Benchmark for small,Benchmark for small,Benchmark for small,Benchmark for small,Benchmark for small,Benchmark for small,Benchmark for small,Benchmark for small,1,1,1,1,1,1,1,1,1,1,900.0,900.0,900.0,900.0,900.0,900.0,900.0,900.0,900.0,900.0,resolved,resolved,resolved,resolved,resolved,resolved,resolved,resolved,resolved,resolved,resolved,resolved,resolved,resolved,resolved,resolved,resolved,resolved,resolved,resolved
g4dn.16xlarge,NVIDIA T4 Tensor Core,Intel Xeon Family,1.0,64 vCPUs,256 GiB,900 GB NVMe SSD,4.352,2.742,1.2036,T4,Intel Xeon Family,1.0,64.0,256.0,4.352,2.742,1.2036,70,210.0,48.0,4.375,True,900.0,0.9,,Benchmark for small,1.0,1,900.0,0.0,0.0,0.0,0.0,0.0,0.0,0.0,0.0,0.0,0.0,resolved,resolved,family_proxy,identical config to 8259 (Cascade Lake) model,Used CPU World benchmark for 8259CL.,proxy_reference,Proxy SSD class with watts expressed on a per-TB basis.,4.352,4.352,4.352,4.352,4.352,4.352,4.352,4.352,4.352,4.352,2.742,2.742,2.742,2.742,2.742,2.742,2.742,2.742,2.742,2.742,1.2036,1.2036,1.2036,1.2036,1.2036,1.2036,1.2036,1.2036,1.2036,1.2036,1.2,1.2,0.9,0.7,1.1,0.7,0.9,1.1,0.9,1.2,1.2,1.2,0.9,0.7,1.1,0.7,0.9,1.1,0.9,1.2,369.6,369.6,277.20000000000005,215.6,338.80000000000007,215.6,277.20000000000005,338.80000000000007,277.20000000000005,369.6,92.4,92.4,69.30000000000001,53.9,84.70000000000002,53.9,69.30000000000001,84.70000000000002,69.30000000000001,92.4,0.0,0.0,0.0,0.0,0.0,0.0,0.0,0.0,0.0,0.0,0.0,0.0,0.0,0.0,0.0,0.0,0.0,0.0,0.0,0.0,0.0,0.0,0.0,0.0,0.0,0.0,0.0,0.0,0.0,0.0,462.0,462.0,346.50000000000006,269.5,423.5000000000001,269.5,346.50000000000006,423.5000000000001,346.50000000000006,462.0,0.000462,0.000462,0.0003465000000000001,0.0002695,0.0004235000000000001,0.0002695,0.0003465000000000001,0.0004235000000000001,0.0003465000000000001,0.000462,9419.91341991342,9419.91341991342,12559.884559884558,16148.423005565865,10276.269185360092,16148.423005565865,12559.884559884558,10276.269185360092,12559.884559884558,9419.91341991342,5935.064935064935,5935.064935064935,7913.419913419912,10174.39703153989,6474.6162927981095,10174.39703153989,7913.419913419912,6474.6162927981095,7913.419913419912,5935.064935064935,2605.194805194805,2605.194805194805,3473.593073593073,4466.048237476809,2842.0306965761506,4466.048237476809,3473.593073593073,2842.0306965761506,3473.593073593073,2605.194805194805,Benchmark for small,Benchmark for small,Benchmark for small,Benchmark for small,Benchmark for small,Benchmark for small,Benchmark for small,Benchmark for small,Benchmark for small,Benchmark for small,1,1,1,1,1,1,1,1,1,1,900.0,900.0,900.0,900.0,900.0,900.0,900.0,900.0,900.0,900.0,resolved,resolved,resolved,resolved,resolved,resolved,resolved,resolved,resolved,resolved,resolved,resolved,resolved,resolved,resolved,resolved,resolved,resolved,resolved,resolved
g4dn.2xlarge,NVIDIA T4 Tensor Core,Intel Xeon Family,1.0,8 vCPUs,32 GiB,225 GB NVMe SSD,0.752,0.474,0.2867,T4,Intel Xeon Family,1.0,8.0,32.0,0.752,0.474,0.2867,70,210.0,48.0,4.375,True,225.0,0.225,,Benchmark for small,1.0,1,225.0,0.0,0.0,0.0,0.0,0.0,0.0,0.0,0.0,0.0,0.0,resolved,resolved,family_proxy,identical config to 8259 (Cascade Lake) model,Used CPU World benchmark for 8259CL.,proxy_reference,Proxy SSD class with watts expressed on a per-TB basis.,0.752,0.752,0.752,0.752,0.752,0.752,0.752,0.752,0.752,0.752,0.474,0.474,0.474,0.474,0.474,0.474,0.474,0.474,0.474,0.474,0.2867,0.2867,0.2867,0.2867,0.2867,0.2867,0.2867,0.2867,0.2867,0.2867,1.2,1.2,0.9,0.7,1.1,0.7,0.9,1.1,0.9,1.2,1.2,1.2,0.9,0.7,1.1,0.7,0.9,1.1,0.9,1.2,46.2,46.2,34.650000000000006,26.95,42.35000000000001,26.95,34.650000000000006,42.35000000000001,34.650000000000006,46.2,92.4,92.4,69.30000000000001,53.9,84.70000000000002,53.9,69.30000000000001,84.70000000000002,69.30000000000001,92.4,0.0,0.0,0.0,0.0,0.0,0.0,0.0,0.0,0.0,0.0,0.0,0.0,0.0,0.0,0.0,0.0,0.0,0.0,0.0,0.0,0.0,0.0,0.0,0.0,0.0,0.0,0.0,0.0,0.0,0.0,138.60000000000002,138.60000000000002,103.95000000000002,80.85,127.05000000000003,80.85,103.95000000000002,127.05000000000003,103.95000000000002,138.60000000000002,0.00013860000000000004,0.00013860000000000004,0.00010395000000000002,8.085e-05,0.00012705000000000003,8.085e-05,0.00010395000000000002,0.00012705000000000003,0.00010395000000000002,0.00013860000000000004,5425.685425685424,5425.685425685424,7234.247234247233,9301.175015460729,5918.929555293191,9301.175015460729,7234.247234247233,5918.929555293191,7234.247234247233,5425.685425685424,3419.9134199134187,3419.9134199134187,4559.884559884559,5862.7087198515765,3730.814639905548,5862.7087198515765,4559.884559884559,3730.814639905548,4559.884559884559,3419.9134199134187,2068.542568542568,2068.542568542568,2758.0567580567576,3546.0729746444035,2256.591892955529,3546.0729746444035,2758.0567580567576,2256.591892955529,2758.0567580567576,2068.542568542568,Benchmark for small,Benchmark for small,Benchmark for small,Benchmark for small,Benchmark for small,Benchmark for small,Benchmark for small,Benchmark for small,Benchmark for small,Benchmark for small,1,1,1,1,1,1,1,1,1,1,225.0,225.0,225.0,225.0,225.0,225.0,225.0,225.0,225.0,225.0,resolved,resolved,resolved,resolved,resolved,resolved,resolved,resolved,resolved,resolved,resolved,resolved,resolved,resolved,resolved,resolved,resolved,resolved,resolved,resolved
g4dn.4xlarge,NVIDIA T4 Tensor Core,Intel Xeon Family,1.0,16 vCPUs,64 GiB,225 GB NVMe SSD,1.204,0.759,0.4292,T4,Intel Xeon Family,1.0,16.0,64.0,1.204,0.759,0.4292,70,210.0,48.0,4.375,True,225.0,0.225,,Benchmark for small,1.0,1,225.0,0.0,0.0,0.0,0.0,0.0,0.0,0.0,0.0,0.0,0.0,resolved,resolved,family_proxy,identical config to 8259 (Cascade Lake) model,Used CPU World benchmark for 8259CL.,proxy_reference,Proxy SSD class with watts expressed on a per-TB basis.,1.204,1.204,1.204,1.204,1.204,1.204,1.204,1.204,1.204,1.204,0.759,0.759,0.759,0.759,0.759,0.759,0.759,0.759,0.759,0.759,0.4292,0.4292,0.4292,0.4292,0.4292,0.4292,0.4292,0.4292,0.4292,0.4292,1.2,1.2,0.9,0.7,1.1,0.7,0.9,1.1,0.9,1.2,1.2,1.2,0.9,0.7,1.1,0.7,0.9,1.1,0.9,1.2,92.4,92.4,69.30000000000001,53.9,84.70000000000002,53.9,69.30000000000001,84.70000000000002,69.30000000000001,92.4,92.4,92.4,69.30000000000001,53.9,84.70000000000002,53.9,69.30000000000001,84.70000000000002,69.30000000000001,92.4,0.0,0.0,0.0,0.0,0.0,0.0,0.0,0.0,0.0,0.0,0.0,0.0,0.0,0.0,0.0,0.0,0.0,0.0,0.0,0.0,0.0,0.0,0.0,0.0,0.0,0.0,0.0,0.0,0.0,0.0,184.8,184.8,138.60000000000002,107.8,169.40000000000003,107.8,138.60000000000002,169.40000000000003,138.60000000000002,184.8,0.00018480000000000002,0.00018480000000000002,0.00013860000000000004,0.00010779999999999999,0.00016940000000000002,0.00010779999999999999,0.00013860000000000004,0.00016940000000000002,0.00013860000000000004,0.00018480000000000002,6515.151515151514,6515.151515151514,8686.868686868684,11168.83116883117,7107.438016528924,11168.83116883117,8686.868686868684,7107.438016528924,8686.868686868684,6515.151515151514,4107.142857142857,4107.142857142857,5476.190476190475,7040.816326530613,4480.51948051948,7040.816326530613,5476.190476190475,4480.51948051948,5476.190476190475,4107.142857142857,2322.5108225108224,2322.5108225108224,3096.6810966810963,3981.4471243042676,2533.648170011806,3981.4471243042676,3096.6810966810963,2533.648170011806,3096.6810966810963,2322.5108225108224,Benchmark for small,Benchmark for small,Benchmark for small,Benchmark for small,Benchmark for small,Benchmark for small,Benchmark for small,Benchmark for small,Benchmark for small,Benchmark for small,1,1,1,1,1,1,1,1,1,1,225.0,225.0,225.0,225.0,225.0,225.0,225.0,225.0,225.0,225.0,resolved,resolved,resolved,resolved,resolved,resolved,resolved,resolved,resolved,resolved,resolved,resolved,resolved,resolved,resolved,resolved,resolved,resolved,resolved,resolved
g4dn.8xlarge,NVIDIA T4 Tensor Core,Intel Xeon Family,1.0,32 vCPUs,128 GiB,900 GB NVMe SSD,2.176,1.371,0.6514,T4,Intel Xeon Family,1.0,32.0,128.0,2.176,1.371,0.6514,70,210.0,48.0,4.375,True,900.0,0.9,,Benchmark for small,1.0,1,900.0,0.0,0.0,0.0,0.0,0.0,0.0,0.0,0.0,0.0,0.0,resolved,resolved,family_proxy,identical config to 8259 (Cascade Lake) model,Used CPU World benchmark for 8259CL.,proxy_reference,Proxy SSD class with watts expressed on a per-TB basis.,2.176,2.176,2.176,2.176,2.176,2.176,2.176,2.176,2.176,2.176,1.371,1.371,1.371,1.371,1.371,1.371,1.371,1.371,1.371,1.371,0.6514,0.6514,0.6514,0.6514,0.6514,0.6514,0.6514,0.6514,0.6514,0.6514,1.2,1.2,0.9,0.7,1.1,0.7,0.9,1.1,0.9,1.2,1.2,1.2,0.9,0.7,1.1,0.7,0.9,1.1,0.9,1.2,184.8,184.8,138.60000000000002,107.8,169.40000000000003,107.8,138.60000000000002,169.40000000000003,138.60000000000002,184.8,92.4,92.4,69.30000000000001,53.9,84.70000000000002,53.9,69.30000000000001,84.70000000000002,69.30000000000001,92.4,0.0,0.0,0.0,0.0,0.0,0.0,0.0,0.0,0.0,0.0,0.0,0.0,0.0,0.0,0.0,0.0,0.0,0.0,0.0,0.0,0.0,0.0,0.0,0.0,0.0,0.0,0.0,0.0,0.0,0.0,277.20000000000005,277.20000000000005,207.90000000000003,161.7,254.10000000000005,161.7,207.90000000000003,254.10000000000005,207.90000000000003,277.20000000000005,0.00027720000000000007,0.00027720000000000007,0.00020790000000000004,0.0001617,0.00025410000000000005,0.0001617,0.00020790000000000004,0.00025410000000000005,0.00020790000000000004,0.00027720000000000007,7849.927849927849,7849.927849927849,10466.570466570465,13457.019171304886,8563.557654466744,13457.019171304886,10466.570466570465,8563.557654466744,10466.570466570465,7849.927849927849,4945.887445887444,4945.887445887444,6594.516594516594,8478.664192949907,5395.513577331758,8478.664192949907,6594.516594516594,5395.513577331758,6594.516594516594,4945.887445887444,2349.9278499278494,2349.9278499278494,3133.2371332371326,4028.447742733457,2563.5576544667447,4028.447742733457,3133.2371332371326,2563.5576544667447,3133.2371332371326,2349.9278499278494,Benchmark for small,Benchmark for small,Benchmark for small,Benchmark for small,Benchmark for small,Benchmark for small,Benchmark for small,Benchmark for small,Benchmark for small,Benchmark for small,1,1,1,1,1,1,1,1,1,1,900.0,900.0,900.0,900.0,900.0,900.0,900.0,900.0,900.0,900.0,resolved,resolved,resolved,resolved,resolved,resolved,resolved,resolved,resolved,resolved,resolved,resolved,resolved,resolved,resolved,resolved,resolved,resolved,resolved,resolved
g4dn.metal,NVIDIA T4 Tensor Core,Intel Xeon Family,8.0,96 vCPUs,384 GiB,1800 GB (2×900 GB NVMe SSD),7.824,4.929,3.1197,T4,Intel Xeon Family,8.0,96.0,384.0,7.824,4.929,3.1197,70,210.0,48.0,4.375,True,1800.0,1.8,2,Benchmark for small,1.0,2,900.0,0.0,0.0,0.0,0.0,0.0,0.0,0.0,0.0,0.0,0.0,resolved,resolved,family_proxy,identical config to 8259 (Cascade Lake) model,Used CPU World benchmark for 8259CL.,proxy_reference,Proxy SSD class with watts expressed on a per-TB basis.,7.824,7.824,7.824,7.824,7.824,7.824,7.824,7.824,7.824,7.824,4.929,4.929,4.929,4.929,4.929,4.929,4.929,4.929,4.929,4.929,3.1197,3.1197,3.1197,3.1197,3.1197,3.1197,3.1197,3.1197,3.1197,3.1197,1.2,1.2,0.9,0.7,1.1,0.7,0.9,1.1,0.9,1.2,1.2,1.2,0.9,0.7,1.1,0.7,0.9,1.1,0.9,1.2,554.4,554.4,415.80000000000007,323.40000000000003,508.2000000000001,323.40000000000003,415.80000000000007,508.2000000000001,415.80000000000007,554.4,739.2,739.2,554.4000000000001,431.2,677.6000000000001,431.2,554.4000000000001,677.6000000000001,554.4000000000001,739.2,0.0,0.0,0.0,0.0,0.0,0.0,0.0,0.0,0.0,0.0,0.0,0.0,0.0,0.0,0.0,0.0,0.0,0.0,0.0,0.0,0.0,0.0,0.0,0.0,0.0,0.0,0.0,0.0,0.0,0.0,1293.6,1293.6,970.2000000000002,754.6,1185.8000000000002,754.6,970.2000000000002,1185.8000000000002,970.2000000000002,1293.6,0.0012936,0.0012936,0.0009702000000000002,0.0007546,0.0011858,0.0007546,0.0009702000000000002,0.0011858,0.0009702000000000002,0.0012936,6048.237476808905,6048.237476808905,8064.3166357452055,10368.40710310098,6598.0772474278965,10368.40710310098,8064.3166357452055,6598.0772474278965,8064.3166357452055,6048.237476808905,3810.296846011132,3810.296846011132,5080.395794681508,6531.9374503047975,4156.68746837578,6531.9374503047975,5080.395794681508,4156.68746837578,5080.395794681508,3810.296846011132,2411.6419294990724,2411.6419294990724,3215.5225726654294,4134.243307712695,2630.882104908079,4134.243307712695,3215.5225726654294,2630.882104908079,3215.5225726654294,2411.6419294990724,Benchmark for small,Benchmark for small,Benchmark for small,Benchmark for small,Benchmark for small,Benchmark for small,Benchmark for small,Benchmark for small,Benchmark for small,Benchmark for small,2,2,2,2,2,2,2,2,2,2,900.0,900.0,900.0,900.0,900.0,900.0,900.0,900.0,900.0,900.0,resolved,resolved,resolved,resolved,resolved,resolved,resolved,resolved,resolved,resolved,resolved,resolved,resolved,resolved,resolved,resolved,resolved,resolved,resolved,resolved
g4dn.xlarge,NVIDIA T4 Tensor Core,Intel Xeon Family,1.0,4 vCPUs,16 GiB,125 GB NVMe SSD,0.526,0.331,0.2196,T4,Intel Xeon Family,1.0,4.0,16.0,0.526,0.331,0.2196,70,210.0,48.0,4.375,True,125.0,0.125,,Benchmark for small,1.0,1,125.0,0.0,0.0,0.0,0.0,0.0,0.0,0.0,0.0,0.0,0.0,resolved,resolved,family_proxy,identical config to 8259 (Cascade Lake) model,Used CPU World benchmark for 8259CL.,proxy_reference,Proxy SSD class with watts expressed on a per-TB basis.,0.526,0.526,0.526,0.526,0.526,0.526,0.526,0.526,0.526,0.526,0.331,0.331,0.331,0.331,0.331,0.331,0.331,0.331,0.331,0.331,0.2196,0.2196,0.2196,0.2196,0.2196,0.2196,0.2196,0.2196,0.2196,0.2196,1.2,1.2,0.9,0.7,1.1,0.7,0.9,1.1,0.9,1.2,1.2,1.2,0.9,0.7,1.1,0.7,0.9,1.1,0.9,1.2,23.1,23.1,17.325000000000003,13.475,21.175000000000004,13.475,17.325000000000003,21.175000000000004,17.325000000000003,23.1,92.4,92.4,69.30000000000001,53.9,84.70000000000002,53.9,69.30000000000001,84.70000000000002,69.30000000000001,92.4,0.0,0.0,0.0,0.0,0.0,0.0,0.0,0.0,0.0,0.0,0.0,0.0,0.0,0.0,0.0,0.0,0.0,0.0,0.0,0.0,0.0,0.0,0.0,0.0,0.0,0.0,0.0,0.0,0.0,0.0,115.5,115.5,86.62500000000001,67.375,105.87500000000003,67.375,86.62500000000001,105.87500000000003,86.62500000000001,115.5,0.0001155,0.0001155,8.662500000000002e-05,6.7375e-05,0.00010587500000000003,6.7375e-05,8.662500000000002e-05,0.00010587500000000003,8.662500000000002e-05,0.0001155,4554.112554112554,4554.112554112554,6072.1500721500715,7807.050092764379,4968.122786304603,7807.050092764379,6072.1500721500715,4968.122786304603,6072.1500721500715,4554.112554112554,2865.8008658008657,2865.8008658008657,3821.0678210678207,4912.801484230056,3126.3282172373074,4912.801484230056,3821.0678210678207,3126.3282172373074,3821.0678210678207,2865.8008658008657,1901.2987012987012,1901.2987012987012,2535.0649350649346,3259.369202226345,2074.1440377804006,3259.369202226345,2535.0649350649346,2074.1440377804006,2535.0649350649346,1901.2987012987012,Benchmark for small,Benchmark for small,Benchmark for small,Benchmark for small,Benchmark for small,Benchmark for small,Benchmark for small,Benchmark for small,Benchmark for small,Benchmark for small,1,1,1,1,1,1,1,1,1,1,125.0,125.0,125.0,125.0,125.0,125.0,125.0,125.0,125.0,125.0,resolved,resolved,resolved,resolved,resolved,resolved,resolved,resolved,resolved,resolved,resolved,resolved,resolved,resolved,resolved,resolved,resolved,resolved,resolved,resolved
g5.12xlarge,NVIDIA A10G,AMD EPYC 7R32,4.0,48 vCPUs,192 GiB,3800 GB NVMe SSD,5.672,3.5734,2.2102,A10G,AMD EPYC 7R32,4.0,48.0,192.0,5.672,3.5734,2.2102,150,280.0,96.0,2.9166666666666665,True,3800.0,3.8,,Benchmark for large,5.0,1,3800.0,0.0,0.0,0.0,0.0,0.0,0.0,0.0,0.0,0.0,0.0,resolved,resolved,benchmark_proxy,"Closest EPYC Rome custom-SKU benchmark/reference listings, serversupply",AWS custom Rome part; package TDP inferred from common benchmark/reference sources.,proxy_reference,Proxy SSD class with watts expressed on a per-TB basis.,5.672,5.672,5.672,5.672,5.672,5.672,5.672,5.672,5.672,5.672,3.5734,3.5734,3.5734,3.5734,3.5734,3.5734,3.5734,3.5734,3.5734,3.5734,2.2102,2.2102,2.2102,2.2102,2.2102,2.2102,2.2102,2.2102,2.2102,2.2102,1.2,1.2,0.9,0.7,1.1,0.7,0.9,1.1,0.9,1.2,1.2,1.2,0.9,0.7,1.1,0.7,0.9,1.1,0.9,1.2,184.8,184.8,138.60000000000002,107.8,169.40000000000003,107.8,138.60000000000002,169.40000000000003,138.60000000000002,184.8,792.0,792.0,594.0000000000001,462.0,726.0000000000001,462.0,594.0000000000001,726.0000000000001,594.0000000000001,792.0,0.0,0.0,0.0,0.0,0.0,0.0,0.0,0.0,0.0,0.0,0.0,0.0,0.0,0.0,0.0,0.0,0.0,0.0,0.0,0.0,0.0,0.0,0.0,0.0,0.0,0.0,0.0,0.0,0.0,0.0,976.8,976.8,732.6000000000001,569.8,895.4000000000001,569.8,732.6000000000001,895.4000000000001,732.6000000000001,976.8,0.0009767999999999999,0.0009767999999999999,0.0007326000000000001,0.0005698,0.0008954000000000001,0.0005698,0.0007326000000000001,0.0008954000000000001,0.0007326000000000001,0.0009767999999999999,5806.715806715807,5806.715806715807,7742.287742287741,9954.369954369955,6334.599061871788,9954.369954369955,7742.287742287741,6334.599061871788,7742.287742287741,5806.715806715807,3658.2719082719086,3658.2719082719086,4877.695877695876,6271.323271323272,3990.8420817511724,6271.323271323272,4877.695877695876,3990.8420817511724,4877.695877695876,3658.2719082719086,2262.694512694513,2262.694512694513,3016.9260169260165,3878.904878904879,2468.394013848559,3878.904878904879,3016.9260169260165,2468.394013848559,3016.9260169260165,2262.694512694513,Benchmark for large,Benchmark for large,Benchmark for large,Benchmark for large,Benchmark for large,Benchmark for large,Benchmark for large,Benchmark for large,Benchmark for large,Benchmark for large,1,1,1,1,1,1,1,1,1,1,3800.0,3800.0,3800.0,3800.0,3800.0,3800.0,3800.0,3800.0,3800.0,3800.0,resolved,resolved,resolved,resolved,resolved,resolved,resolved,resolved,resolved,resolved,resolved,resolved,resolved,resolved,resolved,resolved,resolved,resolved,resolved,resolved
g5.16xlarge,NVIDIA A10G,AMD EPYC 7R32,1.0,64 vCPUs,256 GiB,1900 GB NVMe SSD,4.096,2.5805,1.4352,A10G,AMD EPYC 7R32,1.0,64.0,256.0,4.096,2.5805,1.4352,150,280.0,96.0,2.9166666666666665,True,1900.0,1.9,,Benchmark for medium,2.5,1,1900.0,0.0,0.0,0.0,0.0,0.0,0.0,0.0,0.0,0.0,0.0,resolved,resolved,benchmark_proxy,"Closest EPYC Rome custom-SKU benchmark/reference listings, serversupply",AWS custom Rome part; package TDP inferred from common benchmark/reference sources.,proxy_reference,Proxy SSD class with watts expressed on a per-TB basis.,4.096,4.096,4.096,4.096,4.096,4.096,4.096,4.096,4.096,4.096,2.5805,2.5805,2.5805,2.5805,2.5805,2.5805,2.5805,2.5805,2.5805,2.5805,1.4352,1.4352,1.4352,1.4352,1.4352,1.4352,1.4352,1.4352,1.4352,1.4352,1.2,1.2,0.9,0.7,1.1,0.7,0.9,1.1,0.9,1.2,1.2,1.2,0.9,0.7,1.1,0.7,0.9,1.1,0.9,1.2,246.4,246.4,184.8,143.73333333333332,225.8666666666667,143.73333333333332,184.8,225.8666666666667,184.8,246.4,198.0,198.0,148.50000000000003,115.5,181.50000000000003,115.5,148.50000000000003,181.50000000000003,148.50000000000003,198.0,0.0,0.0,0.0,0.0,0.0,0.0,0.0,0.0,0.0,0.0,0.0,0.0,0.0,0.0,0.0,0.0,0.0,0.0,0.0,0.0,0.0,0.0,0.0,0.0,0.0,0.0,0.0,0.0,0.0,0.0,444.4,444.4,333.30000000000007,259.23333333333335,407.36666666666673,259.23333333333335,333.30000000000007,407.36666666666673,333.30000000000007,444.4,0.00044439999999999996,0.00044439999999999996,0.0003333000000000001,0.00025923333333333336,0.00040736666666666674,0.00025923333333333336,0.0003333000000000001,0.00040736666666666674,0.0003333000000000001,0.00044439999999999996,9216.921692169219,9216.921692169219,12289.228922892287,15800.437186575798,10054.823664184598,15800.437186575798,12289.228922892287,10054.823664184598,12289.228922892287,9216.921692169219,5806.705670567057,5806.705670567057,7742.274227422739,9954.352578114953,6334.58800425497,9954.352578114953,7742.274227422739,6334.58800425497,7742.274227422739,5806.705670567057,3229.52295229523,3229.52295229523,4306.030603060305,5536.325061077536,3523.1159479584317,5536.325061077536,4306.030603060305,3523.1159479584317,4306.030603060305,3229.52295229523,Benchmark for medium,Benchmark for medium,Benchmark for medium,Benchmark for medium,Benchmark for medium,Benchmark for medium,Benchmark for medium,Benchmark for medium,Benchmark for medium,Benchmark for medium,1,1,1,1,1,1,1,1,1,1,1900.0,1900.0,1900.0,1900.0,1900.0,1900.0,1900.0,1900.0,1900.0,1900.0,resolved,resolved,resolved,resolved,resolved,resolved,resolved,resolved,resolved,resolved,resolved,resolved,resolved,resolved,resolved,resolved,resolved,resolved,resolved,resolved
g5.24xlarge,NVIDIA A10G,AMD EPYC 7R32,4.0,96 vCPUs,384 GiB,3800 GB NVMe SSD,8.144,5.1307,4.6452,A10G,AMD EPYC 7R32,4.0,96.0,384.0,8.144,5.1307,4.6452,150,280.0,96.0,2.9166666666666665,True,3800.0,3.8,,Benchmark for large,5.0,1,3800.0,0.0,0.0,0.0,0.0,0.0,0.0,0.0,0.0,0.0,0.0,resolved,resolved,benchmark_proxy,"Closest EPYC Rome custom-SKU benchmark/reference listings, serversupply",AWS custom Rome part; package TDP inferred from common benchmark/reference sources.,proxy_reference,Proxy SSD class with watts expressed on a per-TB basis.,8.144,8.144,8.144,8.144,8.144,8.144,8.144,8.144,8.144,8.144,5.1307,5.1307,5.1307,5.1307,5.1307,5.1307,5.1307,5.1307,5.1307,5.1307,4.6452,4.6452,4.6452,4.6452,4.6452,4.6452,4.6452,4.6452,4.6452,4.6452,1.2,1.2,0.9,0.7,1.1,0.7,0.9,1.1,0.9,1.2,1.2,1.2,0.9,0.7,1.1,0.7,0.9,1.1,0.9,1.2,369.6,369.6,277.20000000000005,215.6,338.80000000000007,215.6,277.20000000000005,338.80000000000007,277.20000000000005,369.6,792.0,792.0,594.0000000000001,462.0,726.0000000000001,462.0,594.0000000000001,726.0000000000001,594.0000000000001,792.0,0.0,0.0,0.0,0.0,0.0,0.0,0.0,0.0,0.0,0.0,0.0,0.0,0.0,0.0,0.0,0.0,0.0,0.0,0.0,0.0,0.0,0.0,0.0,0.0,0.0,0.0,0.0,0.0,0.0,0.0,1161.6,1161.6,871.2000000000002,677.6,1064.8000000000002,677.6,871.2000000000002,1064.8000000000002,871.2000000000002,1161.6,0.0011615999999999998,0.0011615999999999998,0.0008712000000000001,0.0006776,0.0010648,0.0006776,0.0008712000000000001,0.0010648,0.0008712000000000001,0.0011615999999999998,7011.019283746557,7011.019283746557,9348.025711662074,12018.890200708383,7648.384673178061,12018.890200708383,9348.025711662074,7648.384673178061,9348.025711662074,7011.019283746557,4416.924931129477,4416.924931129477,5889.233241505968,7571.871310507674,4818.463561232156,7571.871310507674,5889.233241505968,4818.463561232156,5889.233241505968,4416.924931129477,3998.966942148761,3998.966942148761,5331.955922865013,6855.371900826446,4362.509391435011,6855.371900826446,5331.955922865013,4362.509391435011,5331.955922865013,3998.966942148761,Benchmark for large,Benchmark for large,Benchmark for large,Benchmark for large,Benchmark for large,Benchmark for large,Benchmark for large,Benchmark for large,Benchmark for large,Benchmark for large,1,1,1,1,1,1,1,1,1,1,3800.0,3800.0,3800.0,3800.0,3800.0,3800.0,3800.0,3800.0,3800.0,3800.0,resolved,resolved,resolved,resolved,resolved,resolved,resolved,resolved,resolved,resolved,resolved,resolved,resolved,resolved,resolved,resolved,resolved,resolved,resolved,resolved
g5.2xlarge,NVIDIA A10G,AMD EPYC 7R32,1.0,8 vCPUs,32 GiB,450 GB NVMe SSD,1.212,0.7636,0.4791,A10G,AMD EPYC 7R32,1.0,8.0,32.0,1.212,0.7636,0.4791,150,280.0,96.0,2.9166666666666665,True,450.0,0.45,,Benchmark for small,1.0,1,450.0,0.0,0.0,0.0,0.0,0.0,0.0,0.0,0.0,0.0,0.0,resolved,resolved,benchmark_proxy,"Closest EPYC Rome custom-SKU benchmark/reference listings, serversupply",AWS custom Rome part; package TDP inferred from common benchmark/reference sources.,proxy_reference,Proxy SSD class with watts expressed on a per-TB basis.,1.212,1.212,1.212,1.212,1.212,1.212,1.212,1.212,1.212,1.212,0.7636,0.7636,0.7636,0.7636,0.7636,0.7636,0.7636,0.7636,0.7636,0.7636,0.4791,0.4791,0.4791,0.4791,0.4791,0.4791,0.4791,0.4791,0.4791,0.4791,1.2,1.2,0.9,0.7,1.1,0.7,0.9,1.1,0.9,1.2,1.2,1.2,0.9,0.7,1.1,0.7,0.9,1.1,0.9,1.2,30.8,30.8,23.1,17.966666666666665,28.233333333333338,17.966666666666665,23.1,28.233333333333338,23.1,30.8,198.0,198.0,148.50000000000003,115.5,181.50000000000003,115.5,148.50000000000003,181.50000000000003,148.50000000000003,198.0,0.0,0.0,0.0,0.0,0.0,0.0,0.0,0.0,0.0,0.0,0.0,0.0,0.0,0.0,0.0,0.0,0.0,0.0,0.0,0.0,0.0,0.0,0.0,0.0,0.0,0.0,0.0,0.0,0.0,0.0,228.8,228.8,171.60000000000002,133.46666666666667,209.73333333333338,133.46666666666667,171.60000000000002,209.73333333333338,171.60000000000002,228.8,0.0002288,0.0002288,0.00017160000000000002,0.00013346666666666667,0.00020973333333333338,0.00013346666666666667,0.00017160000000000002,0.00020973333333333338,0.00017160000000000002,0.0002288,5297.202797202797,5297.202797202797,7062.9370629370615,9080.91908091908,5778.766687857596,9080.91908091908,7062.9370629370615,5778.766687857596,7062.9370629370615,5297.202797202797,3337.412587412587,3337.412587412587,4449.8834498834485,5721.278721278721,3640.8137317228216,5721.278721278721,4449.8834498834485,3640.8137317228216,4449.8834498834485,3337.412587412587,2093.9685314685316,2093.9685314685316,2791.9580419580416,3589.66033966034,2284.329307056579,3589.66033966034,2791.9580419580416,2284.329307056579,2791.9580419580416,2093.9685314685316,Benchmark for small,Benchmark for small,Benchmark for small,Benchmark for small,Benchmark for small,Benchmark for small,Benchmark for small,Benchmark for small,Benchmark for small,Benchmark for small,1,1,1,1,1,1,1,1,1,1,450.0,450.0,450.0,450.0,450.0,450.0,450.0,450.0,450.0,450.0,resolved,resolved,resolved,resolved,resolved,resolved,resolved,resolved,resolved,resolved,resolved,resolved,resolved,resolved,resolved,resolved,resolved,resolved,resolved,resolved
g5.48xlarge,NVIDIA A10G,AMD EPYC 7R32,8.0,192 vCPUs,768 GiB,7600 GB (2×3800 GB NVMe SSD),16.288,10.2614,8.2623,A10G,AMD EPYC 7R32,8.0,192.0,768.0,16.288,10.2614,8.2623,150,280.0,96.0,2.9166666666666665,True,7600.0,7.6,2,Benchmark for large,5.0,2,3800.0,0.0,0.0,0.0,0.0,0.0,0.0,0.0,0.0,0.0,0.0,resolved,resolved,benchmark_proxy,"Closest EPYC Rome custom-SKU benchmark/reference listings, serversupply",AWS custom Rome part; package TDP inferred from common benchmark/reference sources.,proxy_reference,Proxy SSD class with watts expressed on a per-TB basis.,16.288,16.288,16.288,16.288,16.288,16.288,16.288,16.288,16.288,16.288,10.2614,10.2614,10.2614,10.2614,10.2614,10.2614,10.2614,10.2614,10.2614,10.2614,8.2623,8.2623,8.2623,8.2623,8.2623,8.2623,8.2623,8.2623,8.2623,8.2623,1.2,1.2,0.9,0.7,1.1,0.7,0.9,1.1,0.9,1.2,1.2,1.2,0.9,0.7,1.1,0.7,0.9,1.1,0.9,1.2,739.2,739.2,554.4000000000001,431.2,677.6000000000001,431.2,554.4000000000001,677.6000000000001,554.4000000000001,739.2,1584.0,1584.0,1188.0000000000002,924.0,1452.0000000000002,924.0,1188.0000000000002,1452.0000000000002,1188.0000000000002,1584.0,0.0,0.0,0.0,0.0,0.0,0.0,0.0,0.0,0.0,0.0,0.0,0.0,0.0,0.0,0.0,0.0,0.0,0.0,0.0,0.0,0.0,0.0,0.0,0.0,0.0,0.0,0.0,0.0,0.0,0.0,2323.2,2323.2,1742.4000000000003,1355.2,2129.6000000000004,1355.2,1742.4000000000003,2129.6000000000004,1742.4000000000003,2323.2,0.0023231999999999997,0.0023231999999999997,0.0017424000000000003,0.0013552,0.0021296,0.0013552,0.0017424000000000003,0.0021296,0.0017424000000000003,0.0023231999999999997,7011.019283746557,7011.019283746557,9348.025711662074,12018.890200708383,7648.384673178061,12018.890200708383,9348.025711662074,7648.384673178061,9348.025711662074,7011.019283746557,4416.924931129477,4416.924931129477,5889.233241505968,7571.871310507674,4818.463561232156,7571.871310507674,5889.233241505968,4818.463561232156,5889.233241505968,4416.924931129477,3556.4307851239673,3556.4307851239673,4741.907713498622,6096.7384887839435,3879.742674680691,6096.7384887839435,4741.907713498622,3879.742674680691,4741.907713498622,3556.4307851239673,Benchmark for large,Benchmark for large,Benchmark for large,Benchmark for large,Benchmark for large,Benchmark for large,Benchmark for large,Benchmark for large,Benchmark for large,Benchmark for large,2,2,2,2,2,2,2,2,2,2,3800.0,3800.0,3800.0,3800.0,3800.0,3800.0,3800.0,3800.0,3800.0,3800.0,resolved,resolved,resolved,resolved,resolved,resolved,resolved,resolved,resolved,resolved,resolved,resolved,resolved,resolved,resolved,resolved,resolved,resolved,resolved,resolved
g5.4xlarge,NVIDIA A10G,AMD EPYC 7R32,1.0,16 vCPUs,64 GiB,600 GB NVMe SSD,1.624,1.0231,0.7318,A10G,AMD EPYC 7R32,1.0,16.0,64.0,1.624,1.0231,0.7318,150,280.0,96.0,2.9166666666666665,True,600.0,0.6,,Benchmark for small,1.0,1,600.0,0.0,0.0,0.0,0.0,0.0,0.0,0.0,0.0,0.0,0.0,resolved,resolved,benchmark_proxy,"Closest EPYC Rome custom-SKU benchmark/reference listings, serversupply",AWS custom Rome part; package TDP inferred from common benchmark/reference sources.,proxy_reference,Proxy SSD class with watts expressed on a per-TB basis.,1.624,1.624,1.624,1.624,1.624,1.624,1.624,1.624,1.624,1.624,1.0231,1.0231,1.0231,1.0231,1.0231,1.0231,1.0231,1.0231,1.0231,1.0231,0.7318,0.7318,0.7318,0.7318,0.7318,0.7318,0.7318,0.7318,0.7318,0.7318,1.2,1.2,0.9,0.7,1.1,0.7,0.9,1.1,0.9,1.2,1.2,1.2,0.9,0.7,1.1,0.7,0.9,1.1,0.9,1.2,61.6,61.6,46.2,35.93333333333333,56.466666666666676,35.93333333333333,46.2,56.466666666666676,46.2,61.6,198.0,198.0,148.50000000000003,115.5,181.50000000000003,115.5,148.50000000000003,181.50000000000003,148.50000000000003,198.0,0.0,0.0,0.0,0.0,0.0,0.0,0.0,0.0,0.0,0.0,0.0,0.0,0.0,0.0,0.0,0.0,0.0,0.0,0.0,0.0,0.0,0.0,0.0,0.0,0.0,0.0,0.0,0.0,0.0,0.0,259.6,259.6,194.70000000000005,151.43333333333334,237.9666666666667,151.43333333333334,194.70000000000005,237.9666666666667,194.70000000000005,259.6,0.0002596,0.0002596,0.00019470000000000004,0.00015143333333333335,0.0002379666666666667,0.00015143333333333335,0.00019470000000000004,0.0002379666666666667,0.00019470000000000004,0.0002596,6255.778120184899,6255.778120184899,8341.037493579865,10724.191063174114,6824.485222019891,10724.191063174114,8341.037493579865,6824.485222019891,8341.037493579865,6255.778120184899,3941.063174114021,3941.063174114021,5254.750898818694,6756.108298481178,4299.341644488023,6756.108298481178,5254.750898818694,4299.341644488023,5254.750898818694,3941.063174114021,2818.952234206471,2818.952234206471,3758.6029789419613,4832.489544353951,3075.220619134332,4832.489544353951,3758.6029789419613,3075.220619134332,3758.6029789419613,2818.952234206471,Benchmark for small,Benchmark for small,Benchmark for small,Benchmark for small,Benchmark for small,Benchmark for small,Benchmark for small,Benchmark for small,Benchmark for small,Benchmark for small,1,1,1,1,1,1,1,1,1,1,600.0,600.0,600.0,600.0,600.0,600.0,600.0,600.0,600.0,600.0,resolved,resolved,resolved,resolved,resolved,resolved,resolved,resolved,resolved,resolved,resolved,resolved,resolved,resolved,resolved,resolved,resolved,resolved,resolved,resolved
g5.8xlarge,NVIDIA A10G,AMD EPYC 7R32,1.0,32 vCPUs,128 GiB,900 GB NVMe SSD,2.448,1.5422,1.2062,A10G,AMD EPYC 7R32,1.0,32.0,128.0,2.448,1.5422,1.2062,150,280.0,96.0,2.9166666666666665,True,900.0,0.9,,Benchmark for small,1.0,1,900.0,0.0,0.0,0.0,0.0,0.0,0.0,0.0,0.0,0.0,0.0,resolved,resolved,benchmark_proxy,"Closest EPYC Rome custom-SKU benchmark/reference listings, serversupply",AWS custom Rome part; package TDP inferred from common benchmark/reference sources.,proxy_reference,Proxy SSD class with watts expressed on a per-TB basis.,2.448,2.448,2.448,2.448,2.448,2.448,2.448,2.448,2.448,2.448,1.5422,1.5422,1.5422,1.5422,1.5422,1.5422,1.5422,1.5422,1.5422,1.5422,1.2062,1.2062,1.2062,1.2062,1.2062,1.2062,1.2062,1.2062,1.2062,1.2062,1.2,1.2,0.9,0.7,1.1,0.7,0.9,1.1,0.9,1.2,1.2,1.2,0.9,0.7,1.1,0.7,0.9,1.1,0.9,1.2,123.2,123.2,92.4,71.86666666666666,112.93333333333335,71.86666666666666,92.4,112.93333333333335,92.4,123.2,198.0,198.0,148.50000000000003,115.5,181.50000000000003,115.5,148.50000000000003,181.50000000000003,148.50000000000003,198.0,0.0,0.0,0.0,0.0,0.0,0.0,0.0,0.0,0.0,0.0,0.0,0.0,0.0,0.0,0.0,0.0,0.0,0.0,0.0,0.0,0.0,0.0,0.0,0.0,0.0,0.0,0.0,0.0,0.0,0.0,321.2,321.2,240.90000000000003,187.36666666666667,294.4333333333334,187.36666666666667,240.90000000000003,294.4333333333334,240.90000000000003,321.2,0.0003212,0.0003212,0.00024090000000000003,0.00018736666666666668,0.0002944333333333334,0.00018736666666666668,0.00024090000000000003,0.0002944333333333334,0.00024090000000000003,0.0003212,7621.419676214196,7621.419676214196,10161.892901618927,13065.29087351005,8314.276010415486,13065.29087351005,10161.892901618927,8314.276010415486,10161.892901618927,7621.419676214196,4801.369863013699,4801.369863013699,6401.826484018264,8230.91976516634,5237.858032378579,8230.91976516634,6401.826484018264,5237.858032378579,6401.826484018264,4801.369863013699,3755.2926525529265,3755.2926525529265,5007.056870070568,6437.644547233587,4096.6828936941,6437.644547233587,5007.056870070568,4096.6828936941,5007.056870070568,3755.2926525529265,Benchmark for small,Benchmark for small,Benchmark for small,Benchmark for small,Benchmark for small,Benchmark for small,Benchmark for small,Benchmark for small,Benchmark for small,Benchmark for small,1,1,1,1,1,1,1,1,1,1,900.0,900.0,900.0,900.0,900.0,900.0,900.0,900.0,900.0,900.0,resolved,resolved,resolved,resolved,resolved,resolved,resolved,resolved,resolved,resolved,resolved,resolved,resolved,resolved,resolved,resolved,resolved,resolved,resolved,resolved
g5.xlarge,NVIDIA A10G,AMD EPYC 7R32,1.0,4 vCPUs,16 GiB,250 GB NVMe SSD,1.006,0.6338,0.4846,A10G,AMD EPYC 7R32,1.0,4.0,16.0,1.006,0.6338,0.4846,150,280.0,96.0,2.9166666666666665,True,250.0,0.25,,Benchmark for small,1.0,1,250.0,0.0,0.0,0.0,0.0,0.0,0.0,0.0,0.0,0.0,0.0,resolved,resolved,benchmark_proxy,"Closest EPYC Rome custom-SKU benchmark/reference listings, serversupply",AWS custom Rome part; package TDP inferred from common benchmark/reference sources.,proxy_reference,Proxy SSD class with watts expressed on a per-TB basis.,1.006,1.006,1.006,1.006,1.006,1.006,1.006,1.006,1.006,1.006,0.6338,0.6338,0.6338,0.6338,0.6338,0.6338,0.6338,0.6338,0.6338,0.6338,0.4846,0.4846,0.4846,0.4846,0.4846,0.4846,0.4846,0.4846,0.4846,0.4846,1.2,1.2,0.9,0.7,1.1,0.7,0.9,1.1,0.9,1.2,1.2,1.2,0.9,0.7,1.1,0.7,0.9,1.1,0.9,1.2,15.4,15.4,11.55,8.983333333333333,14.116666666666669,8.983333333333333,11.55,14.116666666666669,11.55,15.4,198.0,198.0,148.50000000000003,115.5,181.50000000000003,115.5,148.50000000000003,181.50000000000003,148.50000000000003,198.0,0.0,0.0,0.0,0.0,0.0,0.0,0.0,0.0,0.0,0.0,0.0,0.0,0.0,0.0,0.0,0.0,0.0,0.0,0.0,0.0,0.0,0.0,0.0,0.0,0.0,0.0,0.0,0.0,0.0,0.0,213.4,213.4,160.05000000000004,124.48333333333333,195.6166666666667,124.48333333333333,160.05000000000004,195.6166666666667,160.05000000000004,213.4,0.0002134,0.0002134,0.00016005000000000004,0.00012448333333333334,0.00019561666666666671,0.00012448333333333334,0.00016005000000000004,0.00019561666666666671,0.00016005000000000004,0.0002134,4714.151827553889,4714.151827553889,6285.535770071851,8081.403132949525,5142.7110846042415,8081.403132949525,6285.535770071851,5142.7110846042415,6285.535770071851,4714.151827553889,2970.0093720712275,2970.0093720712275,3960.0124960949693,5091.44463783639,3240.0102240777023,5091.44463783639,3960.0124960949693,3240.0102240777023,3960.0124960949693,2970.0093720712275,2270.852858481724,2270.852858481724,3027.803811308965,3892.890614540099,2477.294027434608,3892.890614540099,3027.803811308965,2477.294027434608,3027.803811308965,2270.852858481724,Benchmark for small,Benchmark for small,Benchmark for small,Benchmark for small,Benchmark for small,Benchmark for small,Benchmark for small,Benchmark for small,Benchmark for small,Benchmark for small,1,1,1,1,1,1,1,1,1,1,250.0,250.0,250.0,250.0,250.0,250.0,250.0,250.0,250.0,250.0,resolved,resolved,resolved,resolved,resolved,resolved,resolved,resolved,resolved,resolved,resolved,resolved,resolved,resolved,resolved,resolved,resolved,resolved,resolved,resolved
g5g.16xlarge,NVIDIA T4G Tensor Core,AWS Graviton2 Processor,2.0,64 vCPUs,128 GiB,EBS only,2.744,1.7287,0.5962,T4G,AWS Graviton2 Processor,2.0,64.0,128.0,2.744,1.7287,0.5962,70,150.0,64.0,2.34375,False,0.0,0.0,,No host-local SSD attributed,0.0,0,0.0,0.0,0.0,0.0,0.0,0.0,0.0,0.0,0.0,0.0,0.0,resolved,resolved,secondary_reference,AWS Graviton2 public specs plus benchmark study,Best-effort package TDP proxy for Graviton2; no single public AWS TDP figure.,not_applicable,EBS-only or no local SSD in instance dataset.,2.744,2.744,2.744,2.744,2.744,2.744,2.744,2.744,2.744,2.744,1.7287,1.7287,1.7287,1.7287,1.7287,1.7287,1.7287,1.7287,1.7287,1.7287,0.5962,0.5962,0.5962,0.5962,0.5962,0.5962,0.5962,0.5962,0.5962,0.5962,1.2,1.2,0.9,0.7,1.1,0.7,0.9,1.1,0.9,1.2,1.2,1.2,0.9,0.7,1.1,0.7,0.9,1.1,0.9,1.2,198.0,198.0,148.50000000000003,115.5,181.50000000000003,115.5,148.50000000000003,181.50000000000003,148.50000000000003,198.0,184.8,184.8,138.60000000000002,107.8,169.40000000000003,107.8,138.60000000000002,169.40000000000003,138.60000000000002,184.8,0.0,0.0,0.0,0.0,0.0,0.0,0.0,0.0,0.0,0.0,0.0,0.0,0.0,0.0,0.0,0.0,0.0,0.0,0.0,0.0,0.0,0.0,0.0,0.0,0.0,0.0,0.0,0.0,0.0,0.0,382.8,382.8,287.1,223.3,350.9000000000001,223.3,287.1,350.9000000000001,287.1,382.8,0.00038280000000000003,0.00038280000000000003,0.00028710000000000004,0.0002233,0.00035090000000000007,0.0002233,0.00028710000000000004,0.00035090000000000007,0.00028710000000000004,0.00038280000000000003,7168.234064785789,7168.234064785789,9557.645419714385,12288.401253918495,7819.891707039042,12288.401253918495,9557.645419714385,7819.891707039042,9557.645419714385,7168.234064785789,4515.935214211076,4515.935214211076,6021.246952281434,7741.603224361845,4926.474779139355,7741.603224361845,6021.246952281434,4926.474779139355,6021.246952281434,4515.935214211076,1557.4712643678158,1557.4712643678158,2076.628352490421,2669.950738916256,1699.0595611285262,2669.950738916256,2076.628352490421,1699.0595611285262,2076.628352490421,1557.4712643678158,No host-local SSD attributed,No host-local SSD attributed,No host-local SSD attributed,No host-local SSD attributed,No host-local SSD attributed,No host-local SSD attributed,No host-local SSD attributed,No host-local SSD attributed,No host-local SSD attributed,No host-local SSD attributed,0,0,0,0,0,0,0,0,0,0,0.0,0.0,0.0,0.0,0.0,0.0,0.0,0.0,0.0,0.0,resolved,resolved,resolved,resolved,resolved,resolved,resolved,resolved,resolved,resolved,resolved,resolved,resolved,resolved,resolved,resolved,resolved,resolved,resolved,resolved
g5g.2xlarge,NVIDIA T4G Tensor Core,AWS Graviton2 Processor,1.0,8 vCPUs,16 GiB,EBS only,0.556,0.3503,0.2356,T4G,AWS Graviton2 Processor,1.0,8.0,16.0,0.556,0.3503,0.2356,70,150.0,64.0,2.34375,False,0.0,0.0,,No host-local SSD attributed,0.0,0,0.0,0.0,0.0,0.0,0.0,0.0,0.0,0.0,0.0,0.0,0.0,resolved,resolved,secondary_reference,AWS Graviton2 public specs plus benchmark study,Best-effort package TDP proxy for Graviton2; no single public AWS TDP figure.,not_applicable,EBS-only or no local SSD in instance dataset.,0.556,0.556,0.556,0.556,0.556,0.556,0.556,0.556,0.556,0.556,0.3503,0.3503,0.3503,0.3503,0.3503,0.3503,0.3503,0.3503,0.3503,0.3503,0.2356,0.2356,0.2356,0.2356,0.2356,0.2356,0.2356,0.2356,0.2356,0.2356,1.2,1.2,0.9,0.7,1.1,0.7,0.9,1.1,0.9,1.2,1.2,1.2,0.9,0.7,1.1,0.7,0.9,1.1,0.9,1.2,24.75,24.75,18.562500000000004,14.4375,22.687500000000004,14.4375,18.562500000000004,22.687500000000004,18.562500000000004,24.75,92.4,92.4,69.30000000000001,53.9,84.70000000000002,53.9,69.30000000000001,84.70000000000002,69.30000000000001,92.4,0.0,0.0,0.0,0.0,0.0,0.0,0.0,0.0,0.0,0.0,0.0,0.0,0.0,0.0,0.0,0.0,0.0,0.0,0.0,0.0,0.0,0.0,0.0,0.0,0.0,0.0,0.0,0.0,0.0,0.0,117.15,117.15,87.86250000000001,68.3375,107.38750000000002,68.3375,87.86250000000001,107.38750000000002,87.86250000000001,117.15,0.00011715,0.00011715,8.786250000000001e-05,6.83375e-05,0.00010738750000000001,6.83375e-05,8.786250000000001e-05,0.00010738750000000001,8.786250000000001e-05,0.00011715,4746.052069995732,4746.052069995732,6328.069426660975,8136.089262849827,5177.511349086253,8136.089262849827,6328.069426660975,5177.511349086253,6328.069426660975,4746.052069995732,2990.183525394793,2990.183525394793,3986.911367193057,5126.028900676788,3262.0183913397736,5126.028900676788,3986.911367193057,3262.0183913397736,3986.911367193057,2990.183525394793,2011.096884336321,2011.096884336321,2681.4625124484273,3447.5946588622646,2193.923873821441,3447.5946588622646,2681.4625124484273,2193.923873821441,2681.4625124484273,2011.096884336321,No host-local SSD attributed,No host-local SSD attributed,No host-local SSD attributed,No host-local SSD attributed,No host-local SSD attributed,No host-local SSD attributed,No host-local SSD attributed,No host-local SSD attributed,No host-local SSD attributed,No host-local SSD attributed,0,0,0,0,0,0,0,0,0,0,0.0,0.0,0.0,0.0,0.0,0.0,0.0,0.0,0.0,0.0,resolved,resolved,resolved,resolved,resolved,resolved,resolved,resolved,resolved,resolved,resolved,resolved,resolved,resolved,resolved,resolved,resolved,resolved,resolved,resolved
g5g.4xlarge,NVIDIA T4G Tensor Core,AWS Graviton2 Processor,1.0,16 vCPUs,32 GiB,EBS only,0.828,0.5216,0.2403,T4G,AWS Graviton2 Processor,1.0,16.0,32.0,0.828,0.5216,0.2403,70,150.0,64.0,2.34375,False,0.0,0.0,,No host-local SSD attributed,0.0,0,0.0,0.0,0.0,0.0,0.0,0.0,0.0,0.0,0.0,0.0,0.0,resolved,resolved,secondary_reference,AWS Graviton2 public specs plus benchmark study,Best-effort package TDP proxy for Graviton2; no single public AWS TDP figure.,not_applicable,EBS-only or no local SSD in instance dataset.,0.828,0.828,0.828,0.828,0.828,0.828,0.828,0.828,0.828,0.828,0.5216,0.5216,0.5216,0.5216,0.5216,0.5216,0.5216,0.5216,0.5216,0.5216,0.2403,0.2403,0.2403,0.2403,0.2403,0.2403,0.2403,0.2403,0.2403,0.2403,1.2,1.2,0.9,0.7,1.1,0.7,0.9,1.1,0.9,1.2,1.2,1.2,0.9,0.7,1.1,0.7,0.9,1.1,0.9,1.2,49.5,49.5,37.12500000000001,28.875,45.37500000000001,28.875,37.12500000000001,45.37500000000001,37.12500000000001,49.5,92.4,92.4,69.30000000000001,53.9,84.70000000000002,53.9,69.30000000000001,84.70000000000002,69.30000000000001,92.4,0.0,0.0,0.0,0.0,0.0,0.0,0.0,0.0,0.0,0.0,0.0,0.0,0.0,0.0,0.0,0.0,0.0,0.0,0.0,0.0,0.0,0.0,0.0,0.0,0.0,0.0,0.0,0.0,0.0,0.0,141.9,141.9,106.42500000000001,82.775,130.07500000000002,82.775,106.42500000000001,130.07500000000002,106.42500000000001,141.9,0.0001419,0.0001419,0.00010642500000000001,8.2775e-05,0.000130075,8.2775e-05,0.00010642500000000001,0.000130075,0.00010642500000000001,0.0001419,5835.095137420718,5835.095137420718,7780.126849894291,10003.020235578373,6365.558331731692,10003.020235578373,7780.126849894291,6365.558331731692,7780.126849894291,5835.095137420718,3675.8280479210707,3675.8280479210707,4901.104063894761,6301.419510721836,4009.9942340957136,6301.419510721836,4901.104063894761,4009.9942340957136,4901.104063894761,3675.8280479210707,1693.446088794926,1693.446088794926,2257.9281183932344,2903.0504379341587,1847.3957332308285,2903.0504379341587,2257.9281183932344,1847.3957332308285,2257.9281183932344,1693.446088794926,No host-local SSD attributed,No host-local SSD attributed,No host-local SSD attributed,No host-local SSD attributed,No host-local SSD attributed,No host-local SSD attributed,No host-local SSD attributed,No host-local SSD attributed,No host-local SSD attributed,No host-local SSD attributed,0,0,0,0,0,0,0,0,0,0,0.0,0.0,0.0,0.0,0.0,0.0,0.0,0.0,0.0,0.0,resolved,resolved,resolved,resolved,resolved,resolved,resolved,resolved,resolved,resolved,resolved,resolved,resolved,resolved,resolved,resolved,resolved,resolved,resolved,resolved
g5g.8xlarge,NVIDIA T4G Tensor Core,AWS Graviton2 Processor,1.0,32 vCPUs,64 GiB,EBS only,1.372,0.8644,0.5597,T4G,AWS Graviton2 Processor,1.0,32.0,64.0,1.372,0.8644,0.5597,70,150.0,64.0,2.34375,False,0.0,0.0,,No host-local SSD attributed,0.0,0,0.0,0.0,0.0,0.0,0.0,0.0,0.0,0.0,0.0,0.0,0.0,resolved,resolved,secondary_reference,AWS Graviton2 public specs plus benchmark study,Best-effort package TDP proxy for Graviton2; no single public AWS TDP figure.,not_applicable,EBS-only or no local SSD in instance dataset.,1.372,1.372,1.372,1.372,1.372,1.372,1.372,1.372,1.372,1.372,0.8644,0.8644,0.8644,0.8644,0.8644,0.8644,0.8644,0.8644,0.8644,0.8644,0.5597,0.5597,0.5597,0.5597,0.5597,0.5597,0.5597,0.5597,0.5597,0.5597,1.2,1.2,0.9,0.7,1.1,0.7,0.9,1.1,0.9,1.2,1.2,1.2,0.9,0.7,1.1,0.7,0.9,1.1,0.9,1.2,99.0,99.0,74.25000000000001,57.75,90.75000000000001,57.75,74.25000000000001,90.75000000000001,74.25000000000001,99.0,92.4,92.4,69.30000000000001,53.9,84.70000000000002,53.9,69.30000000000001,84.70000000000002,69.30000000000001,92.4,0.0,0.0,0.0,0.0,0.0,0.0,0.0,0.0,0.0,0.0,0.0,0.0,0.0,0.0,0.0,0.0,0.0,0.0,0.0,0.0,0.0,0.0,0.0,0.0,0.0,0.0,0.0,0.0,0.0,0.0,191.4,191.4,143.55,111.65,175.45000000000005,111.65,143.55,175.45000000000005,143.55,191.4,0.00019140000000000002,0.00019140000000000002,0.00014355000000000002,0.00011165,0.00017545000000000004,0.00011165,0.00014355000000000002,0.00017545000000000004,0.00014355000000000002,0.00019140000000000002,7168.234064785789,7168.234064785789,9557.645419714385,12288.401253918495,7819.891707039042,12288.401253918495,9557.645419714385,7819.891707039042,9557.645419714385,7168.234064785789,4516.196447230929,4516.196447230929,6021.5952629745725,7742.051052395879,4926.759760615559,7742.051052395879,6021.5952629745725,4926.759760615559,6021.5952629745725,4516.196447230929,2924.242424242424,2924.242424242424,3898.9898989898984,5012.987012987012,3190.0826446280985,5012.987012987012,3898.9898989898984,3190.0826446280985,3898.9898989898984,2924.242424242424,No host-local SSD attributed,No host-local SSD attributed,No host-local SSD attributed,No host-local SSD attributed,No host-local SSD attributed,No host-local SSD attributed,No host-local SSD attributed,No host-local SSD attributed,No host-local SSD attributed,No host-local SSD attributed,0,0,0,0,0,0,0,0,0,0,0.0,0.0,0.0,0.0,0.0,0.0,0.0,0.0,0.0,0.0,resolved,resolved,resolved,resolved,resolved,resolved,resolved,resolved,resolved,resolved,resolved,resolved,resolved,resolved,resolved,resolved,resolved,resolved,resolved,resolved
g5g.metal,NVIDIA T4G Tensor Core,AWS Graviton2 Processor,2.0,64 vCPUs,128 GiB,EBS only,2.744,1.7287,0.6567,T4G,AWS Graviton2 Processor,2.0,64.0,128.0,2.744,1.7287,0.6567,70,150.0,64.0,2.34375,False,0.0,0.0,,No host-local SSD attributed,0.0,0,0.0,0.0,0.0,0.0,0.0,0.0,0.0,0.0,0.0,0.0,0.0,resolved,resolved,secondary_reference,AWS Graviton2 public specs plus benchmark study,Best-effort package TDP proxy for Graviton2; no single public AWS TDP figure.,not_applicable,EBS-only or no local SSD in instance dataset.,2.744,2.744,2.744,2.744,2.744,2.744,2.744,2.744,2.744,2.744,1.7287,1.7287,1.7287,1.7287,1.7287,1.7287,1.7287,1.7287,1.7287,1.7287,0.6567,0.6567,0.6567,0.6567,0.6567,0.6567,0.6567,0.6567,0.6567,0.6567,1.2,1.2,0.9,0.7,1.1,0.7,0.9,1.1,0.9,1.2,1.2,1.2,0.9,0.7,1.1,0.7,0.9,1.1,0.9,1.2,198.0,198.0,148.50000000000003,115.5,181.50000000000003,115.5,148.50000000000003,181.50000000000003,148.50000000000003,198.0,184.8,184.8,138.60000000000002,107.8,169.40000000000003,107.8,138.60000000000002,169.40000000000003,138.60000000000002,184.8,0.0,0.0,0.0,0.0,0.0,0.0,0.0,0.0,0.0,0.0,0.0,0.0,0.0,0.0,0.0,0.0,0.0,0.0,0.0,0.0,0.0,0.0,0.0,0.0,0.0,0.0,0.0,0.0,0.0,0.0,382.8,382.8,287.1,223.3,350.9000000000001,223.3,287.1,350.9000000000001,287.1,382.8,0.00038280000000000003,0.00038280000000000003,0.00028710000000000004,0.0002233,0.00035090000000000007,0.0002233,0.00028710000000000004,0.00035090000000000007,0.00028710000000000004,0.00038280000000000003,7168.234064785789,7168.234064785789,9557.645419714385,12288.401253918495,7819.891707039042,12288.401253918495,9557.645419714385,7819.891707039042,9557.645419714385,7168.234064785789,4515.935214211076,4515.935214211076,6021.246952281434,7741.603224361845,4926.474779139355,7741.603224361845,6021.246952281434,4926.474779139355,6021.246952281434,4515.935214211076,1715.51724137931,1715.51724137931,2287.35632183908,2940.886699507389,1871.4733542319743,2940.886699507389,2287.35632183908,1871.4733542319743,2287.35632183908,1715.51724137931,No host-local SSD attributed,No host-local SSD attributed,No host-local SSD attributed,No host-local SSD attributed,No host-local SSD attributed,No host-local SSD attributed,No host-local SSD attributed,No host-local SSD attributed,No host-local SSD attributed,No host-local SSD attributed,0,0,0,0,0,0,0,0,0,0,0.0,0.0,0.0,0.0,0.0,0.0,0.0,0.0,0.0,0.0,resolved,resolved,resolved,resolved,resolved,resolved,resolved,resolved,resolved,resolved,resolved,resolved,resolved,resolved,resolved,resolved,resolved,resolved,resolved,resolved
g5g.xlarge,NVIDIA T4G Tensor Core,AWS Graviton2 Processor,1.0,4 vCPUs,8 GiB,EBS only,0.42,0.2646,0.1249,T4G,AWS Graviton2 Processor,1.0,4.0,8.0,0.42,0.2646,0.1249,70,150.0,64.0,2.34375,False,0.0,0.0,,No host-local SSD attributed,0.0,0,0.0,0.0,0.0,0.0,0.0,0.0,0.0,0.0,0.0,0.0,0.0,resolved,resolved,secondary_reference,AWS Graviton2 public specs plus benchmark study,Best-effort package TDP proxy for Graviton2; no single public AWS TDP figure.,not_applicable,EBS-only or no local SSD in instance dataset.,0.42,0.42,0.42,0.42,0.42,0.42,0.42,0.42,0.42,0.42,0.2646,0.2646,0.2646,0.2646,0.2646,0.2646,0.2646,0.2646,0.2646,0.2646,0.1249,0.1249,0.1249,0.1249,0.1249,0.1249,0.1249,0.1249,0.1249,0.1249,1.2,1.2,0.9,0.7,1.1,0.7,0.9,1.1,0.9,1.2,1.2,1.2,0.9,0.7,1.1,0.7,0.9,1.1,0.9,1.2,12.375,12.375,9.281250000000002,7.21875,11.343750000000002,7.21875,9.281250000000002,11.343750000000002,9.281250000000002,12.375,92.4,92.4,69.30000000000001,53.9,84.70000000000002,53.9,69.30000000000001,84.70000000000002,69.30000000000001,92.4,0.0,0.0,0.0,0.0,0.0,0.0,0.0,0.0,0.0,0.0,0.0,0.0,0.0,0.0,0.0,0.0,0.0,0.0,0.0,0.0,0.0,0.0,0.0,0.0,0.0,0.0,0.0,0.0,0.0,0.0,104.775,104.775,78.58125000000001,61.11875,96.04375000000002,61.11875,78.58125000000001,96.04375000000002,78.58125000000001,104.775,0.00010477500000000001,0.00010477500000000001,7.858125000000002e-05,6.111875e-05,9.604375000000001e-05,6.111875e-05,7.858125000000002e-05,9.604375000000001e-05,7.858125000000002e-05,0.00010477500000000001,4008.5898353614884,4008.5898353614884,5344.786447148651,6871.868289191123,4373.007093121623,6871.868289191123,5344.786447148651,4373.007093121623,5344.786447148651,4008.5898353614884,2525.4115962777378,2525.4115962777378,3367.21546170365,4329.2770221904075,2754.994468666623,4329.2770221904075,3367.21546170365,2754.994468666623,3367.21546170365,2525.4115962777378,1192.0782629444045,1192.0782629444045,1589.4376839258725,2043.5627364761222,1300.4490141211686,2043.5627364761222,1589.4376839258725,1300.4490141211686,1589.4376839258725,1192.0782629444045,No host-local SSD attributed,No host-local SSD attributed,No host-local SSD attributed,No host-local SSD attributed,No host-local SSD attributed,No host-local SSD attributed,No host-local SSD attributed,No host-local SSD attributed,No host-local SSD attributed,No host-local SSD attributed,0,0,0,0,0,0,0,0,0,0,0.0,0.0,0.0,0.0,0.0,0.0,0.0,0.0,0.0,0.0,resolved,resolved,resolved,resolved,resolved,resolved,resolved,resolved,resolved,resolved,resolved,resolved,resolved,resolved,resolved,resolved,resolved,resolved,resolved,resolved
g6.12xlarge,NVIDIA L4,AMD EPYC 7R13 Processor,4.0,48 vCPUs,192 GiB,3760 GB (4×940 GB NVMe SSD),4.6016,2.9956,2.2364,L4,AMD EPYC 7R13 Processor,4.0,48.0,192.0,4.6016,2.9956,2.2364,72,280.0,96.0,2.9166666666666665,True,3760.0,3.76,4,Benchmark for small,1.0,4,940.0,0.0,0.0,0.0,0.0,0.0,0.0,0.0,0.0,0.0,0.0,resolved,resolved,benchmark_proxy,"Closest EPYC Milan custom-SKU benchmark/reference listings, serverorbit",AWS custom Milan part; package TDP inferred from common benchmark/reference sources.,proxy_reference,Proxy SSD class with watts expressed on a per-TB basis.,4.6016,4.6016,4.6016,4.6016,4.6016,4.6016,4.6016,4.6016,4.6016,4.6016,2.9956,2.9956,2.9956,2.9956,2.9956,2.9956,2.9956,2.9956,2.9956,2.9956,2.2364,2.2364,2.2364,2.2364,2.2364,2.2364,2.2364,2.2364,2.2364,2.2364,1.2,1.2,0.9,0.7,1.1,0.7,0.9,1.1,0.9,1.2,1.2,1.2,0.9,0.7,1.1,0.7,0.9,1.1,0.9,1.2,184.8,184.8,138.60000000000002,107.8,169.40000000000003,107.8,138.60000000000002,169.40000000000003,138.60000000000002,184.8,380.16,380.16,285.12,221.76,348.4800000000001,221.76,285.12,348.4800000000001,285.12,380.16,0.0,0.0,0.0,0.0,0.0,0.0,0.0,0.0,0.0,0.0,0.0,0.0,0.0,0.0,0.0,0.0,0.0,0.0,0.0,0.0,0.0,0.0,0.0,0.0,0.0,0.0,0.0,0.0,0.0,0.0,564.96,564.96,423.72,329.56,517.8800000000001,329.56,423.72,517.8800000000001,423.72,564.96,0.00056496,0.00056496,0.00042372000000000004,0.00032956,0.0005178800000000001,0.00032956,0.00042372000000000004,0.0005178800000000001,0.00042372000000000004,0.00056496,8145.001416029454,8145.001416029454,10860.00188803927,13962.859570336206,8885.45609021395,13962.859570336206,10860.00188803927,8885.45609021395,10860.00188803927,8145.001416029454,5302.322288303597,5302.322288303597,7069.763051071462,9089.695351377593,5784.351587240287,9089.695351377593,7069.763051071462,5784.351587240287,7069.763051071462,5302.322288303597,3958.5103370150105,3958.5103370150105,5278.013782686679,6786.01772059716,4318.374913107284,6786.01772059716,5278.013782686679,4318.374913107284,5278.013782686679,3958.5103370150105,Benchmark for small,Benchmark for small,Benchmark for small,Benchmark for small,Benchmark for small,Benchmark for small,Benchmark for small,Benchmark for small,Benchmark for small,Benchmark for small,4,4,4,4,4,4,4,4,4,4,940.0,940.0,940.0,940.0,940.0,940.0,940.0,940.0,940.0,940.0,resolved,resolved,resolved,resolved,resolved,resolved,resolved,resolved,resolved,resolved,resolved,resolved,resolved,resolved,resolved,resolved,resolved,resolved,resolved,resolved
g6.16xlarge,NVIDIA L4,AMD EPYC 7R13 Processor,1.0,64 vCPUs,256 GiB,1880 GB (2×940 GB NVMe SSD),3.3968,2.2113,1.2526,L4,AMD EPYC 7R13 Processor,1.0,64.0,256.0,3.3968,2.2113,1.2526,72,280.0,96.0,2.9166666666666665,True,1880.0,1.88,2,Benchmark for small,1.0,2,940.0,0.0,0.0,0.0,0.0,0.0,0.0,0.0,0.0,0.0,0.0,resolved,resolved,benchmark_proxy,"Closest EPYC Milan custom-SKU benchmark/reference listings, serverorbit",AWS custom Milan part; package TDP inferred from common benchmark/reference sources.,proxy_reference,Proxy SSD class with watts expressed on a per-TB basis.,3.3968,3.3968,3.3968,3.3968,3.3968,3.3968,3.3968,3.3968,3.3968,3.3968,2.2113,2.2113,2.2113,2.2113,2.2113,2.2113,2.2113,2.2113,2.2113,2.2113,1.2526,1.2526,1.2526,1.2526,1.2526,1.2526,1.2526,1.2526,1.2526,1.2526,1.2,1.2,0.9,0.7,1.1,0.7,0.9,1.1,0.9,1.2,1.2,1.2,0.9,0.7,1.1,0.7,0.9,1.1,0.9,1.2,246.4,246.4,184.8,143.73333333333332,225.8666666666667,143.73333333333332,184.8,225.8666666666667,184.8,246.4,95.04,95.04,71.28,55.44,87.12000000000002,55.44,71.28,87.12000000000002,71.28,95.04,0.0,0.0,0.0,0.0,0.0,0.0,0.0,0.0,0.0,0.0,0.0,0.0,0.0,0.0,0.0,0.0,0.0,0.0,0.0,0.0,0.0,0.0,0.0,0.0,0.0,0.0,0.0,0.0,0.0,0.0,341.44,341.44,256.08000000000004,199.17333333333332,312.98666666666674,199.17333333333332,256.08000000000004,312.98666666666674,256.08000000000004,341.44,0.00034144,0.00034144,0.00025608000000000006,0.00019917333333333332,0.0003129866666666667,0.00019917333333333332,0.00025608000000000006,0.0003129866666666667,0.00025608000000000006,0.00034144,9948.453608247422,9948.453608247422,13264.60481099656,17054.491899852725,10852.85848172446,17054.491899852725,13264.60481099656,10852.85848172446,13264.60481099656,9948.453608247422,6476.394095595127,6476.394095595127,8635.192127460166,11102.389878163074,7065.157195194683,11102.389878163074,8635.192127460166,7065.157195194683,8635.192127460166,6476.394095595127,3668.580131208997,3668.580131208997,4891.440174945328,6288.994510643995,4002.0874158643596,6288.994510643995,4891.440174945328,4002.0874158643596,4891.440174945328,3668.580131208997,Benchmark for small,Benchmark for small,Benchmark for small,Benchmark for small,Benchmark for small,Benchmark for small,Benchmark for small,Benchmark for small,Benchmark for small,Benchmark for small,2,2,2,2,2,2,2,2,2,2,940.0,940.0,940.0,940.0,940.0,940.0,940.0,940.0,940.0,940.0,resolved,resolved,resolved,resolved,resolved,resolved,resolved,resolved,resolved,resolved,resolved,resolved,resolved,resolved,resolved,resolved,resolved,resolved,resolved,resolved
g6.24xlarge,NVIDIA L4,AMD EPYC 7R13 Processor,4.0,96 vCPUs,384 GiB,3760 GB (4×940 GB NVMe SSD),6.6752,4.3456,3.4518,L4,AMD EPYC 7R13 Processor,4.0,96.0,384.0,6.6752,4.3456,3.4518,72,280.0,96.0,2.9166666666666665,True,3760.0,3.76,4,Benchmark for small,1.0,4,940.0,0.0,0.0,0.0,0.0,0.0,0.0,0.0,0.0,0.0,0.0,resolved,resolved,benchmark_proxy,"Closest EPYC Milan custom-SKU benchmark/reference listings, serverorbit",AWS custom Milan part; package TDP inferred from common benchmark/reference sources.,proxy_reference,Proxy SSD class with watts expressed on a per-TB basis.,6.6752,6.6752,6.6752,6.6752,6.6752,6.6752,6.6752,6.6752,6.6752,6.6752,4.3456,4.3456,4.3456,4.3456,4.3456,4.3456,4.3456,4.3456,4.3456,4.3456,3.4518,3.4518,3.4518,3.4518,3.4518,3.4518,3.4518,3.4518,3.4518,3.4518,1.2,1.2,0.9,0.7,1.1,0.7,0.9,1.1,0.9,1.2,1.2,1.2,0.9,0.7,1.1,0.7,0.9,1.1,0.9,1.2,369.6,369.6,277.20000000000005,215.6,338.80000000000007,215.6,277.20000000000005,338.80000000000007,277.20000000000005,369.6,380.16,380.16,285.12,221.76,348.4800000000001,221.76,285.12,348.4800000000001,285.12,380.16,0.0,0.0,0.0,0.0,0.0,0.0,0.0,0.0,0.0,0.0,0.0,0.0,0.0,0.0,0.0,0.0,0.0,0.0,0.0,0.0,0.0,0.0,0.0,0.0,0.0,0.0,0.0,0.0,0.0,0.0,749.76,749.76,562.32,437.36,687.2800000000002,437.36,562.32,687.2800000000002,562.32,749.76,0.00074976,0.00074976,0.00056232,0.00043736000000000003,0.0006872800000000002,0.00043736000000000003,0.00056232,0.0006872800000000002,0.00056232,0.00074976,8903.115663679044,8903.115663679044,11870.820884905392,15262.483994878361,9712.489814922592,15262.483994878361,11870.820884905392,9712.489814922592,11870.820884905392,8903.115663679044,5795.988049509177,5795.988049509177,7727.9840660122345,9935.979513444301,6322.896054010009,9935.979513444301,7727.9840660122345,6322.896054010009,7727.9840660122345,5795.988049509177,4603.87323943662,4603.87323943662,6138.497652582159,7892.35412474849,5022.407170294493,7892.35412474849,6138.497652582159,5022.407170294493,6138.497652582159,4603.87323943662,Benchmark for small,Benchmark for small,Benchmark for small,Benchmark for small,Benchmark for small,Benchmark for small,Benchmark for small,Benchmark for small,Benchmark for small,Benchmark for small,4,4,4,4,4,4,4,4,4,4,940.0,940.0,940.0,940.0,940.0,940.0,940.0,940.0,940.0,940.0,resolved,resolved,resolved,resolved,resolved,resolved,resolved,resolved,resolved,resolved,resolved,resolved,resolved,resolved,resolved,resolved,resolved,resolved,resolved,resolved
g6.2xlarge,NVIDIA L4,AMD EPYC 7R13 Processor,1.0,8 vCPUs,32 GiB,450 GB NVMe SSD,0.9776,0.6364,0.5652,L4,AMD EPYC 7R13 Processor,1.0,8.0,32.0,0.9776,0.6364,0.5652,72,280.0,96.0,2.9166666666666665,True,450.0,0.45,,Benchmark for small,1.0,1,450.0,0.0,0.0,0.0,0.0,0.0,0.0,0.0,0.0,0.0,0.0,resolved,resolved,benchmark_proxy,"Closest EPYC Milan custom-SKU benchmark/reference listings, serverorbit",AWS custom Milan part; package TDP inferred from common benchmark/reference sources.,proxy_reference,Proxy SSD class with watts expressed on a per-TB basis.,0.9776,0.9776,0.9776,0.9776,0.9776,0.9776,0.9776,0.9776,0.9776,0.9776,0.6364,0.6364,0.6364,0.6364,0.6364,0.6364,0.6364,0.6364,0.6364,0.6364,0.5652,0.5652,0.5652,0.5652,0.5652,0.5652,0.5652,0.5652,0.5652,0.5652,1.2,1.2,0.9,0.7,1.1,0.7,0.9,1.1,0.9,1.2,1.2,1.2,0.9,0.7,1.1,0.7,0.9,1.1,0.9,1.2,30.8,30.8,23.1,17.966666666666665,28.233333333333338,17.966666666666665,23.1,28.233333333333338,23.1,30.8,95.04,95.04,71.28,55.44,87.12000000000002,55.44,71.28,87.12000000000002,71.28,95.04,0.0,0.0,0.0,0.0,0.0,0.0,0.0,0.0,0.0,0.0,0.0,0.0,0.0,0.0,0.0,0.0,0.0,0.0,0.0,0.0,0.0,0.0,0.0,0.0,0.0,0.0,0.0,0.0,0.0,0.0,125.84,125.84,94.38,73.40666666666667,115.35333333333335,73.40666666666667,94.38,115.35333333333335,94.38,125.84,0.00012584,0.00012584,9.438e-05,7.340666666666666e-05,0.00011535333333333335,7.340666666666666e-05,9.438e-05,0.00011535333333333335,9.438e-05,0.00012584,7768.5950413223145,7768.5950413223145,10358.126721763085,13317.591499409682,8474.830954169796,13317.591499409682,10358.126721763085,8474.830954169796,10358.126721763085,7768.5950413223145,5057.215511760966,5057.215511760966,6742.954015681288,8669.512305875942,5516.9623764665075,8669.512305875942,6742.954015681288,5516.9623764665075,6742.954015681288,5057.215511760966,4491.417673235856,4491.417673235856,5988.556897647807,7699.57315411861,4899.728370802751,7699.57315411861,5988.556897647807,4899.728370802751,5988.556897647807,4491.417673235856,Benchmark for small,Benchmark for small,Benchmark for small,Benchmark for small,Benchmark for small,Benchmark for small,Benchmark for small,Benchmark for small,Benchmark for small,Benchmark for small,1,1,1,1,1,1,1,1,1,1,450.0,450.0,450.0,450.0,450.0,450.0,450.0,450.0,450.0,450.0,resolved,resolved,resolved,resolved,resolved,resolved,resolved,resolved,resolved,resolved,resolved,resolved,resolved,resolved,resolved,resolved,resolved,resolved,resolved,resolved
g6.48xlarge,NVIDIA L4,AMD EPYC 7R13 Processor,8.0,192 vCPUs,768 GiB,7520 GB (8×940 GB NVMe SSD),13.3504,8.6911,6.7393,L4,AMD EPYC 7R13 Processor,8.0,192.0,768.0,13.3504,8.6911,6.7393,72,280.0,96.0,2.9166666666666665,True,7520.0,7.52,8,Benchmark for small,1.0,8,940.0,0.0,0.0,0.0,0.0,0.0,0.0,0.0,0.0,0.0,0.0,resolved,resolved,benchmark_proxy,"Closest EPYC Milan custom-SKU benchmark/reference listings, serverorbit",AWS custom Milan part; package TDP inferred from common benchmark/reference sources.,proxy_reference,Proxy SSD class with watts expressed on a per-TB basis.,13.3504,13.3504,13.3504,13.3504,13.3504,13.3504,13.3504,13.3504,13.3504,13.3504,8.6911,8.6911,8.6911,8.6911,8.6911,8.6911,8.6911,8.6911,8.6911,8.6911,6.7393,6.7393,6.7393,6.7393,6.7393,6.7393,6.7393,6.7393,6.7393,6.7393,1.2,1.2,0.9,0.7,1.1,0.7,0.9,1.1,0.9,1.2,1.2,1.2,0.9,0.7,1.1,0.7,0.9,1.1,0.9,1.2,739.2,739.2,554.4000000000001,431.2,677.6000000000001,431.2,554.4000000000001,677.6000000000001,554.4000000000001,739.2,760.32,760.32,570.24,443.52,696.9600000000002,443.52,570.24,696.9600000000002,570.24,760.32,0.0,0.0,0.0,0.0,0.0,0.0,0.0,0.0,0.0,0.0,0.0,0.0,0.0,0.0,0.0,0.0,0.0,0.0,0.0,0.0,0.0,0.0,0.0,0.0,0.0,0.0,0.0,0.0,0.0,0.0,1499.52,1499.52,1124.64,874.72,1374.5600000000004,874.72,1124.64,1374.5600000000004,1124.64,1499.52,0.00149952,0.00149952,0.00112464,0.0008747200000000001,0.0013745600000000004,0.0008747200000000001,0.00112464,0.0013745600000000004,0.00112464,0.00149952,8903.115663679044,8903.115663679044,11870.820884905392,15262.483994878361,9712.489814922592,15262.483994878361,11870.820884905392,9712.489814922592,11870.820884905392,8903.115663679044,5795.921361502347,5795.921361502347,7727.895148669796,9935.86519114688,6322.823303457105,9935.86519114688,7727.895148669796,6322.823303457105,7727.895148669796,5795.921361502347,4494.304844216816,4494.304844216816,5992.406458955754,7704.52259008597,4902.878011872889,7704.52259008597,5992.406458955754,4902.878011872889,5992.406458955754,4494.304844216816,Benchmark for small,Benchmark for small,Benchmark for small,Benchmark for small,Benchmark for small,Benchmark for small,Benchmark for small,Benchmark for small,Benchmark for small,Benchmark for small,8,8,8,8,8,8,8,8,8,8,940.0,940.0,940.0,940.0,940.0,940.0,940.0,940.0,940.0,940.0,resolved,resolved,resolved,resolved,resolved,resolved,resolved,resolved,resolved,resolved,resolved,resolved,resolved,resolved,resolved,resolved,resolved,resolved,resolved,resolved
g6.4xlarge,NVIDIA L4,AMD EPYC 7R13 Processor,1.0,16 vCPUs,64 GiB,600 GB NVMe SSD,1.3232,0.8614,0.6691,L4,AMD EPYC 7R13 Processor,1.0,16.0,64.0,1.3232,0.8614,0.6691,72,280.0,96.0,2.9166666666666665,True,600.0,0.6,,Benchmark for small,1.0,1,600.0,0.0,0.0,0.0,0.0,0.0,0.0,0.0,0.0,0.0,0.0,resolved,resolved,benchmark_proxy,"Closest EPYC Milan custom-SKU benchmark/reference listings, serverorbit",AWS custom Milan part; package TDP inferred from common benchmark/reference sources.,proxy_reference,Proxy SSD class with watts expressed on a per-TB basis.,1.3232,1.3232,1.3232,1.3232,1.3232,1.3232,1.3232,1.3232,1.3232,1.3232,0.8614,0.8614,0.8614,0.8614,0.8614,0.8614,0.8614,0.8614,0.8614,0.8614,0.6691,0.6691,0.6691,0.6691,0.6691,0.6691,0.6691,0.6691,0.6691,0.6691,1.2,1.2,0.9,0.7,1.1,0.7,0.9,1.1,0.9,1.2,1.2,1.2,0.9,0.7,1.1,0.7,0.9,1.1,0.9,1.2,61.6,61.6,46.2,35.93333333333333,56.466666666666676,35.93333333333333,46.2,56.466666666666676,46.2,61.6,95.04,95.04,71.28,55.44,87.12000000000002,55.44,71.28,87.12000000000002,71.28,95.04,0.0,0.0,0.0,0.0,0.0,0.0,0.0,0.0,0.0,0.0,0.0,0.0,0.0,0.0,0.0,0.0,0.0,0.0,0.0,0.0,0.0,0.0,0.0,0.0,0.0,0.0,0.0,0.0,0.0,0.0,156.64000000000001,156.64000000000001,117.48,91.37333333333333,143.5866666666667,91.37333333333333,117.48,143.5866666666667,117.48,156.64000000000001,0.00015664000000000002,0.00015664000000000002,0.00011748000000000001,9.137333333333333e-05,0.0001435866666666667,9.137333333333333e-05,0.00011748000000000001,0.0001435866666666667,0.00011748000000000001,0.00015664000000000002,8447.395301327884,8447.395301327884,11263.193735103847,14481.249087990662,9215.340328721326,14481.249087990662,11263.193735103847,9215.340328721326,11263.193735103847,8447.395301327884,5499.23391215526,5499.23391215526,7332.311882873681,9427.258135123306,5999.164267805737,9427.258135123306,7332.311882873681,5999.164267805737,7332.311882873681,5499.23391215526,4271.578140960163,4271.578140960163,5695.437521280218,7322.705384503138,4659.903426501995,7322.705384503138,5695.437521280218,4659.903426501995,5695.437521280218,4271.578140960163,Benchmark for small,Benchmark for small,Benchmark for small,Benchmark for small,Benchmark for small,Benchmark for small,Benchmark for small,Benchmark for small,Benchmark for small,Benchmark for small,1,1,1,1,1,1,1,1,1,1,600.0,600.0,600.0,600.0,600.0,600.0,600.0,600.0,600.0,600.0,resolved,resolved,resolved,resolved,resolved,resolved,resolved,resolved,resolved,resolved,resolved,resolved,resolved,resolved,resolved,resolved,resolved,resolved,resolved,resolved
g6.8xlarge,NVIDIA L4,AMD EPYC 7R13 Processor,1.0,32 vCPUs,128 GiB,900 GB (2×450 GB NVMe SSD),2.0144,1.3114,1.1537,L4,AMD EPYC 7R13 Processor,1.0,32.0,128.0,2.0144,1.3114,1.1537,72,280.0,96.0,2.9166666666666665,True,900.0,0.9,2,Benchmark for small,1.0,2,450.0,0.0,0.0,0.0,0.0,0.0,0.0,0.0,0.0,0.0,0.0,resolved,resolved,benchmark_proxy,"Closest EPYC Milan custom-SKU benchmark/reference listings, serverorbit",AWS custom Milan part; package TDP inferred from common benchmark/reference sources.,proxy_reference,Proxy SSD class with watts expressed on a per-TB basis.,2.0144,2.0144,2.0144,2.0144,2.0144,2.0144,2.0144,2.0144,2.0144,2.0144,1.3114,1.3114,1.3114,1.3114,1.3114,1.3114,1.3114,1.3114,1.3114,1.3114,1.1537,1.1537,1.1537,1.1537,1.1537,1.1537,1.1537,1.1537,1.1537,1.1537,1.2,1.2,0.9,0.7,1.1,0.7,0.9,1.1,0.9,1.2,1.2,1.2,0.9,0.7,1.1,0.7,0.9,1.1,0.9,1.2,123.2,123.2,92.4,71.86666666666666,112.93333333333335,71.86666666666666,92.4,112.93333333333335,92.4,123.2,95.04,95.04,71.28,55.44,87.12000000000002,55.44,71.28,87.12000000000002,71.28,95.04,0.0,0.0,0.0,0.0,0.0,0.0,0.0,0.0,0.0,0.0,0.0,0.0,0.0,0.0,0.0,0.0,0.0,0.0,0.0,0.0,0.0,0.0,0.0,0.0,0.0,0.0,0.0,0.0,0.0,0.0,218.24,218.24,163.68,127.30666666666666,200.05333333333337,127.30666666666666,163.68,200.05333333333337,163.68,218.24,0.00021824,0.00021824,0.00016368,0.00012730666666666666,0.00020005333333333338,0.00012730666666666666,0.00016368,0.00020005333333333338,0.00016368,0.00021824,9230.205278592377,9230.205278592377,12306.940371456501,15823.209049015502,10069.314849373499,15823.209049015502,12306.940371456501,10069.314849373499,12306.940371456501,9230.205278592377,6008.980938416422,6008.980938416422,8011.974584555229,10301.110180142437,6555.251932817913,10301.110180142437,8011.974584555229,6555.251932817913,8011.974584555229,6008.980938416422,5286.381964809384,5286.381964809384,7048.509286412512,9062.369082530373,5766.962143428417,9062.369082530373,7048.509286412512,5766.962143428417,7048.509286412512,5286.381964809384,Benchmark for small,Benchmark for small,Benchmark for small,Benchmark for small,Benchmark for small,Benchmark for small,Benchmark for small,Benchmark for small,Benchmark for small,Benchmark for small,2,2,2,2,2,2,2,2,2,2,450.0,450.0,450.0,450.0,450.0,450.0,450.0,450.0,450.0,450.0,resolved,resolved,resolved,resolved,resolved,resolved,resolved,resolved,resolved,resolved,resolved,resolved,resolved,resolved,resolved,resolved,resolved,resolved,resolved,resolved
g6.xlarge,NVIDIA L4,AMD EPYC 7R13 Processor,1.0,4 vCPUs,16 GiB,250 GB NVMe SSD,0.8048,0.5239,0.384,L4,AMD EPYC 7R13 Processor,1.0,4.0,16.0,0.8048,0.5239,0.384,72,280.0,96.0,2.9166666666666665,True,250.0,0.25,,Benchmark for small,1.0,1,250.0,0.0,0.0,0.0,0.0,0.0,0.0,0.0,0.0,0.0,0.0,resolved,resolved,benchmark_proxy,"Closest EPYC Milan custom-SKU benchmark/reference listings, serverorbit",AWS custom Milan part; package TDP inferred from common benchmark/reference sources.,proxy_reference,Proxy SSD class with watts expressed on a per-TB basis.,0.8048,0.8048,0.8048,0.8048,0.8048,0.8048,0.8048,0.8048,0.8048,0.8048,0.5239,0.5239,0.5239,0.5239,0.5239,0.5239,0.5239,0.5239,0.5239,0.5239,0.384,0.384,0.384,0.384,0.384,0.384,0.384,0.384,0.384,0.384,1.2,1.2,0.9,0.7,1.1,0.7,0.9,1.1,0.9,1.2,1.2,1.2,0.9,0.7,1.1,0.7,0.9,1.1,0.9,1.2,15.4,15.4,11.55,8.983333333333333,14.116666666666669,8.983333333333333,11.55,14.116666666666669,11.55,15.4,95.04,95.04,71.28,55.44,87.12000000000002,55.44,71.28,87.12000000000002,71.28,95.04,0.0,0.0,0.0,0.0,0.0,0.0,0.0,0.0,0.0,0.0,0.0,0.0,0.0,0.0,0.0,0.0,0.0,0.0,0.0,0.0,0.0,0.0,0.0,0.0,0.0,0.0,0.0,0.0,0.0,0.0,110.44000000000001,110.44000000000001,82.83,64.42333333333333,101.2366666666667,64.42333333333333,82.83,101.2366666666667,82.83,110.44000000000001,0.00011044,0.00011044,8.283e-05,6.442333333333334e-05,0.0001012366666666667,6.442333333333334e-05,8.283e-05,0.0001012366666666667,8.283e-05,0.00011044,7287.214777254617,7287.214777254617,9716.286369672824,12492.368189579343,7949.688847914125,12492.368189579343,9716.286369672824,7949.688847914125,9716.286369672824,7287.214777254617,4743.752263672583,4743.752263672583,6325.00301823011,8132.146737724427,5175.002469460997,8132.146737724427,6325.00301823011,5175.002469460997,6325.00301823011,4743.752263672583,3477.0010865628396,3477.0010865628396,4636.001448750452,5960.573291250582,3793.0920944321874,5960.573291250582,4636.001448750452,3793.0920944321874,4636.001448750452,3477.0010865628396,Benchmark for small,Benchmark for small,Benchmark for small,Benchmark for small,Benchmark for small,Benchmark for small,Benchmark for small,Benchmark for small,Benchmark for small,Benchmark for small,1,1,1,1,1,1,1,1,1,1,250.0,250.0,250.0,250.0,250.0,250.0,250.0,250.0,250.0,250.0,resolved,resolved,resolved,resolved,resolved,resolved,resolved,resolved,resolved,resolved,resolved,resolved,resolved,resolved,resolved,resolved,resolved,resolved,resolved,resolved
g6e.12xlarge,NVIDIA L40S,AMD EPYC 7R13 Processor,4.0,48 vCPUs,384 GiB,3800 GB (2×1900 GB NVMe SSD),10.4926,6.6104,4.6012,L40S,AMD EPYC 7R13 Processor,4.0,48.0,384.0,10.4926,6.6104,4.6012,350,280.0,96.0,2.9166666666666665,True,3800.0,3.8,2,Benchmark for medium,2.5,2,1900.0,0.0,0.0,0.0,0.0,0.0,0.0,0.0,0.0,0.0,0.0,resolved,resolved,benchmark_proxy,"Closest EPYC Milan custom-SKU benchmark/reference listings, serverorbit",AWS custom Milan part; package TDP inferred from common benchmark/reference sources.,proxy_reference,Proxy SSD class with watts expressed on a per-TB basis.,10.4926,10.4926,10.4926,10.4926,10.4926,10.4926,10.4926,10.4926,10.4926,10.4926,6.6104,6.6104,6.6104,6.6104,6.6104,6.6104,6.6104,6.6104,6.6104,6.6104,4.6012,4.6012,4.6012,4.6012,4.6012,4.6012,4.6012,4.6012,4.6012,4.6012,1.2,1.2,0.9,0.7,1.1,0.7,0.9,1.1,0.9,1.2,1.2,1.2,0.9,0.7,1.1,0.7,0.9,1.1,0.9,1.2,184.8,184.8,138.60000000000002,107.8,169.40000000000003,107.8,138.60000000000002,169.40000000000003,138.60000000000002,184.8,1848.0,1848.0,1386.0000000000002,1078.0,1694.0000000000002,1078.0,1386.0000000000002,1694.0000000000002,1386.0000000000002,1848.0,0.0,0.0,0.0,0.0,0.0,0.0,0.0,0.0,0.0,0.0,0.0,0.0,0.0,0.0,0.0,0.0,0.0,0.0,0.0,0.0,0.0,0.0,0.0,0.0,0.0,0.0,0.0,0.0,0.0,0.0,2032.8,2032.8,1524.6000000000004,1185.8,1863.4000000000003,1185.8,1524.6000000000004,1863.4000000000003,1524.6000000000004,2032.8,0.0020328,0.0020328,0.0015246000000000003,0.0011857999999999999,0.0018634000000000003,0.0011857999999999999,0.0015246000000000003,0.0018634000000000003,0.0015246000000000003,0.0020328,5161.648957103503,5161.648957103503,6882.198609471335,8848.54106932029,5630.889771385638,8848.54106932029,6882.198609471335,5630.889771385638,6882.198609471335,5161.648957103503,3251.8693427784337,3251.8693427784337,4335.825790371244,5574.633159048744,3547.4938284855634,5574.633159048744,4335.825790371244,3547.4938284855634,4335.825790371244,3251.8693427784337,2263.478945297127,2263.478945297127,3017.9719270628357,3880.2496205093616,2469.249758505957,3880.2496205093616,3017.9719270628357,2469.249758505957,3017.9719270628357,2263.478945297127,Benchmark for medium,Benchmark for medium,Benchmark for medium,Benchmark for medium,Benchmark for medium,Benchmark for medium,Benchmark for medium,Benchmark for medium,Benchmark for medium,Benchmark for medium,2,2,2,2,2,2,2,2,2,2,1900.0,1900.0,1900.0,1900.0,1900.0,1900.0,1900.0,1900.0,1900.0,1900.0,resolved,resolved,resolved,resolved,resolved,resolved,resolved,resolved,resolved,resolved,resolved,resolved,resolved,resolved,resolved,resolved,resolved,resolved,resolved,resolved
g6e.16xlarge,NVIDIA L40S,AMD EPYC 7R13 Processor,1.0,64 vCPUs,512 GiB,1900 GB (2×950 GB NVMe SSD),7.5772,4.7736,1.8731,L40S,AMD EPYC 7R13 Processor,1.0,64.0,512.0,7.5772,4.7736,1.8731,350,280.0,96.0,2.9166666666666665,True,1900.0,1.9,2,Benchmark for small,1.0,2,950.0,0.0,0.0,0.0,0.0,0.0,0.0,0.0,0.0,0.0,0.0,resolved,resolved,benchmark_proxy,"Closest EPYC Milan custom-SKU benchmark/reference listings, serverorbit",AWS custom Milan part; package TDP inferred from common benchmark/reference sources.,proxy_reference,Proxy SSD class with watts expressed on a per-TB basis.,7.5772,7.5772,7.5772,7.5772,7.5772,7.5772,7.5772,7.5772,7.5772,7.5772,4.7736,4.7736,4.7736,4.7736,4.7736,4.7736,4.7736,4.7736,4.7736,4.7736,1.8731,1.8731,1.8731,1.8731,1.8731,1.8731,1.8731,1.8731,1.8731,1.8731,1.2,1.2,0.9,0.7,1.1,0.7,0.9,1.1,0.9,1.2,1.2,1.2,0.9,0.7,1.1,0.7,0.9,1.1,0.9,1.2,246.4,246.4,184.8,143.73333333333332,225.8666666666667,143.73333333333332,184.8,225.8666666666667,184.8,246.4,462.0,462.0,346.50000000000006,269.5,423.50000000000006,269.5,346.50000000000006,423.50000000000006,346.50000000000006,462.0,0.0,0.0,0.0,0.0,0.0,0.0,0.0,0.0,0.0,0.0,0.0,0.0,0.0,0.0,0.0,0.0,0.0,0.0,0.0,0.0,0.0,0.0,0.0,0.0,0.0,0.0,0.0,0.0,0.0,0.0,708.4,708.4,531.3000000000001,413.23333333333335,649.3666666666668,413.23333333333335,531.3000000000001,649.3666666666668,531.3000000000001,708.4,0.0007084,0.0007084,0.0005313000000000001,0.00041323333333333337,0.0006493666666666668,0.00041323333333333337,0.0005313000000000001,0.0006493666666666668,0.0005313000000000001,0.0007084,10696.216826651611,10696.216826651611,14261.622435535477,18336.37170283133,11668.600174529027,18336.37170283133,14261.622435535477,11668.600174529027,14261.622435535477,10696.216826651611,6738.565782044043,6738.565782044043,8984.754376058723,11551.827054932644,7351.1626713207725,11551.827054932644,8984.754376058723,7351.1626713207725,8984.754376058723,6738.565782044043,2644.1276115189157,2644.1276115189157,3525.503482025221,4532.790191175284,2884.5028489297256,4532.790191175284,3525.503482025221,2884.5028489297256,3525.503482025221,2644.1276115189157,Benchmark for small,Benchmark for small,Benchmark for small,Benchmark for small,Benchmark for small,Benchmark for small,Benchmark for small,Benchmark for small,Benchmark for small,Benchmark for small,2,2,2,2,2,2,2,2,2,2,950.0,950.0,950.0,950.0,950.0,950.0,950.0,950.0,950.0,950.0,resolved,resolved,resolved,resolved,resolved,resolved,resolved,resolved,resolved,resolved,resolved,resolved,resolved,resolved,resolved,resolved,resolved,resolved,resolved,resolved
g6e.24xlarge,NVIDIA L40S,AMD EPYC 7R13 Processor,4.0,96 vCPUs,768 GiB,3800 GB (2×1900 GB NVMe SSD),15.0656,9.4913,4.0722,L40S,AMD EPYC 7R13 Processor,4.0,96.0,768.0,15.0656,9.4913,4.0722,350,280.0,96.0,2.9166666666666665,True,3800.0,3.8,2,Benchmark for medium,2.5,2,1900.0,0.0,0.0,0.0,0.0,0.0,0.0,0.0,0.0,0.0,0.0,resolved,resolved,benchmark_proxy,"Closest EPYC Milan custom-SKU benchmark/reference listings, serverorbit",AWS custom Milan part; package TDP inferred from common benchmark/reference sources.,proxy_reference,Proxy SSD class with watts expressed on a per-TB basis.,15.0656,15.0656,15.0656,15.0656,15.0656,15.0656,15.0656,15.0656,15.0656,15.0656,9.4913,9.4913,9.4913,9.4913,9.4913,9.4913,9.4913,9.4913,9.4913,9.4913,4.0722,4.0722,4.0722,4.0722,4.0722,4.0722,4.0722,4.0722,4.0722,4.0722,1.2,1.2,0.9,0.7,1.1,0.7,0.9,1.1,0.9,1.2,1.2,1.2,0.9,0.7,1.1,0.7,0.9,1.1,0.9,1.2,369.6,369.6,277.20000000000005,215.6,338.80000000000007,215.6,277.20000000000005,338.80000000000007,277.20000000000005,369.6,1848.0,1848.0,1386.0000000000002,1078.0,1694.0000000000002,1078.0,1386.0000000000002,1694.0000000000002,1386.0000000000002,1848.0,0.0,0.0,0.0,0.0,0.0,0.0,0.0,0.0,0.0,0.0,0.0,0.0,0.0,0.0,0.0,0.0,0.0,0.0,0.0,0.0,0.0,0.0,0.0,0.0,0.0,0.0,0.0,0.0,0.0,0.0,2217.6,2217.6,1663.2000000000003,1293.6,2032.8000000000002,1293.6,1663.2000000000003,2032.8000000000002,1663.2000000000003,2217.6,0.0022175999999999997,0.0022175999999999997,0.0016632000000000003,0.0012936,0.0020328,0.0012936,0.0016632000000000003,0.0020328,0.0016632000000000003,0.0022175999999999997,6793.650793650794,6793.650793650794,9058.201058201057,11646.258503401361,7411.255411255412,11646.258503401361,9058.201058201057,7411.255411255412,9058.201058201057,6793.650793650794,4279.987373737375,4279.987373737375,5706.649831649831,7337.121212121213,4669.077134986226,7337.121212121213,5706.649831649831,4669.077134986226,5706.649831649831,4279.987373737375,1836.3095238095239,1836.3095238095239,2448.412698412698,3147.959183673469,2003.246753246753,3147.959183673469,2448.412698412698,2003.246753246753,2448.412698412698,1836.3095238095239,Benchmark for medium,Benchmark for medium,Benchmark for medium,Benchmark for medium,Benchmark for medium,Benchmark for medium,Benchmark for medium,Benchmark for medium,Benchmark for medium,Benchmark for medium,2,2,2,2,2,2,2,2,2,2,1900.0,1900.0,1900.0,1900.0,1900.0,1900.0,1900.0,1900.0,1900.0,1900.0,resolved,resolved,resolved,resolved,resolved,resolved,resolved,resolved,resolved,resolved,resolved,resolved,resolved,resolved,resolved,resolved,resolved,resolved,resolved,resolved
g6e.2xlarge,NVIDIA L40S,AMD EPYC 7R13 Processor,1.0,8 vCPUs,64 GiB,450 GB NVMe SSD,2.2421,1.4125,0.989,L40S,AMD EPYC 7R13 Processor,1.0,8.0,64.0,2.2421,1.4125,0.989,350,280.0,96.0,2.9166666666666665,True,450.0,0.45,,Benchmark for small,1.0,1,450.0,0.0,0.0,0.0,0.0,0.0,0.0,0.0,0.0,0.0,0.0,resolved,resolved,benchmark_proxy,"Closest EPYC Milan custom-SKU benchmark/reference listings, serverorbit",AWS custom Milan part; package TDP inferred from common benchmark/reference sources.,proxy_reference,Proxy SSD class with watts expressed on a per-TB basis.,2.2421,2.2421,2.2421,2.2421,2.2421,2.2421,2.2421,2.2421,2.2421,2.2421,1.4125,1.4125,1.4125,1.4125,1.4125,1.4125,1.4125,1.4125,1.4125,1.4125,0.989,0.989,0.989,0.989,0.989,0.989,0.989,0.989,0.989,0.989,1.2,1.2,0.9,0.7,1.1,0.7,0.9,1.1,0.9,1.2,1.2,1.2,0.9,0.7,1.1,0.7,0.9,1.1,0.9,1.2,30.8,30.8,23.1,17.966666666666665,28.233333333333338,17.966666666666665,23.1,28.233333333333338,23.1,30.8,462.0,462.0,346.50000000000006,269.5,423.50000000000006,269.5,346.50000000000006,423.50000000000006,346.50000000000006,462.0,0.0,0.0,0.0,0.0,0.0,0.0,0.0,0.0,0.0,0.0,0.0,0.0,0.0,0.0,0.0,0.0,0.0,0.0,0.0,0.0,0.0,0.0,0.0,0.0,0.0,0.0,0.0,0.0,0.0,0.0,492.8,492.8,369.6000000000001,287.46666666666664,451.7333333333334,287.46666666666664,369.6000000000001,451.7333333333334,369.6000000000001,492.8,0.0004928,0.0004928,0.0003696000000000001,0.00028746666666666664,0.0004517333333333334,0.00028746666666666664,0.0003696000000000001,0.0004517333333333334,0.0003696000000000001,0.0004928,4549.715909090909,4549.715909090909,6066.287878787878,7799.512987012989,4963.326446280992,7799.512987012989,6066.287878787878,4963.326446280992,6066.287878787878,4549.715909090909,2866.2743506493507,2866.2743506493507,3821.6991341991334,4913.6131725417445,3126.844746162928,4913.6131725417445,3821.6991341991334,3126.844746162928,3821.6991341991334,2866.2743506493507,2006.8993506493505,2006.8993506493505,2675.8658008658003,3440.3988868274587,2189.3447461629275,3440.3988868274587,2675.8658008658003,2189.3447461629275,2675.8658008658003,2006.8993506493505,Benchmark for small,Benchmark for small,Benchmark for small,Benchmark for small,Benchmark for small,Benchmark for small,Benchmark for small,Benchmark for small,Benchmark for small,Benchmark for small,1,1,1,1,1,1,1,1,1,1,450.0,450.0,450.0,450.0,450.0,450.0,450.0,450.0,450.0,450.0,resolved,resolved,resolved,resolved,resolved,resolved,resolved,resolved,resolved,resolved,resolved,resolved,resolved,resolved,resolved,resolved,resolved,resolved,resolved,resolved
g6e.48xlarge,NVIDIA L40S,AMD EPYC 7R13 Processor,8.0,192 vCPUs,1536 GiB,7600 GB (4×1900 GB NVMe SSD),30.1312,18.9826,9.5052,L40S,AMD EPYC 7R13 Processor,8.0,192.0,1536.0,30.1312,18.9826,9.5052,350,280.0,96.0,2.9166666666666665,True,7600.0,7.6,4,Benchmark for medium,2.5,4,1900.0,0.0,0.0,0.0,0.0,0.0,0.0,0.0,0.0,0.0,0.0,resolved,resolved,benchmark_proxy,"Closest EPYC Milan custom-SKU benchmark/reference listings, serverorbit",AWS custom Milan part; package TDP inferred from common benchmark/reference sources.,proxy_reference,Proxy SSD class with watts expressed on a per-TB basis.,30.1312,30.1312,30.1312,30.1312,30.1312,30.1312,30.1312,30.1312,30.1312,30.1312,18.9826,18.9826,18.9826,18.9826,18.9826,18.9826,18.9826,18.9826,18.9826,18.9826,9.5052,9.5052,9.5052,9.5052,9.5052,9.5052,9.5052,9.5052,9.5052,9.5052,1.2,1.2,0.9,0.7,1.1,0.7,0.9,1.1,0.9,1.2,1.2,1.2,0.9,0.7,1.1,0.7,0.9,1.1,0.9,1.2,739.2,739.2,554.4000000000001,431.2,677.6000000000001,431.2,554.4000000000001,677.6000000000001,554.4000000000001,739.2,3696.0,3696.0,2772.0000000000005,2156.0,3388.0000000000005,2156.0,2772.0000000000005,3388.0000000000005,2772.0000000000005,3696.0,0.0,0.0,0.0,0.0,0.0,0.0,0.0,0.0,0.0,0.0,0.0,0.0,0.0,0.0,0.0,0.0,0.0,0.0,0.0,0.0,0.0,0.0,0.0,0.0,0.0,0.0,0.0,0.0,0.0,0.0,4435.2,4435.2,3326.4000000000005,2587.2,4065.6000000000004,2587.2,3326.4000000000005,4065.6000000000004,3326.4000000000005,4435.2,0.004435199999999999,0.004435199999999999,0.0033264000000000006,0.0025872,0.0040656,0.0025872,0.0033264000000000006,0.0040656,0.0033264000000000006,0.004435199999999999,6793.650793650794,6793.650793650794,9058.201058201057,11646.258503401361,7411.255411255412,11646.258503401361,9058.201058201057,7411.255411255412,9058.201058201057,6793.650793650794,4279.987373737375,4279.987373737375,5706.649831649831,7337.121212121213,4669.077134986226,7337.121212121213,5706.649831649831,4669.077134986226,5706.649831649831,4279.987373737375,2143.127705627706,2143.127705627706,2857.503607503607,3673.9332096474955,2337.9574970484064,3673.9332096474955,2857.503607503607,2337.9574970484064,2857.503607503607,2143.127705627706,Benchmark for medium,Benchmark for medium,Benchmark for medium,Benchmark for medium,Benchmark for medium,Benchmark for medium,Benchmark for medium,Benchmark for medium,Benchmark for medium,Benchmark for medium,4,4,4,4,4,4,4,4,4,4,1900.0,1900.0,1900.0,1900.0,1900.0,1900.0,1900.0,1900.0,1900.0,1900.0,resolved,resolved,resolved,resolved,resolved,resolved,resolved,resolved,resolved,resolved,resolved,resolved,resolved,resolved,resolved,resolved,resolved,resolved,resolved,resolved
g6e.4xlarge,NVIDIA L40S,AMD EPYC 7R13 Processor,1.0,16 vCPUs,128 GiB,600 GB NVMe SSD,3.0042,1.8927,1.2503,L40S,AMD EPYC 7R13 Processor,1.0,16.0,128.0,3.0042,1.8927,1.2503,350,280.0,96.0,2.9166666666666665,True,600.0,0.6,,Benchmark for small,1.0,1,600.0,0.0,0.0,0.0,0.0,0.0,0.0,0.0,0.0,0.0,0.0,resolved,resolved,benchmark_proxy,"Closest EPYC Milan custom-SKU benchmark/reference listings, serverorbit",AWS custom Milan part; package TDP inferred from common benchmark/reference sources.,proxy_reference,Proxy SSD class with watts expressed on a per-TB basis.,3.0042,3.0042,3.0042,3.0042,3.0042,3.0042,3.0042,3.0042,3.0042,3.0042,1.8927,1.8927,1.8927,1.8927,1.8927,1.8927,1.8927,1.8927,1.8927,1.8927,1.2503,1.2503,1.2503,1.2503,1.2503,1.2503,1.2503,1.2503,1.2503,1.2503,1.2,1.2,0.9,0.7,1.1,0.7,0.9,1.1,0.9,1.2,1.2,1.2,0.9,0.7,1.1,0.7,0.9,1.1,0.9,1.2,61.6,61.6,46.2,35.93333333333333,56.466666666666676,35.93333333333333,46.2,56.466666666666676,46.2,61.6,462.0,462.0,346.50000000000006,269.5,423.50000000000006,269.5,346.50000000000006,423.50000000000006,346.50000000000006,462.0,0.0,0.0,0.0,0.0,0.0,0.0,0.0,0.0,0.0,0.0,0.0,0.0,0.0,0.0,0.0,0.0,0.0,0.0,0.0,0.0,0.0,0.0,0.0,0.0,0.0,0.0,0.0,0.0,0.0,0.0,523.6,523.6,392.70000000000005,305.43333333333334,479.96666666666675,305.43333333333334,392.70000000000005,479.96666666666675,392.70000000000005,523.6,0.0005236,0.0005236,0.00039270000000000006,0.00030543333333333335,0.00047996666666666677,0.00030543333333333335,0.00039270000000000006,0.00047996666666666677,0.00039270000000000006,0.0005236,5737.585943468296,5737.585943468296,7650.114591291061,9835.861617374221,6259.184665601777,9835.861617374221,7650.114591291061,6259.184665601777,7650.114591291061,5737.585943468296,3614.7822765469823,3614.7822765469823,4819.7097020626425,6196.769616937684,3943.398847142162,6196.769616937684,4819.7097020626425,3943.398847142162,4819.7097020626425,3614.7822765469823,2387.8915202444614,2387.8915202444614,3183.855360325948,4093.5283204190764,2604.972567539412,4093.5283204190764,3183.855360325948,2604.972567539412,3183.855360325948,2387.8915202444614,Benchmark for small,Benchmark for small,Benchmark for small,Benchmark for small,Benchmark for small,Benchmark for small,Benchmark for small,Benchmark for small,Benchmark for small,Benchmark for small,1,1,1,1,1,1,1,1,1,1,600.0,600.0,600.0,600.0,600.0,600.0,600.0,600.0,600.0,600.0,resolved,resolved,resolved,resolved,resolved,resolved,resolved,resolved,resolved,resolved,resolved,resolved,resolved,resolved,resolved,resolved,resolved,resolved,resolved,resolved
g6e.8xlarge,NVIDIA L40S,AMD EPYC 7R13 Processor,1.0,32 vCPUs,256 GiB,900 GB (2×450 GB NVMe SSD),4.5286,2.853,1.4238,L40S,AMD EPYC 7R13 Processor,1.0,32.0,256.0,4.5286,2.853,1.4238,350,280.0,96.0,2.9166666666666665,True,900.0,0.9,2,Benchmark for small,1.0,2,450.0,0.0,0.0,0.0,0.0,0.0,0.0,0.0,0.0,0.0,0.0,resolved,resolved,benchmark_proxy,"Closest EPYC Milan custom-SKU benchmark/reference listings, serverorbit",AWS custom Milan part; package TDP inferred from common benchmark/reference sources.,proxy_reference,Proxy SSD class with watts expressed on a per-TB basis.,4.5286,4.5286,4.5286,4.5286,4.5286,4.5286,4.5286,4.5286,4.5286,4.5286,2.853,2.853,2.853,2.853,2.853,2.853,2.853,2.853,2.853,2.853,1.4238,1.4238,1.4238,1.4238,1.4238,1.4238,1.4238,1.4238,1.4238,1.4238,1.2,1.2,0.9,0.7,1.1,0.7,0.9,1.1,0.9,1.2,1.2,1.2,0.9,0.7,1.1,0.7,0.9,1.1,0.9,1.2,123.2,123.2,92.4,71.86666666666666,112.93333333333335,71.86666666666666,92.4,112.93333333333335,92.4,123.2,462.0,462.0,346.50000000000006,269.5,423.50000000000006,269.5,346.50000000000006,423.50000000000006,346.50000000000006,462.0,0.0,0.0,0.0,0.0,0.0,0.0,0.0,0.0,0.0,0.0,0.0,0.0,0.0,0.0,0.0,0.0,0.0,0.0,0.0,0.0,0.0,0.0,0.0,0.0,0.0,0.0,0.0,0.0,0.0,0.0,585.2,585.2,438.9000000000001,341.3666666666667,536.4333333333334,341.3666666666667,438.9000000000001,536.4333333333334,438.9000000000001,585.2,0.0005852,0.0005852,0.0004389000000000001,0.00034136666666666665,0.0005364333333333334,0.00034136666666666665,0.0004389000000000001,0.0005364333333333334,0.0004389000000000001,0.0005852,7738.550922761448,7738.550922761448,10318.067897015264,13266.087296162485,8442.055552103398,13266.087296162485,10318.067897015264,8442.055552103398,10318.067897015264,7738.550922761448,4875.256322624744,4875.256322624744,6500.341763499658,8357.582267356704,5318.461442863357,8357.582267356704,6500.341763499658,5318.461442863357,6500.341763499658,4875.256322624744,2433.0143540669856,2433.0143540669856,3244.01913875598,4170.881749829118,2654.197477163984,4170.881749829118,3244.01913875598,2654.197477163984,3244.01913875598,2433.0143540669856,Benchmark for small,Benchmark for small,Benchmark for small,Benchmark for small,Benchmark for small,Benchmark for small,Benchmark for small,Benchmark for small,Benchmark for small,Benchmark for small,2,2,2,2,2,2,2,2,2,2,450.0,450.0,450.0,450.0,450.0,450.0,450.0,450.0,450.0,450.0,resolved,resolved,resolved,resolved,resolved,resolved,resolved,resolved,resolved,resolved,resolved,resolved,resolved,resolved,resolved,resolved,resolved,resolved,resolved,resolved
g6e.xlarge,NVIDIA L40S,AMD EPYC 7R13 Processor,1.0,4 vCPUs,32 GiB,250 GB NVMe SSD,1.861,1.1724,0.8886,L40S,AMD EPYC 7R13 Processor,1.0,4.0,32.0,1.861,1.1724,0.8886,350,280.0,96.0,2.9166666666666665,True,250.0,0.25,,Benchmark for small,1.0,1,250.0,0.0,0.0,0.0,0.0,0.0,0.0,0.0,0.0,0.0,0.0,resolved,resolved,benchmark_proxy,"Closest EPYC Milan custom-SKU benchmark/reference listings, serverorbit",AWS custom Milan part; package TDP inferred from common benchmark/reference sources.,proxy_reference,Proxy SSD class with watts expressed on a per-TB basis.,1.861,1.861,1.861,1.861,1.861,1.861,1.861,1.861,1.861,1.861,1.1724,1.1724,1.1724,1.1724,1.1724,1.1724,1.1724,1.1724,1.1724,1.1724,0.8886,0.8886,0.8886,0.8886,0.8886,0.8886,0.8886,0.8886,0.8886,0.8886,1.2,1.2,0.9,0.7,1.1,0.7,0.9,1.1,0.9,1.2,1.2,1.2,0.9,0.7,1.1,0.7,0.9,1.1,0.9,1.2,15.4,15.4,11.55,8.983333333333333,14.116666666666669,8.983333333333333,11.55,14.116666666666669,11.55,15.4,462.0,462.0,346.50000000000006,269.5,423.50000000000006,269.5,346.50000000000006,423.50000000000006,346.50000000000006,462.0,0.0,0.0,0.0,0.0,0.0,0.0,0.0,0.0,0.0,0.0,0.0,0.0,0.0,0.0,0.0,0.0,0.0,0.0,0.0,0.0,0.0,0.0,0.0,0.0,0.0,0.0,0.0,0.0,0.0,0.0,477.4,477.4,358.05000000000007,278.48333333333335,437.61666666666673,278.48333333333335,358.05000000000007,437.61666666666673,358.05000000000007,477.4,0.0004774,0.0004774,0.00035805000000000006,0.00027848333333333337,0.00043761666666666674,0.00027848333333333337,0.00035805000000000006,0.00043761666666666674,0.00035805000000000006,0.0004774,3898.1985756179306,3898.1985756179306,5197.598100823907,6682.626129630737,4252.580264310469,6682.626129630737,5197.598100823907,4252.580264310469,5197.598100823907,3898.1985756179306,2455.802262253875,2455.802262253875,3274.4030163385,4209.9467352923575,2679.0570133678634,4209.9467352923575,3274.4030163385,2679.0570133678634,3274.4030163385,2455.802262253875,1861.3322161709257,1861.3322161709257,2481.7762882279007,3190.8552277215867,2030.5442358228277,3190.8552277215867,2481.7762882279007,2030.5442358228277,2481.7762882279007,1861.3322161709257,Benchmark for small,Benchmark for small,Benchmark for small,Benchmark for small,Benchmark for small,Benchmark for small,Benchmark for small,Benchmark for small,Benchmark for small,Benchmark for small,1,1,1,1,1,1,1,1,1,1,250.0,250.0,250.0,250.0,250.0,250.0,250.0,250.0,250.0,250.0,resolved,resolved,resolved,resolved,resolved,resolved,resolved,resolved,resolved,resolved,resolved,resolved,resolved,resolved,resolved,resolved,resolved,resolved,resolved,resolved
g6f.2xlarge,NVIDIA L4,AMD EPYC 7R13 Processor,0.25,8 vCPUs,32 GiB,200 GB NVMe SSD,0.475,,0.2058,L4,AMD EPYC 7R13 Processor,0.25,8.0,32.0,0.475,,0.2058,72,280.0,96.0,2.9166666666666665,True,200.0,0.2,,Benchmark for small,1.0,1,200.0,0.0,0.0,0.0,0.0,0.0,0.0,0.0,0.0,0.0,0.0,resolved,resolved,benchmark_proxy,"Closest EPYC Milan custom-SKU benchmark/reference listings, serverorbit",AWS custom Milan part; package TDP inferred from common benchmark/reference sources.,proxy_reference,Proxy SSD class with watts expressed on a per-TB basis.,0.475,0.475,0.475,0.475,0.475,0.475,0.475,0.475,0.475,0.475,,,,,,,,,,,0.2058,0.2058,0.2058,0.2058,0.2058,0.2058,0.2058,0.2058,0.2058,0.2058,1.2,1.2,0.9,0.7,1.1,0.7,0.9,1.1,0.9,1.2,1.2,1.2,0.9,0.7,1.1,0.7,0.9,1.1,0.9,1.2,30.8,30.8,23.1,17.966666666666665,28.233333333333338,17.966666666666665,23.1,28.233333333333338,23.1,30.8,23.76,23.76,17.82,13.86,21.780000000000005,13.86,17.82,21.780000000000005,17.82,23.76,0.0,0.0,0.0,0.0,0.0,0.0,0.0,0.0,0.0,0.0,0.0,0.0,0.0,0.0,0.0,0.0,0.0,0.0,0.0,0.0,0.0,0.0,0.0,0.0,0.0,0.0,0.0,0.0,0.0,0.0,54.56,54.56,40.92,31.826666666666664,50.01333333333334,31.826666666666664,40.92,50.01333333333334,40.92,54.56,5.456e-05,5.456e-05,4.092e-05,3.1826666666666665e-05,5.0013333333333345e-05,3.1826666666666665e-05,4.092e-05,5.0013333333333345e-05,4.092e-05,5.456e-05,8706.011730205279,8706.011730205279,11608.015640273705,14924.591537494764,9497.467342042119,14924.591537494764,11608.015640273705,9497.467342042119,11608.015640273705,8706.011730205279,,,,,,,,,,,3771.994134897361,3771.994134897361,5029.325513196481,6466.275659824048,4114.902692615302,6466.275659824048,5029.325513196481,4114.902692615302,5029.325513196481,3771.994134897361,Benchmark for small,Benchmark for small,Benchmark for small,Benchmark for small,Benchmark for small,Benchmark for small,Benchmark for small,Benchmark for small,Benchmark for small,Benchmark for small,1,1,1,1,1,1,1,1,1,1,200.0,200.0,200.0,200.0,200.0,200.0,200.0,200.0,200.0,200.0,resolved,resolved,resolved,resolved,resolved,resolved,resolved,resolved,resolved,resolved,resolved,resolved,resolved,resolved,resolved,resolved,resolved,resolved,resolved,resolved
g6f.4xlarge,NVIDIA L4,AMD EPYC 7R13 Processor,0.5,16 vCPUs,64 GiB,450 GB NVMe SSD,0.95,,0.4475,L4,AMD EPYC 7R13 Processor,0.5,16.0,64.0,0.95,,0.4475,72,280.0,96.0,2.9166666666666665,True,450.0,0.45,,Benchmark for small,1.0,1,450.0,0.0,0.0,0.0,0.0,0.0,0.0,0.0,0.0,0.0,0.0,resolved,resolved,benchmark_proxy,"Closest EPYC Milan custom-SKU benchmark/reference listings, serverorbit",AWS custom Milan part; package TDP inferred from common benchmark/reference sources.,proxy_reference,Proxy SSD class with watts expressed on a per-TB basis.,0.95,0.95,0.95,0.95,0.95,0.95,0.95,0.95,0.95,0.95,,,,,,,,,,,0.4475,0.4475,0.4475,0.4475,0.4475,0.4475,0.4475,0.4475,0.4475,0.4475,1.2,1.2,0.9,0.7,1.1,0.7,0.9,1.1,0.9,1.2,1.2,1.2,0.9,0.7,1.1,0.7,0.9,1.1,0.9,1.2,61.6,61.6,46.2,35.93333333333333,56.466666666666676,35.93333333333333,46.2,56.466666666666676,46.2,61.6,47.52,47.52,35.64,27.72,43.56000000000001,27.72,35.64,43.56000000000001,35.64,47.52,0.0,0.0,0.0,0.0,0.0,0.0,0.0,0.0,0.0,0.0,0.0,0.0,0.0,0.0,0.0,0.0,0.0,0.0,0.0,0.0,0.0,0.0,0.0,0.0,0.0,0.0,0.0,0.0,0.0,0.0,109.12,109.12,81.84,63.65333333333333,100.02666666666669,63.65333333333333,81.84,100.02666666666669,81.84,109.12,0.00010912,0.00010912,8.184e-05,6.365333333333333e-05,0.00010002666666666669,6.365333333333333e-05,8.184e-05,0.00010002666666666669,8.184e-05,0.00010912,8706.011730205279,8706.011730205279,11608.015640273705,14924.591537494764,9497.467342042119,14924.591537494764,11608.015640273705,9497.467342042119,11608.015640273705,8706.011730205279,,,,,,,,,,,4100.989736070382,4100.989736070382,5467.986314760508,7030.268118977797,4473.806984804051,7030.268118977797,5467.986314760508,4473.806984804051,5467.986314760508,4100.989736070382,Benchmark for small,Benchmark for small,Benchmark for small,Benchmark for small,Benchmark for small,Benchmark for small,Benchmark for small,Benchmark for small,Benchmark for small,Benchmark for small,1,1,1,1,1,1,1,1,1,1,450.0,450.0,450.0,450.0,450.0,450.0,450.0,450.0,450.0,450.0,resolved,resolved,resolved,resolved,resolved,resolved,resolved,resolved,resolved,resolved,resolved,resolved,resolved,resolved,resolved,resolved,resolved,resolved,resolved,resolved
g6f.large,NVIDIA L4,AMD EPYC 7R13 Processor,0.125,2 vCPUs,8 GiB,100 GB NVMe SSD,0.202,,0.0565,L4,AMD EPYC 7R13 Processor,0.125,2.0,8.0,0.202,,0.0565,72,280.0,96.0,2.9166666666666665,True,100.0,0.1,,Benchmark for small,1.0,1,100.0,0.0,0.0,0.0,0.0,0.0,0.0,0.0,0.0,0.0,0.0,resolved,resolved,benchmark_proxy,"Closest EPYC Milan custom-SKU benchmark/reference listings, serverorbit",AWS custom Milan part; package TDP inferred from common benchmark/reference sources.,proxy_reference,Proxy SSD class with watts expressed on a per-TB basis.,0.202,0.202,0.202,0.202,0.202,0.202,0.202,0.202,0.202,0.202,,,,,,,,,,,0.0565,0.0565,0.0565,0.0565,0.0565,0.0565,0.0565,0.0565,0.0565,0.0565,1.2,1.2,0.9,0.7,1.1,0.7,0.9,1.1,0.9,1.2,1.2,1.2,0.9,0.7,1.1,0.7,0.9,1.1,0.9,1.2,7.7,7.7,5.775,4.491666666666666,7.0583333333333345,4.491666666666666,5.775,7.0583333333333345,5.775,7.7,11.88,11.88,8.91,6.93,10.890000000000002,6.93,8.91,10.890000000000002,8.91,11.88,0.0,0.0,0.0,0.0,0.0,0.0,0.0,0.0,0.0,0.0,0.0,0.0,0.0,0.0,0.0,0.0,0.0,0.0,0.0,0.0,0.0,0.0,0.0,0.0,0.0,0.0,0.0,0.0,0.0,0.0,19.580000000000002,19.580000000000002,14.685,11.421666666666667,17.948333333333338,11.421666666666667,14.685,17.948333333333338,14.685,19.580000000000002,1.9580000000000002e-05,1.9580000000000002e-05,1.4685000000000001e-05,1.1421666666666666e-05,1.794833333333334e-05,1.1421666666666666e-05,1.4685000000000001e-05,1.794833333333334e-05,1.4685000000000001e-05,1.9580000000000002e-05,10316.649642492339,10316.649642492339,13755.532856656453,17685.68510141544,11254.526882718912,17685.68510141544,13755.532856656453,11254.526882718912,13755.532856656453,10316.649642492339,,,,,,,,,,,2885.5975485188965,2885.5975485188965,3847.4633980251956,4946.738654603823,3147.92459838425,4946.738654603823,3847.4633980251956,3147.92459838425,3847.4633980251956,2885.5975485188965,Benchmark for small,Benchmark for small,Benchmark for small,Benchmark for small,Benchmark for small,Benchmark for small,Benchmark for small,Benchmark for small,Benchmark for small,Benchmark for small,1,1,1,1,1,1,1,1,1,1,100.0,100.0,100.0,100.0,100.0,100.0,100.0,100.0,100.0,100.0,resolved,resolved,resolved,resolved,resolved,resolved,resolved,resolved,resolved,resolved,resolved,resolved,resolved,resolved,resolved,resolved,resolved,resolved,resolved,resolved
g6f.xlarge,NVIDIA L4,AMD EPYC 7R13 Processor,0.125,4 vCPUs,16 GiB,100 GB NVMe SSD,0.2375,,0.0946,L4,AMD EPYC 7R13 Processor,0.125,4.0,16.0,0.2375,,0.0946,72,280.0,96.0,2.9166666666666665,True,100.0,0.1,,Benchmark for small,1.0,1,100.0,0.0,0.0,0.0,0.0,0.0,0.0,0.0,0.0,0.0,0.0,resolved,resolved,benchmark_proxy,"Closest EPYC Milan custom-SKU benchmark/reference listings, serverorbit",AWS custom Milan part; package TDP inferred from common benchmark/reference sources.,proxy_reference,Proxy SSD class with watts expressed on a per-TB basis.,0.2375,0.2375,0.2375,0.2375,0.2375,0.2375,0.2375,0.2375,0.2375,0.2375,,,,,,,,,,,0.0946,0.0946,0.0946,0.0946,0.0946,0.0946,0.0946,0.0946,0.0946,0.0946,1.2,1.2,0.9,0.7,1.1,0.7,0.9,1.1,0.9,1.2,1.2,1.2,0.9,0.7,1.1,0.7,0.9,1.1,0.9,1.2,15.4,15.4,11.55,8.983333333333333,14.116666666666669,8.983333333333333,11.55,14.116666666666669,11.55,15.4,11.88,11.88,8.91,6.93,10.890000000000002,6.93,8.91,10.890000000000002,8.91,11.88,0.0,0.0,0.0,0.0,0.0,0.0,0.0,0.0,0.0,0.0,0.0,0.0,0.0,0.0,0.0,0.0,0.0,0.0,0.0,0.0,0.0,0.0,0.0,0.0,0.0,0.0,0.0,0.0,0.0,0.0,27.28,27.28,20.46,15.913333333333332,25.00666666666667,15.913333333333332,20.46,25.00666666666667,20.46,27.28,2.728e-05,2.728e-05,2.046e-05,1.5913333333333332e-05,2.5006666666666672e-05,1.5913333333333332e-05,2.046e-05,2.5006666666666672e-05,2.046e-05,2.728e-05,8706.011730205279,8706.011730205279,11608.015640273705,14924.591537494764,9497.467342042119,14924.591537494764,11608.015640273705,9497.467342042119,11608.015640273705,8706.011730205279,,,,,,,,,,,3467.741935483871,3467.741935483871,4623.655913978495,5944.700460829494,3782.99120234604,5944.700460829494,4623.655913978495,3782.99120234604,4623.655913978495,3467.741935483871,Benchmark for small,Benchmark for small,Benchmark for small,Benchmark for small,Benchmark for small,Benchmark for small,Benchmark for small,Benchmark for small,Benchmark for small,Benchmark for small,1,1,1,1,1,1,1,1,1,1,100.0,100.0,100.0,100.0,100.0,100.0,100.0,100.0,100.0,100.0,resolved,resolved,resolved,resolved,resolved,resolved,resolved,resolved,resolved,resolved,resolved,resolved,resolved,resolved,resolved,resolved,resolved,resolved,resolved,resolved
g7e.12xlarge,NVIDIA GB202,Intel Xeon Scalable (Emerald Rapids),2.0,48 vCPUs,512 GiB,3800 GB NVMe SSD,8.2861,,2.7422,GB202,Intel Xeon Scalable (Emerald Rapids),2.0,48.0,512.0,8.2861,,2.7422,600,350.0,96.0,3.6458333333333335,True,3800.0,3.8,,Benchmark for large,5.0,1,3800.0,0.0,0.0,0.0,0.0,0.0,0.0,0.0,0.0,0.0,0.0,resolved,resolved,family_proxy,Representative Emerald Rapids Xeon benchmark/reference listings,Used average of all models with 3.2Ghz clock speed in Emerald Rapids listing,proxy_reference,Proxy SSD class with watts expressed on a per-TB basis.,8.2861,8.2861,8.2861,8.2861,8.2861,8.2861,8.2861,8.2861,8.2861,8.2861,,,,,,,,,,,2.7422,2.7422,2.7422,2.7422,2.7422,2.7422,2.7422,2.7422,2.7422,2.7422,1.2,1.2,0.9,0.7,1.1,0.7,0.9,1.1,0.9,1.2,1.2,1.2,0.9,0.7,1.1,0.7,0.9,1.1,0.9,1.2,231.0,231.0,173.25000000000003,134.75,211.75000000000003,134.75,173.25000000000003,211.75000000000003,173.25000000000003,231.0,1584.0,1584.0,1188.0000000000002,924.0,1452.0000000000002,924.0,1188.0000000000002,1452.0000000000002,1188.0000000000002,1584.0,0.0,0.0,0.0,0.0,0.0,0.0,0.0,0.0,0.0,0.0,0.0,0.0,0.0,0.0,0.0,0.0,0.0,0.0,0.0,0.0,0.0,0.0,0.0,0.0,0.0,0.0,0.0,0.0,0.0,0.0,1815.0,1815.0,1361.2500000000002,1058.75,1663.7500000000002,1058.75,1361.2500000000002,1663.7500000000002,1361.2500000000002,1815.0,0.001815,0.001815,0.0013612500000000003,0.00105875,0.0016637500000000003,0.00105875,0.0013612500000000003,0.0016637500000000003,0.0013612500000000003,0.001815,4565.3443526170795,4565.3443526170795,6087.125803489438,7826.304604486422,4980.375657400449,7826.304604486422,6087.125803489438,4980.375657400449,6087.125803489438,4565.3443526170795,,,,,,,,,,,1510.8539944903582,1510.8539944903582,2014.4719926538105,2590.035419126328,1648.204357625845,2590.035419126328,2014.4719926538105,1648.204357625845,2014.4719926538105,1510.8539944903582,Benchmark for large,Benchmark for large,Benchmark for large,Benchmark for large,Benchmark for large,Benchmark for large,Benchmark for large,Benchmark for large,Benchmark for large,Benchmark for large,1,1,1,1,1,1,1,1,1,1,3800.0,3800.0,3800.0,3800.0,3800.0,3800.0,3800.0,3800.0,3800.0,3800.0,resolved,resolved,resolved,resolved,resolved,resolved,resolved,resolved,resolved,resolved,resolved,resolved,resolved,resolved,resolved,resolved,resolved,resolved,resolved,resolved
g7e.24xlarge,NVIDIA GB202,Intel Xeon Scalable (Emerald Rapids),4.0,96 vCPUs,1024 GiB,7600 GB (2×3800 GB NVMe SSD),16.5722,,5.2261,GB202,Intel Xeon Scalable (Emerald Rapids),4.0,96.0,1024.0,16.5722,,5.2261,600,350.0,96.0,3.6458333333333335,True,7600.0,7.6,2,Benchmark for large,5.0,2,3800.0,0.0,0.0,0.0,0.0,0.0,0.0,0.0,0.0,0.0,0.0,resolved,resolved,family_proxy,Representative Emerald Rapids Xeon benchmark/reference listings,Used average of all models with 3.2Ghz clock speed in Emerald Rapids listing,proxy_reference,Proxy SSD class with watts expressed on a per-TB basis.,16.5722,16.5722,16.5722,16.5722,16.5722,16.5722,16.5722,16.5722,16.5722,16.5722,,,,,,,,,,,5.2261,5.2261,5.2261,5.2261,5.2261,5.2261,5.2261,5.2261,5.2261,5.2261,1.2,1.2,0.9,0.7,1.1,0.7,0.9,1.1,0.9,1.2,1.2,1.2,0.9,0.7,1.1,0.7,0.9,1.1,0.9,1.2,462.0,462.0,346.50000000000006,269.5,423.50000000000006,269.5,346.50000000000006,423.50000000000006,346.50000000000006,462.0,3168.0,3168.0,2376.0000000000005,1848.0,2904.0000000000005,1848.0,2376.0000000000005,2904.0000000000005,2376.0000000000005,3168.0,0.0,0.0,0.0,0.0,0.0,0.0,0.0,0.0,0.0,0.0,0.0,0.0,0.0,0.0,0.0,0.0,0.0,0.0,0.0,0.0,0.0,0.0,0.0,0.0,0.0,0.0,0.0,0.0,0.0,0.0,3630.0,3630.0,2722.5000000000005,2117.5,3327.5000000000005,2117.5,2722.5000000000005,3327.5000000000005,2722.5000000000005,3630.0,0.00363,0.00363,0.0027225000000000005,0.0021175,0.0033275000000000006,0.0021175,0.0027225000000000005,0.0033275000000000006,0.0027225000000000005,0.00363,4565.3443526170795,4565.3443526170795,6087.125803489438,7826.304604486422,4980.375657400449,7826.304604486422,6087.125803489438,4980.375657400449,6087.125803489438,4565.3443526170795,,,,,,,,,,,1439.6969696969697,1439.6969696969697,1919.5959595959591,2468.051948051948,1570.578512396694,2468.051948051948,1919.5959595959591,1570.578512396694,1919.5959595959591,1439.6969696969697,Benchmark for large,Benchmark for large,Benchmark for large,Benchmark for large,Benchmark for large,Benchmark for large,Benchmark for large,Benchmark for large,Benchmark for large,Benchmark for large,2,2,2,2,2,2,2,2,2,2,3800.0,3800.0,3800.0,3800.0,3800.0,3800.0,3800.0,3800.0,3800.0,3800.0,resolved,resolved,resolved,resolved,resolved,resolved,resolved,resolved,resolved,resolved,resolved,resolved,resolved,resolved,resolved,resolved,resolved,resolved,resolved,resolved
g7e.2xlarge,NVIDIA GB202,Intel Xeon Scalable (Emerald Rapids),1.0,8 vCPUs,64 GiB,1900 GB NVMe SSD,3.3631,,1.0341,GB202,Intel Xeon Scalable (Emerald Rapids),1.0,8.0,64.0,3.3631,,1.0341,600,350.0,96.0,3.6458333333333335,True,1900.0,1.9,,Benchmark for medium,2.5,1,1900.0,0.0,0.0,0.0,0.0,0.0,0.0,0.0,0.0,0.0,0.0,resolved,resolved,family_proxy,Representative Emerald Rapids Xeon benchmark/reference listings,Used average of all models with 3.2Ghz clock speed in Emerald Rapids listing,proxy_reference,Proxy SSD class with watts expressed on a per-TB basis.,3.3631,3.3631,3.3631,3.3631,3.3631,3.3631,3.3631,3.3631,3.3631,3.3631,,,,,,,,,,,1.0341,1.0341,1.0341,1.0341,1.0341,1.0341,1.0341,1.0341,1.0341,1.0341,1.2,1.2,0.9,0.7,1.1,0.7,0.9,1.1,0.9,1.2,1.2,1.2,0.9,0.7,1.1,0.7,0.9,1.1,0.9,1.2,38.5,38.5,28.875000000000004,22.458333333333336,35.29166666666667,22.458333333333336,28.875000000000004,35.29166666666667,28.875000000000004,38.5,792.0,792.0,594.0000000000001,462.0,726.0000000000001,462.0,594.0000000000001,726.0000000000001,594.0000000000001,792.0,0.0,0.0,0.0,0.0,0.0,0.0,0.0,0.0,0.0,0.0,0.0,0.0,0.0,0.0,0.0,0.0,0.0,0.0,0.0,0.0,0.0,0.0,0.0,0.0,0.0,0.0,0.0,0.0,0.0,0.0,830.5,830.5,622.8750000000001,484.4583333333333,761.2916666666667,484.4583333333333,622.8750000000001,761.2916666666667,622.8750000000001,830.5,0.0008305,0.0008305,0.0006228750000000002,0.0004844583333333333,0.0007612916666666667,0.0004844583333333333,0.0006228750000000002,0.0007612916666666667,0.0006228750000000002,0.0008305,4049.488260084287,4049.488260084287,5399.317680112381,6941.979874430206,4417.6235564555855,6941.979874430206,5399.317680112381,4417.6235564555855,5399.317680112381,4049.488260084287,,,,,,,,,,,1245.153521974714,1245.153521974714,1660.204695966285,2134.5488948137954,1358.349296699688,2134.5488948137954,1660.204695966285,1358.349296699688,1660.204695966285,1245.153521974714,Benchmark for medium,Benchmark for medium,Benchmark for medium,Benchmark for medium,Benchmark for medium,Benchmark for medium,Benchmark for medium,Benchmark for medium,Benchmark for medium,Benchmark for medium,1,1,1,1,1,1,1,1,1,1,1900.0,1900.0,1900.0,1900.0,1900.0,1900.0,1900.0,1900.0,1900.0,1900.0,resolved,resolved,resolved,resolved,resolved,resolved,resolved,resolved,resolved,resolved,resolved,resolved,resolved,resolved,resolved,resolved,resolved,resolved,resolved,resolved
g7e.48xlarge,NVIDIA GB202,Intel Xeon Scalable (Emerald Rapids),8.0,192 vCPUs,2048 GiB,15200 GB (4×3800 GB NVMe SSD),33.1443,,11.7392,GB202,Intel Xeon Scalable (Emerald Rapids),8.0,192.0,2048.0,33.1443,,11.7392,600,350.0,96.0,3.6458333333333335,True,15200.0,15.2,4,Benchmark for large,5.0,4,3800.0,0.0,0.0,0.0,0.0,0.0,0.0,0.0,0.0,0.0,0.0,resolved,resolved,family_proxy,Representative Emerald Rapids Xeon benchmark/reference listings,Used average of all models with 3.2Ghz clock speed in Emerald Rapids listing,proxy_reference,Proxy SSD class with watts expressed on a per-TB basis.,33.1443,33.1443,33.1443,33.1443,33.1443,33.1443,33.1443,33.1443,33.1443,33.1443,,,,,,,,,,,11.7392,11.7392,11.7392,11.7392,11.7392,11.7392,11.7392,11.7392,11.7392,11.7392,1.2,1.2,0.9,0.7,1.1,0.7,0.9,1.1,0.9,1.2,1.2,1.2,0.9,0.7,1.1,0.7,0.9,1.1,0.9,1.2,924.0,924.0,693.0000000000001,539.0,847.0000000000001,539.0,693.0000000000001,847.0000000000001,693.0000000000001,924.0,6336.0,6336.0,4752.000000000001,3696.0,5808.000000000001,3696.0,4752.000000000001,5808.000000000001,4752.000000000001,6336.0,0.0,0.0,0.0,0.0,0.0,0.0,0.0,0.0,0.0,0.0,0.0,0.0,0.0,0.0,0.0,0.0,0.0,0.0,0.0,0.0,0.0,0.0,0.0,0.0,0.0,0.0,0.0,0.0,0.0,0.0,7260.0,7260.0,5445.000000000001,4235.0,6655.000000000001,4235.0,5445.000000000001,6655.000000000001,5445.000000000001,7260.0,0.00726,0.00726,0.005445000000000001,0.004235,0.006655000000000001,0.004235,0.005445000000000001,0.006655000000000001,0.005445000000000001,0.00726,4565.330578512397,4565.330578512397,6087.107438016528,7826.280991735537,4980.360631104432,7826.280991735537,6087.107438016528,4980.360631104432,6087.107438016528,4565.330578512397,,,,,,,,,,,1616.969696969697,1616.969696969697,2155.9595959595954,2771.948051948052,1763.9669421487602,2771.948051948052,2155.9595959595954,1763.9669421487602,2155.9595959595954,1616.969696969697,Benchmark for large,Benchmark for large,Benchmark for large,Benchmark for large,Benchmark for large,Benchmark for large,Benchmark for large,Benchmark for large,Benchmark for large,Benchmark for large,4,4,4,4,4,4,4,4,4,4,3800.0,3800.0,3800.0,3800.0,3800.0,3800.0,3800.0,3800.0,3800.0,3800.0,resolved,resolved,resolved,resolved,resolved,resolved,resolved,resolved,resolved,resolved,resolved,resolved,resolved,resolved,resolved,resolved,resolved,resolved,resolved,resolved
g7e.4xlarge,NVIDIA GB202,Intel Xeon Scalable (Emerald Rapids),1.0,16 vCPUs,128 GiB,1900 GB NVMe SSD,3.9982,,1.1858,GB202,Intel Xeon Scalable (Emerald Rapids),1.0,16.0,128.0,3.9982,,1.1858,600,350.0,96.0,3.6458333333333335,True,1900.0,1.9,,Benchmark for medium,2.5,1,1900.0,0.0,0.0,0.0,0.0,0.0,0.0,0.0,0.0,0.0,0.0,resolved,resolved,family_proxy,Representative Emerald Rapids Xeon benchmark/reference listings,Used average of all models with 3.2Ghz clock speed in Emerald Rapids listing,proxy_reference,Proxy SSD class with watts expressed on a per-TB basis.,3.9982,3.9982,3.9982,3.9982,3.9982,3.9982,3.9982,3.9982,3.9982,3.9982,,,,,,,,,,,1.1858,1.1858,1.1858,1.1858,1.1858,1.1858,1.1858,1.1858,1.1858,1.1858,1.2,1.2,0.9,0.7,1.1,0.7,0.9,1.1,0.9,1.2,1.2,1.2,0.9,0.7,1.1,0.7,0.9,1.1,0.9,1.2,77.0,77.0,57.75000000000001,44.91666666666667,70.58333333333334,44.91666666666667,57.75000000000001,70.58333333333334,57.75000000000001,77.0,792.0,792.0,594.0000000000001,462.0,726.0000000000001,462.0,594.0000000000001,726.0000000000001,594.0000000000001,792.0,0.0,0.0,0.0,0.0,0.0,0.0,0.0,0.0,0.0,0.0,0.0,0.0,0.0,0.0,0.0,0.0,0.0,0.0,0.0,0.0,0.0,0.0,0.0,0.0,0.0,0.0,0.0,0.0,0.0,0.0,869.0,869.0,651.7500000000001,506.9166666666667,796.5833333333335,506.9166666666667,651.7500000000001,796.5833333333335,651.7500000000001,869.0,0.000869,0.000869,0.0006517500000000001,0.0005069166666666667,0.0007965833333333335,0.0005069166666666667,0.0006517500000000001,0.0007965833333333335,0.0006517500000000001,0.000869,4600.920598388953,4600.920598388953,6134.5607978519365,7887.292454381062,5019.186107333402,7887.292454381062,6134.5607978519365,5019.186107333402,6134.5607978519365,4600.920598388953,,,,,,,,,,,1364.5569620253164,1364.5569620253164,1819.4092827004217,2339.240506329114,1488.6075949367084,2339.240506329114,1819.4092827004217,1488.6075949367084,1819.4092827004217,1364.5569620253164,Benchmark for medium,Benchmark for medium,Benchmark for medium,Benchmark for medium,Benchmark for medium,Benchmark for medium,Benchmark for medium,Benchmark for medium,Benchmark for medium,Benchmark for medium,1,1,1,1,1,1,1,1,1,1,1900.0,1900.0,1900.0,1900.0,1900.0,1900.0,1900.0,1900.0,1900.0,1900.0,resolved,resolved,resolved,resolved,resolved,resolved,resolved,resolved,resolved,resolved,resolved,resolved,resolved,resolved,resolved,resolved,resolved,resolved,resolved,resolved
g7e.8xlarge,NVIDIA GB202,Intel Xeon Scalable (Emerald Rapids),1.0,32 vCPUs,256 GiB,1900 GB NVMe SSD,5.2682,,1.4696,GB202,Intel Xeon Scalable (Emerald Rapids),1.0,32.0,256.0,5.2682,,1.4696,600,350.0,96.0,3.6458333333333335,True,1900.0,1.9,,Benchmark for medium,2.5,1,1900.0,0.0,0.0,0.0,0.0,0.0,0.0,0.0,0.0,0.0,0.0,resolved,resolved,family_proxy,Representative Emerald Rapids Xeon benchmark/reference listings,Used average of all models with 3.2Ghz clock speed in Emerald Rapids listing,proxy_reference,Proxy SSD class with watts expressed on a per-TB basis.,5.2682,5.2682,5.2682,5.2682,5.2682,5.2682,5.2682,5.2682,5.2682,5.2682,,,,,,,,,,,1.4696,1.4696,1.4696,1.4696,1.4696,1.4696,1.4696,1.4696,1.4696,1.4696,1.2,1.2,0.9,0.7,1.1,0.7,0.9,1.1,0.9,1.2,1.2,1.2,0.9,0.7,1.1,0.7,0.9,1.1,0.9,1.2,154.0,154.0,115.50000000000001,89.83333333333334,141.16666666666669,89.83333333333334,115.50000000000001,141.16666666666669,115.50000000000001,154.0,792.0,792.0,594.0000000000001,462.0,726.0000000000001,462.0,594.0000000000001,726.0000000000001,594.0000000000001,792.0,0.0,0.0,0.0,0.0,0.0,0.0,0.0,0.0,0.0,0.0,0.0,0.0,0.0,0.0,0.0,0.0,0.0,0.0,0.0,0.0,0.0,0.0,0.0,0.0,0.0,0.0,0.0,0.0,0.0,0.0,946.0,946.0,709.5000000000001,551.8333333333334,867.1666666666667,551.8333333333334,709.5000000000001,867.1666666666667,709.5000000000001,946.0,0.000946,0.000946,0.0007095000000000001,0.0005518333333333333,0.0008671666666666667,0.0005518333333333333,0.0007095000000000001,0.0008671666666666667,0.0007095000000000001,0.000946,5568.9217758985205,5568.9217758985205,7425.2290345313595,9546.723044397464,6075.187391889294,9546.723044397464,7425.2290345313595,6075.187391889294,7425.2290345313595,5568.9217758985205,,,,,,,,,,,1553.4883720930234,1553.4883720930234,2071.317829457364,2663.12292358804,1694.7145877378434,2663.12292358804,2071.317829457364,1694.7145877378434,2071.317829457364,1553.4883720930234,Benchmark for medium,Benchmark for medium,Benchmark for medium,Benchmark for medium,Benchmark for medium,Benchmark for medium,Benchmark for medium,Benchmark for medium,Benchmark for medium,Benchmark for medium,1,1,1,1,1,1,1,1,1,1,1900.0,1900.0,1900.0,1900.0,1900.0,1900.0,1900.0,1900.0,1900.0,1900.0,resolved,resolved,resolved,resolved,resolved,resolved,resolved,resolved,resolved,resolved,resolved,resolved,resolved,resolved,resolved,resolved,resolved,resolved,resolved,resolved
gr6.4xlarge,NVIDIA L4,AMD EPYC 7R13 Processor,1.0,16 vCPUs,128 GiB,600 GB NVMe SSD,1.5392,1.002,0.6996,L4,AMD EPYC 7R13 Processor,1.0,16.0,128.0,1.5392,1.002,0.6996,72,280.0,96.0,2.9166666666666665,True,600.0,0.6,,Benchmark for small,1.0,1,600.0,0.0,0.0,0.0,0.0,0.0,0.0,0.0,0.0,0.0,0.0,resolved,resolved,benchmark_proxy,"Closest EPYC Milan custom-SKU benchmark/reference listings, serverorbit",AWS custom Milan part; package TDP inferred from common benchmark/reference sources.,proxy_reference,Proxy SSD class with watts expressed on a per-TB basis.,1.5392,1.5392,1.5392,1.5392,1.5392,1.5392,1.5392,1.5392,1.5392,1.5392,1.002,1.002,1.002,1.002,1.002,1.002,1.002,1.002,1.002,1.002,0.6996,0.6996,0.6996,0.6996,0.6996,0.6996,0.6996,0.6996,0.6996,0.6996,1.2,1.2,0.9,0.7,1.1,0.7,0.9,1.1,0.9,1.2,1.2,1.2,0.9,0.7,1.1,0.7,0.9,1.1,0.9,1.2,61.6,61.6,46.2,35.93333333333333,56.466666666666676,35.93333333333333,46.2,56.466666666666676,46.2,61.6,95.04,95.04,71.28,55.44,87.12000000000002,55.44,71.28,87.12000000000002,71.28,95.04,0.0,0.0,0.0,0.0,0.0,0.0,0.0,0.0,0.0,0.0,0.0,0.0,0.0,0.0,0.0,0.0,0.0,0.0,0.0,0.0,0.0,0.0,0.0,0.0,0.0,0.0,0.0,0.0,0.0,0.0,156.64000000000001,156.64000000000001,117.48,91.37333333333333,143.5866666666667,91.37333333333333,117.48,143.5866666666667,117.48,156.64000000000001,0.00015664000000000002,0.00015664000000000002,0.00011748000000000001,9.137333333333333e-05,0.0001435866666666667,9.137333333333333e-05,0.00011748000000000001,0.0001435866666666667,0.00011748000000000001,0.00015664000000000002,9826.353421859038,9826.353421859038,13101.804562478717,16845.177294615496,10719.658278391677,16845.177294615496,13101.804562478717,10719.658278391677,13101.804562478717,9826.353421859038,6396.833503575076,6396.833503575076,8529.111338100101,10966.00029184299,6978.363822081899,10966.00029184299,8529.111338100101,6978.363822081899,8529.111338100101,6396.833503575076,4466.29213483146,4466.29213483146,5955.056179775281,7656.500802568219,4872.31869254341,7656.500802568219,5955.056179775281,4872.31869254341,5955.056179775281,4466.29213483146,Benchmark for small,Benchmark for small,Benchmark for small,Benchmark for small,Benchmark for small,Benchmark for small,Benchmark for small,Benchmark for small,Benchmark for small,Benchmark for small,1,1,1,1,1,1,1,1,1,1,600.0,600.0,600.0,600.0,600.0,600.0,600.0,600.0,600.0,600.0,resolved,resolved,resolved,resolved,resolved,resolved,resolved,resolved,resolved,resolved,resolved,resolved,resolved,resolved,resolved,resolved,resolved,resolved,resolved,resolved
gr6.8xlarge,NVIDIA L4,AMD EPYC 7R13 Processor,1.0,32 vCPUs,256 GiB,900 GB (2×450 GB NVMe SSD),2.4464,1.5926,1.3261,L4,AMD EPYC 7R13 Processor,1.0,32.0,256.0,2.4464,1.5926,1.3261,72,280.0,96.0,2.9166666666666665,True,900.0,0.9,2,Benchmark for small,1.0,2,450.0,0.0,0.0,0.0,0.0,0.0,0.0,0.0,0.0,0.0,0.0,resolved,resolved,benchmark_proxy,"Closest EPYC Milan custom-SKU benchmark/reference listings, serverorbit",AWS custom Milan part; package TDP inferred from common benchmark/reference sources.,proxy_reference,Proxy SSD class with watts expressed on a per-TB basis.,2.4464,2.4464,2.4464,2.4464,2.4464,2.4464,2.4464,2.4464,2.4464,2.4464,1.5926,1.5926,1.5926,1.5926,1.5926,1.5926,1.5926,1.5926,1.5926,1.5926,1.3261,1.3261,1.3261,1.3261,1.3261,1.3261,1.3261,1.3261,1.3261,1.3261,1.2,1.2,0.9,0.7,1.1,0.7,0.9,1.1,0.9,1.2,1.2,1.2,0.9,0.7,1.1,0.7,0.9,1.1,0.9,1.2,123.2,123.2,92.4,71.86666666666666,112.93333333333335,71.86666666666666,92.4,112.93333333333335,92.4,123.2,95.04,95.04,71.28,55.44,87.12000000000002,55.44,71.28,87.12000000000002,71.28,95.04,0.0,0.0,0.0,0.0,0.0,0.0,0.0,0.0,0.0,0.0,0.0,0.0,0.0,0.0,0.0,0.0,0.0,0.0,0.0,0.0,0.0,0.0,0.0,0.0,0.0,0.0,0.0,0.0,0.0,0.0,218.24,218.24,163.68,127.30666666666666,200.05333333333337,127.30666666666666,163.68,200.05333333333337,163.68,218.24,0.00021824,0.00021824,0.00016368,0.00012730666666666666,0.00020005333333333338,0.00012730666666666666,0.00016368,0.00020005333333333338,0.00016368,0.00021824,11209.677419354839,11209.677419354839,14946.236559139785,19216.589861751156,12228.739002932549,19216.589861751156,14946.236559139785,12228.739002932549,14946.236559139785,11209.677419354839,7297.470674486804,7297.470674486804,9729.960899315738,12509.949727691665,7960.8770994401475,12509.949727691665,9729.960899315738,7960.8770994401475,9729.960899315738,7297.470674486804,6076.337976539589,6076.337976539589,8101.783968719453,10416.579388353583,6628.732338043187,10416.579388353583,8101.783968719453,6628.732338043187,8101.783968719453,6076.337976539589,Benchmark for small,Benchmark for small,Benchmark for small,Benchmark for small,Benchmark for small,Benchmark for small,Benchmark for small,Benchmark for small,Benchmark for small,Benchmark for small,2,2,2,2,2,2,2,2,2,2,450.0,450.0,450.0,450.0,450.0,450.0,450.0,450.0,450.0,450.0,resolved,resolved,resolved,resolved,resolved,resolved,resolved,resolved,resolved,resolved,resolved,resolved,resolved,resolved,resolved,resolved,resolved,resolved,resolved,resolved
gr6f.4xlarge,NVIDIA L4,AMD EPYC 7R13 Processor,0.5,16 vCPUs,128 GiB,450 GB NVMe SSD,1.066,,0.4376,L4,AMD EPYC 7R13 Processor,0.5,16.0,128.0,1.066,,0.4376,72,280.0,96.0,2.9166666666666665,True,450.0,0.45,,Benchmark for small,1.0,1,450.0,0.0,0.0,0.0,0.0,0.0,0.0,0.0,0.0,0.0,0.0,resolved,resolved,benchmark_proxy,"Closest EPYC Milan custom-SKU benchmark/reference listings, serverorbit",AWS custom Milan part; package TDP inferred from common benchmark/reference sources.,proxy_reference,Proxy SSD class with watts expressed on a per-TB basis.,1.066,1.066,1.066,1.066,1.066,1.066,1.066,1.066,1.066,1.066,,,,,,,,,,,0.4376,0.4376,0.4376,0.4376,0.4376,0.4376,0.4376,0.4376,0.4376,0.4376,1.2,1.2,0.9,0.7,1.1,0.7,0.9,1.1,0.9,1.2,1.2,1.2,0.9,0.7,1.1,0.7,0.9,1.1,0.9,1.2,61.6,61.6,46.2,35.93333333333333,56.466666666666676,35.93333333333333,46.2,56.466666666666676,46.2,61.6,47.52,47.52,35.64,27.72,43.56000000000001,27.72,35.64,43.56000000000001,35.64,47.52,0.0,0.0,0.0,0.0,0.0,0.0,0.0,0.0,0.0,0.0,0.0,0.0,0.0,0.0,0.0,0.0,0.0,0.0,0.0,0.0,0.0,0.0,0.0,0.0,0.0,0.0,0.0,0.0,0.0,0.0,109.12,109.12,81.84,63.65333333333333,100.02666666666669,63.65333333333333,81.84,100.02666666666669,81.84,109.12,0.00010912,0.00010912,8.184e-05,6.365333333333333e-05,0.00010002666666666669,6.365333333333333e-05,8.184e-05,0.00010002666666666669,8.184e-05,0.00010912,9769.061583577713,9769.061583577713,13025.415444770284,16746.962714704652,10657.158091175685,16746.962714704652,13025.415444770284,10657.158091175685,13025.415444770284,9769.061583577713,,,,,,,,,,,4010.263929618768,4010.263929618768,5347.018572825024,6874.738165060746,4374.833377765928,6874.738165060746,5347.018572825024,4374.833377765928,5347.018572825024,4010.263929618768,Benchmark for small,Benchmark for small,Benchmark for small,Benchmark for small,Benchmark for small,Benchmark for small,Benchmark for small,Benchmark for small,Benchmark for small,Benchmark for small,1,1,1,1,1,1,1,1,1,1,450.0,450.0,450.0,450.0,450.0,450.0,450.0,450.0,450.0,450.0,resolved,resolved,resolved,resolved,resolved,resolved,resolved,resolved,resolved,resolved,resolved,resolved,resolved,resolved,resolved,resolved,resolved,resolved,resolved,resolved
p2.16xlarge,NVIDIA Tesla K80,Intel Xeon E5-2686 v4 (Broadwell),8.0,64 vCPUs,732 GiB,EBS only,14.4,,,K80,Intel Xeon E5-2686 v4 (Broadwell),8.0,64.0,732.0,14.4,,,300,145.0,36.0,4.027777777777778,False,0.0,0.0,,No host-local SSD attributed,0.0,0,0.0,0.0,0.0,0.0,0.0,0.0,0.0,0.0,0.0,0.0,0.0,resolved,resolved,benchmark_proxy,"Broadwell Xeon benchmark reference listings, CPU World","AWS-associated custom part; direct vendor-like proxy value, CPU World.",not_applicable,EBS-only or no local SSD in instance dataset.,14.4,14.4,14.4,14.4,14.4,14.4,14.4,14.4,14.4,14.4,,,,,,,,,,,,,,,,,,,,,1.2,1.2,0.9,0.7,1.1,0.7,0.9,1.1,0.9,1.2,1.2,1.2,0.9,0.7,1.1,0.7,0.9,1.1,0.9,1.2,340.26666666666665,340.26666666666665,255.20000000000002,198.48888888888888,311.91111111111115,198.48888888888888,255.20000000000002,311.91111111111115,255.20000000000002,340.26666666666665,3168.0,3168.0,2376.0000000000005,1848.0,2904.0000000000005,1848.0,2376.0000000000005,2904.0000000000005,2376.0000000000005,3168.0,0.0,0.0,0.0,0.0,0.0,0.0,0.0,0.0,0.0,0.0,0.0,0.0,0.0,0.0,0.0,0.0,0.0,0.0,0.0,0.0,0.0,0.0,0.0,0.0,0.0,0.0,0.0,0.0,0.0,0.0,3508.2666666666664,3508.2666666666664,2631.2000000000003,2046.4888888888888,3215.9111111111115,2046.4888888888888,2631.2000000000003,3215.9111111111115,2631.2000000000003,3508.2666666666664,0.0035082666666666662,0.0035082666666666662,0.0026312,0.0020464888888888887,0.0032159111111111113,0.0020464888888888887,0.0026312,0.0032159111111111113,0.0026312,0.0035082666666666662,4104.591061112801,4104.591061112801,5472.788081483734,7036.441819050516,4477.7357030321455,7036.441819050516,5472.788081483734,4477.7357030321455,5472.788081483734,4104.591061112801,,,,,,,,,,,,,,,,,,,,,No host-local SSD attributed,No host-local SSD attributed,No host-local SSD attributed,No host-local SSD attributed,No host-local SSD attributed,No host-local SSD attributed,No host-local SSD attributed,No host-local SSD attributed,No host-local SSD attributed,No host-local SSD attributed,0,0,0,0,0,0,0,0,0,0,0.0,0.0,0.0,0.0,0.0,0.0,0.0,0.0,0.0,0.0,resolved,resolved,resolved,resolved,resolved,resolved,resolved,resolved,resolved,resolved,resolved,resolved,resolved,resolved,resolved,resolved,resolved,resolved,resolved,resolved
p2.8xlarge,NVIDIA Tesla K80,Intel Xeon E5-2686 v4 (Broadwell),4.0,32 vCPUs,488 GiB,EBS only,7.2,,,K80,Intel Xeon E5-2686 v4 (Broadwell),4.0,32.0,488.0,7.2,,,300,145.0,36.0,4.027777777777778,False,0.0,0.0,,No host-local SSD attributed,0.0,0,0.0,0.0,0.0,0.0,0.0,0.0,0.0,0.0,0.0,0.0,0.0,resolved,resolved,benchmark_proxy,"Broadwell Xeon benchmark reference listings, CPU World","AWS-associated custom part; direct vendor-like proxy value, CPU World.",not_applicable,EBS-only or no local SSD in instance dataset.,7.2,7.2,7.2,7.2,7.2,7.2,7.2,7.2,7.2,7.2,,,,,,,,,,,,,,,,,,,,,1.2,1.2,0.9,0.7,1.1,0.7,0.9,1.1,0.9,1.2,1.2,1.2,0.9,0.7,1.1,0.7,0.9,1.1,0.9,1.2,170.13333333333333,170.13333333333333,127.60000000000001,99.24444444444444,155.95555555555558,99.24444444444444,127.60000000000001,155.95555555555558,127.60000000000001,170.13333333333333,1584.0,1584.0,1188.0000000000002,924.0,1452.0000000000002,924.0,1188.0000000000002,1452.0000000000002,1188.0000000000002,1584.0,0.0,0.0,0.0,0.0,0.0,0.0,0.0,0.0,0.0,0.0,0.0,0.0,0.0,0.0,0.0,0.0,0.0,0.0,0.0,0.0,0.0,0.0,0.0,0.0,0.0,0.0,0.0,0.0,0.0,0.0,1754.1333333333332,1754.1333333333332,1315.6000000000001,1023.2444444444444,1607.9555555555557,1023.2444444444444,1315.6000000000001,1607.9555555555557,1315.6000000000001,1754.1333333333332,0.0017541333333333331,0.0017541333333333331,0.0013156,0.0010232444444444443,0.0016079555555555557,0.0010232444444444443,0.0013156,0.0016079555555555557,0.0013156,0.0017541333333333331,4104.591061112801,4104.591061112801,5472.788081483734,7036.441819050516,4477.7357030321455,7036.441819050516,5472.788081483734,4477.7357030321455,5472.788081483734,4104.591061112801,,,,,,,,,,,,,,,,,,,,,No host-local SSD attributed,No host-local SSD attributed,No host-local SSD attributed,No host-local SSD attributed,No host-local SSD attributed,No host-local SSD attributed,No host-local SSD attributed,No host-local SSD attributed,No host-local SSD attributed,No host-local SSD attributed,0,0,0,0,0,0,0,0,0,0,0.0,0.0,0.0,0.0,0.0,0.0,0.0,0.0,0.0,0.0,resolved,resolved,resolved,resolved,resolved,resolved,resolved,resolved,resolved,resolved,resolved,resolved,resolved,resolved,resolved,resolved,resolved,resolved,resolved,resolved
p2.xlarge,NVIDIA Tesla K80,Intel Xeon E5-2686 v4 (Broadwell),1.0,4 vCPUs,61 GiB,EBS only,0.9,,,K80,Intel Xeon E5-2686 v4 (Broadwell),1.0,4.0,61.0,0.9,,,300,145.0,36.0,4.027777777777778,False,0.0,0.0,,No host-local SSD attributed,0.0,0,0.0,0.0,0.0,0.0,0.0,0.0,0.0,0.0,0.0,0.0,0.0,resolved,resolved,benchmark_proxy,"Broadwell Xeon benchmark reference listings, CPU World","AWS-associated custom part; direct vendor-like proxy value, CPU World.",not_applicable,EBS-only or no local SSD in instance dataset.,0.9,0.9,0.9,0.9,0.9,0.9,0.9,0.9,0.9,0.9,,,,,,,,,,,,,,,,,,,,,1.2,1.2,0.9,0.7,1.1,0.7,0.9,1.1,0.9,1.2,1.2,1.2,0.9,0.7,1.1,0.7,0.9,1.1,0.9,1.2,21.266666666666666,21.266666666666666,15.950000000000001,12.405555555555555,19.494444444444447,12.405555555555555,15.950000000000001,19.494444444444447,15.950000000000001,21.266666666666666,396.0,396.0,297.00000000000006,231.0,363.00000000000006,231.0,297.00000000000006,363.00000000000006,297.00000000000006,396.0,0.0,0.0,0.0,0.0,0.0,0.0,0.0,0.0,0.0,0.0,0.0,0.0,0.0,0.0,0.0,0.0,0.0,0.0,0.0,0.0,0.0,0.0,0.0,0.0,0.0,0.0,0.0,0.0,0.0,0.0,417.26666666666665,417.26666666666665,312.95000000000005,243.40555555555557,382.4944444444445,243.40555555555557,312.95000000000005,382.4944444444445,312.95000000000005,417.26666666666665,0.00041726666666666665,0.00041726666666666665,0.00031295000000000004,0.00024340555555555556,0.0003824944444444445,0.00024340555555555556,0.00031295000000000004,0.0003824944444444445,0.00031295000000000004,0.00041726666666666665,2156.8940725355487,2156.8940725355487,2875.8587633807315,3697.532695775227,2352.975351856962,3697.532695775227,2875.8587633807315,2352.975351856962,2875.8587633807315,2156.8940725355487,,,,,,,,,,,,,,,,,,,,,No host-local SSD attributed,No host-local SSD attributed,No host-local SSD attributed,No host-local SSD attributed,No host-local SSD attributed,No host-local SSD attributed,No host-local SSD attributed,No host-local SSD attributed,No host-local SSD attributed,No host-local SSD attributed,0,0,0,0,0,0,0,0,0,0,0.0,0.0,0.0,0.0,0.0,0.0,0.0,0.0,0.0,0.0,resolved,resolved,resolved,resolved,resolved,resolved,resolved,resolved,resolved,resolved,resolved,resolved,resolved,resolved,resolved,resolved,resolved,resolved,resolved,resolved
p3.16xlarge,NVIDIA Tesla V100,Intel Xeon E5-2686 v4 (Broadwell),8.0,64 vCPUs,488 GiB,EBS only,24.48,,4.3675,V100,Intel Xeon E5-2686 v4 (Broadwell),8.0,64.0,488.0,24.48,,4.3675,300,145.0,36.0,4.027777777777778,False,0.0,0.0,,No host-local SSD attributed,0.0,0,0.0,0.0,0.0,0.0,0.0,0.0,0.0,0.0,0.0,0.0,0.0,resolved,resolved,benchmark_proxy,"Broadwell Xeon benchmark reference listings, CPU World","AWS-associated custom part; direct vendor-like proxy value, CPU World.",not_applicable,EBS-only or no local SSD in instance dataset.,24.48,24.48,24.48,24.48,24.48,24.48,24.48,24.48,24.48,24.48,,,,,,,,,,,4.3675,4.3675,4.3675,4.3675,4.3675,4.3675,4.3675,4.3675,4.3675,4.3675,1.2,1.2,0.9,0.7,1.1,0.7,0.9,1.1,0.9,1.2,1.2,1.2,0.9,0.7,1.1,0.7,0.9,1.1,0.9,1.2,340.26666666666665,340.26666666666665,255.20000000000002,198.48888888888888,311.91111111111115,198.48888888888888,255.20000000000002,311.91111111111115,255.20000000000002,340.26666666666665,3168.0,3168.0,2376.0000000000005,1848.0,2904.0000000000005,1848.0,2376.0000000000005,2904.0000000000005,2376.0000000000005,3168.0,0.0,0.0,0.0,0.0,0.0,0.0,0.0,0.0,0.0,0.0,0.0,0.0,0.0,0.0,0.0,0.0,0.0,0.0,0.0,0.0,0.0,0.0,0.0,0.0,0.0,0.0,0.0,0.0,0.0,0.0,3508.2666666666664,3508.2666666666664,2631.2000000000003,2046.4888888888888,3215.9111111111115,2046.4888888888888,2631.2000000000003,3215.9111111111115,2631.2000000000003,3508.2666666666664,0.0035082666666666662,0.0035082666666666662,0.0026312,0.0020464888888888887,0.0032159111111111113,0.0020464888888888887,0.0026312,0.0032159111111111113,0.0026312,0.0035082666666666662,6977.804803891761,6977.804803891761,9303.739738522347,11961.951092385876,7612.150695154647,11961.951092385876,9303.739738522347,7612.150695154647,9303.739738522347,6977.804803891761,,,,,,,,,,,1244.9167680145943,1244.9167680145943,1659.8890240194585,2134.1430308821614,1358.0910196522843,2134.1430308821614,1659.8890240194585,1358.0910196522843,1659.8890240194585,1244.9167680145943,No host-local SSD attributed,No host-local SSD attributed,No host-local SSD attributed,No host-local SSD attributed,No host-local SSD attributed,No host-local SSD attributed,No host-local SSD attributed,No host-local SSD attributed,No host-local SSD attributed,No host-local SSD attributed,0,0,0,0,0,0,0,0,0,0,0.0,0.0,0.0,0.0,0.0,0.0,0.0,0.0,0.0,0.0,resolved,resolved,resolved,resolved,resolved,resolved,resolved,resolved,resolved,resolved,resolved,resolved,resolved,resolved,resolved,resolved,resolved,resolved,resolved,resolved
p3.2xlarge,NVIDIA Tesla V100,Intel Xeon E5-2686 v4 (Broadwell),1.0,8 vCPUs,61 GiB,EBS only,3.06,,0.3406,V100,Intel Xeon E5-2686 v4 (Broadwell),1.0,8.0,61.0,3.06,,0.3406,300,145.0,36.0,4.027777777777778,False,0.0,0.0,,No host-local SSD attributed,0.0,0,0.0,0.0,0.0,0.0,0.0,0.0,0.0,0.0,0.0,0.0,0.0,resolved,resolved,benchmark_proxy,"Broadwell Xeon benchmark reference listings, CPU World","AWS-associated custom part; direct vendor-like proxy value, CPU World.",not_applicable,EBS-only or no local SSD in instance dataset.,3.06,3.06,3.06,3.06,3.06,3.06,3.06,3.06,3.06,3.06,,,,,,,,,,,0.3406,0.3406,0.3406,0.3406,0.3406,0.3406,0.3406,0.3406,0.3406,0.3406,1.2,1.2,0.9,0.7,1.1,0.7,0.9,1.1,0.9,1.2,1.2,1.2,0.9,0.7,1.1,0.7,0.9,1.1,0.9,1.2,42.53333333333333,42.53333333333333,31.900000000000002,24.81111111111111,38.988888888888894,24.81111111111111,31.900000000000002,38.988888888888894,31.900000000000002,42.53333333333333,396.0,396.0,297.00000000000006,231.0,363.00000000000006,231.0,297.00000000000006,363.00000000000006,297.00000000000006,396.0,0.0,0.0,0.0,0.0,0.0,0.0,0.0,0.0,0.0,0.0,0.0,0.0,0.0,0.0,0.0,0.0,0.0,0.0,0.0,0.0,0.0,0.0,0.0,0.0,0.0,0.0,0.0,0.0,0.0,0.0,438.5333333333333,438.5333333333333,328.90000000000003,255.8111111111111,401.98888888888894,255.8111111111111,328.90000000000003,401.98888888888894,328.90000000000003,438.5333333333333,0.0004385333333333333,0.0004385333333333333,0.0003289,0.0002558111111111111,0.0004019888888888889,0.0002558111111111111,0.0003289,0.0004019888888888889,0.0003289,0.0004385333333333333,6977.804803891761,6977.804803891761,9303.739738522347,11961.951092385876,7612.150695154647,11961.951092385876,9303.739738522347,7612.150695154647,9303.739738522347,6977.804803891761,,,,,,,,,,,776.6798418972334,776.6798418972334,1035.5731225296443,1331.4511575381143,847.2871002515271,1331.4511575381143,1035.5731225296443,847.2871002515271,1035.5731225296443,776.6798418972334,No host-local SSD attributed,No host-local SSD attributed,No host-local SSD attributed,No host-local SSD attributed,No host-local SSD attributed,No host-local SSD attributed,No host-local SSD attributed,No host-local SSD attributed,No host-local SSD attributed,No host-local SSD attributed,0,0,0,0,0,0,0,0,0,0,0.0,0.0,0.0,0.0,0.0,0.0,0.0,0.0,0.0,0.0,resolved,resolved,resolved,resolved,resolved,resolved,resolved,resolved,resolved,resolved,resolved,resolved,resolved,resolved,resolved,resolved,resolved,resolved,resolved,resolved
p3.8xlarge,NVIDIA Tesla V100,Intel Xeon E5-2686 v4 (Broadwell),4.0,32 vCPUs,244 GiB,EBS only,12.24,,1.7531,V100,Intel Xeon E5-2686 v4 (Broadwell),4.0,32.0,244.0,12.24,,1.7531,300,145.0,36.0,4.027777777777778,False,0.0,0.0,,No host-local SSD attributed,0.0,0,0.0,0.0,0.0,0.0,0.0,0.0,0.0,0.0,0.0,0.0,0.0,resolved,resolved,benchmark_proxy,"Broadwell Xeon benchmark reference listings, CPU World","AWS-associated custom part; direct vendor-like proxy value, CPU World.",not_applicable,EBS-only or no local SSD in instance dataset.,12.24,12.24,12.24,12.24,12.24,12.24,12.24,12.24,12.24,12.24,,,,,,,,,,,1.7531,1.7531,1.7531,1.7531,1.7531,1.7531,1.7531,1.7531,1.7531,1.7531,1.2,1.2,0.9,0.7,1.1,0.7,0.9,1.1,0.9,1.2,1.2,1.2,0.9,0.7,1.1,0.7,0.9,1.1,0.9,1.2,170.13333333333333,170.13333333333333,127.60000000000001,99.24444444444444,155.95555555555558,99.24444444444444,127.60000000000001,155.95555555555558,127.60000000000001,170.13333333333333,1584.0,1584.0,1188.0000000000002,924.0,1452.0000000000002,924.0,1188.0000000000002,1452.0000000000002,1188.0000000000002,1584.0,0.0,0.0,0.0,0.0,0.0,0.0,0.0,0.0,0.0,0.0,0.0,0.0,0.0,0.0,0.0,0.0,0.0,0.0,0.0,0.0,0.0,0.0,0.0,0.0,0.0,0.0,0.0,0.0,0.0,0.0,1754.1333333333332,1754.1333333333332,1315.6000000000001,1023.2444444444444,1607.9555555555557,1023.2444444444444,1315.6000000000001,1607.9555555555557,1315.6000000000001,1754.1333333333332,0.0017541333333333331,0.0017541333333333331,0.0013156,0.0010232444444444443,0.0016079555555555557,0.0010232444444444443,0.0013156,0.0016079555555555557,0.0013156,0.0017541333333333331,6977.804803891761,6977.804803891761,9303.739738522347,11961.951092385876,7612.150695154647,11961.951092385876,9303.739738522347,7612.150695154647,9303.739738522347,6977.804803891761,,,,,,,,,,,999.410915171785,999.410915171785,1332.547886895713,1713.2758545802028,1090.2664529146743,1713.2758545802028,1332.547886895713,1090.2664529146743,1332.547886895713,999.410915171785,No host-local SSD attributed,No host-local SSD attributed,No host-local SSD attributed,No host-local SSD attributed,No host-local SSD attributed,No host-local SSD attributed,No host-local SSD attributed,No host-local SSD attributed,No host-local SSD attributed,No host-local SSD attributed,0,0,0,0,0,0,0,0,0,0,0.0,0.0,0.0,0.0,0.0,0.0,0.0,0.0,0.0,0.0,resolved,resolved,resolved,resolved,resolved,resolved,resolved,resolved,resolved,resolved,resolved,resolved,resolved,resolved,resolved,resolved,resolved,resolved,resolved,resolved
p3dn.24xlarge,NVIDIA Tesla V100,Intel Xeon Platinum 8175 (Skylake),8.0,96 vCPUs,768 GiB,1800 GB (2×900 GB NVMe SSD),31.212,19.215,7.3791,V100,Intel Xeon Platinum 8175 (Skylake),8.0,96.0,768.0,31.212,19.215,7.3791,300,240.0,48.0,5.0,True,1800.0,1.8,2,Benchmark for small,1.0,2,900.0,0.0,0.0,0.0,0.0,0.0,0.0,0.0,0.0,0.0,0.0,resolved,resolved,benchmark_proxy,"Closest Skylake Xeon benchmark/reference listings, CPU World",Proxy package TDP from common reference sources of 8175M. CPU World,proxy_reference,Proxy SSD class with watts expressed on a per-TB basis.,31.212,31.212,31.212,31.212,31.212,31.212,31.212,31.212,31.212,31.212,19.215,19.215,19.215,19.215,19.215,19.215,19.215,19.215,19.215,19.215,7.3791,7.3791,7.3791,7.3791,7.3791,7.3791,7.3791,7.3791,7.3791,7.3791,1.2,1.2,0.9,0.7,1.1,0.7,0.9,1.1,0.9,1.2,1.2,1.2,0.9,0.7,1.1,0.7,0.9,1.1,0.9,1.2,633.6,633.6,475.20000000000005,369.6,580.8000000000001,369.6,475.20000000000005,580.8000000000001,475.20000000000005,633.6,3168.0,3168.0,2376.0000000000005,1848.0,2904.0000000000005,1848.0,2376.0000000000005,2904.0000000000005,2376.0000000000005,3168.0,0.0,0.0,0.0,0.0,0.0,0.0,0.0,0.0,0.0,0.0,0.0,0.0,0.0,0.0,0.0,0.0,0.0,0.0,0.0,0.0,0.0,0.0,0.0,0.0,0.0,0.0,0.0,0.0,0.0,0.0,3801.6,3801.6,2851.2000000000007,2217.6,3484.8000000000006,2217.6,2851.2000000000007,3484.8000000000006,2851.2000000000007,3801.6,0.0038016,0.0038016,0.0028512000000000008,0.0022175999999999997,0.0034848000000000006,0.0022175999999999997,0.0028512000000000008,0.0034848000000000006,0.0028512000000000008,0.0038016,8210.227272727272,8210.227272727272,10946.969696969694,14074.675324675327,8956.611570247933,14074.675324675327,10946.969696969694,8956.611570247933,10946.969696969694,8210.227272727272,5054.450757575757,5054.450757575757,6739.267676767675,8664.772727272728,5513.946280991735,8664.772727272728,6739.267676767675,5513.946280991735,6739.267676767675,5054.450757575757,1941.0511363636365,1941.0511363636365,2588.068181818181,3327.516233766234,2117.510330578512,3327.516233766234,2588.068181818181,2117.510330578512,2588.068181818181,1941.0511363636365,Benchmark for small,Benchmark for small,Benchmark for small,Benchmark for small,Benchmark for small,Benchmark for small,Benchmark for small,Benchmark for small,Benchmark for small,Benchmark for small,2,2,2,2,2,2,2,2,2,2,900.0,900.0,900.0,900.0,900.0,900.0,900.0,900.0,900.0,900.0,resolved,resolved,resolved,resolved,resolved,resolved,resolved,resolved,resolved,resolved,resolved,resolved,resolved,resolved,resolved,resolved,resolved,resolved,resolved,resolved
p4d.24xlarge,NVIDIA A100,Intel Xeon Platinum 8275L,8.0,96 vCPUs,1152 GiB,8000 GB (8×1000 GB NVMe SSD),21.9576,13.9211,10.6617,A100,Intel Xeon Platinum 8275L,8.0,96.0,1152.0,21.9576,13.9211,10.6617,400,240.0,48.0,5.0,True,8000.0,8.0,8,Benchmark for small,1.0,8,1000.0,0.0,0.0,0.0,0.0,0.0,0.0,0.0,0.0,0.0,0.0,resolved,resolved,benchmark_proxy,Closest Cascade Lake benchmark/reference listings,No clean public Intel datasheet for exact AWS context; Intel for 8276L proxy used.,proxy_reference,Proxy SSD class with watts expressed on a per-TB basis.,21.9576,21.9576,21.9576,21.9576,21.9576,21.9576,21.9576,21.9576,21.9576,21.9576,13.9211,13.9211,13.9211,13.9211,13.9211,13.9211,13.9211,13.9211,13.9211,13.9211,10.6617,10.6617,10.6617,10.6617,10.6617,10.6617,10.6617,10.6617,10.6617,10.6617,1.2,1.2,0.9,0.7,1.1,0.7,0.9,1.1,0.9,1.2,1.2,1.2,0.9,0.7,1.1,0.7,0.9,1.1,0.9,1.2,633.6,633.6,475.20000000000005,369.6,580.8000000000001,369.6,475.20000000000005,580.8000000000001,475.20000000000005,633.6,4224.0,4224.0,3168.0000000000005,2464.0,3872.0000000000005,2464.0,3168.0000000000005,3872.0000000000005,3168.0000000000005,4224.0,0.0,0.0,0.0,0.0,0.0,0.0,0.0,0.0,0.0,0.0,0.0,0.0,0.0,0.0,0.0,0.0,0.0,0.0,0.0,0.0,0.0,0.0,0.0,0.0,0.0,0.0,0.0,0.0,0.0,0.0,4857.6,4857.6,3643.2000000000007,2833.6,4452.8,2833.6,3643.2000000000007,4452.8,3643.2000000000007,4857.6,0.0048576,0.0048576,0.0036432000000000005,0.0028336,0.0044528,0.0028336,0.0036432000000000005,0.0044528,0.0036432000000000005,0.0048576,4520.256916996047,4520.256916996047,6027.009222661395,7749.01185770751,4931.189363995688,7749.01185770751,6027.009222661395,4931.189363995688,6027.009222661395,4520.256916996047,2865.839097496706,2865.839097496706,3821.1187966622742,4912.867024280067,3126.369924541861,4912.867024280067,3821.1187966622742,3126.369924541861,3821.1187966622742,2865.839097496706,2194.849308300395,2194.849308300395,2926.4657444005265,3762.598814229249,2394.3810636004314,3762.598814229249,2926.4657444005265,2394.3810636004314,2926.4657444005265,2194.849308300395,Benchmark for small,Benchmark for small,Benchmark for small,Benchmark for small,Benchmark for small,Benchmark for small,Benchmark for small,Benchmark for small,Benchmark for small,Benchmark for small,8,8,8,8,8,8,8,8,8,8,1000.0,1000.0,1000.0,1000.0,1000.0,1000.0,1000.0,1000.0,1000.0,1000.0,resolved,resolved,resolved,resolved,resolved,resolved,resolved,resolved,resolved,resolved,resolved,resolved,resolved,resolved,resolved,resolved,resolved,resolved,resolved,resolved
p4de.24xlarge,NVIDIA A100,Intel Xeon Platinum 8275L,8.0,96 vCPUs,1152 GiB,8000 GB (8×1000 GB NVMe SSD),27.4471,17.4014,15.0015,A100,Intel Xeon Platinum 8275L,8.0,96.0,1152.0,27.4471,17.4014,15.0015,400,240.0,48.0,5.0,True,8000.0,8.0,8,Benchmark for small,1.0,8,1000.0,0.0,0.0,0.0,0.0,0.0,0.0,0.0,0.0,0.0,0.0,resolved,resolved,benchmark_proxy,Closest Cascade Lake benchmark/reference listings,No clean public Intel datasheet for exact AWS context; Intel for 8276L proxy used.,proxy_reference,Proxy SSD class with watts expressed on a per-TB basis.,27.4471,27.4471,27.4471,27.4471,27.4471,27.4471,27.4471,27.4471,27.4471,27.4471,17.4014,17.4014,17.4014,17.4014,17.4014,17.4014,17.4014,17.4014,17.4014,17.4014,15.0015,15.0015,15.0015,15.0015,15.0015,15.0015,15.0015,15.0015,15.0015,15.0015,1.2,1.2,0.9,0.7,1.1,0.7,0.9,1.1,0.9,1.2,1.2,1.2,0.9,0.7,1.1,0.7,0.9,1.1,0.9,1.2,633.6,633.6,475.20000000000005,369.6,580.8000000000001,369.6,475.20000000000005,580.8000000000001,475.20000000000005,633.6,4224.0,4224.0,3168.0000000000005,2464.0,3872.0000000000005,2464.0,3168.0000000000005,3872.0000000000005,3168.0000000000005,4224.0,0.0,0.0,0.0,0.0,0.0,0.0,0.0,0.0,0.0,0.0,0.0,0.0,0.0,0.0,0.0,0.0,0.0,0.0,0.0,0.0,0.0,0.0,0.0,0.0,0.0,0.0,0.0,0.0,0.0,0.0,4857.6,4857.6,3643.2000000000007,2833.6,4452.8,2833.6,3643.2000000000007,4452.8,3643.2000000000007,4857.6,0.0048576,0.0048576,0.0036432000000000005,0.0028336,0.0044528,0.0028336,0.0036432000000000005,0.0044528,0.0036432000000000005,0.0048576,5650.341732542819,5650.341732542819,7533.788976723758,9686.300112930548,6164.009162773985,9686.300112930548,7533.788976723758,6164.009162773985,7533.788976723758,5650.341732542819,3582.3040184453225,3582.3040184453225,4776.405357927096,6141.092603049125,3907.9680201221704,6141.092603049125,4776.405357927096,3907.9680201221704,4776.405357927096,3582.3040184453225,3088.2534584980235,3088.2534584980235,4117.671277997364,5294.148785996612,3369.003772906935,5294.148785996612,4117.671277997364,3369.003772906935,4117.671277997364,3088.2534584980235,Benchmark for small,Benchmark for small,Benchmark for small,Benchmark for small,Benchmark for small,Benchmark for small,Benchmark for small,Benchmark for small,Benchmark for small,Benchmark for small,8,8,8,8,8,8,8,8,8,8,1000.0,1000.0,1000.0,1000.0,1000.0,1000.0,1000.0,1000.0,1000.0,1000.0,resolved,resolved,resolved,resolved,resolved,resolved,resolved,resolved,resolved,resolved,resolved,resolved,resolved,resolved,resolved,resolved,resolved,resolved,resolved,resolved
p5.48xlarge,NVIDIA H100,AMD EPYC 7R13 Processor,8.0,192 vCPUs,2048 GiB,30400 GB (8×3800 GB NVMe SSD),55.04,23.777,29.7167,H100,AMD EPYC 7R13 Processor,8.0,192.0,2048.0,55.04,23.777,29.7167,700,280.0,96.0,2.9166666666666665,True,30400.0,30.4,8,Benchmark for large,5.0,8,3800.0,0.0,0.0,0.0,0.0,0.0,0.0,0.0,0.0,0.0,0.0,resolved,resolved,benchmark_proxy,"Closest EPYC Milan custom-SKU benchmark/reference listings, serverorbit",AWS custom Milan part; package TDP inferred from common benchmark/reference sources.,proxy_reference,Proxy SSD class with watts expressed on a per-TB basis.,55.04,55.04,55.04,55.04,55.04,55.04,55.04,55.04,55.04,55.04,23.777,23.777,23.777,23.777,23.777,23.777,23.777,23.777,23.777,23.777,29.7167,29.7167,29.7167,29.7167,29.7167,29.7167,29.7167,29.7167,29.7167,29.7167,1.2,1.2,0.9,0.7,1.1,0.7,0.9,1.1,0.9,1.2,1.2,1.2,0.9,0.7,1.1,0.7,0.9,1.1,0.9,1.2,739.2,739.2,554.4000000000001,431.2,677.6000000000001,431.2,554.4000000000001,677.6000000000001,554.4000000000001,739.2,7392.0,7392.0,5544.000000000001,4312.0,6776.000000000001,4312.0,5544.000000000001,6776.000000000001,5544.000000000001,7392.0,0.0,0.0,0.0,0.0,0.0,0.0,0.0,0.0,0.0,0.0,0.0,0.0,0.0,0.0,0.0,0.0,0.0,0.0,0.0,0.0,0.0,0.0,0.0,0.0,0.0,0.0,0.0,0.0,0.0,0.0,8131.2,8131.2,6098.4000000000015,4743.2,7453.600000000001,4743.2,6098.4000000000015,7453.600000000001,6098.4000000000015,8131.2,0.0081312,0.0081312,0.006098400000000001,0.0047431999999999995,0.007453600000000001,0.0047431999999999995,0.006098400000000001,0.007453600000000001,0.006098400000000001,0.0081312,6768.9885871704055,6768.9885871704055,9025.318116227205,11603.980435149268,7384.351186004077,11603.980435149268,9025.318116227205,7384.351186004077,9025.318116227205,6768.9885871704055,2924.1686343959072,2924.1686343959072,3898.8915125278754,5012.86051610727,3190.0021466137164,5012.86051610727,3898.8915125278754,3190.0021466137164,3898.8915125278754,2924.1686343959072,3654.651219992129,3654.651219992129,4872.868293322837,6265.116377129365,3986.8922399914127,6265.116377129365,4872.868293322837,3986.8922399914127,4872.868293322837,3654.651219992129,Benchmark for large,Benchmark for large,Benchmark for large,Benchmark for large,Benchmark for large,Benchmark for large,Benchmark for large,Benchmark for large,Benchmark for large,Benchmark for large,8,8,8,8,8,8,8,8,8,8,3800.0,3800.0,3800.0,3800.0,3800.0,3800.0,3800.0,3800.0,3800.0,3800.0,resolved,resolved,resolved,resolved,resolved,resolved,resolved,resolved,resolved,resolved,resolved,resolved,resolved,resolved,resolved,resolved,resolved,resolved,resolved,resolved
p5.4xlarge,NVIDIA H100,AMD EPYC 7R13 Processor,1.0,16 vCPUs,256 GiB,3800 GB NVMe SSD,6.88,2.972,3.8348,H100,AMD EPYC 7R13 Processor,1.0,16.0,256.0,6.88,2.972,3.8348,700,280.0,96.0,2.9166666666666665,True,3800.0,3.8,,Benchmark for large,5.0,1,3800.0,0.0,0.0,0.0,0.0,0.0,0.0,0.0,0.0,0.0,0.0,resolved,resolved,benchmark_proxy,"Closest EPYC Milan custom-SKU benchmark/reference listings, serverorbit",AWS custom Milan part; package TDP inferred from common benchmark/reference sources.,proxy_reference,Proxy SSD class with watts expressed on a per-TB basis.,6.88,6.88,6.88,6.88,6.88,6.88,6.88,6.88,6.88,6.88,2.972,2.972,2.972,2.972,2.972,2.972,2.972,2.972,2.972,2.972,3.8348,3.8348,3.8348,3.8348,3.8348,3.8348,3.8348,3.8348,3.8348,3.8348,1.2,1.2,0.9,0.7,1.1,0.7,0.9,1.1,0.9,1.2,1.2,1.2,0.9,0.7,1.1,0.7,0.9,1.1,0.9,1.2,61.6,61.6,46.2,35.93333333333333,56.466666666666676,35.93333333333333,46.2,56.466666666666676,46.2,61.6,924.0,924.0,693.0000000000001,539.0,847.0000000000001,539.0,693.0000000000001,847.0000000000001,693.0000000000001,924.0,0.0,0.0,0.0,0.0,0.0,0.0,0.0,0.0,0.0,0.0,0.0,0.0,0.0,0.0,0.0,0.0,0.0,0.0,0.0,0.0,0.0,0.0,0.0,0.0,0.0,0.0,0.0,0.0,0.0,0.0,985.6,985.6,739.2000000000002,574.9333333333333,903.4666666666668,574.9333333333333,739.2000000000002,903.4666666666668,739.2000000000002,985.6,0.0009856,0.0009856,0.0007392000000000002,0.0005749333333333333,0.0009034666666666668,0.0005749333333333333,0.0007392000000000002,0.0009034666666666668,0.0007392000000000002,0.0009856,6980.51948051948,6980.51948051948,9307.359307359306,11966.604823747683,7615.112160566705,11966.604823747683,9307.359307359306,7615.112160566705,9307.359307359306,6980.51948051948,3015.4220779220777,3015.4220779220777,4020.5627705627694,5169.2949907235625,3289.5513577331753,5169.2949907235625,4020.5627705627694,3289.5513577331753,4020.5627705627694,3015.4220779220777,3890.827922077922,3890.827922077922,5187.770562770562,6669.990723562153,4244.539551357732,6669.990723562153,5187.770562770562,4244.539551357732,5187.770562770562,3890.827922077922,Benchmark for large,Benchmark for large,Benchmark for large,Benchmark for large,Benchmark for large,Benchmark for large,Benchmark for large,Benchmark for large,Benchmark for large,Benchmark for large,1,1,1,1,1,1,1,1,1,1,3800.0,3800.0,3800.0,3800.0,3800.0,3800.0,3800.0,3800.0,3800.0,3800.0,resolved,resolved,resolved,resolved,resolved,resolved,resolved,resolved,resolved,resolved,resolved,resolved,resolved,resolved,resolved,resolved,resolved,resolved,resolved,resolved
p5e.48xlarge,NVIDIA H200,AMD EPYC 7R13 Processor,8.0,192 vCPUs,2048 GiB,30400 GB (8×3800 GB NVMe SSD),1.8432,,17.167,H200,AMD EPYC 7R13 Processor,8.0,192.0,2048.0,1.8432,,17.167,700,280.0,96.0,2.9166666666666665,True,30400.0,30.4,8,Benchmark for large,5.0,8,3800.0,0.0,0.0,0.0,0.0,0.0,0.0,0.0,0.0,0.0,0.0,resolved,resolved,benchmark_proxy,"Closest EPYC Milan custom-SKU benchmark/reference listings, serverorbit",AWS custom Milan part; package TDP inferred from common benchmark/reference sources.,proxy_reference,Proxy SSD class with watts expressed on a per-TB basis.,1.8432,1.8432,1.8432,1.8432,1.8432,1.8432,1.8432,1.8432,1.8432,1.8432,,,,,,,,,,,17.167,17.167,17.167,17.167,17.167,17.167,17.167,17.167,17.167,17.167,1.2,1.2,0.9,0.7,1.1,0.7,0.9,1.1,0.9,1.2,1.2,1.2,0.9,0.7,1.1,0.7,0.9,1.1,0.9,1.2,739.2,739.2,554.4000000000001,431.2,677.6000000000001,431.2,554.4000000000001,677.6000000000001,554.4000000000001,739.2,7392.0,7392.0,5544.000000000001,4312.0,6776.000000000001,4312.0,5544.000000000001,6776.000000000001,5544.000000000001,7392.0,0.0,0.0,0.0,0.0,0.0,0.0,0.0,0.0,0.0,0.0,0.0,0.0,0.0,0.0,0.0,0.0,0.0,0.0,0.0,0.0,0.0,0.0,0.0,0.0,0.0,0.0,0.0,0.0,0.0,0.0,8131.2,8131.2,6098.4000000000015,4743.2,7453.600000000001,4743.2,6098.4000000000015,7453.600000000001,6098.4000000000015,8131.2,0.0081312,0.0081312,0.006098400000000001,0.0047431999999999995,0.007453600000000001,0.0047431999999999995,0.006098400000000001,0.007453600000000001,0.006098400000000001,0.0081312,226.68240850059033,226.68240850059033,302.24321133412036,388.59841457244056,247.28990018246213,388.59841457244056,302.24321133412036,247.28990018246213,302.24321133412036,226.68240850059033,,,,,,,,,,,2111.2504919323105,2111.2504919323105,2815.0006559097465,3619.2865575982464,2303.182354835247,3619.2865575982464,2815.0006559097465,2303.182354835247,2815.0006559097465,2111.2504919323105,Benchmark for large,Benchmark for large,Benchmark for large,Benchmark for large,Benchmark for large,Benchmark for large,Benchmark for large,Benchmark for large,Benchmark for large,Benchmark for large,8,8,8,8,8,8,8,8,8,8,3800.0,3800.0,3800.0,3800.0,3800.0,3800.0,3800.0,3800.0,3800.0,3800.0,resolved,resolved,resolved,resolved,resolved,resolved,resolved,resolved,resolved,resolved,resolved,resolved,resolved,resolved,resolved,resolved,resolved,resolved,resolved,resolved
p5en.48xlarge,NVIDIA H200,Intel Xeon Scalable (Sapphire Rapids),8.0,192 vCPUs,2048 GiB,30400 GB (8×3800 GB NVMe SSD),63.296,,18.4564,H200,Intel Xeon Scalable (Sapphire Rapids),8.0,192.0,2048.0,63.296,,18.4564,700,205.0,64.0,3.203125,True,30400.0,30.4,8,Benchmark for large,5.0,8,3800.0,0.0,0.0,0.0,0.0,0.0,0.0,0.0,0.0,0.0,0.0,resolved,resolved,family_proxy - check,Representative Sapphire Rapids Xeon benchmark/reference listings,Generic family label in source data; representative family proxy used. 6438N/M/Y+ proxy used,proxy_reference,Proxy SSD class with watts expressed on a per-TB basis.,63.296,63.296,63.296,63.296,63.296,63.296,63.296,63.296,63.296,63.296,,,,,,,,,,,18.4564,18.4564,18.4564,18.4564,18.4564,18.4564,18.4564,18.4564,18.4564,18.4564,1.2,1.2,0.9,0.7,1.1,0.7,0.9,1.1,0.9,1.2,1.2,1.2,0.9,0.7,1.1,0.7,0.9,1.1,0.9,1.2,811.8000000000001,811.8000000000001,608.85,473.55,744.1500000000001,473.55,608.85,744.1500000000001,608.85,811.8000000000001,7392.0,7392.0,5544.000000000001,4312.0,6776.000000000001,4312.0,5544.000000000001,6776.000000000001,5544.000000000001,7392.0,0.0,0.0,0.0,0.0,0.0,0.0,0.0,0.0,0.0,0.0,0.0,0.0,0.0,0.0,0.0,0.0,0.0,0.0,0.0,0.0,0.0,0.0,0.0,0.0,0.0,0.0,0.0,0.0,0.0,0.0,8203.8,8203.8,6152.850000000001,4785.55,7520.1500000000015,4785.55,6152.850000000001,7520.1500000000015,6152.850000000001,8203.8,0.008203799999999999,0.008203799999999999,0.006152850000000001,0.00478555,0.0075201500000000015,0.00478555,0.006152850000000001,0.0075201500000000015,0.006152850000000001,0.008203799999999999,7715.448938296888,7715.448938296888,10287.265251062514,13226.483894223233,8416.853387232966,13226.483894223233,10287.265251062514,8416.853387232966,10287.265251062514,7715.448938296888,,,,,,,,,,,2249.7379263268244,2249.7379263268244,2999.650568435765,3856.6935879888406,2454.259555992898,3856.6935879888406,2999.650568435765,2454.259555992898,2999.650568435765,2249.7379263268244,Benchmark for large,Benchmark for large,Benchmark for large,Benchmark for large,Benchmark for large,Benchmark for large,Benchmark for large,Benchmark for large,Benchmark for large,Benchmark for large,8,8,8,8,8,8,8,8,8,8,3800.0,3800.0,3800.0,3800.0,3800.0,3800.0,3800.0,3800.0,3800.0,3800.0,resolved,resolved,resolved,resolved,resolved,resolved,resolved,resolved,resolved,resolved,resolved,resolved,resolved,resolved,resolved,resolved,resolved,resolved,resolved,resolved
p6-b200.48xlarge,NVIDIA B200,Intel Xeon Scalable (Emerald Rapids),8.0,192 vCPUs,2048 GiB,30400 GB (8×3800 GB NVMe SSD),113.9328,,30.1695,B200,Intel Xeon Scalable (Emerald Rapids),8.0,192.0,2048.0,113.9328,,30.1695,1000,350.0,96.0,3.6458333333333335,True,30400.0,30.4,8,Benchmark for large,5.0,8,3800.0,0.0,0.0,0.0,0.0,0.0,0.0,0.0,0.0,0.0,0.0,resolved,resolved,family_proxy,Representative Emerald Rapids Xeon benchmark/reference listings,Used average of all models with 3.2Ghz clock speed in Emerald Rapids listing,proxy_reference,Proxy SSD class with watts expressed on a per-TB basis.,113.9328,113.9328,113.9328,113.9328,113.9328,113.9328,113.9328,113.9328,113.9328,113.9328,,,,,,,,,,,30.1695,30.1695,30.1695,30.1695,30.1695,30.1695,30.1695,30.1695,30.1695,30.1695,1.2,1.2,0.9,0.7,1.1,0.7,0.9,1.1,0.9,1.2,1.2,1.2,0.9,0.7,1.1,0.7,0.9,1.1,0.9,1.2,924.0,924.0,693.0000000000001,539.0,847.0000000000001,539.0,693.0000000000001,847.0000000000001,693.0000000000001,924.0,10560.0,10560.0,7920.000000000001,6160.0,9680.000000000002,6160.0,7920.000000000001,9680.000000000002,7920.000000000001,10560.0,0.0,0.0,0.0,0.0,0.0,0.0,0.0,0.0,0.0,0.0,0.0,0.0,0.0,0.0,0.0,0.0,0.0,0.0,0.0,0.0,0.0,0.0,0.0,0.0,0.0,0.0,0.0,0.0,0.0,0.0,11484.0,11484.0,8613.000000000002,6699.0,10527.000000000002,6699.0,8613.000000000002,10527.000000000002,8613.000000000002,11484.0,0.011484,0.011484,0.008613000000000003,0.006699,0.010527000000000002,0.006699,0.008613000000000003,0.010527000000000002,0.008613000000000003,0.011484,9921.00313479624,9921.00313479624,13228.004179728314,17007.43394536498,10822.912510686803,17007.43394536498,13228.004179728314,10822.912510686803,13228.004179728314,9921.00313479624,,,,,,,,,,,2627.0898641588296,2627.0898641588296,3502.7864855451053,4503.58262427228,2865.9162154459955,4503.58262427228,3502.7864855451053,2865.9162154459955,3502.7864855451053,2627.0898641588296,Benchmark for large,Benchmark for large,Benchmark for large,Benchmark for large,Benchmark for large,Benchmark for large,Benchmark for large,Benchmark for large,Benchmark for large,Benchmark for large,8,8,8,8,8,8,8,8,8,8,3800.0,3800.0,3800.0,3800.0,3800.0,3800.0,3800.0,3800.0,3800.0,3800.0,resolved,resolved,resolved,resolved,resolved,resolved,resolved,resolved,resolved,resolved,resolved,resolved,resolved,resolved,resolved,resolved,resolved,resolved,resolved,resolved
p6-b300.48xlarge,NVIDIA B300,Intel Xeon Scalable (Emerald Rapids),8.0,192 vCPUs,4096 GiB,30400 GB (8×3800 GB NVMe SSD),142.416,,26.331,B300,Intel Xeon Scalable (Emerald Rapids),8.0,192.0,4096.0,142.416,,26.331,1100,350.0,96.0,3.6458333333333335,True,30400.0,30.4,8,Benchmark for large,5.0,8,3800.0,0.0,0.0,0.0,0.0,0.0,0.0,0.0,0.0,0.0,0.0,resolved,resolved,family_proxy,Representative Emerald Rapids Xeon benchmark/reference listings,Used average of all models with 3.2Ghz clock speed in Emerald Rapids listing,proxy_reference,Proxy SSD class with watts expressed on a per-TB basis.,142.416,142.416,142.416,142.416,142.416,142.416,142.416,142.416,142.416,142.416,,,,,,,,,,,26.331,26.331,26.331,26.331,26.331,26.331,26.331,26.331,26.331,26.331,1.2,1.2,0.9,0.7,1.1,0.7,0.9,1.1,0.9,1.2,1.2,1.2,0.9,0.7,1.1,0.7,0.9,1.1,0.9,1.2,924.0,924.0,693.0000000000001,539.0,847.0000000000001,539.0,693.0000000000001,847.0000000000001,693.0000000000001,924.0,11616.0,11616.0,8712.0,6776.0,10648.000000000002,6776.0,8712.0,10648.000000000002,8712.0,11616.0,0.0,0.0,0.0,0.0,0.0,0.0,0.0,0.0,0.0,0.0,0.0,0.0,0.0,0.0,0.0,0.0,0.0,0.0,0.0,0.0,0.0,0.0,0.0,0.0,0.0,0.0,0.0,0.0,0.0,0.0,12540.0,12540.0,9405.0,7315.0,11495.000000000002,7315.0,9405.0,11495.000000000002,9405.0,12540.0,0.01254,0.01254,0.009405,0.007315,0.011495000000000002,0.007315,0.009405,0.011495000000000002,0.009405,0.01254,11356.937799043062,11356.937799043062,15142.583732057416,19469.036226930963,12389.386689865156,19469.036226930963,15142.583732057416,12389.386689865156,15142.583732057416,11356.937799043062,,,,,,,,,,,2099.7607655502393,2099.7607655502393,2799.681020733652,3599.58988380041,2290.648107872988,3599.58988380041,2799.681020733652,2290.648107872988,2799.681020733652,2099.7607655502393,Benchmark for large,Benchmark for large,Benchmark for large,Benchmark for large,Benchmark for large,Benchmark for large,Benchmark for large,Benchmark for large,Benchmark for large,Benchmark for large,8,8,8,8,8,8,8,8,8,8,3800.0,3800.0,3800.0,3800.0,3800.0,3800.0,3800.0,3800.0,3800.0,3800.0,resolved,resolved,resolved,resolved,resolved,resolved,resolved,resolved,resolved,resolved,resolved,resolved,resolved,resolved,resolved,resolved,resolved,resolved,resolved,resolved
p6e-gb200.36xlarge,NVIDIA B200,NVIDIA Grace,36.0,144 vCPUs,960 GiB,EBS only,,,,B200,NVIDIA Grace,36.0,144.0,960.0,,,,1000,500.0,144.0,3.4722222222222223,False,0.0,0.0,,No host-local SSD attributed,0.0,0,0.0,0.0,0.0,0.0,0.0,0.0,0.0,0.0,0.0,0.0,0.0,resolved,resolved,official_vendor_spec,NVIDIA Grace CPU Superchip product architecture/specs,Direct vendor value.,not_applicable,EBS-only or no local SSD in instance dataset.,,,,,,,,,,,,,,,,,,,,,,,,,,,,,,,1.2,1.2,0.9,0.7,1.1,0.7,0.9,1.1,0.9,1.2,1.2,1.2,0.9,0.7,1.1,0.7,0.9,1.1,0.9,1.2,660.0,660.0,495.00000000000006,385.0,605.0000000000001,385.0,495.00000000000006,605.0000000000001,495.00000000000006,660.0,47520.0,47520.0,35640.00000000001,27720.0,43560.00000000001,27720.0,35640.00000000001,43560.00000000001,35640.00000000001,47520.0,0.0,0.0,0.0,0.0,0.0,0.0,0.0,0.0,0.0,0.0,0.0,0.0,0.0,0.0,0.0,0.0,0.0,0.0,0.0,0.0,0.0,0.0,0.0,0.0,0.0,0.0,0.0,0.0,0.0,0.0,48180.0,48180.0,36135.00000000001,28105.0,44165.00000000001,28105.0,36135.00000000001,44165.00000000001,36135.00000000001,48180.0,0.04818,0.04818,0.03613500000000001,0.028105,0.04416500000000001,0.028105,0.03613500000000001,0.04416500000000001,0.03613500000000001,0.04818,,,,,,,,,,,,,,,,,,,,,,,,,,,,,,,No host-local SSD attributed,No host-local SSD attributed,No host-local SSD attributed,No host-local SSD attributed,No host-local SSD attributed,No host-local SSD attributed,No host-local SSD attributed,No host-local SSD attributed,No host-local SSD attributed,No host-local SSD attributed,0,0,0,0,0,0,0,0,0,0,0.0,0.0,0.0,0.0,0.0,0.0,0.0,0.0,0.0,0.0,resolved,resolved,resolved,resolved,resolved,resolved,resolved,resolved,resolved,resolved,resolved,resolved,resolved,resolved,resolved,resolved,resolved,resolved,resolved,resolved
trn2.48xlarge,AWS Trainium2,Intel Xeon Scalable (Sapphire Rapids),16.0,192 vCPUs,2048 GiB,7600 GB (4×1900 GB NVMe SSD),0.125,,8.721,AWST2,Intel Xeon Scalable (Sapphire Rapids),16.0,192.0,2048.0,0.125,,8.721,500,205.0,64.0,3.203125,True,7600.0,7.6,4,Benchmark for medium,2.5,4,1900.0,0.0,0.0,0.0,0.0,0.0,0.0,0.0,0.0,0.0,0.0,resolved,resolved,family_proxy - check,Representative Sapphire Rapids Xeon benchmark/reference listings,Generic family label in source data; representative family proxy used. 6438N/M/Y+ proxy used,proxy_reference,Proxy SSD class with watts expressed on a per-TB basis.,0.125,0.125,0.125,0.125,0.125,0.125,0.125,0.125,0.125,0.125,,,,,,,,,,,8.721,8.721,8.721,8.721,8.721,8.721,8.721,8.721,8.721,8.721,1.2,1.2,0.9,0.7,1.1,0.7,0.9,1.1,0.9,1.2,1.2,1.2,0.9,0.7,1.1,0.7,0.9,1.1,0.9,1.2,811.8000000000001,811.8000000000001,608.85,473.55,744.1500000000001,473.55,608.85,744.1500000000001,608.85,811.8000000000001,10560.0,10560.0,7920.000000000001,6160.0,9680.000000000002,6160.0,7920.000000000001,9680.000000000002,7920.000000000001,10560.0,0.0,0.0,0.0,0.0,0.0,0.0,0.0,0.0,0.0,0.0,0.0,0.0,0.0,0.0,0.0,0.0,0.0,0.0,0.0,0.0,0.0,0.0,0.0,0.0,0.0,0.0,0.0,0.0,0.0,0.0,11371.8,11371.8,8528.85,6633.55,10424.150000000001,6633.55,8528.85,10424.150000000001,8528.85,11371.8,0.0113718,0.0113718,0.008528850000000001,0.00663355,0.010424150000000002,0.00663355,0.008528850000000001,0.010424150000000002,0.008528850000000001,0.0113718,10.99210327300867,10.99210327300867,14.656137697344892,18.843605610872007,11.99138538873673,18.843605610872007,14.656137697344892,11.99138538873673,14.656137697344892,10.99210327300867,,,,,,,,,,,766.897061151269,766.897061151269,1022.5294148683585,1314.680676259318,836.6149758013842,1314.680676259318,1022.5294148683585,836.6149758013842,1022.5294148683585,766.897061151269,Benchmark for medium,Benchmark for medium,Benchmark for medium,Benchmark for medium,Benchmark for medium,Benchmark for medium,Benchmark for medium,Benchmark for medium,Benchmark for medium,Benchmark for medium,4,4,4,4,4,4,4,4,4,4,1900.0,1900.0,1900.0,1900.0,1900.0,1900.0,1900.0,1900.0,1900.0,1900.0,resolved,resolved,resolved,resolved,resolved,resolved,resolved,resolved,resolved,resolved,resolved,resolved,resolved,resolved,resolved,resolved,resolved,resolved,resolved,resolved
