instance_type,GPU model,Physical Processor,GPUs,vCPUs,Instance Memory,Instance Storage,On Demand Filled,Linux Reserved cost Filled,Linux Spot Average cost Filled,gpu_model_clean,cpu_model_clean,gpu_count,vcpu_count,memory_gib,price_usd_per_hour,reserved_price_usd_per_hour,spot_price_usd_per_hour,gpu_tdp_w_per_gpu,cpu_tdp_w_package,threads_per_package,cpu_tdp_w_per_vcpu,storage_is_local_ssd,storage_total_gb,storage_total_tb,storage_drive_count_explicit,proxy_model,proxy_capacity_gb,estimated_drive_count,estimated_per_drive_gb,idle_w_per_tb,active_w_per_tb,ssd_idle_w_per_tb,ssd_active_w_per_tb,idle_w,active_w,ssd_idle_w_total,ssd_active_w_total,ram_idle_w_total,ram_active_w_total,cpu_mapping_status,gpu_mapping_status,cpu_source_type,cpu_source_name,cpu_source_note,source_type,source_note,price_usd_per_hour_custom,price_usd_per_hour_hi,price_usd_per_hour_inf_median,price_usd_per_hour_inf_p10,price_usd_per_hour_inf_p90,price_usd_per_hour_lo,price_usd_per_hour_mid,price_usd_per_hour_trng_median,price_usd_per_hour_trng_p10,price_usd_per_hour_trng_p90,reserved_price_usd_per_hour_custom,reserved_price_usd_per_hour_hi,reserved_price_usd_per_hour_inf_median,reserved_price_usd_per_hour_inf_p10,reserved_price_usd_per_hour_inf_p90,reserved_price_usd_per_hour_lo,reserved_price_usd_per_hour_mid,reserved_price_usd_per_hour_trng_median,reserved_price_usd_per_hour_trng_p10,reserved_price_usd_per_hour_trng_p90,spot_price_usd_per_hour_custom,spot_price_usd_per_hour_hi,spot_price_usd_per_hour_inf_median,spot_price_usd_per_hour_inf_p10,spot_price_usd_per_hour_inf_p90,spot_price_usd_per_hour_lo,spot_price_usd_per_hour_mid,spot_price_usd_per_hour_trng_median,spot_price_usd_per_hour_trng_p10,spot_price_usd_per_hour_trng_p90,cpu_utilization_custom,cpu_utilization_hi,cpu_utilization_inf_median,cpu_utilization_inf_p10,cpu_utilization_inf_p90,cpu_utilization_lo,cpu_utilization_mid,cpu_utilization_trng_median,cpu_utilization_trng_p10,cpu_utilization_trng_p90,gpu_utilization_custom,gpu_utilization_hi,gpu_utilization_inf_median,gpu_utilization_inf_p10,gpu_utilization_inf_p90,gpu_utilization_lo,gpu_utilization_mid,gpu_utilization_trng_median,gpu_utilization_trng_p10,gpu_utilization_trng_p90,total_cpu_power_w_custom,total_cpu_power_w_hi,total_cpu_power_w_inf_median,total_cpu_power_w_inf_p10,total_cpu_power_w_inf_p90,total_cpu_power_w_lo,total_cpu_power_w_mid,total_cpu_power_w_trng_median,total_cpu_power_w_trng_p10,total_cpu_power_w_trng_p90,total_gpu_power_w_custom,total_gpu_power_w_hi,total_gpu_power_w_inf_median,total_gpu_power_w_inf_p10,total_gpu_power_w_inf_p90,total_gpu_power_w_lo,total_gpu_power_w_mid,total_gpu_power_w_trng_median,total_gpu_power_w_trng_p10,total_gpu_power_w_trng_p90,total_ram_power_w_custom,total_ram_power_w_hi,total_ram_power_w_inf_median,total_ram_power_w_inf_p10,total_ram_power_w_inf_p90,total_ram_power_w_lo,total_ram_power_w_mid,total_ram_power_w_trng_median,total_ram_power_w_trng_p10,total_ram_power_w_trng_p90,total_ssd_power_w_custom,total_ssd_power_w_hi,total_ssd_power_w_inf_median,total_ssd_power_w_inf_p10,total_ssd_power_w_inf_p90,total_ssd_power_w_lo,total_ssd_power_w_mid,total_ssd_power_w_trng_median,total_ssd_power_w_trng_p10,total_ssd_power_w_trng_p90,other_components_power_w_custom,other_components_power_w_hi,other_components_power_w_inf_median,other_components_power_w_inf_p10,other_components_power_w_inf_p90,other_components_power_w_lo,other_components_power_w_mid,other_components_power_w_trng_median,other_components_power_w_trng_p10,other_components_power_w_trng_p90,total_power_w_custom,total_power_w_hi,total_power_w_inf_median,total_power_w_inf_p10,total_power_w_inf_p90,total_power_w_lo,total_power_w_mid,total_power_w_trng_median,total_power_w_trng_p10,total_power_w_trng_p90,total_power_mw_custom,total_power_mw_hi,total_power_mw_inf_median,total_power_mw_inf_p10,total_power_mw_inf_p90,total_power_mw_lo,total_power_mw_mid,total_power_mw_trng_median,total_power_mw_trng_p10,total_power_mw_trng_p90,voll_usd_per_mwh_custom,voll_usd_per_mwh_hi,voll_usd_per_mwh_inf_median,voll_usd_per_mwh_inf_p10,voll_usd_per_mwh_inf_p90,voll_usd_per_mwh_lo,voll_usd_per_mwh_mid,voll_usd_per_mwh_trng_median,voll_usd_per_mwh_trng_p10,voll_usd_per_mwh_trng_p90,voll_reserved_usd_per_mwh_custom,voll_reserved_usd_per_mwh_hi,voll_reserved_usd_per_mwh_inf_median,voll_reserved_usd_per_mwh_inf_p10,voll_reserved_usd_per_mwh_inf_p90,voll_reserved_usd_per_mwh_lo,voll_reserved_usd_per_mwh_mid,voll_reserved_usd_per_mwh_trng_median,voll_reserved_usd_per_mwh_trng_p10,voll_reserved_usd_per_mwh_trng_p90,voll_spot_usd_per_mwh_custom,voll_spot_usd_per_mwh_hi,voll_spot_usd_per_mwh_inf_median,voll_spot_usd_per_mwh_inf_p10,voll_spot_usd_per_mwh_inf_p90,voll_spot_usd_per_mwh_lo,voll_spot_usd_per_mwh_mid,voll_spot_usd_per_mwh_trng_median,voll_spot_usd_per_mwh_trng_p10,voll_spot_usd_per_mwh_trng_p90,proxy_model_custom,proxy_model_hi,proxy_model_inf_median,proxy_model_inf_p10,proxy_model_inf_p90,proxy_model_lo,proxy_model_mid,proxy_model_trng_median,proxy_model_trng_p10,proxy_model_trng_p90,estimated_drive_count_custom,estimated_drive_count_hi,estimated_drive_count_inf_median,estimated_drive_count_inf_p10,estimated_drive_count_inf_p90,estimated_drive_count_lo,estimated_drive_count_mid,estimated_drive_count_trng_median,estimated_drive_count_trng_p10,estimated_drive_count_trng_p90,estimated_per_drive_gb_custom,estimated_per_drive_gb_hi,estimated_per_drive_gb_inf_median,estimated_per_drive_gb_inf_p10,estimated_per_drive_gb_inf_p90,estimated_per_drive_gb_lo,estimated_per_drive_gb_mid,estimated_per_drive_gb_trng_median,estimated_per_drive_gb_trng_p10,estimated_per_drive_gb_trng_p90,cpu_mapping_status_custom,cpu_mapping_status_hi,cpu_mapping_status_inf_median,cpu_mapping_status_inf_p10,cpu_mapping_status_inf_p90,cpu_mapping_status_lo,cpu_mapping_status_mid,cpu_mapping_status_trng_median,cpu_mapping_status_trng_p10,cpu_mapping_status_trng_p90,gpu_mapping_status_custom,gpu_mapping_status_hi,gpu_mapping_status_inf_median,gpu_mapping_status_inf_p10,gpu_mapping_status_inf_p90,gpu_mapping_status_lo,gpu_mapping_status_mid,gpu_mapping_status_trng_median,gpu_mapping_status_trng_p10,gpu_mapping_status_trng_p90,Name,Instance Family,CoreMark Score,Compute Family,FFmpeg FPS,Memory Speed,Uses NUMA Architecture,NUMA Node Count,Max NUMA Distance,Cores per NUMA Node (Avg),Threads per NUMA Node (Avg),Memory per NUMA Node (Avg MB),L3 Cache per NUMA Node (Avg MB),L3 Cache Shared,Compute Units (ECU),GiB of Memory per vCPU,GPU memory,CUDA Compute Capability,FPGAs,ECU per vCPU,Clock Speed(GHz),Intel AVX,Intel AVX2,Intel AVX-512,Intel Turbo,Instance Storage: already warmed-up,Instance Storage: SSD TRIM Support,Arch,Network Performance,EBS Optimized: Baseline Bandwidth,EBS Optimized: Baseline Throughput (128K),EBS Optimized: Baseline IOPS (16K),EBS Optimized: Max Bandwidth,EBS Optimized: Max Throughput (128K),EBS Optimized: Max IOPS (16K),EBS Exposed as NVMe,Max IPs,Max ENIs,Enhanced Networking,Bare metal,Trunking compatible,Branch interface,VPC Only,IPv6 Support,Placement Group Support,Linux Virtualization,On EMR,Availability Zones,On Demand,Linux Reserved cost,Linux Spot Minimum cost,Linux Spot Average cost,RHEL On Demand cost,RHEL Reserved cost,RHEL Spot Minimum cost,RHEL Spot Maximum cost,RHEL with HA On Demand cost,RHEL with HA Reserved cost,RHEL with HA Spot Minimum cost,RHEL with HA Spot Maximum cost,SLES On Demand cost,SLES Reserved cost,SLES Spot Minimum cost,SLES Spot Maximum cost,Windows On Demand cost,Windows Reserved cost,Windows Spot Minimum cost,Windows Spot Average cost,Dedicated Host On Demand,Dedicated Host Reserved,Windows SQL Web On Demand cost,Windows SQL Web Reserved cost,Windows SQL Std On Demand cost,Windows SQL Std Reserved cost,Windows SQL Ent On Demand cost,Windows SQL Ent Reserved cost,Linux SQL Web On Demand cost,Linux SQL Web Reserved cost,Linux SQL Std On Demand cost,Linux SQL Std Reserved cost,Linux SQL Ent On Demand cost,Linux SQL Ent Reserved cost,Linux Spot Interrupt Frequency,EMR cost,Generation,GPU Architectures,GPU Temp (Avg °C),FFmpeg Used CUDA,FFmpeg Speed,GPU Power Draw (Avg Watts),GPU Power Limit (Watts),GPU Graphics Clock (Avg MHz),GPU SM Clock (Avg MHz),GPU Memory Clock (Avg MHz),GPU Video Clock (Avg MHz),On Demand (Vantage),Linux Spot Average cost (Vantage),Linux Reserved cost (Vantage),On Demand Numeric,Linux Spot Average Numeric,Linux Reserved Numeric
dl2q.24xlarge,Qualcomm AI 100 Accelerators,Intel Xeon Platinum 8259 (Cascade Lake),8.0,96 vCPUs,768 GiB,EBS only,11.5952,7.305,10.078,QA100,Intel Xeon Platinum 8259 (Cascade Lake),8.0,96.0,768.0,11.5952,7.305,10.078,75,210.0,48.0,4.375,False,0.0,0.0,,No host-local SSD attributed,0.0,0,0.0,0.0,0.0,0.0,0.0,0.0,0.0,0.0,0.0,0.0,0.0,resolved,resolved,benchmark_proxy,"Closest Cascade Lake benchmark/reference listings, CPU World",Custom AWS-adjacent SKU; inferred from common reference sites.,not_applicable,EBS-only or no local SSD in instance dataset.,11.5952,11.5952,11.5952,11.5952,11.5952,11.5952,11.5952,11.5952,11.5952,11.5952,7.305,7.305,7.305,7.305,7.305,7.305,7.305,7.305,7.305,7.305,10.078,10.078,10.078,10.078,10.078,10.078,10.078,10.078,10.078,10.078,1.2,1.2,0.9,0.7,1.1,0.7,0.9,1.1,0.9,1.2,1.2,1.2,0.9,0.7,1.1,0.7,0.9,1.1,0.9,1.2,554.4,554.4,415.80000000000007,323.40000000000003,508.2000000000001,323.40000000000003,415.80000000000007,508.2000000000001,415.80000000000007,554.4,792.0,792.0,594.0000000000001,462.0,726.0000000000001,462.0,594.0000000000001,726.0000000000001,594.0000000000001,792.0,0.0,0.0,0.0,0.0,0.0,0.0,0.0,0.0,0.0,0.0,0.0,0.0,0.0,0.0,0.0,0.0,0.0,0.0,0.0,0.0,0.0,0.0,0.0,0.0,0.0,0.0,0.0,0.0,0.0,0.0,1346.4,1346.4,1009.8000000000002,785.4000000000001,1234.2000000000005,785.4000000000001,1009.8000000000002,1234.2000000000005,1009.8000000000002,1346.4,0.0013464,0.0013464,0.0010098,0.0007854,0.0012342,0.0007854,0.0010098,0.0012342,0.0010098,0.0013464,8612.002376708258,8612.002376708258,11482.66983561101,14763.432645785584,9394.911683681736,14763.432645785584,11482.66983561101,9394.911683681736,11482.66983561101,8612.002376708258,5425.579322638146,5425.579322638146,7234.105763517527,9300.993124522534,5918.81380651434,9300.993124522534,7234.105763517527,5918.81380651434,7234.105763517527,5425.579322638146,7485.145573380867,7485.145573380867,9980.194097841157,12831.67812579577,8165.613352779126,12831.67812579577,9980.194097841157,8165.613352779126,9980.194097841157,7485.145573380867,No host-local SSD attributed,No host-local SSD attributed,No host-local SSD attributed,No host-local SSD attributed,No host-local SSD attributed,No host-local SSD attributed,No host-local SSD attributed,No host-local SSD attributed,No host-local SSD attributed,No host-local SSD attributed,0,0,0,0,0,0,0,0,0,0,0.0,0.0,0.0,0.0,0.0,0.0,0.0,0.0,0.0,0.0,resolved,resolved,resolved,resolved,resolved,resolved,resolved,resolved,resolved,resolved,resolved,resolved,resolved,resolved,resolved,resolved,resolved,resolved,resolved,resolved,DL2Q 24xlarge,dl2q,"1,295,313.484",Machine Learning ASIC Instances,179.0 fps,2933 MT/s,Yes,2.0,21.0,24.0,48.0,382935 MB,35.0 MB,Yes,0 units,8.00 GiB/vCPU,128 GiB,0.0,0,0.0000 units,2.5 GHz,Yes,Yes,Yes,Yes,,,x86_64,100 Gigabit,19000 Mbps,2375 MB/s,80000 IOPS,19000 Mbps,2375 MB/s,80000 IOPS,Yes,750.0,15.0,Yes,No,Yes,107.0,Yes,Yes,Yes,Unknown,No,,,,,,,,,,,,,,,,,,,,,,,,,,,,,,,,,,,,,,current,,,No,5.97x,,,,,,,11.5952,10.078,7.305,,,
g2.2xlarge,NVIDIA GRID K520,Intel Xeon E5-2670 (Sandy Bridge),1.0,8 vCPUs,15 GiB,EBS only,0.65,,,K520,Intel Xeon E5-2670 (Sandy Bridge),1.0,8.0,15.0,0.65,,,225,115.0,16.0,7.1875,False,0.0,0.0,,No host-local SSD attributed,0.0,0,0.0,0.0,0.0,0.0,0.0,0.0,0.0,0.0,0.0,0.0,0.0,resolved,resolved,vendor spec,Common Sandy Bridge Xeon benchmark/reference listings,Direct vendor-like proxy value.,not_applicable,EBS-only or no local SSD in instance dataset.,0.65,0.65,0.65,0.65,0.65,0.65,0.65,0.65,0.65,0.65,,,,,,,,,,,,,,,,,,,,,1.2,1.2,0.9,0.7,1.1,0.7,0.9,1.1,0.9,1.2,1.2,1.2,0.9,0.7,1.1,0.7,0.9,1.1,0.9,1.2,75.9,75.9,56.925,44.275,69.57500000000002,44.275,56.925,69.57500000000002,56.925,75.9,297.0,297.0,222.75000000000003,173.25,272.25000000000006,173.25,222.75000000000003,272.25000000000006,222.75000000000003,297.0,0.0,0.0,0.0,0.0,0.0,0.0,0.0,0.0,0.0,0.0,0.0,0.0,0.0,0.0,0.0,0.0,0.0,0.0,0.0,0.0,0.0,0.0,0.0,0.0,0.0,0.0,0.0,0.0,0.0,0.0,372.9,372.9,279.675,217.525,341.82500000000005,217.525,279.675,341.82500000000005,279.675,372.9,0.0003728999999999,0.0003728999999999,0.000279675,0.000217525,0.000341825,0.000217525,0.000279675,0.000341825,0.000279675,0.0003728999999999,1743.094663448646,1743.094663448646,2324.126217931528,2988.1622801976782,1901.5578146712496,2988.1622801976782,2324.126217931528,1901.5578146712496,2324.126217931528,1743.094663448646,,,,,,,,,,,,,,,,,,,,,No host-local SSD attributed,No host-local SSD attributed,No host-local SSD attributed,No host-local SSD attributed,No host-local SSD attributed,No host-local SSD attributed,No host-local SSD attributed,No host-local SSD attributed,No host-local SSD attributed,No host-local SSD attributed,0,0,0,0,0,0,0,0,0,0,0.0,0.0,0.0,0.0,0.0,0.0,0.0,0.0,0.0,0.0,resolved,resolved,resolved,resolved,resolved,resolved,resolved,resolved,resolved,resolved,resolved,resolved,resolved,resolved,resolved,resolved,resolved,resolved,resolved,resolved,G2 Double Extra Large,g2,,GPU instance,,,,,,,,,,,26 units,1.88 GiB/vCPU,4 GiB,3.0,0,3.2500 units,2.6 GHz,Yes,,,Yes,,,x86_64,Moderate,,,,,,,No,,,No,,,,No,No,Yes,Unknown,No,,$0.65 hourly,,,,$0.765 hourly,,,,,,,,$0.75 hourly,,,,$0.767 hourly,,,,$2.86 hourly,,$0.957 hourly,,$3.816 hourly,,,,$0.785 hourly,,$1.61 hourly,,,,,,previous,,,,,,,,,,,0.65,,,0.65,,
g2.8xlarge,NVIDIA GRID K520,Intel Xeon E5-2670 (Sandy Bridge),4.0,32 vCPUs,60 GiB,EBS only,2.6,,,K520,Intel Xeon E5-2670 (Sandy Bridge),4.0,32.0,60.0,2.6,,,225,115.0,16.0,7.1875,False,0.0,0.0,,No host-local SSD attributed,0.0,0,0.0,0.0,0.0,0.0,0.0,0.0,0.0,0.0,0.0,0.0,0.0,resolved,resolved,vendor spec,Common Sandy Bridge Xeon benchmark/reference listings,Direct vendor-like proxy value.,not_applicable,EBS-only or no local SSD in instance dataset.,2.6,2.6,2.6,2.6,2.6,2.6,2.6,2.6,2.6,2.6,,,,,,,,,,,,,,,,,,,,,1.2,1.2,0.9,0.7,1.1,0.7,0.9,1.1,0.9,1.2,1.2,1.2,0.9,0.7,1.1,0.7,0.9,1.1,0.9,1.2,303.6,303.6,227.7,177.1,278.30000000000007,177.1,227.7,278.30000000000007,227.7,303.6,1188.0,1188.0,891.0000000000001,693.0,1089.0000000000002,693.0,891.0000000000001,1089.0000000000002,891.0000000000001,1188.0,0.0,0.0,0.0,0.0,0.0,0.0,0.0,0.0,0.0,0.0,0.0,0.0,0.0,0.0,0.0,0.0,0.0,0.0,0.0,0.0,0.0,0.0,0.0,0.0,0.0,0.0,0.0,0.0,0.0,0.0,1491.6,1491.6,1118.7,870.1,1367.3000000000002,870.1,1118.7,1367.3000000000002,1118.7,1491.6,0.0014915999999999,0.0014915999999999,0.0011187,0.0008701,0.0013673,0.0008701,0.0011187,0.0013673,0.0011187,0.0014915999999999,1743.094663448646,1743.094663448646,2324.126217931528,2988.1622801976782,1901.5578146712496,2988.1622801976782,2324.126217931528,1901.5578146712496,2324.126217931528,1743.094663448646,,,,,,,,,,,,,,,,,,,,,No host-local SSD attributed,No host-local SSD attributed,No host-local SSD attributed,No host-local SSD attributed,No host-local SSD attributed,No host-local SSD attributed,No host-local SSD attributed,No host-local SSD attributed,No host-local SSD attributed,No host-local SSD attributed,0,0,0,0,0,0,0,0,0,0,0.0,0.0,0.0,0.0,0.0,0.0,0.0,0.0,0.0,0.0,resolved,resolved,resolved,resolved,resolved,resolved,resolved,resolved,resolved,resolved,resolved,resolved,resolved,resolved,resolved,resolved,resolved,resolved,resolved,resolved,G2 Eight Extra Large,g2,,GPU instance,,,,,,,,,,,104 units,1.88 GiB/vCPU,16 GiB,3.0,0,3.2500 units,2.6 GHz,Yes,,,Yes,,,x86_64,High,,,,,,,No,,,No,,,,No,No,Yes,Unknown,No,,$2.60 hourly,,,,$2.946 hourly,,,,,,,,$2.70 hourly,,,,$2.878 hourly,,,,$2.86 hourly,,,,,,$16.072 hourly,,,,,,$14.60 hourly,,,,previous,,,,,,,,,,,2.6,,,2.6,,
g3.16xlarge,NVIDIA Tesla M60,Intel Xeon E5-2686 v4 (Broadwell),4.0,64 vCPUs,488 GiB,EBS only,4.56,,,M60,Intel Xeon E5-2686 v4 (Broadwell),4.0,64.0,488.0,4.56,,,300,145.0,36.0,4.027777777777778,False,0.0,0.0,,No host-local SSD attributed,0.0,0,0.0,0.0,0.0,0.0,0.0,0.0,0.0,0.0,0.0,0.0,0.0,resolved,resolved,benchmark_proxy,"Broadwell Xeon benchmark reference listings, CPU World","AWS-associated custom part; direct vendor-like proxy value, CPU World.",not_applicable,EBS-only or no local SSD in instance dataset.,4.56,4.56,4.56,4.56,4.56,4.56,4.56,4.56,4.56,4.56,,,,,,,,,,,,,,,,,,,,,1.2,1.2,0.9,0.7,1.1,0.7,0.9,1.1,0.9,1.2,1.2,1.2,0.9,0.7,1.1,0.7,0.9,1.1,0.9,1.2,340.26666666666665,340.26666666666665,255.2,198.48888888888888,311.91111111111115,198.48888888888888,255.2,311.91111111111115,255.2,340.26666666666665,1584.0,1584.0,1188.0000000000002,924.0,1452.0000000000002,924.0,1188.0000000000002,1452.0000000000002,1188.0000000000002,1584.0,0.0,0.0,0.0,0.0,0.0,0.0,0.0,0.0,0.0,0.0,0.0,0.0,0.0,0.0,0.0,0.0,0.0,0.0,0.0,0.0,0.0,0.0,0.0,0.0,0.0,0.0,0.0,0.0,0.0,0.0,1924.2666666666669,1924.2666666666669,1443.2000000000005,1122.4888888888888,1763.9111111111115,1122.4888888888888,1443.2000000000005,1763.9111111111115,1443.2000000000005,1924.2666666666669,0.0019242666666666,0.0019242666666666,0.0014432,0.0011224888888888,0.0017639111111111,0.0011224888888888,0.0014432,0.0017639111111111,0.0014432,0.0019242666666666,2369.733924611973,2369.733924611973,3159.645232815964,4062.401013620526,2585.1642813948797,4062.401013620526,3159.645232815964,2585.1642813948797,3159.645232815964,2369.733924611973,,,,,,,,,,,,,,,,,,,,,No host-local SSD attributed,No host-local SSD attributed,No host-local SSD attributed,No host-local SSD attributed,No host-local SSD attributed,No host-local SSD attributed,No host-local SSD attributed,No host-local SSD attributed,No host-local SSD attributed,No host-local SSD attributed,0,0,0,0,0,0,0,0,0,0,0.0,0.0,0.0,0.0,0.0,0.0,0.0,0.0,0.0,0.0,resolved,resolved,resolved,resolved,resolved,resolved,resolved,resolved,resolved,resolved,resolved,resolved,resolved,resolved,resolved,resolved,resolved,resolved,resolved,resolved,G3 Graphics GPU 16xlarge Extra Large,g3,,GPU instance,,,,,,,,,,,201 units,7.63 GiB/vCPU,32 GiB,5.2,0,3.1406 units,2.3 GHz,Yes,Yes,,Yes,,,x86_64,20 Gigabit,,,,,,,No,,,Yes,,,,Yes,Yes,Yes,Unknown,Yes,,$4.56 hourly,,,,$5.2512 hourly,,,,$6.1472 hourly,,,,$4.66 hourly,,,,$7.504 hourly,,,,$5.016 hourly,,,,,,,,,,,,,,,$0.27 hourly,current,,,,,,,,,,,4.56,,,4.56,,
g3.4xlarge,NVIDIA Tesla M60,Intel Xeon E5-2686 v4 (Broadwell),1.0,16 vCPUs,122 GiB,EBS only,1.14,,,M60,Intel Xeon E5-2686 v4 (Broadwell),1.0,16.0,122.0,1.14,,,300,145.0,36.0,4.027777777777778,False,0.0,0.0,,No host-local SSD attributed,0.0,0,0.0,0.0,0.0,0.0,0.0,0.0,0.0,0.0,0.0,0.0,0.0,resolved,resolved,benchmark_proxy,"Broadwell Xeon benchmark reference listings, CPU World","AWS-associated custom part; direct vendor-like proxy value, CPU World.",not_applicable,EBS-only or no local SSD in instance dataset.,1.14,1.14,1.14,1.14,1.14,1.14,1.14,1.14,1.14,1.14,,,,,,,,,,,,,,,,,,,,,1.2,1.2,0.9,0.7,1.1,0.7,0.9,1.1,0.9,1.2,1.2,1.2,0.9,0.7,1.1,0.7,0.9,1.1,0.9,1.2,85.06666666666666,85.06666666666666,63.8,49.62222222222222,77.97777777777779,49.62222222222222,63.8,77.97777777777779,63.8,85.06666666666666,396.0,396.0,297.00000000000006,231.0,363.00000000000006,231.0,297.00000000000006,363.00000000000006,297.00000000000006,396.0,0.0,0.0,0.0,0.0,0.0,0.0,0.0,0.0,0.0,0.0,0.0,0.0,0.0,0.0,0.0,0.0,0.0,0.0,0.0,0.0,0.0,0.0,0.0,0.0,0.0,0.0,0.0,0.0,0.0,0.0,481.06666666666666,481.06666666666666,360.80000000000007,280.6222222222222,440.9777777777779,280.6222222222222,360.80000000000007,440.9777777777779,360.80000000000007,481.06666666666666,0.0004810666666666,0.0004810666666666,0.0003608,0.0002806222222222,0.0004409777777777,0.0002806222222222,0.0003608,0.0004409777777777,0.0003608,0.0004810666666666,2369.733924611973,2369.733924611973,3159.645232815964,4062.401013620526,2585.1642813948797,4062.401013620526,3159.645232815964,2585.1642813948797,3159.645232815964,2369.733924611973,,,,,,,,,,,,,,,,,,,,,No host-local SSD attributed,No host-local SSD attributed,No host-local SSD attributed,No host-local SSD attributed,No host-local SSD attributed,No host-local SSD attributed,No host-local SSD attributed,No host-local SSD attributed,No host-local SSD attributed,No host-local SSD attributed,0,0,0,0,0,0,0,0,0,0,0.0,0.0,0.0,0.0,0.0,0.0,0.0,0.0,0.0,0.0,resolved,resolved,resolved,resolved,resolved,resolved,resolved,resolved,resolved,resolved,resolved,resolved,resolved,resolved,resolved,resolved,resolved,resolved,resolved,resolved,G3 Graphics GPU Quadruple Extra Large,g3,,GPU instance,,,,,,,,,,,58 units,7.63 GiB/vCPU,8 GiB,5.2,0,3.6250 units,2.3 GHz,Yes,Yes,,Yes,,,x86_64,Up to 10 Gigabit,,,,,,,No,,,Yes,,,,Yes,Yes,Yes,Unknown,Yes,,$1.14 hourly,,,,$1.3128 hourly,,,,$1.5368 hourly,,,,$1.24 hourly,,,,$1.876 hourly,,,,$5.016 hourly,,,,,,,,,,,,,,,$0.27 hourly,current,,,,,,,,,,,1.14,,,1.14,,
g3.8xlarge,NVIDIA Tesla M60,Intel Xeon E5-2686 v4 (Broadwell),2.0,32 vCPUs,244 GiB,EBS only,2.28,,,M60,Intel Xeon E5-2686 v4 (Broadwell),2.0,32.0,244.0,2.28,,,300,145.0,36.0,4.027777777777778,False,0.0,0.0,,No host-local SSD attributed,0.0,0,0.0,0.0,0.0,0.0,0.0,0.0,0.0,0.0,0.0,0.0,0.0,resolved,resolved,benchmark_proxy,"Broadwell Xeon benchmark reference listings, CPU World","AWS-associated custom part; direct vendor-like proxy value, CPU World.",not_applicable,EBS-only or no local SSD in instance dataset.,2.28,2.28,2.28,2.28,2.28,2.28,2.28,2.28,2.28,2.28,,,,,,,,,,,,,,,,,,,,,1.2,1.2,0.9,0.7,1.1,0.7,0.9,1.1,0.9,1.2,1.2,1.2,0.9,0.7,1.1,0.7,0.9,1.1,0.9,1.2,170.13333333333333,170.13333333333333,127.6,99.24444444444444,155.95555555555558,99.24444444444444,127.6,155.95555555555558,127.6,170.13333333333333,792.0,792.0,594.0000000000001,462.0,726.0000000000001,462.0,594.0000000000001,726.0000000000001,594.0000000000001,792.0,0.0,0.0,0.0,0.0,0.0,0.0,0.0,0.0,0.0,0.0,0.0,0.0,0.0,0.0,0.0,0.0,0.0,0.0,0.0,0.0,0.0,0.0,0.0,0.0,0.0,0.0,0.0,0.0,0.0,0.0,962.1333333333332,962.1333333333332,721.6000000000001,561.2444444444444,881.9555555555557,561.2444444444444,721.6000000000001,881.9555555555557,721.6000000000001,962.1333333333332,0.0009621333333333,0.0009621333333333,0.0007216,0.0005612444444444,0.0008819555555555,0.0005612444444444,0.0007216,0.0008819555555555,0.0007216,0.0009621333333333,2369.733924611973,2369.733924611973,3159.645232815964,4062.401013620526,2585.1642813948797,4062.401013620526,3159.645232815964,2585.1642813948797,3159.645232815964,2369.733924611973,,,,,,,,,,,,,,,,,,,,,No host-local SSD attributed,No host-local SSD attributed,No host-local SSD attributed,No host-local SSD attributed,No host-local SSD attributed,No host-local SSD attributed,No host-local SSD attributed,No host-local SSD attributed,No host-local SSD attributed,No host-local SSD attributed,0,0,0,0,0,0,0,0,0,0,0.0,0.0,0.0,0.0,0.0,0.0,0.0,0.0,0.0,0.0,resolved,resolved,resolved,resolved,resolved,resolved,resolved,resolved,resolved,resolved,resolved,resolved,resolved,resolved,resolved,resolved,resolved,resolved,resolved,resolved,G3 Graphics GPU Eight Extra Large,g3,,GPU instance,,,,,,,,,,,97 units,7.63 GiB/vCPU,16 GiB,5.2,0,3.0313 units,2.3 GHz,Yes,Yes,,Yes,,,x86_64,10 Gigabit,,,,,,,No,,,Yes,,,,Yes,Yes,Yes,Unknown,Yes,,$2.28 hourly,,,,$2.6256 hourly,,,,$3.0736 hourly,,,,$2.38 hourly,,,,$3.752 hourly,,,,$5.016 hourly,,,,,,,,,,,,,,,$0.27 hourly,current,,,,,,,,,,,2.28,,,2.28,,
g3s.xlarge,NVIDIA Tesla M60,Intel Xeon E5-2686 v4 (Broadwell),1.0,4 vCPUs,30.5 GiB,EBS only,0.75,,,M60,Intel Xeon E5-2686 v4 (Broadwell),1.0,4.0,30.5,0.75,,,300,145.0,36.0,4.027777777777778,False,0.0,0.0,,No host-local SSD attributed,0.0,0,0.0,0.0,0.0,0.0,0.0,0.0,0.0,0.0,0.0,0.0,0.0,resolved,resolved,benchmark_proxy,"Broadwell Xeon benchmark reference listings, CPU World","AWS-associated custom part; direct vendor-like proxy value, CPU World.",not_applicable,EBS-only or no local SSD in instance dataset.,0.75,0.75,0.75,0.75,0.75,0.75,0.75,0.75,0.75,0.75,,,,,,,,,,,,,,,,,,,,,1.2,1.2,0.9,0.7,1.1,0.7,0.9,1.1,0.9,1.2,1.2,1.2,0.9,0.7,1.1,0.7,0.9,1.1,0.9,1.2,21.266666666666666,21.266666666666666,15.95,12.405555555555557,19.494444444444447,12.405555555555557,15.95,19.494444444444447,15.95,21.266666666666666,396.0,396.0,297.00000000000006,231.0,363.00000000000006,231.0,297.00000000000006,363.00000000000006,297.00000000000006,396.0,0.0,0.0,0.0,0.0,0.0,0.0,0.0,0.0,0.0,0.0,0.0,0.0,0.0,0.0,0.0,0.0,0.0,0.0,0.0,0.0,0.0,0.0,0.0,0.0,0.0,0.0,0.0,0.0,0.0,0.0,417.26666666666665,417.26666666666665,312.95000000000005,243.4055555555556,382.4944444444445,243.4055555555556,312.95000000000005,382.4944444444445,312.95000000000005,417.26666666666665,0.0004172666666666,0.0004172666666666,0.00031295,0.0002434055555555,0.0003824944444444,0.0002434055555555,0.00031295,0.0003824944444444,0.00031295,0.0004172666666666,1797.4117271129574,1797.4117271129574,2396.548969483943,3081.277246479355,1960.812793214135,3081.277246479355,2396.548969483943,1960.812793214135,2396.548969483943,1797.4117271129574,,,,,,,,,,,,,,,,,,,,,No host-local SSD attributed,No host-local SSD attributed,No host-local SSD attributed,No host-local SSD attributed,No host-local SSD attributed,No host-local SSD attributed,No host-local SSD attributed,No host-local SSD attributed,No host-local SSD attributed,No host-local SSD attributed,0,0,0,0,0,0,0,0,0,0,0.0,0.0,0.0,0.0,0.0,0.0,0.0,0.0,0.0,0.0,resolved,resolved,resolved,resolved,resolved,resolved,resolved,resolved,resolved,resolved,resolved,resolved,resolved,resolved,resolved,resolved,resolved,resolved,resolved,resolved,G3S Extra Large,g3s,,GPU instance,,,,,,,,,,,13 units,7.63 GiB/vCPU,8 GiB,5.2,0,3.2500 units,2.3 GHz,,,,,,,x86_64,10 Gigabit,,,,,,,No,,,Yes,,,,Yes,Yes,Yes,Unknown,Yes,,$0.75 hourly,,,,$0.808 hourly,,,,$0.878 hourly,,,,$0.806 hourly,,,,$0.934 hourly,,,,$5.016 hourly,,,,,,,,,,,,,,,$0.188 hourly,current,,,,,,,,,,,0.75,,,0.75,,
g4ad.16xlarge,AMD Radeon Pro V520,AMD EPYC 7R32,4.0,64 vCPUs,256 GiB,2400 GB (2×1200 GB NVMe SSD),3.468,2.1848,2.2351,V520,AMD EPYC 7R32,4.0,64.0,256.0,3.468,2.1848,2.2351,225,280.0,96.0,2.9166666666666665,True,2400.0,2.4,2.0,Benchmark for medium,2.5,2,1200.0,0.0,0.0,0.0,0.0,0.0,0.0,0.0,0.0,0.0,0.0,resolved,resolved,benchmark_proxy,"Closest EPYC Rome custom-SKU benchmark/reference listings, serversupply",AWS custom Rome part; package TDP inferred from common benchmark/reference sources.,proxy_reference,Proxy SSD class with watts expressed on a per-TB basis.,3.468,3.468,3.468,3.468,3.468,3.468,3.468,3.468,3.468,3.468,2.1848,2.1848,2.1848,2.1848,2.1848,2.1848,2.1848,2.1848,2.1848,2.1848,2.2351,2.2351,2.2351,2.2351,2.2351,2.2351,2.2351,2.2351,2.2351,2.2351,1.2,1.2,0.9,0.7,1.1,0.7,0.9,1.1,0.9,1.2,1.2,1.2,0.9,0.7,1.1,0.7,0.9,1.1,0.9,1.2,246.4,246.4,184.8,143.73333333333332,225.8666666666667,143.73333333333332,184.8,225.8666666666667,184.8,246.4,1188.0,1188.0,891.0000000000001,693.0,1089.0000000000002,693.0,891.0000000000001,1089.0000000000002,891.0000000000001,1188.0,0.0,0.0,0.0,0.0,0.0,0.0,0.0,0.0,0.0,0.0,0.0,0.0,0.0,0.0,0.0,0.0,0.0,0.0,0.0,0.0,0.0,0.0,0.0,0.0,0.0,0.0,0.0,0.0,0.0,0.0,1434.4,1434.4,1075.8000000000002,836.7333333333333,1314.866666666667,836.7333333333333,1075.8000000000002,1314.866666666667,1075.8000000000002,1434.4,0.0014344,0.0014344,0.0010758,0.0008367333333333,0.0013148666666666,0.0008367333333333,0.0010758,0.0013148666666666,0.0010758,0.0014344,2417.735638594534,2417.735638594534,3223.647518126045,4144.6896661620585,2637.529787557673,4144.6896661620585,3223.647518126045,2637.529787557673,3223.647518126045,2417.735638594534,1523.1455660903512,1523.1455660903512,2030.8607547871347,2611.1066847263164,1661.6133448258374,2611.1066847263164,2030.8607547871347,1661.6133448258374,2030.8607547871347,1523.1455660903512,1558.2124930284438,1558.2124930284438,2077.616657371258,2671.2214166201898,1699.8681742128476,2671.2214166201898,2077.616657371258,1699.8681742128476,2077.616657371258,1558.2124930284438,Benchmark for medium,Benchmark for medium,Benchmark for medium,Benchmark for medium,Benchmark for medium,Benchmark for medium,Benchmark for medium,Benchmark for medium,Benchmark for medium,Benchmark for medium,2,2,2,2,2,2,2,2,2,2,1200.0,1200.0,1200.0,1200.0,1200.0,1200.0,1200.0,1200.0,1200.0,1200.0,resolved,resolved,resolved,resolved,resolved,resolved,resolved,resolved,resolved,resolved,resolved,resolved,resolved,resolved,resolved,resolved,resolved,resolved,resolved,resolved,G4AD 16xlarge Extra Large,g4ad,"1,251,099.599",GPU instance,175.0 fps,2933 MT/s,No,,,,,,,,0 units,4.00 GiB/vCPU,32 GiB,0.0,0,0.0000 units,2.8 GHz,,,,,Yes,Yes,x86_64,25 Gigabit,6300 Mbps,787.5 MB/s,26667 IOPS,6300 Mbps,787.5 MB/s,26667 IOPS,Yes,240.0,8.0,Yes,No,Yes,6.0,Yes,Yes,Yes,Unknown,No,,$3.468 hourly,$2.1848 hourly,$1.7274 hourly,$2.2351 hourly,$4.1592 hourly,$2.876 hourly,$2.4186 hourly,$3.2005 hourly,$5.0552 hourly,$3.772 hourly,,,$3.593 hourly,$2.2448 hourly,$1.8524 hourly,$2.6343 hourly,$6.412 hourly,$5.1288 hourly,$3.2908 hourly,$3.2908 hourly,$11.444 hourly,$7.21 hourly,,,,,,,,,,,,,<5%,,current,,,No,5.84x,,,,,,,,,,3.468,2.2351,2.1848
g4ad.2xlarge,AMD Radeon Pro V520,AMD EPYC 7R32,1.0,8 vCPUs,32 GiB,300 GB NVMe SSD,0.5412,0.3409,0.2767,V520,AMD EPYC 7R32,1.0,8.0,32.0,0.5412,0.3409,0.2767,225,280.0,96.0,2.9166666666666665,True,300.0,0.3,,Benchmark for small,1.0,1,300.0,0.0,0.0,0.0,0.0,0.0,0.0,0.0,0.0,0.0,0.0,resolved,resolved,benchmark_proxy,"Closest EPYC Rome custom-SKU benchmark/reference listings, serversupply",AWS custom Rome part; package TDP inferred from common benchmark/reference sources.,proxy_reference,Proxy SSD class with watts expressed on a per-TB basis.,0.5412,0.5412,0.5412,0.5412,0.5412,0.5412,0.5412,0.5412,0.5412,0.5412,0.3409,0.3409,0.3409,0.3409,0.3409,0.3409,0.3409,0.3409,0.3409,0.3409,0.2767,0.2767,0.2767,0.2767,0.2767,0.2767,0.2767,0.2767,0.2767,0.2767,1.2,1.2,0.9,0.7,1.1,0.7,0.9,1.1,0.9,1.2,1.2,1.2,0.9,0.7,1.1,0.7,0.9,1.1,0.9,1.2,30.8,30.8,23.1,17.966666666666665,28.233333333333334,17.966666666666665,23.1,28.233333333333334,23.1,30.8,297.0,297.0,222.75000000000003,173.25,272.25000000000006,173.25,222.75000000000003,272.25000000000006,222.75000000000003,297.0,0.0,0.0,0.0,0.0,0.0,0.0,0.0,0.0,0.0,0.0,0.0,0.0,0.0,0.0,0.0,0.0,0.0,0.0,0.0,0.0,0.0,0.0,0.0,0.0,0.0,0.0,0.0,0.0,0.0,0.0,327.8,327.8,245.85,191.21666666666667,300.4833333333334,191.21666666666667,245.85,300.4833333333334,245.85,327.8,0.0003278,0.0003278,0.00024585,0.0001912166666666,0.0003004833333333,0.0001912166666666,0.00024585,0.0003004833333333,0.00024585,0.0003278,1651.006711409396,1651.006711409396,2201.342281879194,2830.297219558965,1801.0982306284316,2830.297219558965,2201.342281879194,1801.0982306284316,2201.342281879194,1651.006711409396,1039.9633923123856,1039.9633923123856,1386.617856416514,1782.7943868212324,1134.5055188862384,1782.7943868212324,1386.617856416514,1134.5055188862384,1386.617856416514,1039.9633923123856,844.1122635753509,844.1122635753509,1125.4830181004677,1447.0495947006011,920.8497420822008,1447.0495947006011,1125.4830181004677,920.8497420822008,1125.4830181004677,844.1122635753509,Benchmark for small,Benchmark for small,Benchmark for small,Benchmark for small,Benchmark for small,Benchmark for small,Benchmark for small,Benchmark for small,Benchmark for small,Benchmark for small,1,1,1,1,1,1,1,1,1,1,300.0,300.0,300.0,300.0,300.0,300.0,300.0,300.0,300.0,300.0,resolved,resolved,resolved,resolved,resolved,resolved,resolved,resolved,resolved,resolved,resolved,resolved,resolved,resolved,resolved,resolved,resolved,resolved,resolved,resolved,G4AD Double Extra Large,g4ad,"149,300.156",GPU instance,53.0 fps,2933 MT/s,No,,,,,,,,0 units,4.00 GiB/vCPU,8 GiB,0.0,0,0.0000 units,2.8 GHz,,,,,Yes,Yes,x86_64,Up to 10 Gigabit,800 Mbps,100 MB/s,3400 IOPS,3170 Mbps,396.25 MB/s,13333 IOPS,Yes,8.0,2.0,Yes,No,Yes,12.0,Yes,Yes,Yes,Unknown,No,,$0.5412 hourly,$0.3409 hourly,$0.1977 hourly,$0.2767 hourly,$0.6564 hourly,$0.4561 hourly,$0.3129 hourly,$0.4774 hourly,$0.7964 hourly,$0.5961 hourly,,,$0.6662 hourly,$0.4009 hourly,$0.3227 hourly,$0.4872 hourly,$0.9092 hourly,$0.7089 hourly,$0.5128 hourly,$0.5374 hourly,$11.444 hourly,$7.21 hourly,,,,,,,,,,,,,<5%,,current,,,No,1.78x,,,,,,,,,,0.5412,0.2767,0.3409
g4ad.4xlarge,AMD Radeon Pro V520,AMD EPYC 7R32,1.0,16 vCPUs,64 GiB,600 GB NVMe SSD,0.867,0.5462,0.3638,V520,AMD EPYC 7R32,1.0,16.0,64.0,0.867,0.5462,0.3638,225,280.0,96.0,2.9166666666666665,True,600.0,0.6,,Benchmark for small,1.0,1,600.0,0.0,0.0,0.0,0.0,0.0,0.0,0.0,0.0,0.0,0.0,resolved,resolved,benchmark_proxy,"Closest EPYC Rome custom-SKU benchmark/reference listings, serversupply",AWS custom Rome part; package TDP inferred from common benchmark/reference sources.,proxy_reference,Proxy SSD class with watts expressed on a per-TB basis.,0.867,0.867,0.867,0.867,0.867,0.867,0.867,0.867,0.867,0.867,0.5462,0.5462,0.5462,0.5462,0.5462,0.5462,0.5462,0.5462,0.5462,0.5462,0.3638,0.3638,0.3638,0.3638,0.3638,0.3638,0.3638,0.3638,0.3638,0.3638,1.2,1.2,0.9,0.7,1.1,0.7,0.9,1.1,0.9,1.2,1.2,1.2,0.9,0.7,1.1,0.7,0.9,1.1,0.9,1.2,61.6,61.6,46.2,35.93333333333333,56.46666666666668,35.93333333333333,46.2,56.46666666666668,46.2,61.6,297.0,297.0,222.75000000000003,173.25,272.25000000000006,173.25,222.75000000000003,272.25000000000006,222.75000000000003,297.0,0.0,0.0,0.0,0.0,0.0,0.0,0.0,0.0,0.0,0.0,0.0,0.0,0.0,0.0,0.0,0.0,0.0,0.0,0.0,0.0,0.0,0.0,0.0,0.0,0.0,0.0,0.0,0.0,0.0,0.0,358.6,358.6,268.95000000000005,209.1833333333333,328.71666666666675,209.1833333333333,268.95000000000005,328.71666666666675,268.95000000000005,358.6,0.0003586,0.0003586,0.00026895,0.0002091833333333,0.0003287166666666,0.0002091833333333,0.00026895,0.0003287166666666,0.00026895,0.0003586,2417.735638594534,2417.735638594534,3223.647518126045,4144.6896661620585,2637.529787557673,4144.6896661620585,3223.647518126045,2637.529787557673,3223.647518126045,2417.735638594534,1523.1455660903512,1523.1455660903512,2030.8607547871347,2611.1066847263164,1661.6133448258374,2611.1066847263164,2030.8607547871347,1661.6133448258374,2030.8607547871347,1523.1455660903512,1014.500836586726,1014.500836586726,1352.6677821156347,1739.1442912915306,1106.7281853673371,1739.1442912915306,1352.6677821156347,1106.7281853673371,1352.6677821156347,1014.500836586726,Benchmark for small,Benchmark for small,Benchmark for small,Benchmark for small,Benchmark for small,Benchmark for small,Benchmark for small,Benchmark for small,Benchmark for small,Benchmark for small,1,1,1,1,1,1,1,1,1,1,600.0,600.0,600.0,600.0,600.0,600.0,600.0,600.0,600.0,600.0,resolved,resolved,resolved,resolved,resolved,resolved,resolved,resolved,resolved,resolved,resolved,resolved,resolved,resolved,resolved,resolved,resolved,resolved,resolved,resolved,G4AD Quadruple Extra Large,g4ad,"301,744.46",GPU instance,100.0 fps,3200 MT/s,No,,,,,,,,0 units,4.00 GiB/vCPU,8 GiB,0.0,0,0.0000 units,2.8 GHz,,,,,Yes,Yes,x86_64,Up to 10 Gigabit,1580 Mbps,197.5 MB/s,6700 IOPS,3170 Mbps,396.25 MB/s,13333 IOPS,Yes,30.0,3.0,Yes,No,Yes,11.0,Yes,Yes,Yes,Unknown,No,,$0.867 hourly,$0.5462 hourly,$0.326 hourly,$0.3638 hourly,$1.0398 hourly,$0.719 hourly,$0.4988 hourly,$0.5539 hourly,$1.2638 hourly,$0.943 hourly,,,$0.992 hourly,$0.6062 hourly,$0.451 hourly,$0.5061 hourly,$1.603 hourly,$1.2822 hourly,$0.8396 hourly,$0.8435 hourly,$11.444 hourly,$7.21 hourly,,,,,,,,,,,,,<5%,,current,,,No,3.33x,,,,,,,,,,0.867,0.3638,0.5462
g4ad.8xlarge,AMD Radeon Pro V520,AMD EPYC 7R32,2.0,32 vCPUs,128 GiB,1200 GB NVMe SSD,1.734,1.0924,0.6783,V520,AMD EPYC 7R32,2.0,32.0,128.0,1.734,1.0924,0.6783,225,280.0,96.0,2.9166666666666665,True,1200.0,1.2,,Benchmark for medium,2.5,1,1200.0,0.0,0.0,0.0,0.0,0.0,0.0,0.0,0.0,0.0,0.0,resolved,resolved,benchmark_proxy,"Closest EPYC Rome custom-SKU benchmark/reference listings, serversupply",AWS custom Rome part; package TDP inferred from common benchmark/reference sources.,proxy_reference,Proxy SSD class with watts expressed on a per-TB basis.,1.734,1.734,1.734,1.734,1.734,1.734,1.734,1.734,1.734,1.734,1.0924,1.0924,1.0924,1.0924,1.0924,1.0924,1.0924,1.0924,1.0924,1.0924,0.6783,0.6783,0.6783,0.6783,0.6783,0.6783,0.6783,0.6783,0.6783,0.6783,1.2,1.2,0.9,0.7,1.1,0.7,0.9,1.1,0.9,1.2,1.2,1.2,0.9,0.7,1.1,0.7,0.9,1.1,0.9,1.2,123.2,123.2,92.4,71.86666666666666,112.93333333333337,71.86666666666666,92.4,112.93333333333337,92.4,123.2,594.0,594.0,445.50000000000006,346.5,544.5000000000001,346.5,445.50000000000006,544.5000000000001,445.50000000000006,594.0,0.0,0.0,0.0,0.0,0.0,0.0,0.0,0.0,0.0,0.0,0.0,0.0,0.0,0.0,0.0,0.0,0.0,0.0,0.0,0.0,0.0,0.0,0.0,0.0,0.0,0.0,0.0,0.0,0.0,0.0,717.2,717.2,537.9000000000001,418.3666666666667,657.4333333333335,418.3666666666667,537.9000000000001,657.4333333333335,537.9000000000001,717.2,0.0007172,0.0007172,0.0005379,0.0004183666666666,0.0006574333333333,0.0004183666666666,0.0005379,0.0006574333333333,0.0005379,0.0007172,2417.735638594534,2417.735638594534,3223.647518126045,4144.6896661620585,2637.529787557673,4144.6896661620585,3223.647518126045,2637.529787557673,3223.647518126045,2417.735638594534,1523.1455660903512,1523.1455660903512,2030.8607547871347,2611.1066847263164,1661.6133448258374,2611.1066847263164,2030.8607547871347,1661.6133448258374,2030.8607547871347,1523.1455660903512,945.761293920803,945.761293920803,1261.0150585610706,1621.3050752928054,1031.7395933681487,1621.3050752928054,1261.0150585610706,1031.7395933681487,1261.0150585610706,945.761293920803,Benchmark for medium,Benchmark for medium,Benchmark for medium,Benchmark for medium,Benchmark for medium,Benchmark for medium,Benchmark for medium,Benchmark for medium,Benchmark for medium,Benchmark for medium,1,1,1,1,1,1,1,1,1,1,1200.0,1200.0,1200.0,1200.0,1200.0,1200.0,1200.0,1200.0,1200.0,1200.0,resolved,resolved,resolved,resolved,resolved,resolved,resolved,resolved,resolved,resolved,resolved,resolved,resolved,resolved,resolved,resolved,resolved,resolved,resolved,resolved,G4AD Eight Extra Large,g4ad,"609,911.055",GPU instance,151.0 fps,2933 MT/s,No,,,,,,,,0 units,4.00 GiB/vCPU,16 GiB,0.0,0,0.0000 units,2.8 GHz,,,,,Yes,Yes,x86_64,15 Gigabit,3170 Mbps,396.25 MB/s,13333 IOPS,3170 Mbps,396.25 MB/s,13333 IOPS,Yes,60.0,4.0,Yes,No,Yes,10.0,Yes,Yes,Yes,Unknown,No,,$1.734 hourly,$1.0924 hourly,$0.6382 hourly,$0.6783 hourly,$2.0796 hourly,$1.438 hourly,$0.9838 hourly,$1.0525 hourly,$2.5276 hourly,$1.886 hourly,,,$1.859 hourly,$1.1524 hourly,$0.7632 hourly,$0.8319 hourly,$3.206 hourly,$2.5644 hourly,$1.6454 hourly,$1.6454 hourly,$11.444 hourly,$7.21 hourly,,,,,,,,,,,,,<5%,,current,,,No,5.04x,,,,,,,,,,1.734,0.6783,1.0924
g4ad.xlarge,AMD Radeon Pro V520,AMD EPYC 7R32,1.0,4 vCPUs,16 GiB,150 GB NVMe SSD,0.3785,0.2385,0.1146,V520,AMD EPYC 7R32,1.0,4.0,16.0,0.3785,0.2385,0.1146,225,280.0,96.0,2.9166666666666665,True,150.0,0.15,,Benchmark for small,1.0,1,150.0,0.0,0.0,0.0,0.0,0.0,0.0,0.0,0.0,0.0,0.0,resolved,resolved,benchmark_proxy,"Closest EPYC Rome custom-SKU benchmark/reference listings, serversupply",AWS custom Rome part; package TDP inferred from common benchmark/reference sources.,proxy_reference,Proxy SSD class with watts expressed on a per-TB basis.,0.3785,0.3785,0.3785,0.3785,0.3785,0.3785,0.3785,0.3785,0.3785,0.3785,0.2385,0.2385,0.2385,0.2385,0.2385,0.2385,0.2385,0.2385,0.2385,0.2385,0.1146,0.1146,0.1146,0.1146,0.1146,0.1146,0.1146,0.1146,0.1146,0.1146,1.2,1.2,0.9,0.7,1.1,0.7,0.9,1.1,0.9,1.2,1.2,1.2,0.9,0.7,1.1,0.7,0.9,1.1,0.9,1.2,15.4,15.4,11.55,8.983333333333333,14.116666666666667,8.983333333333333,11.55,14.116666666666667,11.55,15.4,297.0,297.0,222.75000000000003,173.25,272.25000000000006,173.25,222.75000000000003,272.25000000000006,222.75000000000003,297.0,0.0,0.0,0.0,0.0,0.0,0.0,0.0,0.0,0.0,0.0,0.0,0.0,0.0,0.0,0.0,0.0,0.0,0.0,0.0,0.0,0.0,0.0,0.0,0.0,0.0,0.0,0.0,0.0,0.0,0.0,312.4,312.4,234.30000000000004,182.2333333333333,286.3666666666668,182.2333333333333,234.30000000000004,286.3666666666668,234.30000000000004,312.4,0.0003124,0.0003124,0.0002343,0.0001822333333333,0.0002863666666666,0.0001822333333333,0.0002343,0.0002863666666666,0.0002343,0.0003124,1211.5877080665814,1211.5877080665814,1615.4502774221082,2077.0074995427112,1321.732045163543,2077.0074995427112,1615.4502774221082,1321.732045163543,1615.4502774221082,1211.5877080665814,763.4443021766965,763.4443021766965,1017.9257362355952,1308.761660874337,832.8483296473051,1308.761660874337,1017.9257362355952,832.8483296473051,1017.9257362355952,763.4443021766965,366.8373879641485,366.8373879641485,489.1165172855313,628.8640936528261,400.18624141543467,628.8640936528261,489.1165172855313,400.18624141543467,489.1165172855313,366.8373879641485,Benchmark for small,Benchmark for small,Benchmark for small,Benchmark for small,Benchmark for small,Benchmark for small,Benchmark for small,Benchmark for small,Benchmark for small,Benchmark for small,1,1,1,1,1,1,1,1,1,1,150.0,150.0,150.0,150.0,150.0,150.0,150.0,150.0,150.0,150.0,resolved,resolved,resolved,resolved,resolved,resolved,resolved,resolved,resolved,resolved,resolved,resolved,resolved,resolved,resolved,resolved,resolved,resolved,resolved,resolved,G4AD Extra Large,g4ad,"74,710.497",GPU instance,28.0 fps,2933 MT/s,No,,,,,,,,0 units,4.00 GiB/vCPU,8 GiB,0.0,0,0.0000 units,2.8 GHz,,,,,Yes,Yes,x86_64,Up to 10 Gigabit,400 Mbps,50 MB/s,1700 IOPS,3170 Mbps,396.25 MB/s,13333 IOPS,Yes,8.0,2.0,Yes,No,Yes,12.0,Yes,Yes,Yes,Unknown,No,,$0.3785 hourly,$0.2385 hourly,$0.1126 hourly,$0.1146 hourly,$0.4361 hourly,$0.2961 hourly,$0.1702 hourly,$0.1757 hourly,$0.5061 hourly,$0.3661 hourly,,,$0.4348 hourly,$0.2885 hourly,$0.1689 hourly,$0.1744 hourly,$0.5625 hourly,$0.4225 hourly,$0.2219 hourly,$0.2245 hourly,$11.444 hourly,$7.21 hourly,,,,,,,,,,,,,<5%,,current,,,No,0.92x,,,,,,,,,,0.3785,0.1146,0.2385
g4dn.12xlarge,NVIDIA T4 Tensor Core,Intel Xeon Family,4.0,48 vCPUs,192 GiB,900 GB NVMe SSD,3.912,2.465,1.2862,T4,Intel Xeon Family,4.0,48.0,192.0,3.912,2.465,1.2862,70,210.0,48.0,4.375,True,900.0,0.9,,Benchmark for small,1.0,1,900.0,0.0,0.0,0.0,0.0,0.0,0.0,0.0,0.0,0.0,0.0,resolved,resolved,family_proxy,identical config to 8259 (Cascade Lake) model,Used CPU World benchmark for 8259CL.,proxy_reference,Proxy SSD class with watts expressed on a per-TB basis.,3.912,3.912,3.912,3.912,3.912,3.912,3.912,3.912,3.912,3.912,2.465,2.465,2.465,2.465,2.465,2.465,2.465,2.465,2.465,2.465,1.2862,1.2862,1.2862,1.2862,1.2862,1.2862,1.2862,1.2862,1.2862,1.2862,1.2,1.2,0.9,0.7,1.1,0.7,0.9,1.1,0.9,1.2,1.2,1.2,0.9,0.7,1.1,0.7,0.9,1.1,0.9,1.2,277.2,277.2,207.90000000000003,161.70000000000002,254.10000000000005,161.70000000000002,207.90000000000003,254.10000000000005,207.90000000000003,277.2,369.6,369.6,277.20000000000005,215.6,338.80000000000007,215.6,277.20000000000005,338.80000000000007,277.20000000000005,369.6,0.0,0.0,0.0,0.0,0.0,0.0,0.0,0.0,0.0,0.0,0.0,0.0,0.0,0.0,0.0,0.0,0.0,0.0,0.0,0.0,0.0,0.0,0.0,0.0,0.0,0.0,0.0,0.0,0.0,0.0,646.8,646.8,485.1000000000001,377.3,592.9000000000001,377.3,485.1000000000001,592.9000000000001,485.1000000000001,646.8,0.0006468,0.0006468,0.0004851,0.0003773,0.0005929,0.0003773,0.0004851,0.0005929,0.0004851,0.0006468,6048.237476808905,6048.237476808905,8064.316635745205,10368.40710310098,6598.0772474278965,10368.40710310098,8064.316635745205,6598.0772474278965,8064.316635745205,6048.237476808905,3811.069882498454,3811.069882498454,5081.4265099979375,6533.262655711635,4157.530780907404,6533.262655711635,5081.4265099979375,4157.530780907404,5081.4265099979375,3811.069882498454,1988.5590599876316,1988.5590599876316,2651.412079983508,3408.958388550225,2169.3371563501432,3408.958388550225,2651.412079983508,2169.3371563501432,2651.412079983508,1988.5590599876316,Benchmark for small,Benchmark for small,Benchmark for small,Benchmark for small,Benchmark for small,Benchmark for small,Benchmark for small,Benchmark for small,Benchmark for small,Benchmark for small,1,1,1,1,1,1,1,1,1,1,900.0,900.0,900.0,900.0,900.0,900.0,900.0,900.0,900.0,900.0,resolved,resolved,resolved,resolved,resolved,resolved,resolved,resolved,resolved,resolved,resolved,resolved,resolved,resolved,resolved,resolved,resolved,resolved,resolved,resolved,G4DN 12xlarge Extra Large,g4dn,"715,776.916",GPU instance,110.0 fps,3200 MT/s,No,,,,,,,,0 units,4.00 GiB/vCPU,64 GiB,7.5,0,0.0000 units,2.5 GHz,Yes,Yes,Yes,Yes,Yes,Yes,x86_64,50 Gigabit,9500 Mbps,1187.5 MB/s,40000 IOPS,9500 Mbps,1187.5 MB/s,40000 IOPS,Yes,240.0,8.0,Yes,No,Yes,54.0,Yes,Yes,Yes,Unknown,Yes,,$3.912 hourly,$2.465 hourly,$1.1407 hourly,$1.2862 hourly,$4.43 hourly,$2.983 hourly,$1.6587 hourly,$2.0018 hourly,$5.102 hourly,$3.655 hourly,,,$4.037 hourly,$2.525 hourly,$1.2657 hourly,$1.6088 hourly,$6.12 hourly,$4.673 hourly,$2.5992 hourly,$2.6053 hourly,$8.606 hourly,$5.422 hourly,,,,,,,,,,,,,>20%,$0.27 hourly,current,"Turing, Turing, Turing, Turing",32.8°C,Yes,3.66x,0.0W,0.0W,585 MHz,585 MHz,5000 MHz,833 MHz,,,,3.912,1.2862,2.465
g4dn.16xlarge,NVIDIA T4 Tensor Core,Intel Xeon Family,1.0,64 vCPUs,256 GiB,900 GB NVMe SSD,4.352,2.742,1.2036,T4,Intel Xeon Family,1.0,64.0,256.0,4.352,2.742,1.2036,70,210.0,48.0,4.375,True,900.0,0.9,,Benchmark for small,1.0,1,900.0,0.0,0.0,0.0,0.0,0.0,0.0,0.0,0.0,0.0,0.0,resolved,resolved,family_proxy,identical config to 8259 (Cascade Lake) model,Used CPU World benchmark for 8259CL.,proxy_reference,Proxy SSD class with watts expressed on a per-TB basis.,4.352,4.352,4.352,4.352,4.352,4.352,4.352,4.352,4.352,4.352,2.742,2.742,2.742,2.742,2.742,2.742,2.742,2.742,2.742,2.742,1.2036,1.2036,1.2036,1.2036,1.2036,1.2036,1.2036,1.2036,1.2036,1.2036,1.2,1.2,0.9,0.7,1.1,0.7,0.9,1.1,0.9,1.2,1.2,1.2,0.9,0.7,1.1,0.7,0.9,1.1,0.9,1.2,369.6,369.6,277.20000000000005,215.6,338.80000000000007,215.6,277.20000000000005,338.80000000000007,277.20000000000005,369.6,92.4,92.4,69.30000000000001,53.9,84.70000000000002,53.9,69.30000000000001,84.70000000000002,69.30000000000001,92.4,0.0,0.0,0.0,0.0,0.0,0.0,0.0,0.0,0.0,0.0,0.0,0.0,0.0,0.0,0.0,0.0,0.0,0.0,0.0,0.0,0.0,0.0,0.0,0.0,0.0,0.0,0.0,0.0,0.0,0.0,462.0,462.0,346.50000000000006,269.5,423.5000000000001,269.5,346.50000000000006,423.5000000000001,346.50000000000006,462.0,0.000462,0.000462,0.0003465,0.0002695,0.0004235,0.0002695,0.0003465,0.0004235,0.0003465,0.000462,9419.91341991342,9419.91341991342,12559.884559884558,16148.423005565865,10276.269185360092,16148.423005565865,12559.884559884558,10276.269185360092,12559.884559884558,9419.91341991342,5935.064935064935,5935.064935064935,7913.419913419912,10174.39703153989,6474.6162927981095,10174.39703153989,7913.419913419912,6474.6162927981095,7913.419913419912,5935.064935064935,2605.194805194805,2605.194805194805,3473.593073593073,4466.048237476809,2842.0306965761506,4466.048237476809,3473.593073593073,2842.0306965761506,3473.593073593073,2605.194805194805,Benchmark for small,Benchmark for small,Benchmark for small,Benchmark for small,Benchmark for small,Benchmark for small,Benchmark for small,Benchmark for small,Benchmark for small,Benchmark for small,1,1,1,1,1,1,1,1,1,1,900.0,900.0,900.0,900.0,900.0,900.0,900.0,900.0,900.0,900.0,resolved,resolved,resolved,resolved,resolved,resolved,resolved,resolved,resolved,resolved,resolved,resolved,resolved,resolved,resolved,resolved,resolved,resolved,resolved,resolved,G4DN 16xlarge Extra Large,g4dn,"914,808.462",GPU instance,105.0 fps,2933 MT/s,Yes,2.0,21.0,16.0,32.0,127577 MB,35.0 MB,Yes,0 units,4.00 GiB/vCPU,16 GiB,7.5,0,0.0000 units,2.5 GHz,Yes,Yes,Yes,Yes,Yes,Yes,x86_64,50 Gigabit,9500 Mbps,1187.5 MB/s,40000 IOPS,9500 Mbps,1187.5 MB/s,40000 IOPS,Yes,60.0,4.0,Yes,No,Yes,118.0,Yes,Yes,Yes,Unknown,Yes,,$4.352 hourly,$2.742 hourly,$1.1334 hourly,$1.2036 hourly,$5.043 hourly,$3.433 hourly,$1.8244 hourly,$2.0168 hourly,$5.939 hourly,$4.329 hourly,,,$4.477 hourly,$2.802 hourly,$1.2584 hourly,$1.4508 hourly,$7.296 hourly,$5.686 hourly,$3.3792 hourly,$3.3947 hourly,$8.606 hourly,$5.422 hourly,,,,,,,,,,,,,>20%,$0.27 hourly,current,Turing,34.0°C,Yes,3.51x,0.0W,0.0W,585 MHz,585 MHz,5000 MHz,825 MHz,,,,4.352,1.2036,2.742
g4dn.2xlarge,NVIDIA T4 Tensor Core,Intel Xeon Family,1.0,8 vCPUs,32 GiB,225 GB NVMe SSD,0.752,0.474,0.2867,T4,Intel Xeon Family,1.0,8.0,32.0,0.752,0.474,0.2867,70,210.0,48.0,4.375,True,225.0,0.225,,Benchmark for small,1.0,1,225.0,0.0,0.0,0.0,0.0,0.0,0.0,0.0,0.0,0.0,0.0,resolved,resolved,family_proxy,identical config to 8259 (Cascade Lake) model,Used CPU World benchmark for 8259CL.,proxy_reference,Proxy SSD class with watts expressed on a per-TB basis.,0.752,0.752,0.752,0.752,0.752,0.752,0.752,0.752,0.752,0.752,0.474,0.474,0.474,0.474,0.474,0.474,0.474,0.474,0.474,0.474,0.2867,0.2867,0.2867,0.2867,0.2867,0.2867,0.2867,0.2867,0.2867,0.2867,1.2,1.2,0.9,0.7,1.1,0.7,0.9,1.1,0.9,1.2,1.2,1.2,0.9,0.7,1.1,0.7,0.9,1.1,0.9,1.2,46.2,46.2,34.650000000000006,26.95,42.35000000000001,26.95,34.650000000000006,42.35000000000001,34.650000000000006,46.2,92.4,92.4,69.30000000000001,53.9,84.70000000000002,53.9,69.30000000000001,84.70000000000002,69.30000000000001,92.4,0.0,0.0,0.0,0.0,0.0,0.0,0.0,0.0,0.0,0.0,0.0,0.0,0.0,0.0,0.0,0.0,0.0,0.0,0.0,0.0,0.0,0.0,0.0,0.0,0.0,0.0,0.0,0.0,0.0,0.0,138.60000000000002,138.60000000000002,103.95000000000002,80.85,127.05000000000004,80.85,103.95000000000002,127.05000000000004,103.95000000000002,138.60000000000002,0.0001386,0.0001386,0.00010395,8.085e-05,0.00012705,8.085e-05,0.00010395,0.00012705,0.00010395,0.0001386,5425.685425685424,5425.685425685424,7234.247234247233,9301.175015460729,5918.929555293191,9301.175015460729,7234.247234247233,5918.929555293191,7234.247234247233,5425.685425685424,3419.9134199134187,3419.9134199134187,4559.884559884559,5862.7087198515765,3730.814639905548,5862.7087198515765,4559.884559884559,3730.814639905548,4559.884559884559,3419.9134199134187,2068.542568542568,2068.542568542568,2758.0567580567576,3546.0729746444035,2256.591892955529,3546.0729746444035,2758.0567580567576,2256.591892955529,2758.0567580567576,2068.542568542568,Benchmark for small,Benchmark for small,Benchmark for small,Benchmark for small,Benchmark for small,Benchmark for small,Benchmark for small,Benchmark for small,Benchmark for small,Benchmark for small,1,1,1,1,1,1,1,1,1,1,225.0,225.0,225.0,225.0,225.0,225.0,225.0,225.0,225.0,225.0,resolved,resolved,resolved,resolved,resolved,resolved,resolved,resolved,resolved,resolved,resolved,resolved,resolved,resolved,resolved,resolved,resolved,resolved,resolved,resolved,G4DN Double Extra Large,g4dn,"116,228.389",GPU instance,105.0 fps,2666 MT/s,No,,,,,,,,0 units,4.00 GiB/vCPU,16 GiB,7.5,0,0.0000 units,2.5 GHz,Yes,Yes,Yes,Yes,Yes,Yes,x86_64,Up to 25 Gigabit,1150 Mbps,143.75 MB/s,6000 IOPS,3500 Mbps,437.5 MB/s,20000 IOPS,Yes,30.0,3.0,Yes,No,Yes,39.0,Yes,Yes,Yes,Unknown,Yes,,$0.752 hourly,$0.474 hourly,$0.2452 hourly,$0.2867 hourly,$0.867 hourly,$0.589 hourly,$0.3602 hourly,$0.4401 hourly,$1.007 hourly,$0.729 hourly,,,$0.877 hourly,$0.534 hourly,$0.3702 hourly,$0.4501 hourly,$1.12 hourly,$0.842 hourly,$0.4551 hourly,$0.4597 hourly,$8.606 hourly,$5.422 hourly,,,,,,,,,,,,,>20%,$0.188 hourly,current,Turing,39.0°C,Yes,3.49x,0.0W,0.0W,585 MHz,585 MHz,5000 MHz,810 MHz,,,,0.752,0.2867,0.474
g4dn.4xlarge,NVIDIA T4 Tensor Core,Intel Xeon Family,1.0,16 vCPUs,64 GiB,225 GB NVMe SSD,1.204,0.759,0.4292,T4,Intel Xeon Family,1.0,16.0,64.0,1.204,0.759,0.4292,70,210.0,48.0,4.375,True,225.0,0.225,,Benchmark for small,1.0,1,225.0,0.0,0.0,0.0,0.0,0.0,0.0,0.0,0.0,0.0,0.0,resolved,resolved,family_proxy,identical config to 8259 (Cascade Lake) model,Used CPU World benchmark for 8259CL.,proxy_reference,Proxy SSD class with watts expressed on a per-TB basis.,1.204,1.204,1.204,1.204,1.204,1.204,1.204,1.204,1.204,1.204,0.759,0.759,0.759,0.759,0.759,0.759,0.759,0.759,0.759,0.759,0.4292,0.4292,0.4292,0.4292,0.4292,0.4292,0.4292,0.4292,0.4292,0.4292,1.2,1.2,0.9,0.7,1.1,0.7,0.9,1.1,0.9,1.2,1.2,1.2,0.9,0.7,1.1,0.7,0.9,1.1,0.9,1.2,92.4,92.4,69.30000000000001,53.9,84.70000000000002,53.9,69.30000000000001,84.70000000000002,69.30000000000001,92.4,92.4,92.4,69.30000000000001,53.9,84.70000000000002,53.9,69.30000000000001,84.70000000000002,69.30000000000001,92.4,0.0,0.0,0.0,0.0,0.0,0.0,0.0,0.0,0.0,0.0,0.0,0.0,0.0,0.0,0.0,0.0,0.0,0.0,0.0,0.0,0.0,0.0,0.0,0.0,0.0,0.0,0.0,0.0,0.0,0.0,184.8,184.8,138.60000000000002,107.8,169.40000000000003,107.8,138.60000000000002,169.40000000000003,138.60000000000002,184.8,0.0001848,0.0001848,0.0001386,0.0001077999999999,0.0001694,0.0001077999999999,0.0001386,0.0001694,0.0001386,0.0001848,6515.151515151514,6515.151515151514,8686.868686868684,11168.83116883117,7107.438016528924,11168.83116883117,8686.868686868684,7107.438016528924,8686.868686868684,6515.151515151514,4107.142857142857,4107.142857142857,5476.190476190475,7040.816326530613,4480.51948051948,7040.816326530613,5476.190476190475,4480.51948051948,5476.190476190475,4107.142857142857,2322.5108225108224,2322.5108225108224,3096.6810966810963,3981.447124304268,2533.648170011806,3981.447124304268,3096.6810966810963,2533.648170011806,3096.6810966810963,2322.5108225108224,Benchmark for small,Benchmark for small,Benchmark for small,Benchmark for small,Benchmark for small,Benchmark for small,Benchmark for small,Benchmark for small,Benchmark for small,Benchmark for small,1,1,1,1,1,1,1,1,1,1,225.0,225.0,225.0,225.0,225.0,225.0,225.0,225.0,225.0,225.0,resolved,resolved,resolved,resolved,resolved,resolved,resolved,resolved,resolved,resolved,resolved,resolved,resolved,resolved,resolved,resolved,resolved,resolved,resolved,resolved,G4DN Quadruple Extra Large,g4dn,"230,991.338",GPU instance,106.0 fps,3200 MT/s,No,,,,,,,,0 units,4.00 GiB/vCPU,16 GiB,7.5,0,0.0000 units,2.5 GHz,Yes,Yes,Yes,Yes,Yes,Yes,x86_64,Up to 25 Gigabit,4750 Mbps,593.75 MB/s,20000 IOPS,4750 Mbps,593.75 MB/s,20000 IOPS,Yes,30.0,3.0,Yes,No,Yes,59.0,Yes,Yes,Yes,Unknown,Yes,,$1.204 hourly,$0.759 hourly,$0.3997 hourly,$0.4292 hourly,$1.377 hourly,$0.931 hourly,$0.5727 hourly,$0.6403 hourly,$1.601 hourly,$1.155 hourly,,,$1.329 hourly,$0.819 hourly,$0.5247 hourly,$0.5923 hourly,$1.94 hourly,$1.495 hourly,$0.8663 hourly,$0.8663 hourly,$8.606 hourly,$5.422 hourly,,,,,,,,,,,,,>20%,$0.27 hourly,current,Turing,30.0°C,Yes,3.52x,0.0W,0.0W,585 MHz,585 MHz,5000 MHz,855 MHz,,,,1.204,0.4292,0.759
g4dn.8xlarge,NVIDIA T4 Tensor Core,Intel Xeon Family,1.0,32 vCPUs,128 GiB,900 GB NVMe SSD,2.176,1.371,0.6514,T4,Intel Xeon Family,1.0,32.0,128.0,2.176,1.371,0.6514,70,210.0,48.0,4.375,True,900.0,0.9,,Benchmark for small,1.0,1,900.0,0.0,0.0,0.0,0.0,0.0,0.0,0.0,0.0,0.0,0.0,resolved,resolved,family_proxy,identical config to 8259 (Cascade Lake) model,Used CPU World benchmark for 8259CL.,proxy_reference,Proxy SSD class with watts expressed on a per-TB basis.,2.176,2.176,2.176,2.176,2.176,2.176,2.176,2.176,2.176,2.176,1.371,1.371,1.371,1.371,1.371,1.371,1.371,1.371,1.371,1.371,0.6514,0.6514,0.6514,0.6514,0.6514,0.6514,0.6514,0.6514,0.6514,0.6514,1.2,1.2,0.9,0.7,1.1,0.7,0.9,1.1,0.9,1.2,1.2,1.2,0.9,0.7,1.1,0.7,0.9,1.1,0.9,1.2,184.8,184.8,138.60000000000002,107.8,169.40000000000003,107.8,138.60000000000002,169.40000000000003,138.60000000000002,184.8,92.4,92.4,69.30000000000001,53.9,84.70000000000002,53.9,69.30000000000001,84.70000000000002,69.30000000000001,92.4,0.0,0.0,0.0,0.0,0.0,0.0,0.0,0.0,0.0,0.0,0.0,0.0,0.0,0.0,0.0,0.0,0.0,0.0,0.0,0.0,0.0,0.0,0.0,0.0,0.0,0.0,0.0,0.0,0.0,0.0,277.20000000000005,277.20000000000005,207.90000000000003,161.7,254.10000000000005,161.7,207.90000000000003,254.10000000000005,207.90000000000003,277.20000000000005,0.0002772,0.0002772,0.0002079,0.0001617,0.0002541,0.0001617,0.0002079,0.0002541,0.0002079,0.0002772,7849.927849927849,7849.927849927849,10466.570466570463,13457.019171304886,8563.557654466744,13457.019171304886,10466.570466570463,8563.557654466744,10466.570466570463,7849.927849927849,4945.887445887444,4945.887445887444,6594.516594516594,8478.664192949907,5395.513577331758,8478.664192949907,6594.516594516594,5395.513577331758,6594.516594516594,4945.887445887444,2349.9278499278494,2349.9278499278494,3133.2371332371326,4028.447742733457,2563.5576544667447,4028.447742733457,3133.2371332371326,2563.5576544667447,3133.2371332371326,2349.9278499278494,Benchmark for small,Benchmark for small,Benchmark for small,Benchmark for small,Benchmark for small,Benchmark for small,Benchmark for small,Benchmark for small,Benchmark for small,Benchmark for small,1,1,1,1,1,1,1,1,1,1,900.0,900.0,900.0,900.0,900.0,900.0,900.0,900.0,900.0,900.0,resolved,resolved,resolved,resolved,resolved,resolved,resolved,resolved,resolved,resolved,resolved,resolved,resolved,resolved,resolved,resolved,resolved,resolved,resolved,resolved,G4DN Eight Extra Large,g4dn,"458,343.28",GPU instance,105.0 fps,2933 MT/s,No,,,,,,,,0 units,4.00 GiB/vCPU,16 GiB,7.5,0,0.0000 units,2.5 GHz,Yes,Yes,Yes,Yes,Yes,Yes,x86_64,50 Gigabit,9500 Mbps,1187.5 MB/s,40000 IOPS,9500 Mbps,1187.5 MB/s,40000 IOPS,Yes,60.0,4.0,Yes,No,Yes,58.0,Yes,Yes,Yes,Unknown,Yes,,$2.176 hourly,$1.371 hourly,$0.6037 hourly,$0.6514 hourly,$2.522 hourly,$1.716 hourly,$0.9497 hourly,$1.0495 hourly,$2.97 hourly,$2.164 hourly,,,$2.301 hourly,$1.431 hourly,$0.7287 hourly,$0.8285 hourly,$3.648 hourly,$2.843 hourly,$1.6896 hourly,$1.701 hourly,$8.606 hourly,$5.422 hourly,,,,,,,,,,,,,>20%,$0.27 hourly,current,Turing,31.0°C,Yes,3.50x,0.0W,0.0W,585 MHz,585 MHz,5000 MHz,825 MHz,,,,2.176,0.6514,1.371
g4dn.metal,NVIDIA T4 Tensor Core,Intel Xeon Family,8.0,96 vCPUs,384 GiB,1800 GB (2×900 GB NVMe SSD),7.824,4.929,3.1197,T4,Intel Xeon Family,8.0,96.0,384.0,7.824,4.929,3.1197,70,210.0,48.0,4.375,True,1800.0,1.8,2.0,Benchmark for small,1.0,2,900.0,0.0,0.0,0.0,0.0,0.0,0.0,0.0,0.0,0.0,0.0,resolved,resolved,family_proxy,identical config to 8259 (Cascade Lake) model,Used CPU World benchmark for 8259CL.,proxy_reference,Proxy SSD class with watts expressed on a per-TB basis.,7.824,7.824,7.824,7.824,7.824,7.824,7.824,7.824,7.824,7.824,4.929,4.929,4.929,4.929,4.929,4.929,4.929,4.929,4.929,4.929,3.1197,3.1197,3.1197,3.1197,3.1197,3.1197,3.1197,3.1197,3.1197,3.1197,1.2,1.2,0.9,0.7,1.1,0.7,0.9,1.1,0.9,1.2,1.2,1.2,0.9,0.7,1.1,0.7,0.9,1.1,0.9,1.2,554.4,554.4,415.80000000000007,323.40000000000003,508.2000000000001,323.40000000000003,415.80000000000007,508.2000000000001,415.80000000000007,554.4,739.2,739.2,554.4000000000001,431.2,677.6000000000001,431.2,554.4000000000001,677.6000000000001,554.4000000000001,739.2,0.0,0.0,0.0,0.0,0.0,0.0,0.0,0.0,0.0,0.0,0.0,0.0,0.0,0.0,0.0,0.0,0.0,0.0,0.0,0.0,0.0,0.0,0.0,0.0,0.0,0.0,0.0,0.0,0.0,0.0,1293.6,1293.6,970.2000000000002,754.6,1185.8000000000002,754.6,970.2000000000002,1185.8000000000002,970.2000000000002,1293.6,0.0012936,0.0012936,0.0009702,0.0007546,0.0011858,0.0007546,0.0009702,0.0011858,0.0009702,0.0012936,6048.237476808905,6048.237476808905,8064.316635745205,10368.40710310098,6598.0772474278965,10368.40710310098,8064.316635745205,6598.0772474278965,8064.316635745205,6048.237476808905,3810.296846011132,3810.296846011132,5080.395794681508,6531.9374503047975,4156.68746837578,6531.9374503047975,5080.395794681508,4156.68746837578,5080.395794681508,3810.296846011132,2411.6419294990724,2411.6419294990724,3215.5225726654294,4134.243307712695,2630.882104908079,4134.243307712695,3215.5225726654294,2630.882104908079,3215.5225726654294,2411.6419294990724,Benchmark for small,Benchmark for small,Benchmark for small,Benchmark for small,Benchmark for small,Benchmark for small,Benchmark for small,Benchmark for small,Benchmark for small,Benchmark for small,2,2,2,2,2,2,2,2,2,2,900.0,900.0,900.0,900.0,900.0,900.0,900.0,900.0,900.0,900.0,resolved,resolved,resolved,resolved,resolved,resolved,resolved,resolved,resolved,resolved,resolved,resolved,resolved,resolved,resolved,resolved,resolved,resolved,resolved,resolved,G4DN Metal,g4dn,"1,287,380.984",GPU instance,103.0 fps,3200 MT/s,Yes,2.0,21.0,24.0,48.0,193284 MB,35.0 MB,Yes,0 units,4.00 GiB/vCPU,128 GiB,7.5,0,0.0000 units,2.5 GHz,Yes,Yes,Yes,Yes,Yes,Yes,x86_64,100 Gigabit,19000 Mbps,2375 MB/s,80000 IOPS,19000 Mbps,2375 MB/s,80000 IOPS,Yes,750.0,15.0,Yes,Yes,Yes,107.0,Yes,Yes,Yes,Unknown,No,,$7.824 hourly,$4.929 hourly,$2.6024 hourly,$3.1197 hourly,$8.861 hourly,$5.966 hourly,$3.6394 hourly,$5.3949 hourly,$10.205 hourly,$7.31 hourly,,,$7.949 hourly,$4.989 hourly,$2.7274 hourly,$4.4829 hourly,$12.24 hourly,$9.345 hourly,$5.1984 hourly,$5.1984 hourly,$8.606 hourly,$5.422 hourly,,,,,,,,,,,,,>20%,,current,"Turing, Turing, Turing, Turing, Turing, Turing, Turing, Turing",29.1°C,Yes,3.44x,0.0W,0.0W,514 MHz,514 MHz,3851 MHz,758 MHz,,,,7.824,3.1197,4.929
g4dn.xlarge,NVIDIA T4 Tensor Core,Intel Xeon Family,1.0,4 vCPUs,16 GiB,125 GB NVMe SSD,0.526,0.331,0.2196,T4,Intel Xeon Family,1.0,4.0,16.0,0.526,0.331,0.2196,70,210.0,48.0,4.375,True,125.0,0.125,,Benchmark for small,1.0,1,125.0,0.0,0.0,0.0,0.0,0.0,0.0,0.0,0.0,0.0,0.0,resolved,resolved,family_proxy,identical config to 8259 (Cascade Lake) model,Used CPU World benchmark for 8259CL.,proxy_reference,Proxy SSD class with watts expressed on a per-TB basis.,0.526,0.526,0.526,0.526,0.526,0.526,0.526,0.526,0.526,0.526,0.331,0.331,0.331,0.331,0.331,0.331,0.331,0.331,0.331,0.331,0.2196,0.2196,0.2196,0.2196,0.2196,0.2196,0.2196,0.2196,0.2196,0.2196,1.2,1.2,0.9,0.7,1.1,0.7,0.9,1.1,0.9,1.2,1.2,1.2,0.9,0.7,1.1,0.7,0.9,1.1,0.9,1.2,23.1,23.1,17.325000000000003,13.475,21.175000000000004,13.475,17.325000000000003,21.175000000000004,17.325000000000003,23.1,92.4,92.4,69.30000000000001,53.9,84.70000000000002,53.9,69.30000000000001,84.70000000000002,69.30000000000001,92.4,0.0,0.0,0.0,0.0,0.0,0.0,0.0,0.0,0.0,0.0,0.0,0.0,0.0,0.0,0.0,0.0,0.0,0.0,0.0,0.0,0.0,0.0,0.0,0.0,0.0,0.0,0.0,0.0,0.0,0.0,115.5,115.5,86.62500000000001,67.375,105.87500000000004,67.375,86.62500000000001,105.87500000000004,86.62500000000001,115.5,0.0001155,0.0001155,8.662500000000002e-05,6.7375e-05,0.000105875,6.7375e-05,8.662500000000002e-05,0.000105875,8.662500000000002e-05,0.0001155,4554.112554112554,4554.112554112554,6072.150072150072,7807.050092764379,4968.122786304603,7807.050092764379,6072.150072150072,4968.122786304603,6072.150072150072,4554.112554112554,2865.8008658008657,2865.8008658008657,3821.0678210678207,4912.801484230056,3126.3282172373074,4912.801484230056,3821.0678210678207,3126.3282172373074,3821.0678210678207,2865.8008658008657,1901.2987012987007,1901.2987012987007,2535.0649350649346,3259.369202226345,2074.1440377804006,3259.369202226345,2535.0649350649346,2074.1440377804006,2535.0649350649346,1901.2987012987007,Benchmark for small,Benchmark for small,Benchmark for small,Benchmark for small,Benchmark for small,Benchmark for small,Benchmark for small,Benchmark for small,Benchmark for small,Benchmark for small,1,1,1,1,1,1,1,1,1,1,125.0,125.0,125.0,125.0,125.0,125.0,125.0,125.0,125.0,125.0,resolved,resolved,resolved,resolved,resolved,resolved,resolved,resolved,resolved,resolved,resolved,resolved,resolved,resolved,resolved,resolved,resolved,resolved,resolved,resolved,G4DN Extra Large,g4dn,"55,463.117",GPU instance,105.0 fps,3200 MT/s,No,,,,,,,,0 units,4.00 GiB/vCPU,16 GiB,7.5,0,0.0000 units,2.5 GHz,Yes,Yes,Yes,Yes,Yes,Yes,x86_64,Up to 25 Gigabit,950 Mbps,118.75 MB/s,3000 IOPS,3500 Mbps,437.5 MB/s,20000 IOPS,Yes,30.0,3.0,Yes,No,Yes,39.0,Yes,Yes,Yes,Unknown,Yes,,$0.526 hourly,$0.331 hourly,$0.2172 hourly,$0.2196 hourly,$0.584 hourly,$0.389 hourly,$0.2752 hourly,$0.2812 hourly,$0.654 hourly,$0.459 hourly,,,$0.582 hourly,$0.381 hourly,$0.2732 hourly,$0.2792 hourly,$0.71 hourly,$0.515 hourly,$0.2409 hourly,$0.2412 hourly,$8.606 hourly,$5.422 hourly,,,,,,,,,,,,,10-15%,$0.132 hourly,current,Turing,31.0°C,Yes,3.48x,0.0W,0.0W,585 MHz,585 MHz,5000 MHz,825 MHz,,,,0.526,0.2196,0.331
g5.12xlarge,NVIDIA A10G,AMD EPYC 7R32,4.0,48 vCPUs,192 GiB,3800 GB NVMe SSD,5.672,3.5734,2.2102,A10G,AMD EPYC 7R32,4.0,48.0,192.0,5.672,3.5734,2.2102,150,280.0,96.0,2.9166666666666665,True,3800.0,3.8,,Benchmark for large,5.0,1,3800.0,0.0,0.0,0.0,0.0,0.0,0.0,0.0,0.0,0.0,0.0,resolved,resolved,benchmark_proxy,"Closest EPYC Rome custom-SKU benchmark/reference listings, serversupply",AWS custom Rome part; package TDP inferred from common benchmark/reference sources.,proxy_reference,Proxy SSD class with watts expressed on a per-TB basis.,5.672,5.672,5.672,5.672,5.672,5.672,5.672,5.672,5.672,5.672,3.5734,3.5734,3.5734,3.5734,3.5734,3.5734,3.5734,3.5734,3.5734,3.5734,2.2102,2.2102,2.2102,2.2102,2.2102,2.2102,2.2102,2.2102,2.2102,2.2102,1.2,1.2,0.9,0.7,1.1,0.7,0.9,1.1,0.9,1.2,1.2,1.2,0.9,0.7,1.1,0.7,0.9,1.1,0.9,1.2,184.8,184.8,138.60000000000002,107.8,169.40000000000003,107.8,138.60000000000002,169.40000000000003,138.60000000000002,184.8,792.0,792.0,594.0000000000001,462.0,726.0000000000001,462.0,594.0000000000001,726.0000000000001,594.0000000000001,792.0,0.0,0.0,0.0,0.0,0.0,0.0,0.0,0.0,0.0,0.0,0.0,0.0,0.0,0.0,0.0,0.0,0.0,0.0,0.0,0.0,0.0,0.0,0.0,0.0,0.0,0.0,0.0,0.0,0.0,0.0,976.8,976.8,732.6000000000001,569.8,895.4000000000001,569.8,732.6000000000001,895.4000000000001,732.6000000000001,976.8,0.0009767999999999,0.0009767999999999,0.0007326,0.0005698,0.0008954,0.0005698,0.0007326,0.0008954,0.0007326,0.0009767999999999,5806.715806715807,5806.715806715807,7742.287742287741,9954.369954369957,6334.599061871788,9954.369954369957,7742.287742287741,6334.599061871788,7742.287742287741,5806.715806715807,3658.2719082719086,3658.2719082719086,4877.695877695876,6271.323271323272,3990.842081751173,6271.323271323272,4877.695877695876,3990.842081751173,4877.695877695876,3658.2719082719086,2262.694512694513,2262.694512694513,3016.9260169260165,3878.904878904879,2468.394013848559,3878.904878904879,3016.9260169260165,2468.394013848559,3016.9260169260165,2262.694512694513,Benchmark for large,Benchmark for large,Benchmark for large,Benchmark for large,Benchmark for large,Benchmark for large,Benchmark for large,Benchmark for large,Benchmark for large,Benchmark for large,1,1,1,1,1,1,1,1,1,1,3800.0,3800.0,3800.0,3800.0,3800.0,3800.0,3800.0,3800.0,3800.0,3800.0,resolved,resolved,resolved,resolved,resolved,resolved,resolved,resolved,resolved,resolved,resolved,resolved,resolved,resolved,resolved,resolved,resolved,resolved,resolved,resolved,G5 Graphics and Machine Learning GPU 12xlarge Extra Large,g5,"895,146.627",GPU instance,109.0 fps,3200 MT/s,No,,,,,,,,0 units,4.00 GiB/vCPU,96 GiB,8.6,0,0.0000 units,2.8 GHz,,,,,Yes,Yes,x86_64,40 Gigabit,16000 Mbps,2000 MB/s,65000 IOPS,16000 Mbps,2000 MB/s,65000 IOPS,Yes,750.0,15.0,Yes,No,Yes,107.0,Yes,Yes,Yes,Unknown,Yes,,$5.672 hourly,$3.5734 hourly,$2.0218 hourly,$2.2102 hourly,$6.1904 hourly,$4.0918 hourly,$2.5402 hourly,$2.9455 hourly,$6.8624 hourly,$4.7638 hourly,,,$5.797 hourly,$3.6334 hourly,$2.1468 hourly,$2.5521 hourly,$7.88 hourly,$5.7814 hourly,$2.7752 hourly,$3.0824 hourly,$17.917 hourly,$11.288 hourly,,,,,,,,,,,,,>20%,$1.418 hourly,current,"Ampere, Ampere, Ampere, Ampere",26.0°C,Yes,3.62x,58.0W,58.0W,1710 MHz,1710 MHz,6251 MHz,1500 MHz,,,,5.672,2.2102,3.5734
g5.16xlarge,NVIDIA A10G,AMD EPYC 7R32,1.0,64 vCPUs,256 GiB,1900 GB NVMe SSD,4.096,2.5805,1.4352,A10G,AMD EPYC 7R32,1.0,64.0,256.0,4.096,2.5805,1.4352,150,280.0,96.0,2.9166666666666665,True,1900.0,1.9,,Benchmark for medium,2.5,1,1900.0,0.0,0.0,0.0,0.0,0.0,0.0,0.0,0.0,0.0,0.0,resolved,resolved,benchmark_proxy,"Closest EPYC Rome custom-SKU benchmark/reference listings, serversupply",AWS custom Rome part; package TDP inferred from common benchmark/reference sources.,proxy_reference,Proxy SSD class with watts expressed on a per-TB basis.,4.096,4.096,4.096,4.096,4.096,4.096,4.096,4.096,4.096,4.096,2.5805,2.5805,2.5805,2.5805,2.5805,2.5805,2.5805,2.5805,2.5805,2.5805,1.4352,1.4352,1.4352,1.4352,1.4352,1.4352,1.4352,1.4352,1.4352,1.4352,1.2,1.2,0.9,0.7,1.1,0.7,0.9,1.1,0.9,1.2,1.2,1.2,0.9,0.7,1.1,0.7,0.9,1.1,0.9,1.2,246.4,246.4,184.8,143.73333333333332,225.8666666666667,143.73333333333332,184.8,225.8666666666667,184.8,246.4,198.0,198.0,148.50000000000003,115.5,181.50000000000003,115.5,148.50000000000003,181.50000000000003,148.50000000000003,198.0,0.0,0.0,0.0,0.0,0.0,0.0,0.0,0.0,0.0,0.0,0.0,0.0,0.0,0.0,0.0,0.0,0.0,0.0,0.0,0.0,0.0,0.0,0.0,0.0,0.0,0.0,0.0,0.0,0.0,0.0,444.4,444.4,333.30000000000007,259.2333333333333,407.36666666666673,259.2333333333333,333.30000000000007,407.36666666666673,333.30000000000007,444.4,0.0004443999999999,0.0004443999999999,0.0003333,0.0002592333333333,0.0004073666666666,0.0002592333333333,0.0003333,0.0004073666666666,0.0003333,0.0004443999999999,9216.92169216922,9216.92169216922,12289.228922892287,15800.437186575798,10054.823664184598,15800.437186575798,12289.228922892287,10054.823664184598,12289.228922892287,9216.92169216922,5806.705670567057,5806.705670567057,7742.274227422739,9954.352578114953,6334.58800425497,9954.352578114953,7742.274227422739,6334.58800425497,7742.274227422739,5806.705670567057,3229.52295229523,3229.52295229523,4306.030603060305,5536.325061077536,3523.115947958432,5536.325061077536,4306.030603060305,3523.115947958432,4306.030603060305,3229.52295229523,Benchmark for medium,Benchmark for medium,Benchmark for medium,Benchmark for medium,Benchmark for medium,Benchmark for medium,Benchmark for medium,Benchmark for medium,Benchmark for medium,Benchmark for medium,1,1,1,1,1,1,1,1,1,1,1900.0,1900.0,1900.0,1900.0,1900.0,1900.0,1900.0,1900.0,1900.0,1900.0,resolved,resolved,resolved,resolved,resolved,resolved,resolved,resolved,resolved,resolved,resolved,resolved,resolved,resolved,resolved,resolved,resolved,resolved,resolved,resolved,G5 Graphics and Machine Learning GPU 16xlarge Extra Large,g5,"1,246,915.184",GPU instance,113.0 fps,3200 MT/s,No,,,,,,,,0 units,4.00 GiB/vCPU,24 GiB,8.6,0,0.0000 units,2.8 GHz,,,,,Yes,Yes,x86_64,25 Gigabit,16000 Mbps,2000 MB/s,65000 IOPS,16000 Mbps,2000 MB/s,65000 IOPS,Yes,240.0,8.0,Yes,No,Yes,114.0,Yes,Yes,Yes,Unknown,Yes,,$4.096 hourly,$2.5805 hourly,$1.3384 hourly,$1.4352 hourly,$4.7872 hourly,$3.2717 hourly,$2.0296 hourly,$2.2991 hourly,$5.6832 hourly,$4.1677 hourly,,,$4.221 hourly,$2.6405 hourly,$1.4634 hourly,$1.7329 hourly,$7.04 hourly,$5.5245 hourly,$3.3536 hourly,$3.3605 hourly,$17.917 hourly,$11.288 hourly,,,,,,,,,,,,,>20%,$1.024 hourly,current,Ampere,25.0°C,Yes,3.76x,59.0W,59.0W,1710 MHz,1710 MHz,6251 MHz,1500 MHz,,,,4.096,1.4352,2.5805
g5.24xlarge,NVIDIA A10G,AMD EPYC 7R32,4.0,96 vCPUs,384 GiB,3800 GB NVMe SSD,8.144,5.1307,4.6452,A10G,AMD EPYC 7R32,4.0,96.0,384.0,8.144,5.1307,4.6452,150,280.0,96.0,2.9166666666666665,True,3800.0,3.8,,Benchmark for large,5.0,1,3800.0,0.0,0.0,0.0,0.0,0.0,0.0,0.0,0.0,0.0,0.0,resolved,resolved,benchmark_proxy,"Closest EPYC Rome custom-SKU benchmark/reference listings, serversupply",AWS custom Rome part; package TDP inferred from common benchmark/reference sources.,proxy_reference,Proxy SSD class with watts expressed on a per-TB basis.,8.144,8.144,8.144,8.144,8.144,8.144,8.144,8.144,8.144,8.144,5.1307,5.1307,5.1307,5.1307,5.1307,5.1307,5.1307,5.1307,5.1307,5.1307,4.6452,4.6452,4.6452,4.6452,4.6452,4.6452,4.6452,4.6452,4.6452,4.6452,1.2,1.2,0.9,0.7,1.1,0.7,0.9,1.1,0.9,1.2,1.2,1.2,0.9,0.7,1.1,0.7,0.9,1.1,0.9,1.2,369.6,369.6,277.20000000000005,215.6,338.80000000000007,215.6,277.20000000000005,338.80000000000007,277.20000000000005,369.6,792.0,792.0,594.0000000000001,462.0,726.0000000000001,462.0,594.0000000000001,726.0000000000001,594.0000000000001,792.0,0.0,0.0,0.0,0.0,0.0,0.0,0.0,0.0,0.0,0.0,0.0,0.0,0.0,0.0,0.0,0.0,0.0,0.0,0.0,0.0,0.0,0.0,0.0,0.0,0.0,0.0,0.0,0.0,0.0,0.0,1161.6,1161.6,871.2000000000002,677.6,1064.8000000000002,677.6,871.2000000000002,1064.8000000000002,871.2000000000002,1161.6,0.0011615999999999,0.0011615999999999,0.0008712,0.0006776,0.0010648,0.0006776,0.0008712,0.0010648,0.0008712,0.0011615999999999,7011.019283746557,7011.019283746557,9348.025711662074,12018.890200708383,7648.384673178061,12018.890200708383,9348.025711662074,7648.384673178061,9348.025711662074,7011.019283746557,4416.924931129477,4416.924931129477,5889.233241505968,7571.871310507674,4818.463561232156,7571.871310507674,5889.233241505968,4818.463561232156,5889.233241505968,4416.924931129477,3998.966942148761,3998.966942148761,5331.955922865013,6855.371900826446,4362.509391435011,6855.371900826446,5331.955922865013,4362.509391435011,5331.955922865013,3998.966942148761,Benchmark for large,Benchmark for large,Benchmark for large,Benchmark for large,Benchmark for large,Benchmark for large,Benchmark for large,Benchmark for large,Benchmark for large,Benchmark for large,1,1,1,1,1,1,1,1,1,1,3800.0,3800.0,3800.0,3800.0,3800.0,3800.0,3800.0,3800.0,3800.0,3800.0,resolved,resolved,resolved,resolved,resolved,resolved,resolved,resolved,resolved,resolved,resolved,resolved,resolved,resolved,resolved,resolved,resolved,resolved,resolved,resolved,G5 Graphics and Machine Learning GPU 24xlarge,g5,"1,613,987.895",GPU instance,111.0 fps,3200 MT/s,No,,,,,,,,0 units,4.00 GiB/vCPU,96 GiB,8.6,0,0.0000 units,2.8 GHz,,,,,Yes,Yes,x86_64,50 Gigabit,19000 Mbps,2375 MB/s,80000 IOPS,19000 Mbps,2375 MB/s,80000 IOPS,Yes,750.0,15.0,Yes,No,Yes,107.0,Yes,Yes,Yes,Unknown,Yes,,$8.144 hourly,$5.1307 hourly,$4.3755 hourly,$4.6452 hourly,$9.1808 hourly,$6.1675 hourly,$5.4123 hourly,$6.3067 hourly,$10.5248 hourly,$7.5115 hourly,,,$8.269 hourly,$5.1907 hourly,$4.5005 hourly,$5.3949 hourly,$12.56 hourly,$9.5467 hourly,$5.2304 hourly,$5.2447 hourly,$17.917 hourly,$11.288 hourly,,,,,,,,,,,,,>20%,$2.036 hourly,current,"Ampere, Ampere, Ampere, Ampere",26.8°C,Yes,3.70x,59.0W,59.0W,1710 MHz,1710 MHz,6251 MHz,1500 MHz,,,,8.144,4.6452,5.1307
g5.2xlarge,NVIDIA A10G,AMD EPYC 7R32,1.0,8 vCPUs,32 GiB,450 GB NVMe SSD,1.212,0.7636,0.4791,A10G,AMD EPYC 7R32,1.0,8.0,32.0,1.212,0.7636,0.4791,150,280.0,96.0,2.9166666666666665,True,450.0,0.45,,Benchmark for small,1.0,1,450.0,0.0,0.0,0.0,0.0,0.0,0.0,0.0,0.0,0.0,0.0,resolved,resolved,benchmark_proxy,"Closest EPYC Rome custom-SKU benchmark/reference listings, serversupply",AWS custom Rome part; package TDP inferred from common benchmark/reference sources.,proxy_reference,Proxy SSD class with watts expressed on a per-TB basis.,1.212,1.212,1.212,1.212,1.212,1.212,1.212,1.212,1.212,1.212,0.7636,0.7636,0.7636,0.7636,0.7636,0.7636,0.7636,0.7636,0.7636,0.7636,0.4791,0.4791,0.4791,0.4791,0.4791,0.4791,0.4791,0.4791,0.4791,0.4791,1.2,1.2,0.9,0.7,1.1,0.7,0.9,1.1,0.9,1.2,1.2,1.2,0.9,0.7,1.1,0.7,0.9,1.1,0.9,1.2,30.8,30.8,23.1,17.966666666666665,28.233333333333334,17.966666666666665,23.1,28.233333333333334,23.1,30.8,198.0,198.0,148.50000000000003,115.5,181.50000000000003,115.5,148.50000000000003,181.50000000000003,148.50000000000003,198.0,0.0,0.0,0.0,0.0,0.0,0.0,0.0,0.0,0.0,0.0,0.0,0.0,0.0,0.0,0.0,0.0,0.0,0.0,0.0,0.0,0.0,0.0,0.0,0.0,0.0,0.0,0.0,0.0,0.0,0.0,228.8,228.8,171.60000000000002,133.46666666666667,209.73333333333335,133.46666666666667,171.60000000000002,209.73333333333335,171.60000000000002,228.8,0.0002288,0.0002288,0.0001716,0.0001334666666666,0.0002097333333333,0.0001334666666666,0.0001716,0.0002097333333333,0.0001716,0.0002288,5297.202797202797,5297.202797202797,7062.9370629370615,9080.91908091908,5778.766687857596,9080.91908091908,7062.9370629370615,5778.766687857596,7062.9370629370615,5297.202797202797,3337.412587412587,3337.412587412587,4449.8834498834485,5721.278721278721,3640.8137317228216,5721.278721278721,4449.8834498834485,3640.8137317228216,4449.8834498834485,3337.412587412587,2093.968531468532,2093.968531468532,2791.9580419580416,3589.66033966034,2284.329307056579,3589.66033966034,2791.9580419580416,2284.329307056579,2791.9580419580416,2093.968531468532,Benchmark for small,Benchmark for small,Benchmark for small,Benchmark for small,Benchmark for small,Benchmark for small,Benchmark for small,Benchmark for small,Benchmark for small,Benchmark for small,1,1,1,1,1,1,1,1,1,1,450.0,450.0,450.0,450.0,450.0,450.0,450.0,450.0,450.0,450.0,resolved,resolved,resolved,resolved,resolved,resolved,resolved,resolved,resolved,resolved,resolved,resolved,resolved,resolved,resolved,resolved,resolved,resolved,resolved,resolved,G5 Graphics and Machine Learning GPU Double Extra Large,g5,"144,423.884",GPU instance,114.0 fps,3200 MT/s,No,,,,,,,,0 units,4.00 GiB/vCPU,24 GiB,8.6,0,0.0000 units,2.8 GHz,,,,,Yes,Yes,x86_64,Up to 10 Gigabit,850 Mbps,106.25 MB/s,3500 IOPS,3500 Mbps,437.5 MB/s,15000 IOPS,Yes,60.0,4.0,Yes,No,Yes,17.0,Yes,Yes,Yes,Unknown,Yes,,$1.212 hourly,$0.7636 hourly,$0.4624 hourly,$0.4791 hourly,$1.3272 hourly,$0.8788 hourly,$0.5776 hourly,$0.6192 hourly,$1.4672 hourly,$1.0188 hourly,,,$1.337 hourly,$0.8236 hourly,$0.5874 hourly,$0.629 hourly,$1.58 hourly,$1.1316 hourly,$0.4992 hourly,$0.4994 hourly,$17.917 hourly,$11.288 hourly,,,,,,,,,,,,,15-20%,$0.303 hourly,current,Ampere,25.0°C,Yes,3.80x,57.0W,57.0W,1710 MHz,1710 MHz,6251 MHz,1500 MHz,,,,1.212,0.4791,0.7636
g5.48xlarge,NVIDIA A10G,AMD EPYC 7R32,8.0,192 vCPUs,768 GiB,7600 GB (2×3800 GB NVMe SSD),16.288,10.2614,8.2623,A10G,AMD EPYC 7R32,8.0,192.0,768.0,16.288,10.2614,8.2623,150,280.0,96.0,2.9166666666666665,True,7600.0,7.6,2.0,Benchmark for large,5.0,2,3800.0,0.0,0.0,0.0,0.0,0.0,0.0,0.0,0.0,0.0,0.0,resolved,resolved,benchmark_proxy,"Closest EPYC Rome custom-SKU benchmark/reference listings, serversupply",AWS custom Rome part; package TDP inferred from common benchmark/reference sources.,proxy_reference,Proxy SSD class with watts expressed on a per-TB basis.,16.288,16.288,16.288,16.288,16.288,16.288,16.288,16.288,16.288,16.288,10.2614,10.2614,10.2614,10.2614,10.2614,10.2614,10.2614,10.2614,10.2614,10.2614,8.2623,8.2623,8.2623,8.2623,8.2623,8.2623,8.2623,8.2623,8.2623,8.2623,1.2,1.2,0.9,0.7,1.1,0.7,0.9,1.1,0.9,1.2,1.2,1.2,0.9,0.7,1.1,0.7,0.9,1.1,0.9,1.2,739.2,739.2,554.4000000000001,431.2,677.6000000000001,431.2,554.4000000000001,677.6000000000001,554.4000000000001,739.2,1584.0,1584.0,1188.0000000000002,924.0,1452.0000000000002,924.0,1188.0000000000002,1452.0000000000002,1188.0000000000002,1584.0,0.0,0.0,0.0,0.0,0.0,0.0,0.0,0.0,0.0,0.0,0.0,0.0,0.0,0.0,0.0,0.0,0.0,0.0,0.0,0.0,0.0,0.0,0.0,0.0,0.0,0.0,0.0,0.0,0.0,0.0,2323.2,2323.2,1742.4000000000003,1355.2,2129.6000000000004,1355.2,1742.4000000000003,2129.6000000000004,1742.4000000000003,2323.2,0.0023231999999999,0.0023231999999999,0.0017424,0.0013552,0.0021296,0.0013552,0.0017424,0.0021296,0.0017424,0.0023231999999999,7011.019283746557,7011.019283746557,9348.025711662074,12018.890200708383,7648.384673178061,12018.890200708383,9348.025711662074,7648.384673178061,9348.025711662074,7011.019283746557,4416.924931129477,4416.924931129477,5889.233241505968,7571.871310507674,4818.463561232156,7571.871310507674,5889.233241505968,4818.463561232156,5889.233241505968,4416.924931129477,3556.430785123968,3556.430785123968,4741.907713498622,6096.738488783944,3879.742674680691,6096.738488783944,4741.907713498622,3879.742674680691,4741.907713498622,3556.430785123968,Benchmark for large,Benchmark for large,Benchmark for large,Benchmark for large,Benchmark for large,Benchmark for large,Benchmark for large,Benchmark for large,Benchmark for large,Benchmark for large,2,2,2,2,2,2,2,2,2,2,3800.0,3800.0,3800.0,3800.0,3800.0,3800.0,3800.0,3800.0,3800.0,3800.0,resolved,resolved,resolved,resolved,resolved,resolved,resolved,resolved,resolved,resolved,resolved,resolved,resolved,resolved,resolved,resolved,resolved,resolved,resolved,resolved,G5 Graphics and Machine Learning GPU 48xlarge,g5,"3,614,457.831",GPU instance,110.0 fps,3200 MT/s,Yes,2.0,32.0,48.0,96.0,382924 MB,192.0 MB,Yes,0 units,4.00 GiB/vCPU,192 GiB,8.6,0,0.0000 units,2.8 GHz,,,,,Yes,Yes,x86_64,100 Gigabit,19000 Mbps,2375 MB/s,80000 IOPS,19000 Mbps,2375 MB/s,80000 IOPS,Yes,350.0,7.0,Yes,No,Yes,115.0,Yes,Yes,Yes,Unknown,Yes,,$16.288 hourly,$10.2614 hourly,$6.0566 hourly,$8.2623 hourly,$18.1312 hourly,$12.1046 hourly,$7.8998 hourly,$12.8963 hourly,$20.1472 hourly,$14.1206 hourly,,,$16.413 hourly,$10.3214 hourly,$6.1816 hourly,$11.1781 hourly,$25.12 hourly,$19.0934 hourly,$10.4608 hourly,$10.4608 hourly,$17.917 hourly,$11.288 hourly,,,,,,,,,,,,,>20%,$4.072 hourly,current,"Ampere, Ampere, Ampere, Ampere, Ampere, Ampere, Ampere, Ampere",26.9°C,Yes,3.65x,41.0W,41.0W,1148 MHz,1148 MHz,4059 MHz,1146 MHz,,,,16.288,8.2623,10.2614
g5.4xlarge,NVIDIA A10G,AMD EPYC 7R32,1.0,16 vCPUs,64 GiB,600 GB NVMe SSD,1.624,1.0231,0.7318,A10G,AMD EPYC 7R32,1.0,16.0,64.0,1.624,1.0231,0.7318,150,280.0,96.0,2.9166666666666665,True,600.0,0.6,,Benchmark for small,1.0,1,600.0,0.0,0.0,0.0,0.0,0.0,0.0,0.0,0.0,0.0,0.0,resolved,resolved,benchmark_proxy,"Closest EPYC Rome custom-SKU benchmark/reference listings, serversupply",AWS custom Rome part; package TDP inferred from common benchmark/reference sources.,proxy_reference,Proxy SSD class with watts expressed on a per-TB basis.,1.624,1.624,1.624,1.624,1.624,1.624,1.624,1.624,1.624,1.624,1.0231,1.0231,1.0231,1.0231,1.0231,1.0231,1.0231,1.0231,1.0231,1.0231,0.7318,0.7318,0.7318,0.7318,0.7318,0.7318,0.7318,0.7318,0.7318,0.7318,1.2,1.2,0.9,0.7,1.1,0.7,0.9,1.1,0.9,1.2,1.2,1.2,0.9,0.7,1.1,0.7,0.9,1.1,0.9,1.2,61.6,61.6,46.2,35.93333333333333,56.46666666666668,35.93333333333333,46.2,56.46666666666668,46.2,61.6,198.0,198.0,148.50000000000003,115.5,181.50000000000003,115.5,148.50000000000003,181.50000000000003,148.50000000000003,198.0,0.0,0.0,0.0,0.0,0.0,0.0,0.0,0.0,0.0,0.0,0.0,0.0,0.0,0.0,0.0,0.0,0.0,0.0,0.0,0.0,0.0,0.0,0.0,0.0,0.0,0.0,0.0,0.0,0.0,0.0,259.6,259.6,194.70000000000005,151.43333333333334,237.9666666666667,151.43333333333334,194.70000000000005,237.9666666666667,194.70000000000005,259.6,0.0002596,0.0002596,0.0001947,0.0001514333333333,0.0002379666666666,0.0001514333333333,0.0001947,0.0002379666666666,0.0001947,0.0002596,6255.778120184899,6255.778120184899,8341.037493579865,10724.191063174114,6824.485222019891,10724.191063174114,8341.037493579865,6824.485222019891,8341.037493579865,6255.778120184899,3941.063174114021,3941.063174114021,5254.750898818694,6756.108298481178,4299.341644488023,6756.108298481178,5254.750898818694,4299.341644488023,5254.750898818694,3941.063174114021,2818.952234206471,2818.952234206471,3758.602978941961,4832.489544353951,3075.220619134332,4832.489544353951,3758.602978941961,3075.220619134332,3758.602978941961,2818.952234206471,Benchmark for small,Benchmark for small,Benchmark for small,Benchmark for small,Benchmark for small,Benchmark for small,Benchmark for small,Benchmark for small,Benchmark for small,Benchmark for small,1,1,1,1,1,1,1,1,1,1,600.0,600.0,600.0,600.0,600.0,600.0,600.0,600.0,600.0,600.0,resolved,resolved,resolved,resolved,resolved,resolved,resolved,resolved,resolved,resolved,resolved,resolved,resolved,resolved,resolved,resolved,resolved,resolved,resolved,resolved,G5 Graphics and Machine Learning GPU Quadruple Extra Large,g5,"312,479.656",GPU instance,111.0 fps,3200 MT/s,No,,,,,,,,0 units,4.00 GiB/vCPU,24 GiB,8.6,0,0.0000 units,2.8 GHz,,,,,Yes,Yes,x86_64,Up to 25 Gigabit,4750 Mbps,593.75 MB/s,20000 IOPS,4750 Mbps,593.75 MB/s,20000 IOPS,Yes,240.0,8.0,Yes,No,Yes,34.0,Yes,Yes,Yes,Unknown,Yes,,$1.624 hourly,$1.0231 hourly,$0.7051 hourly,$0.7318 hourly,$1.7968 hourly,$1.1959 hourly,$0.8779 hourly,$0.9874 hourly,$2.0208 hourly,$1.4199 hourly,,,$1.749 hourly,$1.0831 hourly,$0.8301 hourly,$0.9396 hourly,$2.36 hourly,$1.7591 hourly,$0.9118 hourly,$0.9791 hourly,$17.917 hourly,$11.288 hourly,,,,,,,,,,,,,>20%,$0.406 hourly,current,Ampere,21.0°C,Yes,3.71x,55.0W,55.0W,1710 MHz,1710 MHz,6251 MHz,1500 MHz,,,,1.624,0.7318,1.0231
g5.8xlarge,NVIDIA A10G,AMD EPYC 7R32,1.0,32 vCPUs,128 GiB,900 GB NVMe SSD,2.448,1.5422,1.2062,A10G,AMD EPYC 7R32,1.0,32.0,128.0,2.448,1.5422,1.2062,150,280.0,96.0,2.9166666666666665,True,900.0,0.9,,Benchmark for small,1.0,1,900.0,0.0,0.0,0.0,0.0,0.0,0.0,0.0,0.0,0.0,0.0,resolved,resolved,benchmark_proxy,"Closest EPYC Rome custom-SKU benchmark/reference listings, serversupply",AWS custom Rome part; package TDP inferred from common benchmark/reference sources.,proxy_reference,Proxy SSD class with watts expressed on a per-TB basis.,2.448,2.448,2.448,2.448,2.448,2.448,2.448,2.448,2.448,2.448,1.5422,1.5422,1.5422,1.5422,1.5422,1.5422,1.5422,1.5422,1.5422,1.5422,1.2062,1.2062,1.2062,1.2062,1.2062,1.2062,1.2062,1.2062,1.2062,1.2062,1.2,1.2,0.9,0.7,1.1,0.7,0.9,1.1,0.9,1.2,1.2,1.2,0.9,0.7,1.1,0.7,0.9,1.1,0.9,1.2,123.2,123.2,92.4,71.86666666666666,112.93333333333337,71.86666666666666,92.4,112.93333333333337,92.4,123.2,198.0,198.0,148.50000000000003,115.5,181.50000000000003,115.5,148.50000000000003,181.50000000000003,148.50000000000003,198.0,0.0,0.0,0.0,0.0,0.0,0.0,0.0,0.0,0.0,0.0,0.0,0.0,0.0,0.0,0.0,0.0,0.0,0.0,0.0,0.0,0.0,0.0,0.0,0.0,0.0,0.0,0.0,0.0,0.0,0.0,321.2,321.2,240.90000000000003,187.36666666666667,294.4333333333334,187.36666666666667,240.90000000000003,294.4333333333334,240.90000000000003,321.2,0.0003212,0.0003212,0.0002409,0.0001873666666666,0.0002944333333333,0.0001873666666666,0.0002409,0.0002944333333333,0.0002409,0.0003212,7621.419676214196,7621.419676214196,10161.892901618929,13065.29087351005,8314.276010415486,13065.29087351005,10161.892901618929,8314.276010415486,10161.892901618929,7621.419676214196,4801.369863013699,4801.369863013699,6401.826484018264,8230.91976516634,5237.858032378579,8230.91976516634,6401.826484018264,5237.858032378579,6401.826484018264,4801.369863013699,3755.2926525529274,3755.2926525529274,5007.056870070568,6437.644547233587,4096.6828936941,6437.644547233587,5007.056870070568,4096.6828936941,5007.056870070568,3755.2926525529274,Benchmark for small,Benchmark for small,Benchmark for small,Benchmark for small,Benchmark for small,Benchmark for small,Benchmark for small,Benchmark for small,Benchmark for small,Benchmark for small,1,1,1,1,1,1,1,1,1,1,900.0,900.0,900.0,900.0,900.0,900.0,900.0,900.0,900.0,900.0,resolved,resolved,resolved,resolved,resolved,resolved,resolved,resolved,resolved,resolved,resolved,resolved,resolved,resolved,resolved,resolved,resolved,resolved,resolved,resolved,G5 Graphics and Machine Learning GPU Eight Extra Large,g5,"621,902.633",GPU instance,111.0 fps,3200 MT/s,No,,,,,,,,0 units,4.00 GiB/vCPU,24 GiB,8.6,0,0.0000 units,2.8 GHz,,,,,Yes,Yes,x86_64,25 Gigabit,16000 Mbps,2000 MB/s,65000 IOPS,16000 Mbps,2000 MB/s,65000 IOPS,Yes,240.0,8.0,Yes,No,Yes,84.0,Yes,Yes,Yes,Unknown,Yes,,$2.448 hourly,$1.5422 hourly,$1.1167 hourly,$1.2062 hourly,$2.7936 hourly,$1.8878 hourly,$1.4623 hourly,$1.6913 hourly,$3.2416 hourly,$2.3358 hourly,,,$2.573 hourly,$1.6022 hourly,$1.2417 hourly,$1.4707 hourly,$3.92 hourly,$1.5422 hourly,$1.8195 hourly,$1.9569 hourly,$17.917 hourly,$11.288 hourly,,,,,,,,,,,,,>20%,$0.612 hourly,current,Ampere,26.0°C,Yes,3.70x,58.0W,58.0W,1710 MHz,1710 MHz,6251 MHz,1500 MHz,,,,2.448,1.2062,1.5422
g5.xlarge,NVIDIA A10G,AMD EPYC 7R32,1.0,4 vCPUs,16 GiB,250 GB NVMe SSD,1.006,0.6338,0.4846,A10G,AMD EPYC 7R32,1.0,4.0,16.0,1.006,0.6338,0.4846,150,280.0,96.0,2.9166666666666665,True,250.0,0.25,,Benchmark for small,1.0,1,250.0,0.0,0.0,0.0,0.0,0.0,0.0,0.0,0.0,0.0,0.0,resolved,resolved,benchmark_proxy,"Closest EPYC Rome custom-SKU benchmark/reference listings, serversupply",AWS custom Rome part; package TDP inferred from common benchmark/reference sources.,proxy_reference,Proxy SSD class with watts expressed on a per-TB basis.,1.006,1.006,1.006,1.006,1.006,1.006,1.006,1.006,1.006,1.006,0.6338,0.6338,0.6338,0.6338,0.6338,0.6338,0.6338,0.6338,0.6338,0.6338,0.4846,0.4846,0.4846,0.4846,0.4846,0.4846,0.4846,0.4846,0.4846,0.4846,1.2,1.2,0.9,0.7,1.1,0.7,0.9,1.1,0.9,1.2,1.2,1.2,0.9,0.7,1.1,0.7,0.9,1.1,0.9,1.2,15.4,15.4,11.55,8.983333333333333,14.116666666666667,8.983333333333333,11.55,14.116666666666667,11.55,15.4,198.0,198.0,148.50000000000003,115.5,181.50000000000003,115.5,148.50000000000003,181.50000000000003,148.50000000000003,198.0,0.0,0.0,0.0,0.0,0.0,0.0,0.0,0.0,0.0,0.0,0.0,0.0,0.0,0.0,0.0,0.0,0.0,0.0,0.0,0.0,0.0,0.0,0.0,0.0,0.0,0.0,0.0,0.0,0.0,0.0,213.4,213.4,160.05000000000004,124.48333333333332,195.6166666666667,124.48333333333332,160.05000000000004,195.6166666666667,160.05000000000004,213.4,0.0002134,0.0002134,0.00016005,0.0001244833333333,0.0001956166666666,0.0001244833333333,0.00016005,0.0001956166666666,0.00016005,0.0002134,4714.151827553889,4714.151827553889,6285.535770071851,8081.403132949525,5142.7110846042415,8081.403132949525,6285.535770071851,5142.7110846042415,6285.535770071851,4714.151827553889,2970.0093720712275,2970.0093720712275,3960.012496094969,5091.44463783639,3240.0102240777023,5091.44463783639,3960.012496094969,3240.0102240777023,3960.012496094969,2970.0093720712275,2270.852858481724,2270.852858481724,3027.803811308965,3892.890614540099,2477.294027434608,3892.890614540099,3027.803811308965,2477.294027434608,3027.803811308965,2270.852858481724,Benchmark for small,Benchmark for small,Benchmark for small,Benchmark for small,Benchmark for small,Benchmark for small,Benchmark for small,Benchmark for small,Benchmark for small,Benchmark for small,1,1,1,1,1,1,1,1,1,1,250.0,250.0,250.0,250.0,250.0,250.0,250.0,250.0,250.0,250.0,resolved,resolved,resolved,resolved,resolved,resolved,resolved,resolved,resolved,resolved,resolved,resolved,resolved,resolved,resolved,resolved,resolved,resolved,resolved,resolved,G5 Graphics and Machine Learning GPU Extra Large,g5,"69,633.842",GPU instance,115.0 fps,3200 MT/s,No,,,,,,,,0 units,4.00 GiB/vCPU,24 GiB,8.6,0,0.0000 units,2.8 GHz,,,,,Yes,Yes,x86_64,Up to 10 Gigabit,700 Mbps,87.5 MB/s,3000 IOPS,3500 Mbps,437.5 MB/s,15000 IOPS,Yes,60.0,4.0,Yes,No,Yes,4.0,Yes,Yes,Yes,Unknown,Yes,,$1.006 hourly,$0.6338 hourly,$0.4541 hourly,$0.4846 hourly,$1.0636 hourly,$0.6914 hourly,$0.5117 hourly,$0.5658 hourly,$1.1336 hourly,$0.7614 hourly,,,$1.0623 hourly,$0.6838 hourly,$0.5104 hourly,$0.5645 hourly,$1.19 hourly,$0.8178 hourly,$0.2846 hourly,$0.2898 hourly,$17.917 hourly,$11.288 hourly,,,,,,,,,,,,,>20%,$0.2515 hourly,current,Ampere,26.0°C,Yes,3.83x,57.0W,57.0W,1710 MHz,1710 MHz,6251 MHz,1500 MHz,,,,1.006,0.4846,0.6338
g5g.16xlarge,NVIDIA T4G Tensor Core,AWS Graviton2 Processor,2.0,64 vCPUs,128 GiB,EBS only,2.744,1.7287,0.5962,T4G,AWS Graviton2 Processor,2.0,64.0,128.0,2.744,1.7287,0.5962,70,150.0,64.0,2.34375,False,0.0,0.0,,No host-local SSD attributed,0.0,0,0.0,0.0,0.0,0.0,0.0,0.0,0.0,0.0,0.0,0.0,0.0,resolved,resolved,secondary_reference,AWS Graviton2 public specs plus benchmark study,Best-effort package TDP proxy for Graviton2; no single public AWS TDP figure.,not_applicable,EBS-only or no local SSD in instance dataset.,2.744,2.744,2.744,2.744,2.744,2.744,2.744,2.744,2.744,2.744,1.7287,1.7287,1.7287,1.7287,1.7287,1.7287,1.7287,1.7287,1.7287,1.7287,0.5962,0.5962,0.5962,0.5962,0.5962,0.5962,0.5962,0.5962,0.5962,0.5962,1.2,1.2,0.9,0.7,1.1,0.7,0.9,1.1,0.9,1.2,1.2,1.2,0.9,0.7,1.1,0.7,0.9,1.1,0.9,1.2,198.0,198.0,148.50000000000003,115.5,181.50000000000003,115.5,148.50000000000003,181.50000000000003,148.50000000000003,198.0,184.8,184.8,138.60000000000002,107.8,169.40000000000003,107.8,138.60000000000002,169.40000000000003,138.60000000000002,184.8,0.0,0.0,0.0,0.0,0.0,0.0,0.0,0.0,0.0,0.0,0.0,0.0,0.0,0.0,0.0,0.0,0.0,0.0,0.0,0.0,0.0,0.0,0.0,0.0,0.0,0.0,0.0,0.0,0.0,0.0,382.8,382.8,287.1,223.3,350.9000000000001,223.3,287.1,350.9000000000001,287.1,382.8,0.0003828,0.0003828,0.0002871,0.0002233,0.0003509,0.0002233,0.0002871,0.0003509,0.0002871,0.0003828,7168.234064785789,7168.234064785789,9557.645419714385,12288.401253918497,7819.891707039042,12288.401253918497,9557.645419714385,7819.891707039042,9557.645419714385,7168.234064785789,4515.935214211076,4515.935214211076,6021.246952281434,7741.603224361845,4926.474779139355,7741.603224361845,6021.246952281434,4926.474779139355,6021.246952281434,4515.935214211076,1557.4712643678158,1557.4712643678158,2076.628352490421,2669.950738916256,1699.0595611285262,2669.950738916256,2076.628352490421,1699.0595611285262,2076.628352490421,1557.4712643678158,No host-local SSD attributed,No host-local SSD attributed,No host-local SSD attributed,No host-local SSD attributed,No host-local SSD attributed,No host-local SSD attributed,No host-local SSD attributed,No host-local SSD attributed,No host-local SSD attributed,No host-local SSD attributed,0,0,0,0,0,0,0,0,0,0,0.0,0.0,0.0,0.0,0.0,0.0,0.0,0.0,0.0,0.0,resolved,resolved,resolved,resolved,resolved,resolved,resolved,resolved,resolved,resolved,resolved,resolved,resolved,resolved,resolved,resolved,resolved,resolved,resolved,resolved,G5G 16xlarge Extra Large,g5g,"1,283,422.46",GPU instance,100.0 fps,,No,,,,,,,,0 units,2.00 GiB/vCPU,32 GiB,7.5,0,0.0000 units,2.5 GHz,,,,,,,arm64,25 Gigabit,19000 Mbps,2375 MB/s,80000 IOPS,19000 Mbps,2375 MB/s,80000 IOPS,Yes,750.0,15.0,Yes,No,Yes,107.0,Yes,Yes,Yes,Unknown,No,,$2.744 hourly,$1.7287 hourly,$0.3629 hourly,$0.5962 hourly,$3.4352 hourly,$2.4199 hourly,$1.0541 hourly,$1.6347 hourly,$4.3312 hourly,$3.3159 hourly,,,$2.869 hourly,$1.7887 hourly,$0.4879 hourly,$1.0685 hourly,,,,,$3.018 hourly,$1.902 hourly,,,,,,,,,,,,,10-15%,,current,"Turing, Turing",74.5°C,Yes,3.31x,0.0W,0.0W,585 MHz,585 MHz,5000 MHz,735 MHz,,,,2.744,0.5962,1.7287
g5g.2xlarge,NVIDIA T4G Tensor Core,AWS Graviton2 Processor,1.0,8 vCPUs,16 GiB,EBS only,0.556,0.3503,0.2356,T4G,AWS Graviton2 Processor,1.0,8.0,16.0,0.556,0.3503,0.2356,70,150.0,64.0,2.34375,False,0.0,0.0,,No host-local SSD attributed,0.0,0,0.0,0.0,0.0,0.0,0.0,0.0,0.0,0.0,0.0,0.0,0.0,resolved,resolved,secondary_reference,AWS Graviton2 public specs plus benchmark study,Best-effort package TDP proxy for Graviton2; no single public AWS TDP figure.,not_applicable,EBS-only or no local SSD in instance dataset.,0.556,0.556,0.556,0.556,0.556,0.556,0.556,0.556,0.556,0.556,0.3503,0.3503,0.3503,0.3503,0.3503,0.3503,0.3503,0.3503,0.3503,0.3503,0.2356,0.2356,0.2356,0.2356,0.2356,0.2356,0.2356,0.2356,0.2356,0.2356,1.2,1.2,0.9,0.7,1.1,0.7,0.9,1.1,0.9,1.2,1.2,1.2,0.9,0.7,1.1,0.7,0.9,1.1,0.9,1.2,24.75,24.75,18.562500000000004,14.4375,22.687500000000004,14.4375,18.562500000000004,22.687500000000004,18.562500000000004,24.75,92.4,92.4,69.30000000000001,53.9,84.70000000000002,53.9,69.30000000000001,84.70000000000002,69.30000000000001,92.4,0.0,0.0,0.0,0.0,0.0,0.0,0.0,0.0,0.0,0.0,0.0,0.0,0.0,0.0,0.0,0.0,0.0,0.0,0.0,0.0,0.0,0.0,0.0,0.0,0.0,0.0,0.0,0.0,0.0,0.0,117.15,117.15,87.86250000000001,68.3375,107.38750000000002,68.3375,87.86250000000001,107.38750000000002,87.86250000000001,117.15,0.00011715,0.00011715,8.786250000000001e-05,6.83375e-05,0.0001073875,6.83375e-05,8.786250000000001e-05,0.0001073875,8.786250000000001e-05,0.00011715,4746.052069995732,4746.052069995732,6328.069426660975,8136.089262849827,5177.511349086253,8136.089262849827,6328.069426660975,5177.511349086253,6328.069426660975,4746.052069995732,2990.183525394793,2990.183525394793,3986.911367193057,5126.028900676788,3262.0183913397736,5126.028900676788,3986.911367193057,3262.0183913397736,3986.911367193057,2990.183525394793,2011.096884336321,2011.096884336321,2681.462512448428,3447.5946588622646,2193.923873821441,3447.5946588622646,2681.462512448428,2193.923873821441,2681.462512448428,2011.096884336321,No host-local SSD attributed,No host-local SSD attributed,No host-local SSD attributed,No host-local SSD attributed,No host-local SSD attributed,No host-local SSD attributed,No host-local SSD attributed,No host-local SSD attributed,No host-local SSD attributed,No host-local SSD attributed,0,0,0,0,0,0,0,0,0,0,0.0,0.0,0.0,0.0,0.0,0.0,0.0,0.0,0.0,0.0,resolved,resolved,resolved,resolved,resolved,resolved,resolved,resolved,resolved,resolved,resolved,resolved,resolved,resolved,resolved,resolved,resolved,resolved,resolved,resolved,G5G Double Extra Large,g5g,"157,801.302",GPU instance,99.0 fps,,No,,,,,,,,0 units,2.00 GiB/vCPU,16 GiB,7.5,0,0.0000 units,2.5 GHz,,,,,,,arm64,Up to 10 Gigabit,2375 Mbps,296.875 MB/s,12000 IOPS,4750 Mbps,593.75 MB/s,20000 IOPS,Yes,60.0,4.0,Yes,No,Yes,38.0,Yes,Yes,Yes,Unknown,No,,$0.556 hourly,$0.3503 hourly,$0.2065 hourly,$0.2356 hourly,$0.6712 hourly,$0.4655 hourly,$0.3217 hourly,$0.4171 hourly,$0.8112 hourly,$0.6055 hourly,,,$0.681 hourly,$0.4103 hourly,$0.3315 hourly,$0.4269 hourly,,,,,$3.018 hourly,$1.902 hourly,,,,,,,,,,,,,5-10%,,current,Turing,73.0°C,Yes,3.28x,0.0W,0.0W,585 MHz,585 MHz,5000 MHz,735 MHz,,,,0.556,0.2356,0.3503
g5g.4xlarge,NVIDIA T4G Tensor Core,AWS Graviton2 Processor,1.0,16 vCPUs,32 GiB,EBS only,0.828,0.5216,0.2403,T4G,AWS Graviton2 Processor,1.0,16.0,32.0,0.828,0.5216,0.2403,70,150.0,64.0,2.34375,False,0.0,0.0,,No host-local SSD attributed,0.0,0,0.0,0.0,0.0,0.0,0.0,0.0,0.0,0.0,0.0,0.0,0.0,resolved,resolved,secondary_reference,AWS Graviton2 public specs plus benchmark study,Best-effort package TDP proxy for Graviton2; no single public AWS TDP figure.,not_applicable,EBS-only or no local SSD in instance dataset.,0.828,0.828,0.828,0.828,0.828,0.828,0.828,0.828,0.828,0.828,0.5216,0.5216,0.5216,0.5216,0.5216,0.5216,0.5216,0.5216,0.5216,0.5216,0.2403,0.2403,0.2403,0.2403,0.2403,0.2403,0.2403,0.2403,0.2403,0.2403,1.2,1.2,0.9,0.7,1.1,0.7,0.9,1.1,0.9,1.2,1.2,1.2,0.9,0.7,1.1,0.7,0.9,1.1,0.9,1.2,49.5,49.5,37.12500000000001,28.875,45.37500000000001,28.875,37.12500000000001,45.37500000000001,37.12500000000001,49.5,92.4,92.4,69.30000000000001,53.9,84.70000000000002,53.9,69.30000000000001,84.70000000000002,69.30000000000001,92.4,0.0,0.0,0.0,0.0,0.0,0.0,0.0,0.0,0.0,0.0,0.0,0.0,0.0,0.0,0.0,0.0,0.0,0.0,0.0,0.0,0.0,0.0,0.0,0.0,0.0,0.0,0.0,0.0,0.0,0.0,141.9,141.9,106.425,82.775,130.07500000000002,82.775,106.425,130.07500000000002,106.425,141.9,0.0001419,0.0001419,0.000106425,8.2775e-05,0.000130075,8.2775e-05,0.000106425,0.000130075,0.000106425,0.0001419,5835.095137420718,5835.095137420718,7780.126849894291,10003.020235578371,6365.558331731692,10003.020235578371,7780.126849894291,6365.558331731692,7780.126849894291,5835.095137420718,3675.828047921071,3675.828047921071,4901.104063894761,6301.419510721836,4009.9942340957136,6301.419510721836,4901.104063894761,4009.9942340957136,4901.104063894761,3675.828047921071,1693.446088794926,1693.446088794926,2257.9281183932344,2903.0504379341587,1847.3957332308285,2903.0504379341587,2257.9281183932344,1847.3957332308285,2257.9281183932344,1693.446088794926,No host-local SSD attributed,No host-local SSD attributed,No host-local SSD attributed,No host-local SSD attributed,No host-local SSD attributed,No host-local SSD attributed,No host-local SSD attributed,No host-local SSD attributed,No host-local SSD attributed,No host-local SSD attributed,0,0,0,0,0,0,0,0,0,0,0.0,0.0,0.0,0.0,0.0,0.0,0.0,0.0,0.0,0.0,resolved,resolved,resolved,resolved,resolved,resolved,resolved,resolved,resolved,resolved,resolved,resolved,resolved,resolved,resolved,resolved,resolved,resolved,resolved,resolved,G5G Quadruple Extra Large,g5g,"314,877.985",GPU instance,99.0 fps,,No,,,,,,,,0 units,2.00 GiB/vCPU,16 GiB,7.5,0,0.0000 units,2.5 GHz,,,,,,,arm64,Up to 10 Gigabit,4750 Mbps,593.75 MB/s,20000 IOPS,4750 Mbps,593.75 MB/s,20000 IOPS,Yes,240.0,8.0,Yes,No,Yes,54.0,Yes,Yes,Yes,Unknown,No,,$0.828 hourly,$0.5216 hourly,$0.215 hourly,$0.2403 hourly,$1.0008 hourly,$0.6944 hourly,$0.3878 hourly,$0.4449 hourly,$1.2248 hourly,$0.9184 hourly,,,$0.953 hourly,$0.5816 hourly,$0.34 hourly,$0.3971 hourly,,,,,$3.018 hourly,$1.902 hourly,,,,,,,,,,,,,5-10%,,current,Turing,58.0°C,Yes,3.30x,0.0W,0.0W,585 MHz,585 MHz,5000 MHz,735 MHz,,,,0.828,0.2403,0.5216
g5g.8xlarge,NVIDIA T4G Tensor Core,AWS Graviton2 Processor,1.0,32 vCPUs,64 GiB,EBS only,1.372,0.8644,0.5597,T4G,AWS Graviton2 Processor,1.0,32.0,64.0,1.372,0.8644,0.5597,70,150.0,64.0,2.34375,False,0.0,0.0,,No host-local SSD attributed,0.0,0,0.0,0.0,0.0,0.0,0.0,0.0,0.0,0.0,0.0,0.0,0.0,resolved,resolved,secondary_reference,AWS Graviton2 public specs plus benchmark study,Best-effort package TDP proxy for Graviton2; no single public AWS TDP figure.,not_applicable,EBS-only or no local SSD in instance dataset.,1.372,1.372,1.372,1.372,1.372,1.372,1.372,1.372,1.372,1.372,0.8644,0.8644,0.8644,0.8644,0.8644,0.8644,0.8644,0.8644,0.8644,0.8644,0.5597,0.5597,0.5597,0.5597,0.5597,0.5597,0.5597,0.5597,0.5597,0.5597,1.2,1.2,0.9,0.7,1.1,0.7,0.9,1.1,0.9,1.2,1.2,1.2,0.9,0.7,1.1,0.7,0.9,1.1,0.9,1.2,99.0,99.0,74.25000000000001,57.75,90.75,57.75,74.25000000000001,90.75,74.25000000000001,99.0,92.4,92.4,69.30000000000001,53.9,84.70000000000002,53.9,69.30000000000001,84.70000000000002,69.30000000000001,92.4,0.0,0.0,0.0,0.0,0.0,0.0,0.0,0.0,0.0,0.0,0.0,0.0,0.0,0.0,0.0,0.0,0.0,0.0,0.0,0.0,0.0,0.0,0.0,0.0,0.0,0.0,0.0,0.0,0.0,0.0,191.4,191.4,143.55,111.65,175.45000000000005,111.65,143.55,175.45000000000005,143.55,191.4,0.0001914,0.0001914,0.00014355,0.00011165,0.00017545,0.00011165,0.00014355,0.00017545,0.00014355,0.0001914,7168.234064785789,7168.234064785789,9557.645419714385,12288.401253918497,7819.891707039042,12288.401253918497,9557.645419714385,7819.891707039042,9557.645419714385,7168.234064785789,4516.196447230929,4516.196447230929,6021.5952629745725,7742.051052395879,4926.759760615559,7742.051052395879,6021.5952629745725,4926.759760615559,6021.5952629745725,4516.196447230929,2924.242424242424,2924.242424242424,3898.9898989898975,5012.987012987012,3190.0826446280985,5012.987012987012,3898.9898989898975,3190.0826446280985,3898.9898989898975,2924.242424242424,No host-local SSD attributed,No host-local SSD attributed,No host-local SSD attributed,No host-local SSD attributed,No host-local SSD attributed,No host-local SSD attributed,No host-local SSD attributed,No host-local SSD attributed,No host-local SSD attributed,No host-local SSD attributed,0,0,0,0,0,0,0,0,0,0,0.0,0.0,0.0,0.0,0.0,0.0,0.0,0.0,0.0,0.0,resolved,resolved,resolved,resolved,resolved,resolved,resolved,resolved,resolved,resolved,resolved,resolved,resolved,resolved,resolved,resolved,resolved,resolved,resolved,resolved,G5G Eight Extra Large,g5g,"622,245.268",GPU instance,100.0 fps,,No,,,,,,,,0 units,2.00 GiB/vCPU,16 GiB,7.5,0,0.0000 units,2.5 GHz,,,,,,,arm64,12 Gigabit,9500 Mbps,1187.5 MB/s,40000 IOPS,9500 Mbps,1187.5 MB/s,40000 IOPS,Yes,240.0,8.0,Yes,No,Yes,54.0,Yes,Yes,Yes,Unknown,No,,$1.372 hourly,$0.8644 hourly,$0.4199 hourly,$0.5597 hourly,$1.7176 hourly,$1.21 hourly,$0.7655 hourly,$1.2256 hourly,$2.1656 hourly,$1.658 hourly,,,$1.497 hourly,$0.9244 hourly,$0.5449 hourly,$1.005 hourly,,,,,$3.018 hourly,$1.902 hourly,,,,,,,,,,,,,5-10%,,current,Turing,72.0°C,Yes,3.33x,0.0W,0.0W,585 MHz,585 MHz,5000 MHz,720 MHz,,,,1.372,0.5597,0.8644
g5g.metal,NVIDIA T4G Tensor Core,AWS Graviton2 Processor,2.0,64 vCPUs,128 GiB,EBS only,2.744,1.7287,0.6567,T4G,AWS Graviton2 Processor,2.0,64.0,128.0,2.744,1.7287,0.6567,70,150.0,64.0,2.34375,False,0.0,0.0,,No host-local SSD attributed,0.0,0,0.0,0.0,0.0,0.0,0.0,0.0,0.0,0.0,0.0,0.0,0.0,resolved,resolved,secondary_reference,AWS Graviton2 public specs plus benchmark study,Best-effort package TDP proxy for Graviton2; no single public AWS TDP figure.,not_applicable,EBS-only or no local SSD in instance dataset.,2.744,2.744,2.744,2.744,2.744,2.744,2.744,2.744,2.744,2.744,1.7287,1.7287,1.7287,1.7287,1.7287,1.7287,1.7287,1.7287,1.7287,1.7287,0.6567,0.6567,0.6567,0.6567,0.6567,0.6567,0.6567,0.6567,0.6567,0.6567,1.2,1.2,0.9,0.7,1.1,0.7,0.9,1.1,0.9,1.2,1.2,1.2,0.9,0.7,1.1,0.7,0.9,1.1,0.9,1.2,198.0,198.0,148.50000000000003,115.5,181.50000000000003,115.5,148.50000000000003,181.50000000000003,148.50000000000003,198.0,184.8,184.8,138.60000000000002,107.8,169.40000000000003,107.8,138.60000000000002,169.40000000000003,138.60000000000002,184.8,0.0,0.0,0.0,0.0,0.0,0.0,0.0,0.0,0.0,0.0,0.0,0.0,0.0,0.0,0.0,0.0,0.0,0.0,0.0,0.0,0.0,0.0,0.0,0.0,0.0,0.0,0.0,0.0,0.0,0.0,382.8,382.8,287.1,223.3,350.9000000000001,223.3,287.1,350.9000000000001,287.1,382.8,0.0003828,0.0003828,0.0002871,0.0002233,0.0003509,0.0002233,0.0002871,0.0003509,0.0002871,0.0003828,7168.234064785789,7168.234064785789,9557.645419714385,12288.401253918497,7819.891707039042,12288.401253918497,9557.645419714385,7819.891707039042,9557.645419714385,7168.234064785789,4515.935214211076,4515.935214211076,6021.246952281434,7741.603224361845,4926.474779139355,7741.603224361845,6021.246952281434,4926.474779139355,6021.246952281434,4515.935214211076,1715.51724137931,1715.51724137931,2287.35632183908,2940.886699507389,1871.4733542319743,2940.886699507389,2287.35632183908,1871.4733542319743,2287.35632183908,1715.51724137931,No host-local SSD attributed,No host-local SSD attributed,No host-local SSD attributed,No host-local SSD attributed,No host-local SSD attributed,No host-local SSD attributed,No host-local SSD attributed,No host-local SSD attributed,No host-local SSD attributed,No host-local SSD attributed,0,0,0,0,0,0,0,0,0,0,0.0,0.0,0.0,0.0,0.0,0.0,0.0,0.0,0.0,0.0,resolved,resolved,resolved,resolved,resolved,resolved,resolved,resolved,resolved,resolved,resolved,resolved,resolved,resolved,resolved,resolved,resolved,resolved,resolved,resolved,G5G Metal,g5g,"1,262,202.939",GPU instance,178.0 fps,,No,,,,,,,,0 units,2.00 GiB/vCPU,32 GiB,7.5,0,0.0000 units,2.5 GHz,,,,,,,arm64,25 Gigabit,19000 Mbps,2375 MB/s,80000 IOPS,19000 Mbps,2375 MB/s,80000 IOPS,Yes,750.0,15.0,Yes,Yes,Yes,107.0,Yes,Yes,Yes,Unknown,No,,$2.744 hourly,$1.7287 hourly,$0.524 hourly,$0.6567 hourly,$3.4352 hourly,$2.4199 hourly,$1.2152 hourly,$1.6802 hourly,$4.3312 hourly,$3.3159 hourly,,,$2.869 hourly,$1.7887 hourly,$0.649 hourly,$1.114 hourly,,,,,$3.018 hourly,$1.902 hourly,,,,,,,,,,,,,>20%,,current,"Turing, Turing",75.0°C,No,5.93x,0.0W,0.0W,585 MHz,585 MHz,5000 MHz,735 MHz,,,,2.744,0.6567,1.7287
g5g.xlarge,NVIDIA T4G Tensor Core,AWS Graviton2 Processor,1.0,4 vCPUs,8 GiB,EBS only,0.42,0.2646,0.1249,T4G,AWS Graviton2 Processor,1.0,4.0,8.0,0.42,0.2646,0.1249,70,150.0,64.0,2.34375,False,0.0,0.0,,No host-local SSD attributed,0.0,0,0.0,0.0,0.0,0.0,0.0,0.0,0.0,0.0,0.0,0.0,0.0,resolved,resolved,secondary_reference,AWS Graviton2 public specs plus benchmark study,Best-effort package TDP proxy for Graviton2; no single public AWS TDP figure.,not_applicable,EBS-only or no local SSD in instance dataset.,0.42,0.42,0.42,0.42,0.42,0.42,0.42,0.42,0.42,0.42,0.2646,0.2646,0.2646,0.2646,0.2646,0.2646,0.2646,0.2646,0.2646,0.2646,0.1249,0.1249,0.1249,0.1249,0.1249,0.1249,0.1249,0.1249,0.1249,0.1249,1.2,1.2,0.9,0.7,1.1,0.7,0.9,1.1,0.9,1.2,1.2,1.2,0.9,0.7,1.1,0.7,0.9,1.1,0.9,1.2,12.375,12.375,9.281250000000002,7.21875,11.343750000000002,7.21875,9.281250000000002,11.343750000000002,9.281250000000002,12.375,92.4,92.4,69.30000000000001,53.9,84.70000000000002,53.9,69.30000000000001,84.70000000000002,69.30000000000001,92.4,0.0,0.0,0.0,0.0,0.0,0.0,0.0,0.0,0.0,0.0,0.0,0.0,0.0,0.0,0.0,0.0,0.0,0.0,0.0,0.0,0.0,0.0,0.0,0.0,0.0,0.0,0.0,0.0,0.0,0.0,104.775,104.775,78.58125000000001,61.11875,96.04375000000002,61.11875,78.58125000000001,96.04375000000002,78.58125000000001,104.775,0.000104775,0.000104775,7.858125000000002e-05,6.111875e-05,9.604375e-05,6.111875e-05,7.858125000000002e-05,9.604375e-05,7.858125000000002e-05,0.000104775,4008.589835361488,4008.589835361488,5344.786447148651,6871.868289191123,4373.007093121623,6871.868289191123,5344.786447148651,4373.007093121623,5344.786447148651,4008.589835361488,2525.4115962777378,2525.4115962777378,3367.21546170365,4329.277022190408,2754.994468666623,4329.277022190408,3367.21546170365,2754.994468666623,3367.21546170365,2525.4115962777378,1192.0782629444043,1192.0782629444043,1589.4376839258723,2043.5627364761224,1300.4490141211686,2043.5627364761224,1589.4376839258723,1300.4490141211686,1589.4376839258723,1192.0782629444043,No host-local SSD attributed,No host-local SSD attributed,No host-local SSD attributed,No host-local SSD attributed,No host-local SSD attributed,No host-local SSD attributed,No host-local SSD attributed,No host-local SSD attributed,No host-local SSD attributed,No host-local SSD attributed,0,0,0,0,0,0,0,0,0,0,0.0,0.0,0.0,0.0,0.0,0.0,0.0,0.0,0.0,0.0,resolved,resolved,resolved,resolved,resolved,resolved,resolved,resolved,resolved,resolved,resolved,resolved,resolved,resolved,resolved,resolved,resolved,resolved,resolved,resolved,G5G Extra Large,g5g,"77,504.36",GPU instance,99.0 fps,,No,,,,,,,,0 units,2.00 GiB/vCPU,16 GiB,7.5,0,0.0000 units,2.5 GHz,,,,,,,arm64,Up to 10 Gigabit,1188 Mbps,148.5 MB/s,6000 IOPS,4750 Mbps,593.75 MB/s,20000 IOPS,Yes,60.0,4.0,Yes,No,Yes,18.0,Yes,Yes,Yes,Unknown,No,,$0.42 hourly,$0.2646 hourly,$0.1118 hourly,$0.1249 hourly,$0.4776 hourly,$0.3222 hourly,$0.1694 hourly,$0.2041 hourly,$0.5476 hourly,$0.3922 hourly,,,$0.4763 hourly,$0.3146 hourly,$0.1681 hourly,$0.2028 hourly,,,,,$3.018 hourly,$1.902 hourly,,,,,,,,,,,,,5-10%,,current,Turing,67.0°C,Yes,3.29x,0.0W,0.0W,585 MHz,585 MHz,5000 MHz,720 MHz,,,,0.42,0.1249,0.2646
g6.12xlarge,NVIDIA L4,AMD EPYC 7R13 Processor,4.0,48 vCPUs,192 GiB,3760 GB (4×940 GB NVMe SSD),4.6016,2.9956,2.2364,L4,AMD EPYC 7R13 Processor,4.0,48.0,192.0,4.6016,2.9956,2.2364,72,280.0,96.0,2.9166666666666665,True,3760.0,3.76,4.0,Benchmark for small,1.0,4,940.0,0.0,0.0,0.0,0.0,0.0,0.0,0.0,0.0,0.0,0.0,resolved,resolved,benchmark_proxy,"Closest EPYC Milan custom-SKU benchmark/reference listings, serverorbit",AWS custom Milan part; package TDP inferred from common benchmark/reference sources.,proxy_reference,Proxy SSD class with watts expressed on a per-TB basis.,4.6016,4.6016,4.6016,4.6016,4.6016,4.6016,4.6016,4.6016,4.6016,4.6016,2.9956,2.9956,2.9956,2.9956,2.9956,2.9956,2.9956,2.9956,2.9956,2.9956,2.2364,2.2364,2.2364,2.2364,2.2364,2.2364,2.2364,2.2364,2.2364,2.2364,1.2,1.2,0.9,0.7,1.1,0.7,0.9,1.1,0.9,1.2,1.2,1.2,0.9,0.7,1.1,0.7,0.9,1.1,0.9,1.2,184.8,184.8,138.60000000000002,107.8,169.40000000000003,107.8,138.60000000000002,169.40000000000003,138.60000000000002,184.8,380.16,380.16,285.12,221.76,348.4800000000001,221.76,285.12,348.4800000000001,285.12,380.16,0.0,0.0,0.0,0.0,0.0,0.0,0.0,0.0,0.0,0.0,0.0,0.0,0.0,0.0,0.0,0.0,0.0,0.0,0.0,0.0,0.0,0.0,0.0,0.0,0.0,0.0,0.0,0.0,0.0,0.0,564.96,564.96,423.72,329.56,517.8800000000001,329.56,423.72,517.8800000000001,423.72,564.96,0.00056496,0.00056496,0.00042372,0.00032956,0.00051788,0.00032956,0.00042372,0.00051788,0.00042372,0.00056496,8145.001416029454,8145.001416029454,10860.00188803927,13962.859570336206,8885.45609021395,13962.859570336206,10860.00188803927,8885.45609021395,10860.00188803927,8145.001416029454,5302.322288303597,5302.322288303597,7069.763051071462,9089.695351377592,5784.351587240287,9089.695351377592,7069.763051071462,5784.351587240287,7069.763051071462,5302.322288303597,3958.5103370150105,3958.5103370150105,5278.013782686679,6786.01772059716,4318.374913107284,6786.01772059716,5278.013782686679,4318.374913107284,5278.013782686679,3958.5103370150105,Benchmark for small,Benchmark for small,Benchmark for small,Benchmark for small,Benchmark for small,Benchmark for small,Benchmark for small,Benchmark for small,Benchmark for small,Benchmark for small,4,4,4,4,4,4,4,4,4,4,940.0,940.0,940.0,940.0,940.0,940.0,940.0,940.0,940.0,940.0,resolved,resolved,resolved,resolved,resolved,resolved,resolved,resolved,resolved,resolved,resolved,resolved,resolved,resolved,resolved,resolved,resolved,resolved,resolved,resolved,G6 Graphics and Machine Learning GPU 12xlarge Extra Large,g6,"1,056,861.342",GPU instance,138.0 fps,3200 MT/s,No,,,,,,,,0 units,4.00 GiB/vCPU,96 GiB,8.9,0,0.0000 units,2.6 GHz,,,,,Yes,Yes,x86_64,40 Gigabit,20000 Mbps,2500 MB/s,80000 IOPS,20000 Mbps,2500 MB/s,80000 IOPS,Yes,240.0,8.0,Yes,No,Yes,114.0,Yes,Yes,Yes,Unknown,Yes,,$4.6016 hourly,$2.9956 hourly,$1.9524 hourly,$2.2364 hourly,$5.12 hourly,$3.514 hourly,$2.4708 hourly,$3.1353 hourly,$5.792 hourly,$4.186 hourly,,,$4.7266 hourly,$3.0555 hourly,$2.0774 hourly,$2.7419 hourly,$6.8096 hourly,$5.2036 hourly,$2.6682 hourly,$2.722 hourly,$14.685 hourly,$9.56 hourly,$7.6208 hourly,$6.0148 hourly,$12.5696 hourly,$10.9636 hourly,$24.8096 hourly,$23.2036 hourly,$5.4128 hourly,$3.8068 hourly,$10.3616 hourly,$8.7556 hourly,$22.6016 hourly,$20.9956 hourly,5-10%,$1.1504 hourly,current,"Ada Lovelace, Ada Lovelace, Ada Lovelace, Ada Lovelace",46.0°C,Yes,4.58x,27.0W,27.0W,2040 MHz,2040 MHz,6251 MHz,1770 MHz,,,,4.6016,2.2364,2.9956
g6.16xlarge,NVIDIA L4,AMD EPYC 7R13 Processor,1.0,64 vCPUs,256 GiB,1880 GB (2×940 GB NVMe SSD),3.3968,2.2113,1.2526,L4,AMD EPYC 7R13 Processor,1.0,64.0,256.0,3.3968,2.2113,1.2526,72,280.0,96.0,2.9166666666666665,True,1880.0,1.88,2.0,Benchmark for small,1.0,2,940.0,0.0,0.0,0.0,0.0,0.0,0.0,0.0,0.0,0.0,0.0,resolved,resolved,benchmark_proxy,"Closest EPYC Milan custom-SKU benchmark/reference listings, serverorbit",AWS custom Milan part; package TDP inferred from common benchmark/reference sources.,proxy_reference,Proxy SSD class with watts expressed on a per-TB basis.,3.3968,3.3968,3.3968,3.3968,3.3968,3.3968,3.3968,3.3968,3.3968,3.3968,2.2113,2.2113,2.2113,2.2113,2.2113,2.2113,2.2113,2.2113,2.2113,2.2113,1.2526,1.2526,1.2526,1.2526,1.2526,1.2526,1.2526,1.2526,1.2526,1.2526,1.2,1.2,0.9,0.7,1.1,0.7,0.9,1.1,0.9,1.2,1.2,1.2,0.9,0.7,1.1,0.7,0.9,1.1,0.9,1.2,246.4,246.4,184.8,143.73333333333332,225.8666666666667,143.73333333333332,184.8,225.8666666666667,184.8,246.4,95.04,95.04,71.28,55.44,87.12000000000002,55.44,71.28,87.12000000000002,71.28,95.04,0.0,0.0,0.0,0.0,0.0,0.0,0.0,0.0,0.0,0.0,0.0,0.0,0.0,0.0,0.0,0.0,0.0,0.0,0.0,0.0,0.0,0.0,0.0,0.0,0.0,0.0,0.0,0.0,0.0,0.0,341.44,341.44,256.08000000000004,199.1733333333333,312.98666666666674,199.1733333333333,256.08000000000004,312.98666666666674,256.08000000000004,341.44,0.00034144,0.00034144,0.00025608,0.0001991733333333,0.0003129866666666,0.0001991733333333,0.00025608,0.0003129866666666,0.00025608,0.00034144,9948.453608247422,9948.453608247422,13264.60481099656,17054.491899852725,10852.85848172446,17054.491899852725,13264.60481099656,10852.85848172446,13264.60481099656,9948.453608247422,6476.394095595127,6476.394095595127,8635.192127460166,11102.389878163074,7065.157195194683,11102.389878163074,8635.192127460166,7065.157195194683,8635.192127460166,6476.394095595127,3668.580131208997,3668.580131208997,4891.440174945328,6288.994510643995,4002.08741586436,6288.994510643995,4891.440174945328,4002.08741586436,4891.440174945328,3668.580131208997,Benchmark for small,Benchmark for small,Benchmark for small,Benchmark for small,Benchmark for small,Benchmark for small,Benchmark for small,Benchmark for small,Benchmark for small,Benchmark for small,2,2,2,2,2,2,2,2,2,2,940.0,940.0,940.0,940.0,940.0,940.0,940.0,940.0,940.0,940.0,resolved,resolved,resolved,resolved,resolved,resolved,resolved,resolved,resolved,resolved,resolved,resolved,resolved,resolved,resolved,resolved,resolved,resolved,resolved,resolved,G6 Graphics and Machine Learning GPU 16xlarge Extra Large,g6,"1,380,872.755",GPU instance,134.0 fps,3200 MT/s,No,,,,,,,,0 units,4.00 GiB/vCPU,24 GiB,8.9,0,0.0000 units,2.6 GHz,,,,,Yes,Yes,x86_64,25 Gigabit,20000 Mbps,2500 MB/s,80000 IOPS,20000 Mbps,2500 MB/s,80000 IOPS,Yes,750.0,15.0,Yes,No,Yes,107.0,Yes,Yes,Yes,Unknown,Yes,,$3.3968 hourly,$2.2113 hourly,$1.2304 hourly,$1.2526 hourly,$4.088 hourly,$2.9025 hourly,$1.9216 hourly,$1.9623 hourly,$4.984 hourly,$3.7985 hourly,,,$3.5218 hourly,$2.2712 hourly,$1.3554 hourly,$1.3961 hourly,$6.3408 hourly,$5.1553 hourly,$3.3118 hourly,$3.3128 hourly,$14.685 hourly,$9.56 hourly,$7.4224 hourly,$6.2369 hourly,$14.0208 hourly,$12.8353 hourly,$30.3408 hourly,$29.1553 hourly,$4.4784 hourly,$3.2929 hourly,$11.0768 hourly,$9.8913 hourly,$27.3968 hourly,$26.2113 hourly,10-15%,$0.8492 hourly,current,Ada Lovelace,40.0°C,Yes,4.46x,28.0W,28.0W,2040 MHz,2040 MHz,6251 MHz,1770 MHz,,,,3.3968,1.2526,2.2113
g6.24xlarge,NVIDIA L4,AMD EPYC 7R13 Processor,4.0,96 vCPUs,384 GiB,3760 GB (4×940 GB NVMe SSD),6.6752,4.3456,3.4518,L4,AMD EPYC 7R13 Processor,4.0,96.0,384.0,6.6752,4.3456,3.4518,72,280.0,96.0,2.9166666666666665,True,3760.0,3.76,4.0,Benchmark for small,1.0,4,940.0,0.0,0.0,0.0,0.0,0.0,0.0,0.0,0.0,0.0,0.0,resolved,resolved,benchmark_proxy,"Closest EPYC Milan custom-SKU benchmark/reference listings, serverorbit",AWS custom Milan part; package TDP inferred from common benchmark/reference sources.,proxy_reference,Proxy SSD class with watts expressed on a per-TB basis.,6.6752,6.6752,6.6752,6.6752,6.6752,6.6752,6.6752,6.6752,6.6752,6.6752,4.3456,4.3456,4.3456,4.3456,4.3456,4.3456,4.3456,4.3456,4.3456,4.3456,3.4518,3.4518,3.4518,3.4518,3.4518,3.4518,3.4518,3.4518,3.4518,3.4518,1.2,1.2,0.9,0.7,1.1,0.7,0.9,1.1,0.9,1.2,1.2,1.2,0.9,0.7,1.1,0.7,0.9,1.1,0.9,1.2,369.6,369.6,277.20000000000005,215.6,338.80000000000007,215.6,277.20000000000005,338.80000000000007,277.20000000000005,369.6,380.16,380.16,285.12,221.76,348.4800000000001,221.76,285.12,348.4800000000001,285.12,380.16,0.0,0.0,0.0,0.0,0.0,0.0,0.0,0.0,0.0,0.0,0.0,0.0,0.0,0.0,0.0,0.0,0.0,0.0,0.0,0.0,0.0,0.0,0.0,0.0,0.0,0.0,0.0,0.0,0.0,0.0,749.76,749.76,562.32,437.36,687.2800000000002,437.36,562.32,687.2800000000002,562.32,749.76,0.00074976,0.00074976,0.00056232,0.00043736,0.00068728,0.00043736,0.00056232,0.00068728,0.00056232,0.00074976,8903.115663679044,8903.115663679044,11870.820884905392,15262.48399487836,9712.489814922592,15262.48399487836,11870.820884905392,9712.489814922592,11870.820884905392,8903.115663679044,5795.988049509177,5795.988049509177,7727.984066012234,9935.9795134443,6322.896054010009,9935.9795134443,7727.984066012234,6322.896054010009,7727.984066012234,5795.988049509177,4603.87323943662,4603.87323943662,6138.497652582159,7892.35412474849,5022.407170294493,7892.35412474849,6138.497652582159,5022.407170294493,6138.497652582159,4603.87323943662,Benchmark for small,Benchmark for small,Benchmark for small,Benchmark for small,Benchmark for small,Benchmark for small,Benchmark for small,Benchmark for small,Benchmark for small,Benchmark for small,4,4,4,4,4,4,4,4,4,4,940.0,940.0,940.0,940.0,940.0,940.0,940.0,940.0,940.0,940.0,resolved,resolved,resolved,resolved,resolved,resolved,resolved,resolved,resolved,resolved,resolved,resolved,resolved,resolved,resolved,resolved,resolved,resolved,resolved,resolved,G6 Graphics and Machine Learning GPU 24xlarge,g6,"1,884,200.196",GPU instance,134.0 fps,3200 MT/s,No,,,,,,,,0 units,4.00 GiB/vCPU,96 GiB,8.9,0,0.0000 units,2.6 GHz,,,,,Yes,Yes,x86_64,50 Gigabit,30000 Mbps,3750 MB/s,120000 IOPS,30000 Mbps,3750 MB/s,120000 IOPS,Yes,750.0,15.0,Yes,No,Yes,107.0,Yes,Yes,Yes,Unknown,Yes,,$6.6752 hourly,$4.3456 hourly,$1.7363 hourly,$3.4518 hourly,$7.712 hourly,$5.3824 hourly,$2.7731 hourly,$5.3978 hourly,$9.056 hourly,$6.7264 hourly,,,$6.8002 hourly,$4.4055 hourly,$1.8613 hourly,$4.486 hourly,$11.0912 hourly,$8.7616 hourly,$5.0835 hourly,$5.2898 hourly,$14.685 hourly,$9.56 hourly,$12.7136 hourly,$10.384 hourly,$22.6112 hourly,$20.2816 hourly,$47.0912 hourly,$44.7616 hourly,$8.2976 hourly,$5.968 hourly,$18.1952 hourly,$15.8656 hourly,$42.6752 hourly,$40.3456 hourly,>20%,$1.6688 hourly,current,"Ada Lovelace, Ada Lovelace, Ada Lovelace, Ada Lovelace",35.3°C,Yes,4.46x,26.0W,26.0W,2040 MHz,2040 MHz,6251 MHz,1770 MHz,,,,6.6752,3.4518,4.3456
g6.2xlarge,NVIDIA L4,AMD EPYC 7R13 Processor,1.0,8 vCPUs,32 GiB,450 GB NVMe SSD,0.9776,0.6364,0.5652,L4,AMD EPYC 7R13 Processor,1.0,8.0,32.0,0.9776,0.6364,0.5652,72,280.0,96.0,2.9166666666666665,True,450.0,0.45,,Benchmark for small,1.0,1,450.0,0.0,0.0,0.0,0.0,0.0,0.0,0.0,0.0,0.0,0.0,resolved,resolved,benchmark_proxy,"Closest EPYC Milan custom-SKU benchmark/reference listings, serverorbit",AWS custom Milan part; package TDP inferred from common benchmark/reference sources.,proxy_reference,Proxy SSD class with watts expressed on a per-TB basis.,0.9776,0.9776,0.9776,0.9776,0.9776,0.9776,0.9776,0.9776,0.9776,0.9776,0.6364,0.6364,0.6364,0.6364,0.6364,0.6364,0.6364,0.6364,0.6364,0.6364,0.5652,0.5652,0.5652,0.5652,0.5652,0.5652,0.5652,0.5652,0.5652,0.5652,1.2,1.2,0.9,0.7,1.1,0.7,0.9,1.1,0.9,1.2,1.2,1.2,0.9,0.7,1.1,0.7,0.9,1.1,0.9,1.2,30.8,30.8,23.1,17.966666666666665,28.233333333333334,17.966666666666665,23.1,28.233333333333334,23.1,30.8,95.04,95.04,71.28,55.44,87.12000000000002,55.44,71.28,87.12000000000002,71.28,95.04,0.0,0.0,0.0,0.0,0.0,0.0,0.0,0.0,0.0,0.0,0.0,0.0,0.0,0.0,0.0,0.0,0.0,0.0,0.0,0.0,0.0,0.0,0.0,0.0,0.0,0.0,0.0,0.0,0.0,0.0,125.84,125.84,94.38,73.40666666666667,115.35333333333335,73.40666666666667,94.38,115.35333333333335,94.38,125.84,0.00012584,0.00012584,9.438e-05,7.340666666666666e-05,0.0001153533333333,7.340666666666666e-05,9.438e-05,0.0001153533333333,9.438e-05,0.00012584,7768.595041322314,7768.595041322314,10358.126721763085,13317.591499409682,8474.830954169796,13317.591499409682,10358.126721763085,8474.830954169796,10358.126721763085,7768.595041322314,5057.215511760966,5057.215511760966,6742.954015681288,8669.512305875942,5516.962376466508,8669.512305875942,6742.954015681288,5516.962376466508,6742.954015681288,5057.215511760966,4491.417673235856,4491.417673235856,5988.556897647807,7699.57315411861,4899.728370802751,7699.57315411861,5988.556897647807,4899.728370802751,5988.556897647807,4491.417673235856,Benchmark for small,Benchmark for small,Benchmark for small,Benchmark for small,Benchmark for small,Benchmark for small,Benchmark for small,Benchmark for small,Benchmark for small,Benchmark for small,1,1,1,1,1,1,1,1,1,1,450.0,450.0,450.0,450.0,450.0,450.0,450.0,450.0,450.0,450.0,resolved,resolved,resolved,resolved,resolved,resolved,resolved,resolved,resolved,resolved,resolved,resolved,resolved,resolved,resolved,resolved,resolved,resolved,resolved,resolved,G6 Graphics and Machine Learning GPU Double Extra Large,g6,"167,346.512",GPU instance,133.0 fps,3200 MT/s,No,,,,,,,,0 units,4.00 GiB/vCPU,24 GiB,8.9,0,0.0000 units,2.6 GHz,,,,,Yes,Yes,x86_64,Up to 10 Gigabit,2000 Mbps,250 MB/s,8000 IOPS,5000 Mbps,625 MB/s,20000 IOPS,Yes,60.0,4.0,Yes,No,Yes,38.0,Yes,Yes,Yes,Unknown,Yes,,$0.9776 hourly,$0.6364 hourly,$0.4225 hourly,$0.5652 hourly,$1.0928 hourly,$0.7516 hourly,$0.5377 hourly,$0.8513 hourly,$1.2328 hourly,$0.8916 hourly,,,$1.1026 hourly,$0.6963 hourly,$0.5475 hourly,$0.8611 hourly,$1.3456 hourly,$1.0044 hourly,$0.4759 hourly,$0.4768 hourly,$14.685 hourly,$9.56 hourly,$1.4808 hourly,$1.1396 hourly,$2.3056 hourly,$1.9644 hourly,$4.3456 hourly,$4.0044 hourly,$1.1128 hourly,$0.7716 hourly,$1.9376 hourly,$1.5964 hourly,$3.9776 hourly,$3.6364 hourly,10-15%,$0.2444 hourly,current,Ada Lovelace,39.0°C,Yes,4.44x,27.0W,27.0W,2040 MHz,2040 MHz,6251 MHz,1770 MHz,,,,0.9776,0.5652,0.6364
g6.48xlarge,NVIDIA L4,AMD EPYC 7R13 Processor,8.0,192 vCPUs,768 GiB,7520 GB (8×940 GB NVMe SSD),13.3504,8.6911,6.7393,L4,AMD EPYC 7R13 Processor,8.0,192.0,768.0,13.3504,8.6911,6.7393,72,280.0,96.0,2.9166666666666665,True,7520.0,7.52,8.0,Benchmark for small,1.0,8,940.0,0.0,0.0,0.0,0.0,0.0,0.0,0.0,0.0,0.0,0.0,resolved,resolved,benchmark_proxy,"Closest EPYC Milan custom-SKU benchmark/reference listings, serverorbit",AWS custom Milan part; package TDP inferred from common benchmark/reference sources.,proxy_reference,Proxy SSD class with watts expressed on a per-TB basis.,13.3504,13.3504,13.3504,13.3504,13.3504,13.3504,13.3504,13.3504,13.3504,13.3504,8.6911,8.6911,8.6911,8.6911,8.6911,8.6911,8.6911,8.6911,8.6911,8.6911,6.7393,6.7393,6.7393,6.7393,6.7393,6.7393,6.7393,6.7393,6.7393,6.7393,1.2,1.2,0.9,0.7,1.1,0.7,0.9,1.1,0.9,1.2,1.2,1.2,0.9,0.7,1.1,0.7,0.9,1.1,0.9,1.2,739.2,739.2,554.4000000000001,431.2,677.6000000000001,431.2,554.4000000000001,677.6000000000001,554.4000000000001,739.2,760.32,760.32,570.24,443.52,696.9600000000002,443.52,570.24,696.9600000000002,570.24,760.32,0.0,0.0,0.0,0.0,0.0,0.0,0.0,0.0,0.0,0.0,0.0,0.0,0.0,0.0,0.0,0.0,0.0,0.0,0.0,0.0,0.0,0.0,0.0,0.0,0.0,0.0,0.0,0.0,0.0,0.0,1499.52,1499.52,1124.64,874.72,1374.5600000000004,874.72,1124.64,1374.5600000000004,1124.64,1499.52,0.00149952,0.00149952,0.00112464,0.00087472,0.00137456,0.00087472,0.00112464,0.00137456,0.00112464,0.00149952,8903.115663679044,8903.115663679044,11870.820884905392,15262.48399487836,9712.489814922592,15262.48399487836,11870.820884905392,9712.489814922592,11870.820884905392,8903.115663679044,5795.921361502347,5795.921361502347,7727.895148669796,9935.86519114688,6322.823303457105,9935.86519114688,7727.895148669796,6322.823303457105,7727.895148669796,5795.921361502347,4494.304844216816,4494.304844216816,5992.406458955754,7704.52259008597,4902.878011872889,7704.52259008597,5992.406458955754,4902.878011872889,5992.406458955754,4494.304844216816,Benchmark for small,Benchmark for small,Benchmark for small,Benchmark for small,Benchmark for small,Benchmark for small,Benchmark for small,Benchmark for small,Benchmark for small,Benchmark for small,8,8,8,8,8,8,8,8,8,8,940.0,940.0,940.0,940.0,940.0,940.0,940.0,940.0,940.0,940.0,resolved,resolved,resolved,resolved,resolved,resolved,resolved,resolved,resolved,resolved,resolved,resolved,resolved,resolved,resolved,resolved,resolved,resolved,resolved,resolved,G6 Graphics and Machine Learning GPU 48xlarge,g6,"3,842,689.883",GPU instance,131.0 fps,3200 MT/s,Yes,2.0,32.0,48.0,96.0,372844 MB,192.0 MB,Yes,0 units,4.00 GiB/vCPU,192 GiB,8.9,0,0.0000 units,2.6 GHz,,,,,Yes,Yes,x86_64,100 Gigabit,60000 Mbps,7500 MB/s,240000 IOPS,60000 Mbps,7500 MB/s,240000 IOPS,Yes,750.0,15.0,Yes,No,Yes,107.0,Yes,Yes,Yes,Unknown,Yes,,$13.3504 hourly,$8.6911 hourly,$4.8736 hourly,$6.7393 hourly,$15.1936 hourly,$10.5343 hourly,$6.7168 hourly,$9.884 hourly,$17.2096 hourly,$12.5503 hourly,,,$13.4754 hourly,$8.751 hourly,$4.9986 hourly,$8.1658 hourly,$22.1824 hourly,$17.5231 hourly,$10.167 hourly,$10.2607 hourly,$14.685 hourly,$9.56 hourly,$25.4272 hourly,$20.7679 hourly,$45.2224 hourly,$40.5631 hourly,$94.1824 hourly,$89.5231 hourly,$16.5952 hourly,$11.9359 hourly,$36.3904 hourly,$31.7311 hourly,$85.3504 hourly,$80.6911 hourly,15-20%,$3.3376 hourly,current,"Ada Lovelace, Ada Lovelace, Ada Lovelace, Ada Lovelace, Ada Lovelace, Ada Lovelace, Ada Lovelace, Ada Lovelace",38.4°C,Yes,4.37x,23.0W,23.0W,1588 MHz,1588 MHz,4790 MHz,1519 MHz,,,,13.3504,6.7393,8.6911
g6.4xlarge,NVIDIA L4,AMD EPYC 7R13 Processor,1.0,16 vCPUs,64 GiB,600 GB NVMe SSD,1.3232,0.8614,0.6691,L4,AMD EPYC 7R13 Processor,1.0,16.0,64.0,1.3232,0.8614,0.6691,72,280.0,96.0,2.9166666666666665,True,600.0,0.6,,Benchmark for small,1.0,1,600.0,0.0,0.0,0.0,0.0,0.0,0.0,0.0,0.0,0.0,0.0,resolved,resolved,benchmark_proxy,"Closest EPYC Milan custom-SKU benchmark/reference listings, serverorbit",AWS custom Milan part; package TDP inferred from common benchmark/reference sources.,proxy_reference,Proxy SSD class with watts expressed on a per-TB basis.,1.3232,1.3232,1.3232,1.3232,1.3232,1.3232,1.3232,1.3232,1.3232,1.3232,0.8614,0.8614,0.8614,0.8614,0.8614,0.8614,0.8614,0.8614,0.8614,0.8614,0.6691,0.6691,0.6691,0.6691,0.6691,0.6691,0.6691,0.6691,0.6691,0.6691,1.2,1.2,0.9,0.7,1.1,0.7,0.9,1.1,0.9,1.2,1.2,1.2,0.9,0.7,1.1,0.7,0.9,1.1,0.9,1.2,61.6,61.6,46.2,35.93333333333333,56.46666666666668,35.93333333333333,46.2,56.46666666666668,46.2,61.6,95.04,95.04,71.28,55.44,87.12000000000002,55.44,71.28,87.12000000000002,71.28,95.04,0.0,0.0,0.0,0.0,0.0,0.0,0.0,0.0,0.0,0.0,0.0,0.0,0.0,0.0,0.0,0.0,0.0,0.0,0.0,0.0,0.0,0.0,0.0,0.0,0.0,0.0,0.0,0.0,0.0,0.0,156.64,156.64,117.48,91.37333333333332,143.5866666666667,91.37333333333332,117.48,143.5866666666667,117.48,156.64,0.00015664,0.00015664,0.00011748,9.137333333333331e-05,0.0001435866666666,9.137333333333331e-05,0.00011748,0.0001435866666666,0.00011748,0.00015664,8447.395301327884,8447.395301327884,11263.193735103849,14481.249087990662,9215.340328721326,14481.249087990662,11263.193735103849,9215.340328721326,11263.193735103849,8447.395301327884,5499.23391215526,5499.23391215526,7332.311882873681,9427.258135123306,5999.164267805737,9427.258135123306,7332.311882873681,5999.164267805737,7332.311882873681,5499.23391215526,4271.578140960163,4271.578140960163,5695.437521280218,7322.705384503138,4659.903426501995,7322.705384503138,5695.437521280218,4659.903426501995,5695.437521280218,4271.578140960163,Benchmark for small,Benchmark for small,Benchmark for small,Benchmark for small,Benchmark for small,Benchmark for small,Benchmark for small,Benchmark for small,Benchmark for small,Benchmark for small,1,1,1,1,1,1,1,1,1,1,600.0,600.0,600.0,600.0,600.0,600.0,600.0,600.0,600.0,600.0,resolved,resolved,resolved,resolved,resolved,resolved,resolved,resolved,resolved,resolved,resolved,resolved,resolved,resolved,resolved,resolved,resolved,resolved,resolved,resolved,G6 Graphics and Machine Learning GPU Quadruple Extra Large,g6,"332,519.354",GPU instance,133.0 fps,3200 MT/s,No,,,,,,,,0 units,4.00 GiB/vCPU,24 GiB,8.9,0,0.0000 units,2.6 GHz,,,,,Yes,Yes,x86_64,Up to 25 Gigabit,8000 Mbps,1000 MB/s,32000 IOPS,8000 Mbps,1000 MB/s,32000 IOPS,Yes,240.0,8.0,Yes,No,Yes,54.0,Yes,Yes,Yes,Unknown,Yes,,$1.3232 hourly,$0.8614 hourly,$0.5766 hourly,$0.6691 hourly,$1.496 hourly,$1.0342 hourly,$0.7494 hourly,$0.9842 hourly,$1.72 hourly,$1.2582 hourly,,,$1.4482 hourly,$0.9213 hourly,$0.7016 hourly,$0.9364 hourly,$2.0592 hourly,$1.5974 hourly,$0.9259 hourly,$1.0065 hourly,$14.685 hourly,$9.56 hourly,$2.3296 hourly,$1.8678 hourly,$3.9792 hourly,$3.5174 hourly,$8.0592 hourly,$7.5974 hourly,$1.5936 hourly,$1.1318 hourly,$3.2432 hourly,$2.7814 hourly,$7.3232 hourly,$6.8614 hourly,>20%,$0.3308 hourly,current,Ada Lovelace,47.0°C,Yes,4.43x,28.0W,28.0W,2040 MHz,2040 MHz,6251 MHz,1770 MHz,,,,1.3232,0.6691,0.8614
g6.8xlarge,NVIDIA L4,AMD EPYC 7R13 Processor,1.0,32 vCPUs,128 GiB,900 GB (2×450 GB NVMe SSD),2.0144,1.3114,1.1537,L4,AMD EPYC 7R13 Processor,1.0,32.0,128.0,2.0144,1.3114,1.1537,72,280.0,96.0,2.9166666666666665,True,900.0,0.9,2.0,Benchmark for small,1.0,2,450.0,0.0,0.0,0.0,0.0,0.0,0.0,0.0,0.0,0.0,0.0,resolved,resolved,benchmark_proxy,"Closest EPYC Milan custom-SKU benchmark/reference listings, serverorbit",AWS custom Milan part; package TDP inferred from common benchmark/reference sources.,proxy_reference,Proxy SSD class with watts expressed on a per-TB basis.,2.0144,2.0144,2.0144,2.0144,2.0144,2.0144,2.0144,2.0144,2.0144,2.0144,1.3114,1.3114,1.3114,1.3114,1.3114,1.3114,1.3114,1.3114,1.3114,1.3114,1.1537,1.1537,1.1537,1.1537,1.1537,1.1537,1.1537,1.1537,1.1537,1.1537,1.2,1.2,0.9,0.7,1.1,0.7,0.9,1.1,0.9,1.2,1.2,1.2,0.9,0.7,1.1,0.7,0.9,1.1,0.9,1.2,123.2,123.2,92.4,71.86666666666666,112.93333333333337,71.86666666666666,92.4,112.93333333333337,92.4,123.2,95.04,95.04,71.28,55.44,87.12000000000002,55.44,71.28,87.12000000000002,71.28,95.04,0.0,0.0,0.0,0.0,0.0,0.0,0.0,0.0,0.0,0.0,0.0,0.0,0.0,0.0,0.0,0.0,0.0,0.0,0.0,0.0,0.0,0.0,0.0,0.0,0.0,0.0,0.0,0.0,0.0,0.0,218.24,218.24,163.68,127.30666666666666,200.05333333333337,127.30666666666666,163.68,200.05333333333337,163.68,218.24,0.00021824,0.00021824,0.00016368,0.0001273066666666,0.0002000533333333,0.0001273066666666,0.00016368,0.0002000533333333,0.00016368,0.00021824,9230.205278592375,9230.205278592375,12306.9403714565,15823.209049015502,10069.3148493735,15823.209049015502,12306.9403714565,10069.3148493735,12306.9403714565,9230.205278592375,6008.980938416422,6008.980938416422,8011.974584555229,10301.110180142436,6555.251932817913,10301.110180142436,8011.974584555229,6555.251932817913,8011.974584555229,6008.980938416422,5286.381964809384,5286.381964809384,7048.509286412512,9062.369082530373,5766.962143428417,9062.369082530373,7048.509286412512,5766.962143428417,7048.509286412512,5286.381964809384,Benchmark for small,Benchmark for small,Benchmark for small,Benchmark for small,Benchmark for small,Benchmark for small,Benchmark for small,Benchmark for small,Benchmark for small,Benchmark for small,2,2,2,2,2,2,2,2,2,2,450.0,450.0,450.0,450.0,450.0,450.0,450.0,450.0,450.0,450.0,resolved,resolved,resolved,resolved,resolved,resolved,resolved,resolved,resolved,resolved,resolved,resolved,resolved,resolved,resolved,resolved,resolved,resolved,resolved,resolved,G6 Graphics and Machine Learning GPU Eight Extra Large,g6,"689,915.378",GPU instance,135.0 fps,3200 MT/s,No,,,,,,,,0 units,4.00 GiB/vCPU,24 GiB,8.9,0,0.0000 units,2.6 GHz,,,,,Yes,Yes,x86_64,25 Gigabit,16000 Mbps,2000 MB/s,64000 IOPS,16000 Mbps,2000 MB/s,64000 IOPS,Yes,240.0,8.0,Yes,No,Yes,84.0,Yes,Yes,Yes,Unknown,Yes,,$2.0144 hourly,$1.3114 hourly,$0.8607 hourly,$1.1537 hourly,$2.36 hourly,$1.657 hourly,$1.2063 hourly,$1.6592 hourly,$2.808 hourly,$2.105 hourly,,,$2.1394 hourly,$1.3713 hourly,$0.9857 hourly,$1.4386 hourly,$3.4864 hourly,$2.7834 hourly,$1.6916 hourly,$1.6999 hourly,$14.685 hourly,$9.56 hourly,$4.0272 hourly,$3.3242 hourly,$7.3264 hourly,$6.6234 hourly,$15.4864 hourly,$14.7834 hourly,$2.5552 hourly,$1.8522 hourly,$5.8544 hourly,$5.1514 hourly,$14.0144 hourly,$13.3114 hourly,>20%,$0.5036 hourly,current,Ada Lovelace,55.0°C,Yes,4.49x,29.0W,29.0W,2040 MHz,2040 MHz,6251 MHz,1770 MHz,,,,2.0144,1.1537,1.3114
g6.xlarge,NVIDIA L4,AMD EPYC 7R13 Processor,1.0,4 vCPUs,16 GiB,250 GB NVMe SSD,0.8048,0.5239,0.384,L4,AMD EPYC 7R13 Processor,1.0,4.0,16.0,0.8048,0.5239,0.384,72,280.0,96.0,2.9166666666666665,True,250.0,0.25,,Benchmark for small,1.0,1,250.0,0.0,0.0,0.0,0.0,0.0,0.0,0.0,0.0,0.0,0.0,resolved,resolved,benchmark_proxy,"Closest EPYC Milan custom-SKU benchmark/reference listings, serverorbit",AWS custom Milan part; package TDP inferred from common benchmark/reference sources.,proxy_reference,Proxy SSD class with watts expressed on a per-TB basis.,0.8048,0.8048,0.8048,0.8048,0.8048,0.8048,0.8048,0.8048,0.8048,0.8048,0.5239,0.5239,0.5239,0.5239,0.5239,0.5239,0.5239,0.5239,0.5239,0.5239,0.384,0.384,0.384,0.384,0.384,0.384,0.384,0.384,0.384,0.384,1.2,1.2,0.9,0.7,1.1,0.7,0.9,1.1,0.9,1.2,1.2,1.2,0.9,0.7,1.1,0.7,0.9,1.1,0.9,1.2,15.4,15.4,11.55,8.983333333333333,14.116666666666667,8.983333333333333,11.55,14.116666666666667,11.55,15.4,95.04,95.04,71.28,55.44,87.12000000000002,55.44,71.28,87.12000000000002,71.28,95.04,0.0,0.0,0.0,0.0,0.0,0.0,0.0,0.0,0.0,0.0,0.0,0.0,0.0,0.0,0.0,0.0,0.0,0.0,0.0,0.0,0.0,0.0,0.0,0.0,0.0,0.0,0.0,0.0,0.0,0.0,110.44,110.44,82.83,64.42333333333333,101.2366666666667,64.42333333333333,82.83,101.2366666666667,82.83,110.44,0.00011044,0.00011044,8.283e-05,6.442333333333334e-05,0.0001012366666666,6.442333333333334e-05,8.283e-05,0.0001012366666666,8.283e-05,0.00011044,7287.214777254617,7287.214777254617,9716.286369672824,12492.368189579343,7949.688847914125,12492.368189579343,9716.286369672824,7949.688847914125,9716.286369672824,7287.214777254617,4743.752263672583,4743.752263672583,6325.00301823011,8132.146737724427,5175.002469460997,8132.146737724427,6325.00301823011,5175.002469460997,6325.00301823011,4743.752263672583,3477.00108656284,3477.00108656284,4636.001448750452,5960.573291250582,3793.0920944321874,5960.573291250582,4636.001448750452,3793.0920944321874,4636.001448750452,3477.00108656284,Benchmark for small,Benchmark for small,Benchmark for small,Benchmark for small,Benchmark for small,Benchmark for small,Benchmark for small,Benchmark for small,Benchmark for small,Benchmark for small,1,1,1,1,1,1,1,1,1,1,250.0,250.0,250.0,250.0,250.0,250.0,250.0,250.0,250.0,250.0,resolved,resolved,resolved,resolved,resolved,resolved,resolved,resolved,resolved,resolved,resolved,resolved,resolved,resolved,resolved,resolved,resolved,resolved,resolved,resolved,G6 Graphics and Machine Learning GPU Extra Large,g6,"83,813.515",GPU instance,134.0 fps,3200 MT/s,No,,,,,,,,0 units,4.00 GiB/vCPU,24 GiB,8.9,0,0.0000 units,2.6 GHz,,,,,Yes,Yes,x86_64,Up to 10 Gigabit,1000 Mbps,125 MB/s,4000 IOPS,5000 Mbps,625 MB/s,20000 IOPS,Yes,60.0,4.0,Yes,No,Yes,18.0,Yes,Yes,Yes,Unknown,Yes,,$0.8048 hourly,$0.5239 hourly,$0.3454 hourly,$0.384 hourly,$0.8624 hourly,$0.5815 hourly,$0.403 hourly,$0.5224 hourly,$0.9324 hourly,$0.6515 hourly,,,$0.8611 hourly,$0.5739 hourly,$0.4017 hourly,$0.5211 hourly,$0.9888 hourly,$0.7079 hourly,$0.2712 hourly,$0.2719 hourly,$14.685 hourly,$9.56 hourly,$1.0564 hourly,$0.7755 hourly,$1.4688 hourly,$1.1879 hourly,$2.4888 hourly,$2.2079 hourly,$0.8724 hourly,$0.5915 hourly,$1.2848 hourly,$1.0039 hourly,$2.3048 hourly,$2.0239 hourly,>20%,$0.2012 hourly,current,Ada Lovelace,44.0°C,Yes,4.45x,27.0W,27.0W,2040 MHz,2040 MHz,6251 MHz,1770 MHz,,,,0.8048,0.384,0.5239
g6e.12xlarge,NVIDIA L40S,AMD EPYC 7R13 Processor,4.0,48 vCPUs,384 GiB,3800 GB (2×1900 GB NVMe SSD),10.4926,6.6104,4.6012,L40S,AMD EPYC 7R13 Processor,4.0,48.0,384.0,10.4926,6.6104,4.6012,350,280.0,96.0,2.9166666666666665,True,3800.0,3.8,2.0,Benchmark for medium,2.5,2,1900.0,0.0,0.0,0.0,0.0,0.0,0.0,0.0,0.0,0.0,0.0,resolved,resolved,benchmark_proxy,"Closest EPYC Milan custom-SKU benchmark/reference listings, serverorbit",AWS custom Milan part; package TDP inferred from common benchmark/reference sources.,proxy_reference,Proxy SSD class with watts expressed on a per-TB basis.,10.4926,10.4926,10.4926,10.4926,10.4926,10.4926,10.4926,10.4926,10.4926,10.4926,6.6104,6.6104,6.6104,6.6104,6.6104,6.6104,6.6104,6.6104,6.6104,6.6104,4.6012,4.6012,4.6012,4.6012,4.6012,4.6012,4.6012,4.6012,4.6012,4.6012,1.2,1.2,0.9,0.7,1.1,0.7,0.9,1.1,0.9,1.2,1.2,1.2,0.9,0.7,1.1,0.7,0.9,1.1,0.9,1.2,184.8,184.8,138.60000000000002,107.8,169.40000000000003,107.8,138.60000000000002,169.40000000000003,138.60000000000002,184.8,1848.0,1848.0,1386.0000000000002,1078.0,1694.0000000000002,1078.0,1386.0000000000002,1694.0000000000002,1386.0000000000002,1848.0,0.0,0.0,0.0,0.0,0.0,0.0,0.0,0.0,0.0,0.0,0.0,0.0,0.0,0.0,0.0,0.0,0.0,0.0,0.0,0.0,0.0,0.0,0.0,0.0,0.0,0.0,0.0,0.0,0.0,0.0,2032.8,2032.8,1524.6000000000004,1185.8,1863.4000000000003,1185.8,1524.6000000000004,1863.4000000000003,1524.6000000000004,2032.8,0.0020328,0.0020328,0.0015246,0.0011857999999999,0.0018634,0.0011857999999999,0.0015246,0.0018634,0.0015246,0.0020328,5161.648957103503,5161.648957103503,6882.198609471335,8848.54106932029,5630.889771385638,8848.54106932029,6882.198609471335,5630.889771385638,6882.198609471335,5161.648957103503,3251.8693427784337,3251.8693427784337,4335.825790371244,5574.633159048744,3547.4938284855634,5574.633159048744,4335.825790371244,3547.4938284855634,4335.825790371244,3251.8693427784337,2263.478945297127,2263.478945297127,3017.971927062836,3880.2496205093616,2469.249758505957,3880.2496205093616,3017.971927062836,2469.249758505957,3017.971927062836,2263.478945297127,Benchmark for medium,Benchmark for medium,Benchmark for medium,Benchmark for medium,Benchmark for medium,Benchmark for medium,Benchmark for medium,Benchmark for medium,Benchmark for medium,Benchmark for medium,2,2,2,2,2,2,2,2,2,2,1900.0,1900.0,1900.0,1900.0,1900.0,1900.0,1900.0,1900.0,1900.0,1900.0,resolved,resolved,resolved,resolved,resolved,resolved,resolved,resolved,resolved,resolved,resolved,resolved,resolved,resolved,resolved,resolved,resolved,resolved,resolved,resolved,G6e Graphics and Machine Learning GPU 12xlarge Extra Large,g6e,"1,061,946.903",GPU instance,143.0 fps,3200 MT/s,No,,,,,,,,0 units,8.00 GiB/vCPU,192 GiB,8.9,0,0.0000 units,2.6 GHz,,,,,Yes,Yes,x86_64,100 Gigabit,20000 Mbps,2500 MB/s,80000 IOPS,20000 Mbps,2500 MB/s,80000 IOPS,Yes,300.0,10.0,Yes,No,Yes,112.0,Yes,Yes,Yes,Unknown,No,,$10.4926 hourly,$6.6104 hourly,$3.7679 hourly,$4.6012 hourly,$11.011 hourly,$7.1288 hourly,$4.2863 hourly,$6.1852 hourly,$11.683 hourly,$7.8008 hourly,,,$10.6176 hourly,$6.6703 hourly,$3.8929 hourly,$5.7918 hourly,$12.7006 hourly,$8.8184 hourly,$3.2573 hourly,$3.5406 hourly,$33.144 hourly,$9.56 hourly,,,,,,,,,,,,,>20%,,current,"Ada Lovelace, Ada Lovelace, Ada Lovelace, Ada Lovelace",33.8°C,Yes,4.75x,79.0W,79.0W,2520 MHz,2520 MHz,9001 MHz,1965 MHz,,,,10.4926,4.6012,6.6104
g6e.16xlarge,NVIDIA L40S,AMD EPYC 7R13 Processor,1.0,64 vCPUs,512 GiB,1900 GB (2×950 GB NVMe SSD),7.5772,4.7736,1.8731,L40S,AMD EPYC 7R13 Processor,1.0,64.0,512.0,7.5772,4.7736,1.8731,350,280.0,96.0,2.9166666666666665,True,1900.0,1.9,2.0,Benchmark for small,1.0,2,950.0,0.0,0.0,0.0,0.0,0.0,0.0,0.0,0.0,0.0,0.0,resolved,resolved,benchmark_proxy,"Closest EPYC Milan custom-SKU benchmark/reference listings, serverorbit",AWS custom Milan part; package TDP inferred from common benchmark/reference sources.,proxy_reference,Proxy SSD class with watts expressed on a per-TB basis.,7.5772,7.5772,7.5772,7.5772,7.5772,7.5772,7.5772,7.5772,7.5772,7.5772,4.7736,4.7736,4.7736,4.7736,4.7736,4.7736,4.7736,4.7736,4.7736,4.7736,1.8731,1.8731,1.8731,1.8731,1.8731,1.8731,1.8731,1.8731,1.8731,1.8731,1.2,1.2,0.9,0.7,1.1,0.7,0.9,1.1,0.9,1.2,1.2,1.2,0.9,0.7,1.1,0.7,0.9,1.1,0.9,1.2,246.4,246.4,184.8,143.73333333333332,225.8666666666667,143.73333333333332,184.8,225.8666666666667,184.8,246.4,462.0,462.0,346.50000000000006,269.5,423.50000000000006,269.5,346.50000000000006,423.50000000000006,346.50000000000006,462.0,0.0,0.0,0.0,0.0,0.0,0.0,0.0,0.0,0.0,0.0,0.0,0.0,0.0,0.0,0.0,0.0,0.0,0.0,0.0,0.0,0.0,0.0,0.0,0.0,0.0,0.0,0.0,0.0,0.0,0.0,708.4,708.4,531.3000000000001,413.23333333333335,649.3666666666668,413.23333333333335,531.3000000000001,649.3666666666668,531.3000000000001,708.4,0.0007084,0.0007084,0.0005313,0.0004132333333333,0.0006493666666666,0.0004132333333333,0.0005313,0.0006493666666666,0.0005313,0.0007084,10696.216826651613,10696.216826651613,14261.622435535475,18336.37170283133,11668.600174529029,18336.37170283133,14261.622435535475,11668.600174529029,14261.622435535475,10696.216826651613,6738.565782044043,6738.565782044043,8984.754376058723,11551.827054932644,7351.162671320772,11551.827054932644,8984.754376058723,7351.162671320772,8984.754376058723,6738.565782044043,2644.127611518916,2644.127611518916,3525.503482025221,4532.790191175284,2884.5028489297256,4532.790191175284,3525.503482025221,2884.5028489297256,3525.503482025221,2644.127611518916,Benchmark for small,Benchmark for small,Benchmark for small,Benchmark for small,Benchmark for small,Benchmark for small,Benchmark for small,Benchmark for small,Benchmark for small,Benchmark for small,2,2,2,2,2,2,2,2,2,2,950.0,950.0,950.0,950.0,950.0,950.0,950.0,950.0,950.0,950.0,resolved,resolved,resolved,resolved,resolved,resolved,resolved,resolved,resolved,resolved,resolved,resolved,resolved,resolved,resolved,resolved,resolved,resolved,resolved,resolved,G6e Graphics and Machine Learning GPU 16xlarge Extra Large,g6e,"1,347,368.421",GPU instance,129.0 fps,3200 MT/s,No,,,,,,,,0 units,8.00 GiB/vCPU,48 GiB,8.9,0,0.0000 units,2.6 GHz,,,,,Yes,Yes,x86_64,35 Gigabit,20000 Mbps,2500 MB/s,80000 IOPS,20000 Mbps,2500 MB/s,80000 IOPS,Yes,750.0,15.0,Yes,No,Yes,107.0,Yes,Yes,Yes,Unknown,No,,$7.5772 hourly,$4.7736 hourly,$1.5861 hourly,$1.8731 hourly,$8.2684 hourly,$5.4648 hourly,$2.2773 hourly,$2.6652 hourly,$9.1644 hourly,$6.3608 hourly,,,$7.7022 hourly,$4.8335 hourly,$1.7111 hourly,$2.099 hourly,$10.5212 hourly,$7.7176 hourly,$3.7102 hourly,$3.753 hourly,$33.144 hourly,$9.56 hourly,,,,,,,,,,,,,>20%,,current,Ada Lovelace,34.0°C,Yes,4.29x,80.0W,80.0W,2520 MHz,2520 MHz,9001 MHz,1965 MHz,,,,7.5772,1.8731,4.7736
g6e.24xlarge,NVIDIA L40S,AMD EPYC 7R13 Processor,4.0,96 vCPUs,768 GiB,3800 GB (2×1900 GB NVMe SSD),15.0656,9.4913,4.0722,L40S,AMD EPYC 7R13 Processor,4.0,96.0,768.0,15.0656,9.4913,4.0722,350,280.0,96.0,2.9166666666666665,True,3800.0,3.8,2.0,Benchmark for medium,2.5,2,1900.0,0.0,0.0,0.0,0.0,0.0,0.0,0.0,0.0,0.0,0.0,resolved,resolved,benchmark_proxy,"Closest EPYC Milan custom-SKU benchmark/reference listings, serverorbit",AWS custom Milan part; package TDP inferred from common benchmark/reference sources.,proxy_reference,Proxy SSD class with watts expressed on a per-TB basis.,15.0656,15.0656,15.0656,15.0656,15.0656,15.0656,15.0656,15.0656,15.0656,15.0656,9.4913,9.4913,9.4913,9.4913,9.4913,9.4913,9.4913,9.4913,9.4913,9.4913,4.0722,4.0722,4.0722,4.0722,4.0722,4.0722,4.0722,4.0722,4.0722,4.0722,1.2,1.2,0.9,0.7,1.1,0.7,0.9,1.1,0.9,1.2,1.2,1.2,0.9,0.7,1.1,0.7,0.9,1.1,0.9,1.2,369.6,369.6,277.20000000000005,215.6,338.80000000000007,215.6,277.20000000000005,338.80000000000007,277.20000000000005,369.6,1848.0,1848.0,1386.0000000000002,1078.0,1694.0000000000002,1078.0,1386.0000000000002,1694.0000000000002,1386.0000000000002,1848.0,0.0,0.0,0.0,0.0,0.0,0.0,0.0,0.0,0.0,0.0,0.0,0.0,0.0,0.0,0.0,0.0,0.0,0.0,0.0,0.0,0.0,0.0,0.0,0.0,0.0,0.0,0.0,0.0,0.0,0.0,2217.6,2217.6,1663.2000000000005,1293.6,2032.8,1293.6,1663.2000000000005,2032.8,1663.2000000000005,2217.6,0.0022175999999999,0.0022175999999999,0.0016632,0.0012936,0.0020328,0.0012936,0.0016632,0.0020328,0.0016632,0.0022175999999999,6793.650793650794,6793.650793650794,9058.201058201055,11646.25850340136,7411.255411255412,11646.25850340136,9058.201058201055,7411.255411255412,9058.201058201055,6793.650793650794,4279.987373737375,4279.987373737375,5706.649831649831,7337.121212121213,4669.077134986226,7337.121212121213,5706.649831649831,4669.077134986226,5706.649831649831,4279.987373737375,1836.309523809524,1836.309523809524,2448.412698412698,3147.959183673469,2003.246753246753,3147.959183673469,2448.412698412698,2003.246753246753,2448.412698412698,1836.309523809524,Benchmark for medium,Benchmark for medium,Benchmark for medium,Benchmark for medium,Benchmark for medium,Benchmark for medium,Benchmark for medium,Benchmark for medium,Benchmark for medium,Benchmark for medium,2,2,2,2,2,2,2,2,2,2,1900.0,1900.0,1900.0,1900.0,1900.0,1900.0,1900.0,1900.0,1900.0,1900.0,resolved,resolved,resolved,resolved,resolved,resolved,resolved,resolved,resolved,resolved,resolved,resolved,resolved,resolved,resolved,resolved,resolved,resolved,resolved,resolved,G6e Graphics and Machine Learning GPU 24xlarge,g6e,"1,793,470.646",GPU instance,144.0 fps,3200 MT/s,No,,,,,,,,0 units,8.00 GiB/vCPU,192 GiB,8.9,0,0.0000 units,2.6 GHz,,,,,Yes,Yes,x86_64,200 Gigabit,30000 Mbps,3750 MB/s,120000 IOPS,30000 Mbps,3750 MB/s,120000 IOPS,Yes,1000.0,20.0,Yes,No,Yes,102.0,Yes,Yes,Yes,Unknown,No,,$15.0656 hourly,$9.4913 hourly,$3.2589 hourly,$4.0722 hourly,$16.1024 hourly,$10.5281 hourly,$4.2957 hourly,$5.4925 hourly,$17.4464 hourly,$11.8721 hourly,,,$15.1906 hourly,$9.5512 hourly,$3.3839 hourly,$4.5807 hourly,$19.4816 hourly,$13.9073 hourly,$5.9226 hourly,$5.9226 hourly,$33.144 hourly,$9.56 hourly,,,,,,,,,,,,,>20%,,current,"Ada Lovelace, Ada Lovelace, Ada Lovelace, Ada Lovelace",31.3°C,Yes,4.80x,78.0W,78.0W,2520 MHz,2520 MHz,9001 MHz,1965 MHz,,,,15.0656,4.0722,9.4913
g6e.2xlarge,NVIDIA L40S,AMD EPYC 7R13 Processor,1.0,8 vCPUs,64 GiB,450 GB NVMe SSD,2.2421,1.4125,0.989,L40S,AMD EPYC 7R13 Processor,1.0,8.0,64.0,2.2421,1.4125,0.989,350,280.0,96.0,2.9166666666666665,True,450.0,0.45,,Benchmark for small,1.0,1,450.0,0.0,0.0,0.0,0.0,0.0,0.0,0.0,0.0,0.0,0.0,resolved,resolved,benchmark_proxy,"Closest EPYC Milan custom-SKU benchmark/reference listings, serverorbit",AWS custom Milan part; package TDP inferred from common benchmark/reference sources.,proxy_reference,Proxy SSD class with watts expressed on a per-TB basis.,2.2421,2.2421,2.2421,2.2421,2.2421,2.2421,2.2421,2.2421,2.2421,2.2421,1.4125,1.4125,1.4125,1.4125,1.4125,1.4125,1.4125,1.4125,1.4125,1.4125,0.989,0.989,0.989,0.989,0.989,0.989,0.989,0.989,0.989,0.989,1.2,1.2,0.9,0.7,1.1,0.7,0.9,1.1,0.9,1.2,1.2,1.2,0.9,0.7,1.1,0.7,0.9,1.1,0.9,1.2,30.8,30.8,23.1,17.966666666666665,28.233333333333334,17.966666666666665,23.1,28.233333333333334,23.1,30.8,462.0,462.0,346.50000000000006,269.5,423.50000000000006,269.5,346.50000000000006,423.50000000000006,346.50000000000006,462.0,0.0,0.0,0.0,0.0,0.0,0.0,0.0,0.0,0.0,0.0,0.0,0.0,0.0,0.0,0.0,0.0,0.0,0.0,0.0,0.0,0.0,0.0,0.0,0.0,0.0,0.0,0.0,0.0,0.0,0.0,492.8,492.8,369.6000000000001,287.46666666666664,451.7333333333334,287.46666666666664,369.6000000000001,451.7333333333334,369.6000000000001,492.8,0.0004928,0.0004928,0.0003696,0.0002874666666666,0.0004517333333333,0.0002874666666666,0.0003696,0.0004517333333333,0.0003696,0.0004928,4549.715909090909,4549.715909090909,6066.287878787878,7799.512987012989,4963.326446280992,7799.512987012989,6066.287878787878,4963.326446280992,6066.287878787878,4549.715909090909,2866.2743506493507,2866.2743506493507,3821.699134199133,4913.6131725417445,3126.844746162928,4913.6131725417445,3821.699134199133,3126.844746162928,3821.699134199133,2866.2743506493507,2006.8993506493505,2006.8993506493505,2675.8658008658003,3440.3988868274587,2189.3447461629275,3440.3988868274587,2675.8658008658003,2189.3447461629275,2675.8658008658003,2006.8993506493505,Benchmark for small,Benchmark for small,Benchmark for small,Benchmark for small,Benchmark for small,Benchmark for small,Benchmark for small,Benchmark for small,Benchmark for small,Benchmark for small,1,1,1,1,1,1,1,1,1,1,450.0,450.0,450.0,450.0,450.0,450.0,450.0,450.0,450.0,450.0,resolved,resolved,resolved,resolved,resolved,resolved,resolved,resolved,resolved,resolved,resolved,resolved,resolved,resolved,resolved,resolved,resolved,resolved,resolved,resolved,G6e Graphics and Machine Learning GPU Double Extra Large,g6e,"163,968.026",GPU instance,143.0 fps,3200 MT/s,No,,,,,,,,0 units,8.00 GiB/vCPU,48 GiB,8.9,0,0.0000 units,2.6 GHz,,,,,Yes,Yes,x86_64,Up to 20 Gigabit,2000 Mbps,250 MB/s,8000 IOPS,5000 Mbps,625 MB/s,20000 IOPS,Yes,60.0,4.0,Yes,No,Yes,38.0,Yes,Yes,Yes,Unknown,No,,$2.2421 hourly,$1.4125 hourly,$0.8458 hourly,$0.989 hourly,$2.3573 hourly,$1.5277 hourly,$0.961 hourly,$1.2718 hourly,$2.4973 hourly,$1.6677 hourly,,,$2.3671 hourly,$1.4724 hourly,$0.9708 hourly,$1.2816 hourly,$2.6101 hourly,$1.7805 hourly,$0.6106 hourly,$0.6109 hourly,$33.144 hourly,$9.56 hourly,,,,,,,,,,,,,5-10%,,current,Ada Lovelace,32.0°C,Yes,4.74x,76.0W,76.0W,2520 MHz,2520 MHz,9001 MHz,1965 MHz,,,,2.2421,0.989,1.4125
g6e.48xlarge,NVIDIA L40S,AMD EPYC 7R13 Processor,8.0,192 vCPUs,1536 GiB,7600 GB (4×1900 GB NVMe SSD),30.1312,18.9826,9.5052,L40S,AMD EPYC 7R13 Processor,8.0,192.0,1536.0,30.1312,18.9826,9.5052,350,280.0,96.0,2.9166666666666665,True,7600.0,7.6,4.0,Benchmark for medium,2.5,4,1900.0,0.0,0.0,0.0,0.0,0.0,0.0,0.0,0.0,0.0,0.0,resolved,resolved,benchmark_proxy,"Closest EPYC Milan custom-SKU benchmark/reference listings, serverorbit",AWS custom Milan part; package TDP inferred from common benchmark/reference sources.,proxy_reference,Proxy SSD class with watts expressed on a per-TB basis.,30.1312,30.1312,30.1312,30.1312,30.1312,30.1312,30.1312,30.1312,30.1312,30.1312,18.9826,18.9826,18.9826,18.9826,18.9826,18.9826,18.9826,18.9826,18.9826,18.9826,9.5052,9.5052,9.5052,9.5052,9.5052,9.5052,9.5052,9.5052,9.5052,9.5052,1.2,1.2,0.9,0.7,1.1,0.7,0.9,1.1,0.9,1.2,1.2,1.2,0.9,0.7,1.1,0.7,0.9,1.1,0.9,1.2,739.2,739.2,554.4000000000001,431.2,677.6000000000001,431.2,554.4000000000001,677.6000000000001,554.4000000000001,739.2,3696.0,3696.0,2772.0000000000005,2156.0,3388.0000000000005,2156.0,2772.0000000000005,3388.0000000000005,2772.0000000000005,3696.0,0.0,0.0,0.0,0.0,0.0,0.0,0.0,0.0,0.0,0.0,0.0,0.0,0.0,0.0,0.0,0.0,0.0,0.0,0.0,0.0,0.0,0.0,0.0,0.0,0.0,0.0,0.0,0.0,0.0,0.0,4435.2,4435.2,3326.4000000000005,2587.2,4065.6,2587.2,3326.4000000000005,4065.6,3326.4000000000005,4435.2,0.0044351999999999,0.0044351999999999,0.0033264,0.0025872,0.0040656,0.0025872,0.0033264,0.0040656,0.0033264,0.0044351999999999,6793.650793650794,6793.650793650794,9058.201058201055,11646.25850340136,7411.255411255412,11646.25850340136,9058.201058201055,7411.255411255412,9058.201058201055,6793.650793650794,4279.987373737375,4279.987373737375,5706.649831649831,7337.121212121213,4669.077134986226,7337.121212121213,5706.649831649831,4669.077134986226,5706.649831649831,4279.987373737375,2143.127705627706,2143.127705627706,2857.503607503607,3673.933209647496,2337.9574970484064,3673.933209647496,2857.503607503607,2337.9574970484064,2857.503607503607,2143.127705627706,Benchmark for medium,Benchmark for medium,Benchmark for medium,Benchmark for medium,Benchmark for medium,Benchmark for medium,Benchmark for medium,Benchmark for medium,Benchmark for medium,Benchmark for medium,4,4,4,4,4,4,4,4,4,4,1900.0,1900.0,1900.0,1900.0,1900.0,1900.0,1900.0,1900.0,1900.0,1900.0,resolved,resolved,resolved,resolved,resolved,resolved,resolved,resolved,resolved,resolved,resolved,resolved,resolved,resolved,resolved,resolved,resolved,resolved,resolved,resolved,G6e Graphics and Machine Learning GPU 48xlarge,g6e,"3,635,502.959",GPU instance,142.0 fps,3200 MT/s,Yes,2.0,32.0,48.0,96.0,763916 MB,192.0 MB,Yes,0 units,8.00 GiB/vCPU,384 GiB,8.9,0,0.0000 units,2.6 GHz,,,,,Yes,Yes,x86_64,400 Gigabit,60000 Mbps,7500 MB/s,240000 IOPS,60000 Mbps,7500 MB/s,240000 IOPS,Yes,2000.0,40.0,Yes,No,Yes,82.0,Yes,Yes,Yes,Unknown,No,,$30.1312 hourly,$18.9826 hourly,$4.2588 hourly,$9.5052 hourly,$31.9744 hourly,$20.8258 hourly,$6.102 hourly,$13.5917 hourly,$33.9904 hourly,$22.8418 hourly,,,$30.2562 hourly,$19.0425 hourly,$4.3838 hourly,$11.8735 hourly,$38.9632 hourly,$27.8146 hourly,$12.0945 hourly,$12.101 hourly,$33.144 hourly,$9.56 hourly,,,,,,,,,,,,,10-15%,,current,"Ada Lovelace, Ada Lovelace, Ada Lovelace, Ada Lovelace, Ada Lovelace, Ada Lovelace, Ada Lovelace, Ada Lovelace",33.6°C,Yes,4.72x,78.0W,78.0W,2261 MHz,2261 MHz,9001 MHz,1868 MHz,,,,30.1312,9.5052,18.9826
g6e.4xlarge,NVIDIA L40S,AMD EPYC 7R13 Processor,1.0,16 vCPUs,128 GiB,600 GB NVMe SSD,3.0042,1.8927,1.2503,L40S,AMD EPYC 7R13 Processor,1.0,16.0,128.0,3.0042,1.8927,1.2503,350,280.0,96.0,2.9166666666666665,True,600.0,0.6,,Benchmark for small,1.0,1,600.0,0.0,0.0,0.0,0.0,0.0,0.0,0.0,0.0,0.0,0.0,resolved,resolved,benchmark_proxy,"Closest EPYC Milan custom-SKU benchmark/reference listings, serverorbit",AWS custom Milan part; package TDP inferred from common benchmark/reference sources.,proxy_reference,Proxy SSD class with watts expressed on a per-TB basis.,3.0042,3.0042,3.0042,3.0042,3.0042,3.0042,3.0042,3.0042,3.0042,3.0042,1.8927,1.8927,1.8927,1.8927,1.8927,1.8927,1.8927,1.8927,1.8927,1.8927,1.2503,1.2503,1.2503,1.2503,1.2503,1.2503,1.2503,1.2503,1.2503,1.2503,1.2,1.2,0.9,0.7,1.1,0.7,0.9,1.1,0.9,1.2,1.2,1.2,0.9,0.7,1.1,0.7,0.9,1.1,0.9,1.2,61.6,61.6,46.2,35.93333333333333,56.46666666666668,35.93333333333333,46.2,56.46666666666668,46.2,61.6,462.0,462.0,346.50000000000006,269.5,423.50000000000006,269.5,346.50000000000006,423.50000000000006,346.50000000000006,462.0,0.0,0.0,0.0,0.0,0.0,0.0,0.0,0.0,0.0,0.0,0.0,0.0,0.0,0.0,0.0,0.0,0.0,0.0,0.0,0.0,0.0,0.0,0.0,0.0,0.0,0.0,0.0,0.0,0.0,0.0,523.6,523.6,392.7000000000001,305.43333333333334,479.9666666666668,305.43333333333334,392.7000000000001,479.9666666666668,392.7000000000001,523.6,0.0005236,0.0005236,0.0003927,0.0003054333333333,0.0004799666666666,0.0003054333333333,0.0003927,0.0004799666666666,0.0003927,0.0005236,5737.585943468296,5737.585943468296,7650.114591291061,9835.86161737422,6259.184665601777,9835.86161737422,7650.114591291061,6259.184665601777,7650.114591291061,5737.585943468296,3614.7822765469823,3614.7822765469823,4819.7097020626425,6196.769616937684,3943.398847142162,6196.769616937684,4819.7097020626425,3943.398847142162,4819.7097020626425,3614.7822765469823,2387.8915202444614,2387.8915202444614,3183.855360325948,4093.528320419077,2604.972567539412,4093.528320419077,3183.855360325948,2604.972567539412,3183.855360325948,2387.8915202444614,Benchmark for small,Benchmark for small,Benchmark for small,Benchmark for small,Benchmark for small,Benchmark for small,Benchmark for small,Benchmark for small,Benchmark for small,Benchmark for small,1,1,1,1,1,1,1,1,1,1,600.0,600.0,600.0,600.0,600.0,600.0,600.0,600.0,600.0,600.0,resolved,resolved,resolved,resolved,resolved,resolved,resolved,resolved,resolved,resolved,resolved,resolved,resolved,resolved,resolved,resolved,resolved,resolved,resolved,resolved,G6e Graphics and Machine Learning GPU Quadruple Extra Large,g6e,"343,366.06",GPU instance,143.0 fps,3200 MT/s,No,,,,,,,,0 units,8.00 GiB/vCPU,48 GiB,8.9,0,0.0000 units,2.6 GHz,,,,,Yes,Yes,x86_64,20 Gigabit,8000 Mbps,1000 MB/s,32000 IOPS,8000 Mbps,1000 MB/s,32000 IOPS,Yes,240.0,8.0,Yes,No,Yes,54.0,Yes,Yes,Yes,Unknown,No,,$3.0042 hourly,$1.8927 hourly,$1.2049 hourly,$1.2503 hourly,$3.177 hourly,$2.0655 hourly,$1.3777 hourly,$1.528 hourly,$3.401 hourly,$2.2895 hourly,,,$3.1292 hourly,$1.9526 hourly,$1.3299 hourly,$1.4802 hourly,$3.7402 hourly,$2.6287 hourly,$1.1271 hourly,$1.245 hourly,$33.144 hourly,$9.56 hourly,,,,,,,,,,,,,>20%,,current,Ada Lovelace,30.0°C,Yes,4.76x,80.0W,80.0W,2520 MHz,2520 MHz,9001 MHz,1965 MHz,,,,3.0042,1.2503,1.8927
g6e.8xlarge,NVIDIA L40S,AMD EPYC 7R13 Processor,1.0,32 vCPUs,256 GiB,900 GB (2×450 GB NVMe SSD),4.5286,2.853,1.4238,L40S,AMD EPYC 7R13 Processor,1.0,32.0,256.0,4.5286,2.853,1.4238,350,280.0,96.0,2.9166666666666665,True,900.0,0.9,2.0,Benchmark for small,1.0,2,450.0,0.0,0.0,0.0,0.0,0.0,0.0,0.0,0.0,0.0,0.0,resolved,resolved,benchmark_proxy,"Closest EPYC Milan custom-SKU benchmark/reference listings, serverorbit",AWS custom Milan part; package TDP inferred from common benchmark/reference sources.,proxy_reference,Proxy SSD class with watts expressed on a per-TB basis.,4.5286,4.5286,4.5286,4.5286,4.5286,4.5286,4.5286,4.5286,4.5286,4.5286,2.853,2.853,2.853,2.853,2.853,2.853,2.853,2.853,2.853,2.853,1.4238,1.4238,1.4238,1.4238,1.4238,1.4238,1.4238,1.4238,1.4238,1.4238,1.2,1.2,0.9,0.7,1.1,0.7,0.9,1.1,0.9,1.2,1.2,1.2,0.9,0.7,1.1,0.7,0.9,1.1,0.9,1.2,123.2,123.2,92.4,71.86666666666666,112.93333333333337,71.86666666666666,92.4,112.93333333333337,92.4,123.2,462.0,462.0,346.50000000000006,269.5,423.50000000000006,269.5,346.50000000000006,423.50000000000006,346.50000000000006,462.0,0.0,0.0,0.0,0.0,0.0,0.0,0.0,0.0,0.0,0.0,0.0,0.0,0.0,0.0,0.0,0.0,0.0,0.0,0.0,0.0,0.0,0.0,0.0,0.0,0.0,0.0,0.0,0.0,0.0,0.0,585.2,585.2,438.9000000000001,341.3666666666667,536.4333333333334,341.3666666666667,438.9000000000001,536.4333333333334,438.9000000000001,585.2,0.0005852,0.0005852,0.0004389,0.0003413666666666,0.0005364333333333,0.0003413666666666,0.0004389,0.0005364333333333,0.0004389,0.0005852,7738.550922761448,7738.550922761448,10318.067897015264,13266.087296162485,8442.055552103398,13266.087296162485,10318.067897015264,8442.055552103398,10318.067897015264,7738.550922761448,4875.256322624744,4875.256322624744,6500.341763499658,8357.582267356704,5318.461442863357,8357.582267356704,6500.341763499658,5318.461442863357,6500.341763499658,4875.256322624744,2433.0143540669856,2433.0143540669856,3244.01913875598,4170.881749829118,2654.197477163984,4170.881749829118,3244.01913875598,2654.197477163984,3244.01913875598,2433.0143540669856,Benchmark for small,Benchmark for small,Benchmark for small,Benchmark for small,Benchmark for small,Benchmark for small,Benchmark for small,Benchmark for small,Benchmark for small,Benchmark for small,2,2,2,2,2,2,2,2,2,2,450.0,450.0,450.0,450.0,450.0,450.0,450.0,450.0,450.0,450.0,resolved,resolved,resolved,resolved,resolved,resolved,resolved,resolved,resolved,resolved,resolved,resolved,resolved,resolved,resolved,resolved,resolved,resolved,resolved,resolved,G6e Graphics and Machine Learning GPU Eight Extra Large,g6e,"692,715.662",GPU instance,110.0 fps,3200 MT/s,No,,,,,,,,0 units,8.00 GiB/vCPU,48 GiB,8.9,0,0.0000 units,2.6 GHz,,,,,Yes,Yes,x86_64,25 Gigabit,16000 Mbps,2000 MB/s,64000 IOPS,16000 Mbps,2000 MB/s,64000 IOPS,Yes,240.0,8.0,Yes,No,Yes,84.0,Yes,Yes,Yes,Unknown,No,,$4.5286 hourly,$2.853 hourly,$1.2553 hourly,$1.4238 hourly,$4.8742 hourly,$3.1986 hourly,$1.6009 hourly,$2.0464 hourly,$5.3222 hourly,$3.6466 hourly,,,$4.6536 hourly,$2.9129 hourly,$1.3803 hourly,$1.8258 hourly,$6.0006 hourly,$4.325 hourly,$1.9628 hourly,$2.0144 hourly,$33.144 hourly,$9.56 hourly,,,,,,,,,,,,,15-20%,,current,Ada Lovelace,34.0°C,Yes,3.65x,78.0W,78.0W,2520 MHz,2520 MHz,9001 MHz,1965 MHz,,,,4.5286,1.4238,2.853
g6e.xlarge,NVIDIA L40S,AMD EPYC 7R13 Processor,1.0,4 vCPUs,32 GiB,250 GB NVMe SSD,1.861,1.1724,0.8886,L40S,AMD EPYC 7R13 Processor,1.0,4.0,32.0,1.861,1.1724,0.8886,350,280.0,96.0,2.9166666666666665,True,250.0,0.25,,Benchmark for small,1.0,1,250.0,0.0,0.0,0.0,0.0,0.0,0.0,0.0,0.0,0.0,0.0,resolved,resolved,benchmark_proxy,"Closest EPYC Milan custom-SKU benchmark/reference listings, serverorbit",AWS custom Milan part; package TDP inferred from common benchmark/reference sources.,proxy_reference,Proxy SSD class with watts expressed on a per-TB basis.,1.861,1.861,1.861,1.861,1.861,1.861,1.861,1.861,1.861,1.861,1.1724,1.1724,1.1724,1.1724,1.1724,1.1724,1.1724,1.1724,1.1724,1.1724,0.8886,0.8886,0.8886,0.8886,0.8886,0.8886,0.8886,0.8886,0.8886,0.8886,1.2,1.2,0.9,0.7,1.1,0.7,0.9,1.1,0.9,1.2,1.2,1.2,0.9,0.7,1.1,0.7,0.9,1.1,0.9,1.2,15.4,15.4,11.55,8.983333333333333,14.116666666666667,8.983333333333333,11.55,14.116666666666667,11.55,15.4,462.0,462.0,346.50000000000006,269.5,423.50000000000006,269.5,346.50000000000006,423.50000000000006,346.50000000000006,462.0,0.0,0.0,0.0,0.0,0.0,0.0,0.0,0.0,0.0,0.0,0.0,0.0,0.0,0.0,0.0,0.0,0.0,0.0,0.0,0.0,0.0,0.0,0.0,0.0,0.0,0.0,0.0,0.0,0.0,0.0,477.4,477.4,358.05000000000007,278.4833333333333,437.61666666666673,278.4833333333333,358.05000000000007,437.61666666666673,358.05000000000007,477.4,0.0004774,0.0004774,0.00035805,0.0002784833333333,0.0004376166666666,0.0002784833333333,0.00035805,0.0004376166666666,0.00035805,0.0004774,3898.1985756179306,3898.1985756179306,5197.598100823907,6682.626129630737,4252.580264310469,6682.626129630737,5197.598100823907,4252.580264310469,5197.598100823907,3898.1985756179306,2455.802262253875,2455.802262253875,3274.4030163385,4209.9467352923575,2679.0570133678634,4209.9467352923575,3274.4030163385,2679.0570133678634,3274.4030163385,2455.802262253875,1861.3322161709257,1861.3322161709257,2481.7762882279007,3190.8552277215867,2030.544235822828,3190.8552277215867,2481.7762882279007,2030.544235822828,2481.7762882279007,1861.3322161709257,Benchmark for small,Benchmark for small,Benchmark for small,Benchmark for small,Benchmark for small,Benchmark for small,Benchmark for small,Benchmark for small,Benchmark for small,Benchmark for small,1,1,1,1,1,1,1,1,1,1,250.0,250.0,250.0,250.0,250.0,250.0,250.0,250.0,250.0,250.0,resolved,resolved,resolved,resolved,resolved,resolved,resolved,resolved,resolved,resolved,resolved,resolved,resolved,resolved,resolved,resolved,resolved,resolved,resolved,resolved,G6e Graphics and Machine Learning GPU Extra Large,g6e,"79,400.526",GPU instance,146.0 fps,3200 MT/s,No,,,,,,,,0 units,8.00 GiB/vCPU,48 GiB,8.9,0,0.0000 units,2.6 GHz,,,,,Yes,Yes,x86_64,Up to 20 Gigabit,1000 Mbps,125 MB/s,4000 IOPS,5000 Mbps,625 MB/s,20000 IOPS,Yes,60.0,4.0,Yes,No,Yes,18.0,Yes,Yes,Yes,Unknown,No,,$1.861 hourly,$1.1724 hourly,$0.7923 hourly,$0.8886 hourly,$1.9186 hourly,$1.23 hourly,$0.8499 hourly,$1.1273 hourly,$1.9886 hourly,$1.30 hourly,,,$1.9173 hourly,$1.2224 hourly,$0.8486 hourly,$1.126 hourly,$2.045 hourly,$1.3564 hourly,$0.3857 hourly,$0.3887 hourly,$33.144 hourly,$9.56 hourly,,,,,,,,,,,,,>20%,,current,Ada Lovelace,30.0°C,Yes,4.85x,82.0W,82.0W,2520 MHz,2520 MHz,9001 MHz,1965 MHz,,,,1.861,0.8886,1.1724
g6f.2xlarge,NVIDIA L4,AMD EPYC 7R13 Processor,0.25,8 vCPUs,32 GiB,200 GB NVMe SSD,0.475,,0.2058,L4,AMD EPYC 7R13 Processor,0.25,8.0,32.0,0.475,,0.2058,72,280.0,96.0,2.9166666666666665,True,200.0,0.2,,Benchmark for small,1.0,1,200.0,0.0,0.0,0.0,0.0,0.0,0.0,0.0,0.0,0.0,0.0,resolved,resolved,benchmark_proxy,"Closest EPYC Milan custom-SKU benchmark/reference listings, serverorbit",AWS custom Milan part; package TDP inferred from common benchmark/reference sources.,proxy_reference,Proxy SSD class with watts expressed on a per-TB basis.,0.475,0.475,0.475,0.475,0.475,0.475,0.475,0.475,0.475,0.475,,,,,,,,,,,0.2058,0.2058,0.2058,0.2058,0.2058,0.2058,0.2058,0.2058,0.2058,0.2058,1.2,1.2,0.9,0.7,1.1,0.7,0.9,1.1,0.9,1.2,1.2,1.2,0.9,0.7,1.1,0.7,0.9,1.1,0.9,1.2,30.8,30.8,23.1,17.966666666666665,28.233333333333334,17.966666666666665,23.1,28.233333333333334,23.1,30.8,23.76,23.76,17.82,13.86,21.780000000000005,13.86,17.82,21.780000000000005,17.82,23.76,0.0,0.0,0.0,0.0,0.0,0.0,0.0,0.0,0.0,0.0,0.0,0.0,0.0,0.0,0.0,0.0,0.0,0.0,0.0,0.0,0.0,0.0,0.0,0.0,0.0,0.0,0.0,0.0,0.0,0.0,54.56,54.56,40.92,31.826666666666664,50.01333333333334,31.826666666666664,40.92,50.01333333333334,40.92,54.56,5.456e-05,5.456e-05,4.092e-05,3.1826666666666665e-05,5.001333333333335e-05,3.1826666666666665e-05,4.092e-05,5.001333333333335e-05,4.092e-05,5.456e-05,8706.011730205279,8706.011730205279,11608.015640273705,14924.591537494764,9497.46734204212,14924.591537494764,11608.015640273705,9497.46734204212,11608.015640273705,8706.011730205279,,,,,,,,,,,3771.994134897361,3771.994134897361,5029.325513196481,6466.275659824048,4114.902692615302,6466.275659824048,5029.325513196481,4114.902692615302,5029.325513196481,3771.994134897361,Benchmark for small,Benchmark for small,Benchmark for small,Benchmark for small,Benchmark for small,Benchmark for small,Benchmark for small,Benchmark for small,Benchmark for small,Benchmark for small,1,1,1,1,1,1,1,1,1,1,200.0,200.0,200.0,200.0,200.0,200.0,200.0,200.0,200.0,200.0,resolved,resolved,resolved,resolved,resolved,resolved,resolved,resolved,resolved,resolved,resolved,resolved,resolved,resolved,resolved,resolved,resolved,resolved,resolved,resolved,G6F Double Extra Large,g6f,"174,083.342",GPU instance,66.0 fps,3200 MT/s,No,,,,,,,,0 units,4.00 GiB/vCPU,6 GiB,10.0,0,0.0000 units,2.6 GHz,,,,,Yes,Yes,x86_64,Up to 10 Gigabit,2000 Mbps,250 MB/s,8000 IOPS,5000 Mbps,625 MB/s,20000 IOPS,Yes,60.0,4.0,Yes,No,Yes,38.0,Yes,Yes,Yes,Unknown,No,,$0.475 hourly,,$0.1628 hourly,$0.2058 hourly,$0.5902 hourly,,$0.278 hourly,$0.3864 hourly,$0.7302 hourly,,,,$0.60 hourly,,$0.2878 hourly,$0.3962 hourly,$0.843 hourly,,$0.4155 hourly,$0.4175 hourly,$14.685 hourly,$9.56 hourly,$0.9782 hourly,,$1.803 hourly,,$3.843 hourly,,$0.6102 hourly,,$1.435 hourly,,$3.475 hourly,,>20%,,current,,,No,2.18x,,,,,,,0.475,0.211,,0.475,0.2058,
g6f.4xlarge,NVIDIA L4,AMD EPYC 7R13 Processor,0.5,16 vCPUs,64 GiB,450 GB NVMe SSD,0.95,,0.4475,L4,AMD EPYC 7R13 Processor,0.5,16.0,64.0,0.95,,0.4475,72,280.0,96.0,2.9166666666666665,True,450.0,0.45,,Benchmark for small,1.0,1,450.0,0.0,0.0,0.0,0.0,0.0,0.0,0.0,0.0,0.0,0.0,resolved,resolved,benchmark_proxy,"Closest EPYC Milan custom-SKU benchmark/reference listings, serverorbit",AWS custom Milan part; package TDP inferred from common benchmark/reference sources.,proxy_reference,Proxy SSD class with watts expressed on a per-TB basis.,0.95,0.95,0.95,0.95,0.95,0.95,0.95,0.95,0.95,0.95,,,,,,,,,,,0.4475,0.4475,0.4475,0.4475,0.4475,0.4475,0.4475,0.4475,0.4475,0.4475,1.2,1.2,0.9,0.7,1.1,0.7,0.9,1.1,0.9,1.2,1.2,1.2,0.9,0.7,1.1,0.7,0.9,1.1,0.9,1.2,61.6,61.6,46.2,35.93333333333333,56.46666666666668,35.93333333333333,46.2,56.46666666666668,46.2,61.6,47.52,47.52,35.64,27.72,43.56000000000001,27.72,35.64,43.56000000000001,35.64,47.52,0.0,0.0,0.0,0.0,0.0,0.0,0.0,0.0,0.0,0.0,0.0,0.0,0.0,0.0,0.0,0.0,0.0,0.0,0.0,0.0,0.0,0.0,0.0,0.0,0.0,0.0,0.0,0.0,0.0,0.0,109.12,109.12,81.84,63.65333333333333,100.02666666666669,63.65333333333333,81.84,100.02666666666669,81.84,109.12,0.00010912,0.00010912,8.184e-05,6.365333333333333e-05,0.0001000266666666,6.365333333333333e-05,8.184e-05,0.0001000266666666,8.184e-05,0.00010912,8706.011730205279,8706.011730205279,11608.015640273705,14924.591537494764,9497.46734204212,14924.591537494764,11608.015640273705,9497.46734204212,11608.015640273705,8706.011730205279,,,,,,,,,,,4100.989736070382,4100.989736070382,5467.986314760508,7030.268118977797,4473.806984804051,7030.268118977797,5467.986314760508,4473.806984804051,5467.986314760508,4100.989736070382,Benchmark for small,Benchmark for small,Benchmark for small,Benchmark for small,Benchmark for small,Benchmark for small,Benchmark for small,Benchmark for small,Benchmark for small,Benchmark for small,1,1,1,1,1,1,1,1,1,1,450.0,450.0,450.0,450.0,450.0,450.0,450.0,450.0,450.0,450.0,resolved,resolved,resolved,resolved,resolved,resolved,resolved,resolved,resolved,resolved,resolved,resolved,resolved,resolved,resolved,resolved,resolved,resolved,resolved,resolved,G6F Quadruple Extra Large,g6f,"348,754.836",GPU instance,122.0 fps,3200 MT/s,No,,,,,,,,0 units,4.00 GiB/vCPU,12 GiB,10.0,0,0.0000 units,2.6 GHz,,,,,Yes,Yes,x86_64,Up to 25 Gigabit,6000 Mbps,750 MB/s,24000 IOPS,6000 Mbps,750 MB/s,24000 IOPS,Yes,240.0,8.0,Yes,No,Yes,54.0,Yes,Yes,Yes,Unknown,No,,$0.95 hourly,,$0.3846 hourly,$0.4475 hourly,$1.1228 hourly,,$0.5574 hourly,$0.7523 hourly,$1.3468 hourly,,,,$1.075 hourly,,$0.5096 hourly,$0.7045 hourly,$1.686 hourly,,$0.831 hourly,$0.8362 hourly,$14.685 hourly,$9.56 hourly,$1.9564 hourly,,$3.606 hourly,,$7.686 hourly,,$1.2204 hourly,,$2.87 hourly,,$6.95 hourly,,15-20%,,current,,,No,4.07x,,,,,,,0.95,0.358,,0.95,0.4475,
g6f.large,NVIDIA L4,AMD EPYC 7R13 Processor,0.125,2 vCPUs,8 GiB,100 GB NVMe SSD,0.202,,0.0565,L4,AMD EPYC 7R13 Processor,0.125,2.0,8.0,0.202,,0.0565,72,280.0,96.0,2.9166666666666665,True,100.0,0.1,,Benchmark for small,1.0,1,100.0,0.0,0.0,0.0,0.0,0.0,0.0,0.0,0.0,0.0,0.0,resolved,resolved,benchmark_proxy,"Closest EPYC Milan custom-SKU benchmark/reference listings, serverorbit",AWS custom Milan part; package TDP inferred from common benchmark/reference sources.,proxy_reference,Proxy SSD class with watts expressed on a per-TB basis.,0.202,0.202,0.202,0.202,0.202,0.202,0.202,0.202,0.202,0.202,,,,,,,,,,,0.0565,0.0565,0.0565,0.0565,0.0565,0.0565,0.0565,0.0565,0.0565,0.0565,1.2,1.2,0.9,0.7,1.1,0.7,0.9,1.1,0.9,1.2,1.2,1.2,0.9,0.7,1.1,0.7,0.9,1.1,0.9,1.2,7.7,7.7,5.775,4.491666666666666,7.058333333333335,4.491666666666666,5.775,7.058333333333335,5.775,7.7,11.88,11.88,8.91,6.93,10.890000000000002,6.93,8.91,10.890000000000002,8.91,11.88,0.0,0.0,0.0,0.0,0.0,0.0,0.0,0.0,0.0,0.0,0.0,0.0,0.0,0.0,0.0,0.0,0.0,0.0,0.0,0.0,0.0,0.0,0.0,0.0,0.0,0.0,0.0,0.0,0.0,0.0,19.58,19.58,14.685,11.421666666666669,17.948333333333338,11.421666666666669,14.685,17.948333333333338,14.685,19.58,1.958e-05,1.958e-05,1.4685e-05,1.1421666666666666e-05,1.794833333333334e-05,1.1421666666666666e-05,1.4685e-05,1.794833333333334e-05,1.4685e-05,1.958e-05,10316.64964249234,10316.64964249234,13755.532856656451,17685.68510141544,11254.526882718912,17685.68510141544,13755.532856656451,11254.526882718912,13755.532856656451,10316.64964249234,,,,,,,,,,,2885.5975485188965,2885.5975485188965,3847.463398025196,4946.738654603823,3147.92459838425,4946.738654603823,3847.463398025196,3147.92459838425,3847.463398025196,2885.5975485188965,Benchmark for small,Benchmark for small,Benchmark for small,Benchmark for small,Benchmark for small,Benchmark for small,Benchmark for small,Benchmark for small,Benchmark for small,Benchmark for small,1,1,1,1,1,1,1,1,1,1,100.0,100.0,100.0,100.0,100.0,100.0,100.0,100.0,100.0,100.0,resolved,resolved,resolved,resolved,resolved,resolved,resolved,resolved,resolved,resolved,resolved,resolved,resolved,resolved,resolved,resolved,resolved,resolved,resolved,resolved,G6F Large,g6f,"40,677.277",GPU instance,17.0 fps,3200 MT/s,No,,,,,,,,0 units,4.00 GiB/vCPU,3 GiB,10.0,0,0.0000 units,2.6 GHz,,,,,Yes,Yes,x86_64,Up to 10 Gigabit,936 Mbps,117 MB/s,3750 IOPS,5000 Mbps,625 MB/s,20000 IOPS,Yes,20.0,2.0,Yes,No,Yes,10.0,Yes,Yes,Yes,Unknown,No,,$0.202 hourly,,$0.0438 hourly,$0.0565 hourly,$0.2308 hourly,,$0.0726 hourly,$0.1001 hourly,$0.2658 hourly,,,,$0.2583 hourly,,$0.1001 hourly,$0.1276 hourly,$0.294 hourly,,$0.1139 hourly,$0.1139 hourly,$14.685 hourly,$9.56 hourly,$0.3616 hourly,,$0.774 hourly,,$1.794 hourly,,$0.2696 hourly,,$0.682 hourly,,$1.702 hourly,,<5%,,current,,,No,0.57x,,,,,,,0.202,0.059,,0.202,0.0565,
g6f.xlarge,NVIDIA L4,AMD EPYC 7R13 Processor,0.125,4 vCPUs,16 GiB,100 GB NVMe SSD,0.2375,,0.0946,L4,AMD EPYC 7R13 Processor,0.125,4.0,16.0,0.2375,,0.0946,72,280.0,96.0,2.9166666666666665,True,100.0,0.1,,Benchmark for small,1.0,1,100.0,0.0,0.0,0.0,0.0,0.0,0.0,0.0,0.0,0.0,0.0,resolved,resolved,benchmark_proxy,"Closest EPYC Milan custom-SKU benchmark/reference listings, serverorbit",AWS custom Milan part; package TDP inferred from common benchmark/reference sources.,proxy_reference,Proxy SSD class with watts expressed on a per-TB basis.,0.2375,0.2375,0.2375,0.2375,0.2375,0.2375,0.2375,0.2375,0.2375,0.2375,,,,,,,,,,,0.0946,0.0946,0.0946,0.0946,0.0946,0.0946,0.0946,0.0946,0.0946,0.0946,1.2,1.2,0.9,0.7,1.1,0.7,0.9,1.1,0.9,1.2,1.2,1.2,0.9,0.7,1.1,0.7,0.9,1.1,0.9,1.2,15.4,15.4,11.55,8.983333333333333,14.116666666666667,8.983333333333333,11.55,14.116666666666667,11.55,15.4,11.88,11.88,8.91,6.93,10.890000000000002,6.93,8.91,10.890000000000002,8.91,11.88,0.0,0.0,0.0,0.0,0.0,0.0,0.0,0.0,0.0,0.0,0.0,0.0,0.0,0.0,0.0,0.0,0.0,0.0,0.0,0.0,0.0,0.0,0.0,0.0,0.0,0.0,0.0,0.0,0.0,0.0,27.28,27.28,20.46,15.913333333333332,25.00666666666667,15.913333333333332,20.46,25.00666666666667,20.46,27.28,2.728e-05,2.728e-05,2.046e-05,1.5913333333333332e-05,2.5006666666666672e-05,1.5913333333333332e-05,2.046e-05,2.5006666666666672e-05,2.046e-05,2.728e-05,8706.011730205279,8706.011730205279,11608.015640273705,14924.591537494764,9497.46734204212,14924.591537494764,11608.015640273705,9497.46734204212,11608.015640273705,8706.011730205279,,,,,,,,,,,3467.741935483871,3467.741935483871,4623.655913978495,5944.700460829494,3782.99120234604,5944.700460829494,4623.655913978495,3782.99120234604,4623.655913978495,3467.741935483871,Benchmark for small,Benchmark for small,Benchmark for small,Benchmark for small,Benchmark for small,Benchmark for small,Benchmark for small,Benchmark for small,Benchmark for small,Benchmark for small,1,1,1,1,1,1,1,1,1,1,100.0,100.0,100.0,100.0,100.0,100.0,100.0,100.0,100.0,100.0,resolved,resolved,resolved,resolved,resolved,resolved,resolved,resolved,resolved,resolved,resolved,resolved,resolved,resolved,resolved,resolved,resolved,resolved,resolved,resolved,G6F Extra Large,g6f,"70,975.469",GPU instance,30.0 fps,3200 MT/s,No,,,,,,,,0 units,4.00 GiB/vCPU,3 GiB,10.0,0,0.0000 units,2.6 GHz,,,,,Yes,Yes,x86_64,Up to 10 Gigabit,1000 Mbps,125 MB/s,4000 IOPS,5000 Mbps,625 MB/s,20000 IOPS,Yes,60.0,4.0,Yes,No,Yes,18.0,Yes,Yes,Yes,Unknown,No,,$0.2375 hourly,,$0.0827 hourly,$0.0946 hourly,$0.2951 hourly,,$0.1403 hourly,$0.1651 hourly,$0.3651 hourly,,,,$0.2938 hourly,,$0.139 hourly,$0.1638 hourly,$0.4215 hourly,,$0.2097 hourly,$0.2097 hourly,$14.685 hourly,$9.56 hourly,$0.4891 hourly,,$0.9015 hourly,,$1.9215 hourly,,$0.3051 hourly,,$0.7175 hourly,,$1.7375 hourly,,5-10%,,current,,,No,0.99x,,,,,,,0.2375,0.088,,0.2375,0.0946,
g7e.12xlarge,NVIDIA GB202,Intel Xeon Scalable (Emerald Rapids),2.0,48 vCPUs,512 GiB,3800 GB NVMe SSD,8.2861,,2.7422,GB202,Intel Xeon Scalable (Emerald Rapids),2.0,48.0,512.0,8.2861,,2.7422,600,350.0,96.0,3.6458333333333335,True,3800.0,3.8,,Benchmark for large,5.0,1,3800.0,0.0,0.0,0.0,0.0,0.0,0.0,0.0,0.0,0.0,0.0,resolved,resolved,family_proxy,Representative Emerald Rapids Xeon benchmark/reference listings,Used average of all models with 3.2Ghz clock speed in Emerald Rapids listing,proxy_reference,Proxy SSD class with watts expressed on a per-TB basis.,8.2861,8.2861,8.2861,8.2861,8.2861,8.2861,8.2861,8.2861,8.2861,8.2861,,,,,,,,,,,2.7422,2.7422,2.7422,2.7422,2.7422,2.7422,2.7422,2.7422,2.7422,2.7422,1.2,1.2,0.9,0.7,1.1,0.7,0.9,1.1,0.9,1.2,1.2,1.2,0.9,0.7,1.1,0.7,0.9,1.1,0.9,1.2,231.0,231.0,173.25000000000003,134.75,211.75000000000003,134.75,173.25000000000003,211.75000000000003,173.25000000000003,231.0,1584.0,1584.0,1188.0000000000002,924.0,1452.0000000000002,924.0,1188.0000000000002,1452.0000000000002,1188.0000000000002,1584.0,0.0,0.0,0.0,0.0,0.0,0.0,0.0,0.0,0.0,0.0,0.0,0.0,0.0,0.0,0.0,0.0,0.0,0.0,0.0,0.0,0.0,0.0,0.0,0.0,0.0,0.0,0.0,0.0,0.0,0.0,1815.0,1815.0,1361.2500000000002,1058.75,1663.7500000000002,1058.75,1361.2500000000002,1663.7500000000002,1361.2500000000002,1815.0,0.001815,0.001815,0.00136125,0.00105875,0.00166375,0.00105875,0.00136125,0.00166375,0.00136125,0.001815,4565.34435261708,4565.34435261708,6087.125803489438,7826.304604486422,4980.375657400449,7826.304604486422,6087.125803489438,4980.375657400449,6087.125803489438,4565.34435261708,,,,,,,,,,,1510.8539944903582,1510.8539944903582,2014.4719926538105,2590.035419126328,1648.204357625845,2590.035419126328,2014.4719926538105,1648.204357625845,2014.4719926538105,1510.8539944903582,Benchmark for large,Benchmark for large,Benchmark for large,Benchmark for large,Benchmark for large,Benchmark for large,Benchmark for large,Benchmark for large,Benchmark for large,Benchmark for large,1,1,1,1,1,1,1,1,1,1,3800.0,3800.0,3800.0,3800.0,3800.0,3800.0,3800.0,3800.0,3800.0,3800.0,resolved,resolved,resolved,resolved,resolved,resolved,resolved,resolved,resolved,resolved,resolved,resolved,resolved,resolved,resolved,resolved,resolved,resolved,resolved,resolved,G7E 12xlarge Extra Large,g7e,"1,199,200.533",GPU instance,71.0 fps,5600 MT/s,No,,,,,,,,0 units,10.67 GiB/vCPU,192 GiB,10.0,0,0.0000 units,3.2 GHz,,,,,Yes,Yes,x86_64,400 Gigabit,25000 Mbps,3125 MB/s,100000 IOPS,25000 Mbps,3125 MB/s,100000 IOPS,Yes,640.0,10.0,Yes,No,Yes,120.0,Yes,Yes,Yes,Unknown,No,,$8.2861 hourly,,$2.609 hourly,$2.7422 hourly,$8.8045 hourly,,$3.1274 hourly,$3.3938 hourly,$9.4765 hourly,,,,$8.4111 hourly,,$2.734 hourly,$3.0004 hourly,$10.4941 hourly,,$3.0366 hourly,$3.0716 hourly,$36.459 hourly,,$11.3053 hourly,,$16.2541 hourly,,$28.4941 hourly,,$9.0973 hourly,,$14.0461 hourly,,$26.2861 hourly,,>20%,,current,"Blackwell, Blackwell",25.0°C,Yes,2.36x,81.0W,81.0W,2336 MHz,2336 MHz,12481 MHz,1954 MHz,8.28608,3.234,,8.2861,2.7422,
g7e.24xlarge,NVIDIA GB202,Intel Xeon Scalable (Emerald Rapids),4.0,96 vCPUs,1024 GiB,7600 GB (2×3800 GB NVMe SSD),16.5722,,5.2261,GB202,Intel Xeon Scalable (Emerald Rapids),4.0,96.0,1024.0,16.5722,,5.2261,600,350.0,96.0,3.6458333333333335,True,7600.0,7.6,2.0,Benchmark for large,5.0,2,3800.0,0.0,0.0,0.0,0.0,0.0,0.0,0.0,0.0,0.0,0.0,resolved,resolved,family_proxy,Representative Emerald Rapids Xeon benchmark/reference listings,Used average of all models with 3.2Ghz clock speed in Emerald Rapids listing,proxy_reference,Proxy SSD class with watts expressed on a per-TB basis.,16.5722,16.5722,16.5722,16.5722,16.5722,16.5722,16.5722,16.5722,16.5722,16.5722,,,,,,,,,,,5.2261,5.2261,5.2261,5.2261,5.2261,5.2261,5.2261,5.2261,5.2261,5.2261,1.2,1.2,0.9,0.7,1.1,0.7,0.9,1.1,0.9,1.2,1.2,1.2,0.9,0.7,1.1,0.7,0.9,1.1,0.9,1.2,462.0,462.0,346.50000000000006,269.5,423.50000000000006,269.5,346.50000000000006,423.50000000000006,346.50000000000006,462.0,3168.0,3168.0,2376.0000000000005,1848.0,2904.0000000000005,1848.0,2376.0000000000005,2904.0000000000005,2376.0000000000005,3168.0,0.0,0.0,0.0,0.0,0.0,0.0,0.0,0.0,0.0,0.0,0.0,0.0,0.0,0.0,0.0,0.0,0.0,0.0,0.0,0.0,0.0,0.0,0.0,0.0,0.0,0.0,0.0,0.0,0.0,0.0,3630.0,3630.0,2722.5000000000005,2117.5,3327.5000000000005,2117.5,2722.5000000000005,3327.5000000000005,2722.5000000000005,3630.0,0.00363,0.00363,0.0027225,0.0021175,0.0033275,0.0021175,0.0027225,0.0033275,0.0027225,0.00363,4565.34435261708,4565.34435261708,6087.125803489438,7826.304604486422,4980.375657400449,7826.304604486422,6087.125803489438,4980.375657400449,6087.125803489438,4565.34435261708,,,,,,,,,,,1439.6969696969695,1439.6969696969695,1919.5959595959591,2468.051948051948,1570.578512396694,2468.051948051948,1919.5959595959591,1570.578512396694,1919.5959595959591,1439.6969696969695,Benchmark for large,Benchmark for large,Benchmark for large,Benchmark for large,Benchmark for large,Benchmark for large,Benchmark for large,Benchmark for large,Benchmark for large,Benchmark for large,2,2,2,2,2,2,2,2,2,2,3800.0,3800.0,3800.0,3800.0,3800.0,3800.0,3800.0,3800.0,3800.0,3800.0,resolved,resolved,resolved,resolved,resolved,resolved,resolved,resolved,resolved,resolved,resolved,resolved,resolved,resolved,resolved,resolved,resolved,resolved,resolved,resolved,G7E 24xlarge,g7e,"2,040,960.952",GPU instance,161.0 fps,5600 MT/s,No,,,,,,,,0 units,10.67 GiB/vCPU,384 GiB,10.0,0,0.0000 units,3.2 GHz,,,,,Yes,Yes,x86_64,800 Gigabit,50000 Mbps,6250 MB/s,200000 IOPS,50000 Mbps,6250 MB/s,200000 IOPS,Yes,1280.0,20.0,Yes,No,Yes,120.0,Yes,Yes,Yes,Unknown,No,,$16.5722 hourly,,$4.7975 hourly,$5.2261 hourly,$17.609 hourly,,$5.8343 hourly,$6.6914 hourly,$18.953 hourly,,,,$16.6972 hourly,,$4.9225 hourly,$5.7796 hourly,$20.9882 hourly,,$6.0732 hourly,$6.1437 hourly,$36.459 hourly,,$22.6106 hourly,,$32.5082 hourly,,$56.9882 hourly,,$18.1946 hourly,,$28.0922 hourly,,$52.5722 hourly,,>20%,,current,"Blackwell, Blackwell, Blackwell, Blackwell",25.3°C,Yes,5.37x,80.0W,80.0W,2342 MHz,2342 MHz,12481 MHz,1941 MHz,16.57216,5.972,,16.5722,5.2261,
g7e.2xlarge,NVIDIA GB202,Intel Xeon Scalable (Emerald Rapids),1.0,8 vCPUs,64 GiB,1900 GB NVMe SSD,3.3631,,1.0341,GB202,Intel Xeon Scalable (Emerald Rapids),1.0,8.0,64.0,3.3631,,1.0341,600,350.0,96.0,3.6458333333333335,True,1900.0,1.9,,Benchmark for medium,2.5,1,1900.0,0.0,0.0,0.0,0.0,0.0,0.0,0.0,0.0,0.0,0.0,resolved,resolved,family_proxy,Representative Emerald Rapids Xeon benchmark/reference listings,Used average of all models with 3.2Ghz clock speed in Emerald Rapids listing,proxy_reference,Proxy SSD class with watts expressed on a per-TB basis.,3.3631,3.3631,3.3631,3.3631,3.3631,3.3631,3.3631,3.3631,3.3631,3.3631,,,,,,,,,,,1.0341,1.0341,1.0341,1.0341,1.0341,1.0341,1.0341,1.0341,1.0341,1.0341,1.2,1.2,0.9,0.7,1.1,0.7,0.9,1.1,0.9,1.2,1.2,1.2,0.9,0.7,1.1,0.7,0.9,1.1,0.9,1.2,38.5,38.5,28.875000000000004,22.458333333333336,35.29166666666667,22.458333333333336,28.875000000000004,35.29166666666667,28.875000000000004,38.5,792.0,792.0,594.0000000000001,462.0,726.0000000000001,462.0,594.0000000000001,726.0000000000001,594.0000000000001,792.0,0.0,0.0,0.0,0.0,0.0,0.0,0.0,0.0,0.0,0.0,0.0,0.0,0.0,0.0,0.0,0.0,0.0,0.0,0.0,0.0,0.0,0.0,0.0,0.0,0.0,0.0,0.0,0.0,0.0,0.0,830.5,830.5,622.8750000000001,484.4583333333333,761.2916666666667,484.4583333333333,622.8750000000001,761.2916666666667,622.8750000000001,830.5,0.0008305,0.0008305,0.000622875,0.0004844583333333,0.0007612916666666,0.0004844583333333,0.000622875,0.0007612916666666,0.000622875,0.0008305,4049.488260084287,4049.488260084287,5399.317680112381,6941.979874430206,4417.6235564555855,6941.979874430206,5399.317680112381,4417.6235564555855,5399.317680112381,4049.488260084287,,,,,,,,,,,1245.153521974714,1245.153521974714,1660.204695966285,2134.5488948137954,1358.349296699688,2134.5488948137954,1660.204695966285,1358.349296699688,1660.204695966285,1245.153521974714,Benchmark for medium,Benchmark for medium,Benchmark for medium,Benchmark for medium,Benchmark for medium,Benchmark for medium,Benchmark for medium,Benchmark for medium,Benchmark for medium,Benchmark for medium,1,1,1,1,1,1,1,1,1,1,1900.0,1900.0,1900.0,1900.0,1900.0,1900.0,1900.0,1900.0,1900.0,1900.0,resolved,resolved,resolved,resolved,resolved,resolved,resolved,resolved,resolved,resolved,resolved,resolved,resolved,resolved,resolved,resolved,resolved,resolved,resolved,resolved,G7E Double Extra Large,g7e,"219,398.482",GPU instance,118.0 fps,5600 MT/s,No,,,,,,,,0 units,8.00 GiB/vCPU,96 GiB,10.0,0,0.0000 units,3.2 GHz,,,,,Yes,Yes,x86_64,50 Gigabit,2000 Mbps,250 MB/s,8000 IOPS,5000 Mbps,625 MB/s,20000 IOPS,Yes,256.0,4.0,Yes,No,Yes,120.0,Yes,Yes,Yes,Unknown,No,,$3.3631 hourly,,$0.9953 hourly,$1.0341 hourly,$3.4783 hourly,,$1.1105 hourly,$1.188 hourly,$3.6183 hourly,,,,$3.4881 hourly,,$1.1203 hourly,$1.1978 hourly,$3.7311 hourly,,$0.7043 hourly,$0.7185 hourly,$36.459 hourly,,$3.8663 hourly,,$4.6911 hourly,,$6.7311 hourly,,$3.4983 hourly,,$4.3231 hourly,,$6.3631 hourly,,15-20%,,current,Blackwell,20.0°C,Yes,3.92x,29.0W,29.0W,180 MHz,180 MHz,405 MHz,600 MHz,3.36312,1.528,,3.3631,1.0341,
g7e.48xlarge,NVIDIA GB202,Intel Xeon Scalable (Emerald Rapids),8.0,192 vCPUs,2048 GiB,15200 GB (4×3800 GB NVMe SSD),33.1443,,11.7392,GB202,Intel Xeon Scalable (Emerald Rapids),8.0,192.0,2048.0,33.1443,,11.7392,600,350.0,96.0,3.6458333333333335,True,15200.0,15.2,4.0,Benchmark for large,5.0,4,3800.0,0.0,0.0,0.0,0.0,0.0,0.0,0.0,0.0,0.0,0.0,resolved,resolved,family_proxy,Representative Emerald Rapids Xeon benchmark/reference listings,Used average of all models with 3.2Ghz clock speed in Emerald Rapids listing,proxy_reference,Proxy SSD class with watts expressed on a per-TB basis.,33.1443,33.1443,33.1443,33.1443,33.1443,33.1443,33.1443,33.1443,33.1443,33.1443,,,,,,,,,,,11.7392,11.7392,11.7392,11.7392,11.7392,11.7392,11.7392,11.7392,11.7392,11.7392,1.2,1.2,0.9,0.7,1.1,0.7,0.9,1.1,0.9,1.2,1.2,1.2,0.9,0.7,1.1,0.7,0.9,1.1,0.9,1.2,924.0,924.0,693.0000000000001,539.0,847.0000000000001,539.0,693.0000000000001,847.0000000000001,693.0000000000001,924.0,6336.0,6336.0,4752.000000000001,3696.0,5808.000000000001,3696.0,4752.000000000001,5808.000000000001,4752.000000000001,6336.0,0.0,0.0,0.0,0.0,0.0,0.0,0.0,0.0,0.0,0.0,0.0,0.0,0.0,0.0,0.0,0.0,0.0,0.0,0.0,0.0,0.0,0.0,0.0,0.0,0.0,0.0,0.0,0.0,0.0,0.0,7260.0,7260.0,5445.000000000001,4235.0,6655.000000000001,4235.0,5445.000000000001,6655.000000000001,5445.000000000001,7260.0,0.00726,0.00726,0.005445,0.004235,0.006655,0.004235,0.005445,0.006655,0.005445,0.00726,4565.330578512397,4565.330578512397,6087.107438016528,7826.280991735537,4980.360631104432,7826.280991735537,6087.107438016528,4980.360631104432,6087.107438016528,4565.330578512397,,,,,,,,,,,1616.969696969697,1616.969696969697,2155.9595959595954,2771.948051948052,1763.9669421487602,2771.948051948052,2155.9595959595954,1763.9669421487602,2155.9595959595954,1616.969696969697,Benchmark for large,Benchmark for large,Benchmark for large,Benchmark for large,Benchmark for large,Benchmark for large,Benchmark for large,Benchmark for large,Benchmark for large,Benchmark for large,4,4,4,4,4,4,4,4,4,4,3800.0,3800.0,3800.0,3800.0,3800.0,3800.0,3800.0,3800.0,3800.0,3800.0,resolved,resolved,resolved,resolved,resolved,resolved,resolved,resolved,resolved,resolved,resolved,resolved,resolved,resolved,resolved,resolved,resolved,resolved,resolved,resolved,G7E 48xlarge,g7e,"4,097,019.703",GPU instance,122.0 fps,5600 MT/s,Yes,2.0,21.0,48.0,96.0,1023980 MB,320.0 MB,Yes,0 units,10.67 GiB/vCPU,768 GiB,10.0,0,0.0000 units,3.2 GHz,,,,,Yes,Yes,x86_64,1600 Gigabit,100000 Mbps,12500 MB/s,400000 IOPS,100000 Mbps,12500 MB/s,400000 IOPS,Yes,2560.0,40.0,Yes,No,Yes,120.0,Yes,Yes,Yes,Unknown,No,,$33.1443 hourly,,$9.1484 hourly,$11.7392 hourly,$34.9875 hourly,,$10.9916 hourly,$16.1732 hourly,$37.0035 hourly,,,,$33.2693 hourly,,$9.2734 hourly,$14.455 hourly,$41.9763 hourly,,$12.1464 hourly,$12.1464 hourly,$36.459 hourly,,$45.2211 hourly,,$65.0163 hourly,,$113.9763 hourly,,$36.3891 hourly,,$56.1843 hourly,,$105.1443 hourly,,>20%,,current,"Blackwell, Blackwell, Blackwell, Blackwell, Blackwell, Blackwell, Blackwell, Blackwell",25.3°C,Yes,4.05x,74.0W,74.0W,2072 MHz,2072 MHz,10972 MHz,1762 MHz,33.14432,11.862,,33.1443,11.7392,
g7e.4xlarge,NVIDIA GB202,Intel Xeon Scalable (Emerald Rapids),1.0,16 vCPUs,128 GiB,1900 GB NVMe SSD,3.9982,,1.1858,GB202,Intel Xeon Scalable (Emerald Rapids),1.0,16.0,128.0,3.9982,,1.1858,600,350.0,96.0,3.6458333333333335,True,1900.0,1.9,,Benchmark for medium,2.5,1,1900.0,0.0,0.0,0.0,0.0,0.0,0.0,0.0,0.0,0.0,0.0,resolved,resolved,family_proxy,Representative Emerald Rapids Xeon benchmark/reference listings,Used average of all models with 3.2Ghz clock speed in Emerald Rapids listing,proxy_reference,Proxy SSD class with watts expressed on a per-TB basis.,3.9982,3.9982,3.9982,3.9982,3.9982,3.9982,3.9982,3.9982,3.9982,3.9982,,,,,,,,,,,1.1858,1.1858,1.1858,1.1858,1.1858,1.1858,1.1858,1.1858,1.1858,1.1858,1.2,1.2,0.9,0.7,1.1,0.7,0.9,1.1,0.9,1.2,1.2,1.2,0.9,0.7,1.1,0.7,0.9,1.1,0.9,1.2,77.0,77.0,57.75000000000001,44.91666666666667,70.58333333333334,44.91666666666667,57.75000000000001,70.58333333333334,57.75000000000001,77.0,792.0,792.0,594.0000000000001,462.0,726.0000000000001,462.0,594.0000000000001,726.0000000000001,594.0000000000001,792.0,0.0,0.0,0.0,0.0,0.0,0.0,0.0,0.0,0.0,0.0,0.0,0.0,0.0,0.0,0.0,0.0,0.0,0.0,0.0,0.0,0.0,0.0,0.0,0.0,0.0,0.0,0.0,0.0,0.0,0.0,869.0,869.0,651.7500000000001,506.9166666666667,796.5833333333335,506.9166666666667,651.7500000000001,796.5833333333335,651.7500000000001,869.0,0.000869,0.000869,0.00065175,0.0005069166666666,0.0007965833333333,0.0005069166666666,0.00065175,0.0007965833333333,0.00065175,0.000869,4600.920598388953,4600.920598388953,6134.5607978519365,7887.292454381062,5019.186107333402,7887.292454381062,6134.5607978519365,5019.186107333402,6134.5607978519365,4600.920598388953,,,,,,,,,,,1364.5569620253164,1364.5569620253164,1819.4092827004215,2339.240506329114,1488.6075949367084,2339.240506329114,1819.4092827004215,1488.6075949367084,1819.4092827004215,1364.5569620253164,Benchmark for medium,Benchmark for medium,Benchmark for medium,Benchmark for medium,Benchmark for medium,Benchmark for medium,Benchmark for medium,Benchmark for medium,Benchmark for medium,Benchmark for medium,1,1,1,1,1,1,1,1,1,1,1900.0,1900.0,1900.0,1900.0,1900.0,1900.0,1900.0,1900.0,1900.0,1900.0,resolved,resolved,resolved,resolved,resolved,resolved,resolved,resolved,resolved,resolved,resolved,resolved,resolved,resolved,resolved,resolved,resolved,resolved,resolved,resolved,G7E Quadruple Extra Large,g7e,"383,524.43",GPU instance,152.0 fps,5600 MT/s,No,,,,,,,,0 units,8.00 GiB/vCPU,96 GiB,10.0,0,0.0000 units,3.2 GHz,,,,,Yes,Yes,x86_64,50 Gigabit,8000 Mbps,1000 MB/s,32000 IOPS,8000 Mbps,1000 MB/s,32000 IOPS,Yes,512.0,8.0,Yes,No,Yes,120.0,Yes,Yes,Yes,Unknown,No,,$3.9982 hourly,,$1.1851 hourly,$1.1858 hourly,$4.171 hourly,,$1.3579 hourly,$1.3593 hourly,$4.395 hourly,,,,$4.1232 hourly,,$1.3101 hourly,$1.3115 hourly,$4.7342 hourly,,$1.1702 hourly,$1.18 hourly,$36.459 hourly,,$5.0046 hourly,,$6.6542 hourly,,$10.7342 hourly,,$4.2686 hourly,,$5.9182 hourly,,$9.9982 hourly,,10-15%,,current,Blackwell,24.0°C,Yes,5.07x,81.0W,81.0W,2370 MHz,2370 MHz,12481 MHz,1950 MHz,3.99816,1.521,,3.9982,1.1858,
g7e.8xlarge,NVIDIA GB202,Intel Xeon Scalable (Emerald Rapids),1.0,32 vCPUs,256 GiB,1900 GB NVMe SSD,5.2682,,1.4696,GB202,Intel Xeon Scalable (Emerald Rapids),1.0,32.0,256.0,5.2682,,1.4696,600,350.0,96.0,3.6458333333333335,True,1900.0,1.9,,Benchmark for medium,2.5,1,1900.0,0.0,0.0,0.0,0.0,0.0,0.0,0.0,0.0,0.0,0.0,resolved,resolved,family_proxy,Representative Emerald Rapids Xeon benchmark/reference listings,Used average of all models with 3.2Ghz clock speed in Emerald Rapids listing,proxy_reference,Proxy SSD class with watts expressed on a per-TB basis.,5.2682,5.2682,5.2682,5.2682,5.2682,5.2682,5.2682,5.2682,5.2682,5.2682,,,,,,,,,,,1.4696,1.4696,1.4696,1.4696,1.4696,1.4696,1.4696,1.4696,1.4696,1.4696,1.2,1.2,0.9,0.7,1.1,0.7,0.9,1.1,0.9,1.2,1.2,1.2,0.9,0.7,1.1,0.7,0.9,1.1,0.9,1.2,154.0,154.0,115.5,89.83333333333334,141.16666666666669,89.83333333333334,115.5,141.16666666666669,115.5,154.0,792.0,792.0,594.0000000000001,462.0,726.0000000000001,462.0,594.0000000000001,726.0000000000001,594.0000000000001,792.0,0.0,0.0,0.0,0.0,0.0,0.0,0.0,0.0,0.0,0.0,0.0,0.0,0.0,0.0,0.0,0.0,0.0,0.0,0.0,0.0,0.0,0.0,0.0,0.0,0.0,0.0,0.0,0.0,0.0,0.0,946.0,946.0,709.5000000000001,551.8333333333334,867.1666666666667,551.8333333333334,709.5000000000001,867.1666666666667,709.5000000000001,946.0,0.000946,0.000946,0.0007095,0.0005518333333333,0.0008671666666666,0.0005518333333333,0.0007095,0.0008671666666666,0.0007095,0.000946,5568.9217758985205,5568.9217758985205,7425.229034531359,9546.723044397464,6075.187391889294,9546.723044397464,7425.229034531359,6075.187391889294,7425.229034531359,5568.9217758985205,,,,,,,,,,,1553.4883720930234,1553.4883720930234,2071.317829457364,2663.12292358804,1694.7145877378434,2663.12292358804,2071.317829457364,1694.7145877378434,2071.317829457364,1553.4883720930234,Benchmark for medium,Benchmark for medium,Benchmark for medium,Benchmark for medium,Benchmark for medium,Benchmark for medium,Benchmark for medium,Benchmark for medium,Benchmark for medium,Benchmark for medium,1,1,1,1,1,1,1,1,1,1,1900.0,1900.0,1900.0,1900.0,1900.0,1900.0,1900.0,1900.0,1900.0,1900.0,resolved,resolved,resolved,resolved,resolved,resolved,resolved,resolved,resolved,resolved,resolved,resolved,resolved,resolved,resolved,resolved,resolved,resolved,resolved,resolved,G7E Eight Extra Large,g7e,"852,916.352",GPU instance,153.0 fps,5600 MT/s,No,,,,,,,,0 units,8.00 GiB/vCPU,96 GiB,10.0,0,0.0000 units,3.2 GHz,,,,,Yes,Yes,x86_64,100 Gigabit,16000 Mbps,2000 MB/s,64000 IOPS,16000 Mbps,2000 MB/s,64000 IOPS,Yes,512.0,8.0,Yes,No,Yes,120.0,Yes,Yes,Yes,Unknown,No,,$5.2682 hourly,,$1.4294 hourly,$1.4696 hourly,$5.6138 hourly,,$1.775 hourly,$1.8553 hourly,$6.0618 hourly,,,,$5.3932 hourly,,$1.5544 hourly,$1.6347 hourly,$6.7402 hourly,,$1.9988 hourly,$2.0213 hourly,$36.459 hourly,,$7.281 hourly,,$10.5802 hourly,,$18.7402 hourly,,$5.809 hourly,,$9.1082 hourly,,$17.2682 hourly,,15-20%,,current,Blackwell,23.0°C,Yes,5.08x,80.0W,80.0W,2317 MHz,2317 MHz,12481 MHz,1950 MHz,5.26824,2.014,,5.2682,1.4696,
gr6.4xlarge,NVIDIA L4,AMD EPYC 7R13 Processor,1.0,16 vCPUs,128 GiB,600 GB NVMe SSD,1.5392,1.002,0.6996,L4,AMD EPYC 7R13 Processor,1.0,16.0,128.0,1.5392,1.002,0.6996,72,280.0,96.0,2.9166666666666665,True,600.0,0.6,,Benchmark for small,1.0,1,600.0,0.0,0.0,0.0,0.0,0.0,0.0,0.0,0.0,0.0,0.0,resolved,resolved,benchmark_proxy,"Closest EPYC Milan custom-SKU benchmark/reference listings, serverorbit",AWS custom Milan part; package TDP inferred from common benchmark/reference sources.,proxy_reference,Proxy SSD class with watts expressed on a per-TB basis.,1.5392,1.5392,1.5392,1.5392,1.5392,1.5392,1.5392,1.5392,1.5392,1.5392,1.002,1.002,1.002,1.002,1.002,1.002,1.002,1.002,1.002,1.002,0.6996,0.6996,0.6996,0.6996,0.6996,0.6996,0.6996,0.6996,0.6996,0.6996,1.2,1.2,0.9,0.7,1.1,0.7,0.9,1.1,0.9,1.2,1.2,1.2,0.9,0.7,1.1,0.7,0.9,1.1,0.9,1.2,61.6,61.6,46.2,35.93333333333333,56.46666666666668,35.93333333333333,46.2,56.46666666666668,46.2,61.6,95.04,95.04,71.28,55.44,87.12000000000002,55.44,71.28,87.12000000000002,71.28,95.04,0.0,0.0,0.0,0.0,0.0,0.0,0.0,0.0,0.0,0.0,0.0,0.0,0.0,0.0,0.0,0.0,0.0,0.0,0.0,0.0,0.0,0.0,0.0,0.0,0.0,0.0,0.0,0.0,0.0,0.0,156.64,156.64,117.48,91.37333333333332,143.5866666666667,91.37333333333332,117.48,143.5866666666667,117.48,156.64,0.00015664,0.00015664,0.00011748,9.137333333333331e-05,0.0001435866666666,9.137333333333331e-05,0.00011748,0.0001435866666666,0.00011748,0.00015664,9826.353421859038,9826.353421859038,13101.804562478716,16845.177294615496,10719.658278391677,16845.177294615496,13101.804562478716,10719.658278391677,13101.804562478716,9826.353421859038,6396.833503575076,6396.833503575076,8529.111338100101,10966.00029184299,6978.363822081899,10966.00029184299,8529.111338100101,6978.363822081899,8529.111338100101,6396.833503575076,4466.29213483146,4466.29213483146,5955.056179775281,7656.500802568219,4872.31869254341,7656.500802568219,5955.056179775281,4872.31869254341,5955.056179775281,4466.29213483146,Benchmark for small,Benchmark for small,Benchmark for small,Benchmark for small,Benchmark for small,Benchmark for small,Benchmark for small,Benchmark for small,Benchmark for small,Benchmark for small,1,1,1,1,1,1,1,1,1,1,600.0,600.0,600.0,600.0,600.0,600.0,600.0,600.0,600.0,600.0,resolved,resolved,resolved,resolved,resolved,resolved,resolved,resolved,resolved,resolved,resolved,resolved,resolved,resolved,resolved,resolved,resolved,resolved,resolved,resolved,Gr6 Graphics and Machine Learning GPU High RAM ratio Quadruple Extra Large,gr6,"326,914.236",GPU instance,127.0 fps,3200 MT/s,No,,,,,,,,0 units,8.00 GiB/vCPU,24 GiB,8.9,0,0.0000 units,2.6 GHz,,,,,Yes,Yes,x86_64,Up to 25 Gigabit,8000 Mbps,1000 MB/s,32000 IOPS,8000 Mbps,1000 MB/s,32000 IOPS,Yes,240.0,8.0,Yes,No,Yes,54.0,Yes,Yes,Yes,Unknown,Yes,,$1.5392 hourly,$1.002 hourly,$0.6601 hourly,$0.6996 hourly,$1.712 hourly,$1.1748 hourly,$0.8329 hourly,$0.9069 hourly,$1.936 hourly,$1.3988 hourly,,,$1.6642 hourly,$1.0619 hourly,$0.7851 hourly,$0.8591 hourly,$2.2752 hourly,$1.738 hourly,$0.9046 hourly,$0.9053 hourly,,,$2.5456 hourly,$2.0084 hourly,$4.1952 hourly,$3.658 hourly,$8.2752 hourly,$7.738 hourly,$1.8096 hourly,$1.2724 hourly,$3.4592 hourly,$2.922 hourly,$7.5392 hourly,$7.002 hourly,>20%,$0.3848 hourly,current,Ada Lovelace,41.0°C,Yes,4.24x,27.0W,27.0W,2040 MHz,2040 MHz,6251 MHz,1770 MHz,,,,1.5392,0.6996,1.002
gr6.8xlarge,NVIDIA L4,AMD EPYC 7R13 Processor,1.0,32 vCPUs,256 GiB,900 GB (2×450 GB NVMe SSD),2.4464,1.5926,1.3261,L4,AMD EPYC 7R13 Processor,1.0,32.0,256.0,2.4464,1.5926,1.3261,72,280.0,96.0,2.9166666666666665,True,900.0,0.9,2.0,Benchmark for small,1.0,2,450.0,0.0,0.0,0.0,0.0,0.0,0.0,0.0,0.0,0.0,0.0,resolved,resolved,benchmark_proxy,"Closest EPYC Milan custom-SKU benchmark/reference listings, serverorbit",AWS custom Milan part; package TDP inferred from common benchmark/reference sources.,proxy_reference,Proxy SSD class with watts expressed on a per-TB basis.,2.4464,2.4464,2.4464,2.4464,2.4464,2.4464,2.4464,2.4464,2.4464,2.4464,1.5926,1.5926,1.5926,1.5926,1.5926,1.5926,1.5926,1.5926,1.5926,1.5926,1.3261,1.3261,1.3261,1.3261,1.3261,1.3261,1.3261,1.3261,1.3261,1.3261,1.2,1.2,0.9,0.7,1.1,0.7,0.9,1.1,0.9,1.2,1.2,1.2,0.9,0.7,1.1,0.7,0.9,1.1,0.9,1.2,123.2,123.2,92.4,71.86666666666666,112.93333333333337,71.86666666666666,92.4,112.93333333333337,92.4,123.2,95.04,95.04,71.28,55.44,87.12000000000002,55.44,71.28,87.12000000000002,71.28,95.04,0.0,0.0,0.0,0.0,0.0,0.0,0.0,0.0,0.0,0.0,0.0,0.0,0.0,0.0,0.0,0.0,0.0,0.0,0.0,0.0,0.0,0.0,0.0,0.0,0.0,0.0,0.0,0.0,0.0,0.0,218.24,218.24,163.68,127.30666666666666,200.05333333333337,127.30666666666666,163.68,200.05333333333337,163.68,218.24,0.00021824,0.00021824,0.00016368,0.0001273066666666,0.0002000533333333,0.0001273066666666,0.00016368,0.0002000533333333,0.00016368,0.00021824,11209.67741935484,11209.67741935484,14946.236559139785,19216.58986175116,12228.739002932549,19216.58986175116,14946.236559139785,12228.739002932549,14946.236559139785,11209.67741935484,7297.470674486804,7297.470674486804,9729.960899315738,12509.949727691665,7960.8770994401475,12509.949727691665,9729.960899315738,7960.8770994401475,9729.960899315738,7297.470674486804,6076.337976539589,6076.337976539589,8101.783968719453,10416.579388353584,6628.732338043187,10416.579388353584,8101.783968719453,6628.732338043187,8101.783968719453,6076.337976539589,Benchmark for small,Benchmark for small,Benchmark for small,Benchmark for small,Benchmark for small,Benchmark for small,Benchmark for small,Benchmark for small,Benchmark for small,Benchmark for small,2,2,2,2,2,2,2,2,2,2,450.0,450.0,450.0,450.0,450.0,450.0,450.0,450.0,450.0,450.0,resolved,resolved,resolved,resolved,resolved,resolved,resolved,resolved,resolved,resolved,resolved,resolved,resolved,resolved,resolved,resolved,resolved,resolved,resolved,resolved,Gr6 Graphics and Machine Learning GPU High RAM ratio Eight Extra Large,gr6,"644,316.923",GPU instance,134.0 fps,3200 MT/s,No,,,,,,,,0 units,8.00 GiB/vCPU,24 GiB,8.9,0,0.0000 units,2.6 GHz,,,,,Yes,Yes,x86_64,25 Gigabit,16000 Mbps,2000 MB/s,64000 IOPS,16000 Mbps,2000 MB/s,64000 IOPS,Yes,240.0,8.0,Yes,No,Yes,84.0,Yes,Yes,Yes,Unknown,Yes,,$2.4464 hourly,$1.5926 hourly,$1.2431 hourly,$1.3261 hourly,$2.792 hourly,$1.9382 hourly,$1.5887 hourly,$1.7676 hourly,$3.24 hourly,$2.3862 hourly,,,$2.5714 hourly,$1.6525 hourly,$1.3681 hourly,$1.547 hourly,$3.9184 hourly,$3.0646 hourly,$1.7166 hourly,$1.732 hourly,,,$4.4592 hourly,$3.6054 hourly,$7.7584 hourly,$6.9046 hourly,$15.9184 hourly,$15.0646 hourly,$2.9872 hourly,$2.1334 hourly,$6.2864 hourly,$5.4326 hourly,$14.4464 hourly,$13.5926 hourly,10-15%,$0.6116 hourly,current,Ada Lovelace,41.0°C,Yes,4.45x,27.0W,27.0W,2040 MHz,2040 MHz,6251 MHz,1770 MHz,,,,2.4464,1.3261,1.5926
gr6f.4xlarge,NVIDIA L4,AMD EPYC 7R13 Processor,0.5,16 vCPUs,128 GiB,450 GB NVMe SSD,1.066,,0.4376,L4,AMD EPYC 7R13 Processor,0.5,16.0,128.0,1.066,,0.4376,72,280.0,96.0,2.9166666666666665,True,450.0,0.45,,Benchmark for small,1.0,1,450.0,0.0,0.0,0.0,0.0,0.0,0.0,0.0,0.0,0.0,0.0,resolved,resolved,benchmark_proxy,"Closest EPYC Milan custom-SKU benchmark/reference listings, serverorbit",AWS custom Milan part; package TDP inferred from common benchmark/reference sources.,proxy_reference,Proxy SSD class with watts expressed on a per-TB basis.,1.066,1.066,1.066,1.066,1.066,1.066,1.066,1.066,1.066,1.066,,,,,,,,,,,0.4376,0.4376,0.4376,0.4376,0.4376,0.4376,0.4376,0.4376,0.4376,0.4376,1.2,1.2,0.9,0.7,1.1,0.7,0.9,1.1,0.9,1.2,1.2,1.2,0.9,0.7,1.1,0.7,0.9,1.1,0.9,1.2,61.6,61.6,46.2,35.93333333333333,56.46666666666668,35.93333333333333,46.2,56.46666666666668,46.2,61.6,47.52,47.52,35.64,27.72,43.56000000000001,27.72,35.64,43.56000000000001,35.64,47.52,0.0,0.0,0.0,0.0,0.0,0.0,0.0,0.0,0.0,0.0,0.0,0.0,0.0,0.0,0.0,0.0,0.0,0.0,0.0,0.0,0.0,0.0,0.0,0.0,0.0,0.0,0.0,0.0,0.0,0.0,109.12,109.12,81.84,63.65333333333333,100.02666666666669,63.65333333333333,81.84,100.02666666666669,81.84,109.12,0.00010912,0.00010912,8.184e-05,6.365333333333333e-05,0.0001000266666666,6.365333333333333e-05,8.184e-05,0.0001000266666666,8.184e-05,0.00010912,9769.061583577712,9769.061583577712,13025.415444770284,16746.962714704652,10657.158091175685,16746.962714704652,13025.415444770284,10657.158091175685,13025.415444770284,9769.061583577712,,,,,,,,,,,4010.263929618768,4010.263929618768,5347.018572825024,6874.738165060746,4374.833377765928,6874.738165060746,5347.018572825024,4374.833377765928,5347.018572825024,4010.263929618768,Benchmark for small,Benchmark for small,Benchmark for small,Benchmark for small,Benchmark for small,Benchmark for small,Benchmark for small,Benchmark for small,Benchmark for small,Benchmark for small,1,1,1,1,1,1,1,1,1,1,450.0,450.0,450.0,450.0,450.0,450.0,450.0,450.0,450.0,450.0,resolved,resolved,resolved,resolved,resolved,resolved,resolved,resolved,resolved,resolved,resolved,resolved,resolved,resolved,resolved,resolved,resolved,resolved,resolved,resolved,GR6F Quadruple Extra Large,gr6f,"331,434.49",GPU instance,118.0 fps,3200 MT/s,No,,,,,,,,0 units,8.00 GiB/vCPU,12 GiB,10.0,0,0.0000 units,2.6 GHz,,,,,Yes,Yes,x86_64,Up to 25 Gigabit,8000 Mbps,1000 MB/s,32000 IOPS,8000 Mbps,1000 MB/s,32000 IOPS,Yes,240.0,8.0,Yes,No,Yes,54.0,Yes,Yes,Yes,Unknown,No,,$1.066 hourly,,$0.4032 hourly,$0.4376 hourly,$1.2388 hourly,,$0.576 hourly,$0.7045 hourly,$1.4628 hourly,,,,$1.191 hourly,,$0.5282 hourly,$0.6567 hourly,$1.802 hourly,,$0.8426 hourly,$0.87 hourly,,,$2.0724 hourly,,$3.722 hourly,,$7.802 hourly,,$1.3364 hourly,,$2.986 hourly,,$7.066 hourly,,>20%,,current,,,No,3.94x,,,,,,,1.066,0.372,,1.066,0.4376,
p2.16xlarge,NVIDIA Tesla K80,Intel Xeon E5-2686 v4 (Broadwell),8.0,64 vCPUs,732 GiB,EBS only,14.4,,,K80,Intel Xeon E5-2686 v4 (Broadwell),8.0,64.0,732.0,14.4,,,300,145.0,36.0,4.027777777777778,False,0.0,0.0,,No host-local SSD attributed,0.0,0,0.0,0.0,0.0,0.0,0.0,0.0,0.0,0.0,0.0,0.0,0.0,resolved,resolved,benchmark_proxy,"Broadwell Xeon benchmark reference listings, CPU World","AWS-associated custom part; direct vendor-like proxy value, CPU World.",not_applicable,EBS-only or no local SSD in instance dataset.,14.4,14.4,14.4,14.4,14.4,14.4,14.4,14.4,14.4,14.4,,,,,,,,,,,,,,,,,,,,,1.2,1.2,0.9,0.7,1.1,0.7,0.9,1.1,0.9,1.2,1.2,1.2,0.9,0.7,1.1,0.7,0.9,1.1,0.9,1.2,340.26666666666665,340.26666666666665,255.2,198.48888888888888,311.91111111111115,198.48888888888888,255.2,311.91111111111115,255.2,340.26666666666665,3168.0,3168.0,2376.0000000000005,1848.0,2904.0000000000005,1848.0,2376.0000000000005,2904.0000000000005,2376.0000000000005,3168.0,0.0,0.0,0.0,0.0,0.0,0.0,0.0,0.0,0.0,0.0,0.0,0.0,0.0,0.0,0.0,0.0,0.0,0.0,0.0,0.0,0.0,0.0,0.0,0.0,0.0,0.0,0.0,0.0,0.0,0.0,3508.2666666666664,3508.2666666666664,2631.2000000000003,2046.4888888888888,3215.9111111111115,2046.4888888888888,2631.2000000000003,3215.9111111111115,2631.2000000000003,3508.2666666666664,0.0035082666666666,0.0035082666666666,0.0026312,0.0020464888888888,0.0032159111111111,0.0020464888888888,0.0026312,0.0032159111111111,0.0026312,0.0035082666666666,4104.591061112801,4104.591061112801,5472.788081483734,7036.441819050516,4477.7357030321455,7036.441819050516,5472.788081483734,4477.7357030321455,5472.788081483734,4104.591061112801,,,,,,,,,,,,,,,,,,,,,No host-local SSD attributed,No host-local SSD attributed,No host-local SSD attributed,No host-local SSD attributed,No host-local SSD attributed,No host-local SSD attributed,No host-local SSD attributed,No host-local SSD attributed,No host-local SSD attributed,No host-local SSD attributed,0,0,0,0,0,0,0,0,0,0,0.0,0.0,0.0,0.0,0.0,0.0,0.0,0.0,0.0,0.0,resolved,resolved,resolved,resolved,resolved,resolved,resolved,resolved,resolved,resolved,resolved,resolved,resolved,resolved,resolved,resolved,resolved,resolved,resolved,resolved,P2 General Purpose GPU 16xlarge Extra Large,p2,,GPU instance,,,,,,,,,,,201 units,11.44 GiB/vCPU,192 GiB,3.7,0,3.1406 units,2.3 GHz,Yes,Yes,,Yes,,,x86_64,20 Gigabit,,,,,,,No,,,Yes,,,,Yes,Yes,Yes,Unknown,Yes,,$14.40 hourly,,,,$15.091 hourly,,,,$15.987 hourly,,,,$14.50 hourly,,,,$17.344 hourly,,,,$15.84 hourly,,,,,,,,,,,,,,,$0.27 hourly,current,,,,,,,,,,,14.4,,,14.4,,
p2.8xlarge,NVIDIA Tesla K80,Intel Xeon E5-2686 v4 (Broadwell),4.0,32 vCPUs,488 GiB,EBS only,7.2,,,K80,Intel Xeon E5-2686 v4 (Broadwell),4.0,32.0,488.0,7.2,,,300,145.0,36.0,4.027777777777778,False,0.0,0.0,,No host-local SSD attributed,0.0,0,0.0,0.0,0.0,0.0,0.0,0.0,0.0,0.0,0.0,0.0,0.0,resolved,resolved,benchmark_proxy,"Broadwell Xeon benchmark reference listings, CPU World","AWS-associated custom part; direct vendor-like proxy value, CPU World.",not_applicable,EBS-only or no local SSD in instance dataset.,7.2,7.2,7.2,7.2,7.2,7.2,7.2,7.2,7.2,7.2,,,,,,,,,,,,,,,,,,,,,1.2,1.2,0.9,0.7,1.1,0.7,0.9,1.1,0.9,1.2,1.2,1.2,0.9,0.7,1.1,0.7,0.9,1.1,0.9,1.2,170.13333333333333,170.13333333333333,127.6,99.24444444444444,155.95555555555558,99.24444444444444,127.6,155.95555555555558,127.6,170.13333333333333,1584.0,1584.0,1188.0000000000002,924.0,1452.0000000000002,924.0,1188.0000000000002,1452.0000000000002,1188.0000000000002,1584.0,0.0,0.0,0.0,0.0,0.0,0.0,0.0,0.0,0.0,0.0,0.0,0.0,0.0,0.0,0.0,0.0,0.0,0.0,0.0,0.0,0.0,0.0,0.0,0.0,0.0,0.0,0.0,0.0,0.0,0.0,1754.1333333333332,1754.1333333333332,1315.6,1023.2444444444444,1607.9555555555555,1023.2444444444444,1315.6,1607.9555555555555,1315.6,1754.1333333333332,0.0017541333333333,0.0017541333333333,0.0013156,0.0010232444444444,0.0016079555555555,0.0010232444444444,0.0013156,0.0016079555555555,0.0013156,0.0017541333333333,4104.591061112801,4104.591061112801,5472.788081483734,7036.441819050516,4477.7357030321455,7036.441819050516,5472.788081483734,4477.7357030321455,5472.788081483734,4104.591061112801,,,,,,,,,,,,,,,,,,,,,No host-local SSD attributed,No host-local SSD attributed,No host-local SSD attributed,No host-local SSD attributed,No host-local SSD attributed,No host-local SSD attributed,No host-local SSD attributed,No host-local SSD attributed,No host-local SSD attributed,No host-local SSD attributed,0,0,0,0,0,0,0,0,0,0,0.0,0.0,0.0,0.0,0.0,0.0,0.0,0.0,0.0,0.0,resolved,resolved,resolved,resolved,resolved,resolved,resolved,resolved,resolved,resolved,resolved,resolved,resolved,resolved,resolved,resolved,resolved,resolved,resolved,resolved,P2 General Purpose GPU Eight Extra Large,p2,,GPU instance,,,,,,,,,,,97 units,15.25 GiB/vCPU,96 GiB,3.7,0,3.0313 units,2.3 GHz,Yes,Yes,,Yes,,,x86_64,10 Gigabit,,,,,,,No,,,Yes,,,,Yes,Yes,Yes,Unknown,Yes,,$7.20 hourly,,,,$7.546 hourly,,,,$7.994 hourly,,,,$7.30 hourly,,,,$8.672 hourly,,,,$15.84 hourly,,,,,,,,,,,,,,,$0.27 hourly,current,,,,,,,,,,,7.2,,,7.2,,
p2.xlarge,NVIDIA Tesla K80,Intel Xeon E5-2686 v4 (Broadwell),1.0,4 vCPUs,61 GiB,EBS only,0.9,,,K80,Intel Xeon E5-2686 v4 (Broadwell),1.0,4.0,61.0,0.9,,,300,145.0,36.0,4.027777777777778,False,0.0,0.0,,No host-local SSD attributed,0.0,0,0.0,0.0,0.0,0.0,0.0,0.0,0.0,0.0,0.0,0.0,0.0,resolved,resolved,benchmark_proxy,"Broadwell Xeon benchmark reference listings, CPU World","AWS-associated custom part; direct vendor-like proxy value, CPU World.",not_applicable,EBS-only or no local SSD in instance dataset.,0.9,0.9,0.9,0.9,0.9,0.9,0.9,0.9,0.9,0.9,,,,,,,,,,,,,,,,,,,,,1.2,1.2,0.9,0.7,1.1,0.7,0.9,1.1,0.9,1.2,1.2,1.2,0.9,0.7,1.1,0.7,0.9,1.1,0.9,1.2,21.266666666666666,21.266666666666666,15.95,12.405555555555557,19.494444444444447,12.405555555555557,15.95,19.494444444444447,15.95,21.266666666666666,396.0,396.0,297.00000000000006,231.0,363.00000000000006,231.0,297.00000000000006,363.00000000000006,297.00000000000006,396.0,0.0,0.0,0.0,0.0,0.0,0.0,0.0,0.0,0.0,0.0,0.0,0.0,0.0,0.0,0.0,0.0,0.0,0.0,0.0,0.0,0.0,0.0,0.0,0.0,0.0,0.0,0.0,0.0,0.0,0.0,417.26666666666665,417.26666666666665,312.95000000000005,243.4055555555556,382.4944444444445,243.4055555555556,312.95000000000005,382.4944444444445,312.95000000000005,417.26666666666665,0.0004172666666666,0.0004172666666666,0.00031295,0.0002434055555555,0.0003824944444444,0.0002434055555555,0.00031295,0.0003824944444444,0.00031295,0.0004172666666666,2156.8940725355487,2156.8940725355487,2875.8587633807315,3697.532695775227,2352.975351856962,3697.532695775227,2875.8587633807315,2352.975351856962,2875.8587633807315,2156.8940725355487,,,,,,,,,,,,,,,,,,,,,No host-local SSD attributed,No host-local SSD attributed,No host-local SSD attributed,No host-local SSD attributed,No host-local SSD attributed,No host-local SSD attributed,No host-local SSD attributed,No host-local SSD attributed,No host-local SSD attributed,No host-local SSD attributed,0,0,0,0,0,0,0,0,0,0,0.0,0.0,0.0,0.0,0.0,0.0,0.0,0.0,0.0,0.0,resolved,resolved,resolved,resolved,resolved,resolved,resolved,resolved,resolved,resolved,resolved,resolved,resolved,resolved,resolved,resolved,resolved,resolved,resolved,resolved,P2 General Purpose GPU Extra Large,p2,,GPU instance,,,,,,,,,,,16 units,15.25 GiB/vCPU,12 GiB,3.7,0,4.0000 units,2.3 GHz,Yes,Yes,,Yes,,,x86_64,High,,,,,,,No,,,Yes,,,,Yes,Yes,Yes,Unknown,Yes,,$0.90 hourly,,,,$0.958 hourly,,,,$1.028 hourly,,,,$1.00 hourly,,,,$1.084 hourly,,,,$15.84 hourly,,,,,,,,,,,,,,,$0.225 hourly,current,,,,,,,,,,,0.9,,,0.9,,
p3.16xlarge,NVIDIA Tesla V100,Intel Xeon E5-2686 v4 (Broadwell),8.0,64 vCPUs,488 GiB,EBS only,24.48,,4.3675,V100,Intel Xeon E5-2686 v4 (Broadwell),8.0,64.0,488.0,24.48,,4.3675,300,145.0,36.0,4.027777777777778,False,0.0,0.0,,No host-local SSD attributed,0.0,0,0.0,0.0,0.0,0.0,0.0,0.0,0.0,0.0,0.0,0.0,0.0,resolved,resolved,benchmark_proxy,"Broadwell Xeon benchmark reference listings, CPU World","AWS-associated custom part; direct vendor-like proxy value, CPU World.",not_applicable,EBS-only or no local SSD in instance dataset.,24.48,24.48,24.48,24.48,24.48,24.48,24.48,24.48,24.48,24.48,,,,,,,,,,,4.3675,4.3675,4.3675,4.3675,4.3675,4.3675,4.3675,4.3675,4.3675,4.3675,1.2,1.2,0.9,0.7,1.1,0.7,0.9,1.1,0.9,1.2,1.2,1.2,0.9,0.7,1.1,0.7,0.9,1.1,0.9,1.2,340.26666666666665,340.26666666666665,255.2,198.48888888888888,311.91111111111115,198.48888888888888,255.2,311.91111111111115,255.2,340.26666666666665,3168.0,3168.0,2376.0000000000005,1848.0,2904.0000000000005,1848.0,2376.0000000000005,2904.0000000000005,2376.0000000000005,3168.0,0.0,0.0,0.0,0.0,0.0,0.0,0.0,0.0,0.0,0.0,0.0,0.0,0.0,0.0,0.0,0.0,0.0,0.0,0.0,0.0,0.0,0.0,0.0,0.0,0.0,0.0,0.0,0.0,0.0,0.0,3508.2666666666664,3508.2666666666664,2631.2000000000003,2046.4888888888888,3215.9111111111115,2046.4888888888888,2631.2000000000003,3215.9111111111115,2631.2000000000003,3508.2666666666664,0.0035082666666666,0.0035082666666666,0.0026312,0.0020464888888888,0.0032159111111111,0.0020464888888888,0.0026312,0.0032159111111111,0.0026312,0.0035082666666666,6977.804803891761,6977.804803891761,9303.739738522348,11961.951092385876,7612.150695154647,11961.951092385876,9303.739738522348,7612.150695154647,9303.739738522348,6977.804803891761,,,,,,,,,,,1244.9167680145945,1244.9167680145945,1659.8890240194585,2134.1430308821614,1358.0910196522843,2134.1430308821614,1659.8890240194585,1358.0910196522843,1659.8890240194585,1244.9167680145945,No host-local SSD attributed,No host-local SSD attributed,No host-local SSD attributed,No host-local SSD attributed,No host-local SSD attributed,No host-local SSD attributed,No host-local SSD attributed,No host-local SSD attributed,No host-local SSD attributed,No host-local SSD attributed,0,0,0,0,0,0,0,0,0,0,0.0,0.0,0.0,0.0,0.0,0.0,0.0,0.0,0.0,0.0,resolved,resolved,resolved,resolved,resolved,resolved,resolved,resolved,resolved,resolved,resolved,resolved,resolved,resolved,resolved,resolved,resolved,resolved,resolved,resolved,P3 High Performance GPU 16xlarge Extra Large,p3,,GPU instance,,,,,,,,,,,201 units,7.63 GiB/vCPU,128 GiB,7.0,0,3.1406 units,2.3 GHz,Yes,Yes,,Yes,,,x86_64,25 Gigabit,14000 Mbps,1750 MB/s,80000 IOPS,14000 Mbps,1750 MB/s,80000 IOPS,No,240.0,8.0,Yes,No,No,0.0,Yes,Yes,Yes,Unknown,Yes,,$24.48 hourly,,$2.9655 hourly,$4.3675 hourly,$25.171 hourly,,$3.6565 hourly,$6.7147 hourly,$26.067 hourly,,,,$24.58 hourly,,$3.0655 hourly,$6.1237 hourly,$27.424 hourly,,$5.392 hourly,$6.2834 hourly,$26.928 hourly,,,,,,,,,,,,,,>20%,$0.27 hourly,current,,,,,,,,,,,24.48,11.508,,24.48,4.3675,
p3.2xlarge,NVIDIA Tesla V100,Intel Xeon E5-2686 v4 (Broadwell),1.0,8 vCPUs,61 GiB,EBS only,3.06,,0.3406,V100,Intel Xeon E5-2686 v4 (Broadwell),1.0,8.0,61.0,3.06,,0.3406,300,145.0,36.0,4.027777777777778,False,0.0,0.0,,No host-local SSD attributed,0.0,0,0.0,0.0,0.0,0.0,0.0,0.0,0.0,0.0,0.0,0.0,0.0,resolved,resolved,benchmark_proxy,"Broadwell Xeon benchmark reference listings, CPU World","AWS-associated custom part; direct vendor-like proxy value, CPU World.",not_applicable,EBS-only or no local SSD in instance dataset.,3.06,3.06,3.06,3.06,3.06,3.06,3.06,3.06,3.06,3.06,,,,,,,,,,,0.3406,0.3406,0.3406,0.3406,0.3406,0.3406,0.3406,0.3406,0.3406,0.3406,1.2,1.2,0.9,0.7,1.1,0.7,0.9,1.1,0.9,1.2,1.2,1.2,0.9,0.7,1.1,0.7,0.9,1.1,0.9,1.2,42.53333333333333,42.53333333333333,31.9,24.81111111111111,38.988888888888894,24.81111111111111,31.9,38.988888888888894,31.9,42.53333333333333,396.0,396.0,297.00000000000006,231.0,363.00000000000006,231.0,297.00000000000006,363.00000000000006,297.00000000000006,396.0,0.0,0.0,0.0,0.0,0.0,0.0,0.0,0.0,0.0,0.0,0.0,0.0,0.0,0.0,0.0,0.0,0.0,0.0,0.0,0.0,0.0,0.0,0.0,0.0,0.0,0.0,0.0,0.0,0.0,0.0,438.5333333333333,438.5333333333333,328.90000000000003,255.8111111111111,401.98888888888894,255.8111111111111,328.90000000000003,401.98888888888894,328.90000000000003,438.5333333333333,0.0004385333333333,0.0004385333333333,0.0003289,0.0002558111111111,0.0004019888888888,0.0002558111111111,0.0003289,0.0004019888888888,0.0003289,0.0004385333333333,6977.804803891761,6977.804803891761,9303.739738522348,11961.951092385876,7612.150695154647,11961.951092385876,9303.739738522348,7612.150695154647,9303.739738522348,6977.804803891761,,,,,,,,,,,776.6798418972334,776.6798418972334,1035.5731225296445,1331.4511575381143,847.2871002515271,1331.4511575381143,1035.5731225296445,847.2871002515271,1035.5731225296445,776.6798418972334,No host-local SSD attributed,No host-local SSD attributed,No host-local SSD attributed,No host-local SSD attributed,No host-local SSD attributed,No host-local SSD attributed,No host-local SSD attributed,No host-local SSD attributed,No host-local SSD attributed,No host-local SSD attributed,0,0,0,0,0,0,0,0,0,0,0.0,0.0,0.0,0.0,0.0,0.0,0.0,0.0,0.0,0.0,resolved,resolved,resolved,resolved,resolved,resolved,resolved,resolved,resolved,resolved,resolved,resolved,resolved,resolved,resolved,resolved,resolved,resolved,resolved,resolved,P3 High Performance GPU Double Extra Large,p3,,GPU instance,,,,,,,,,,,31 units,7.63 GiB/vCPU,16 GiB,7.0,0,3.8750 units,2.3 GHz,Yes,Yes,,Yes,,,x86_64,Up to 10 Gigabit,1750 Mbps,218.75 MB/s,10000 IOPS,1750 Mbps,218.75 MB/s,10000 IOPS,No,60.0,4.0,Yes,No,No,0.0,Yes,Yes,Yes,Unknown,Yes,,$3.06 hourly,,$0.3371 hourly,$0.3406 hourly,$3.175 hourly,,$0.4521 hourly,$0.4624 hourly,$3.315 hourly,,,,$3.16 hourly,,$0.4371 hourly,$0.4474 hourly,$3.428 hourly,,$0.674 hourly,$0.674 hourly,$26.928 hourly,,,,,,,,,,,,,,>20%,$0.27 hourly,current,,,,,,,,,,,3.06,0.891,,3.06,0.3406,
p3.8xlarge,NVIDIA Tesla V100,Intel Xeon E5-2686 v4 (Broadwell),4.0,32 vCPUs,244 GiB,EBS only,12.24,,1.7531,V100,Intel Xeon E5-2686 v4 (Broadwell),4.0,32.0,244.0,12.24,,1.7531,300,145.0,36.0,4.027777777777778,False,0.0,0.0,,No host-local SSD attributed,0.0,0,0.0,0.0,0.0,0.0,0.0,0.0,0.0,0.0,0.0,0.0,0.0,resolved,resolved,benchmark_proxy,"Broadwell Xeon benchmark reference listings, CPU World","AWS-associated custom part; direct vendor-like proxy value, CPU World.",not_applicable,EBS-only or no local SSD in instance dataset.,12.24,12.24,12.24,12.24,12.24,12.24,12.24,12.24,12.24,12.24,,,,,,,,,,,1.7531,1.7531,1.7531,1.7531,1.7531,1.7531,1.7531,1.7531,1.7531,1.7531,1.2,1.2,0.9,0.7,1.1,0.7,0.9,1.1,0.9,1.2,1.2,1.2,0.9,0.7,1.1,0.7,0.9,1.1,0.9,1.2,170.13333333333333,170.13333333333333,127.6,99.24444444444444,155.95555555555558,99.24444444444444,127.6,155.95555555555558,127.6,170.13333333333333,1584.0,1584.0,1188.0000000000002,924.0,1452.0000000000002,924.0,1188.0000000000002,1452.0000000000002,1188.0000000000002,1584.0,0.0,0.0,0.0,0.0,0.0,0.0,0.0,0.0,0.0,0.0,0.0,0.0,0.0,0.0,0.0,0.0,0.0,0.0,0.0,0.0,0.0,0.0,0.0,0.0,0.0,0.0,0.0,0.0,0.0,0.0,1754.1333333333332,1754.1333333333332,1315.6,1023.2444444444444,1607.9555555555555,1023.2444444444444,1315.6,1607.9555555555555,1315.6,1754.1333333333332,0.0017541333333333,0.0017541333333333,0.0013156,0.0010232444444444,0.0016079555555555,0.0010232444444444,0.0013156,0.0016079555555555,0.0013156,0.0017541333333333,6977.804803891761,6977.804803891761,9303.739738522348,11961.951092385876,7612.150695154647,11961.951092385876,9303.739738522348,7612.150695154647,9303.739738522348,6977.804803891761,,,,,,,,,,,999.410915171785,999.410915171785,1332.547886895713,1713.2758545802028,1090.2664529146743,1713.2758545802028,1332.547886895713,1090.2664529146743,1332.547886895713,999.410915171785,No host-local SSD attributed,No host-local SSD attributed,No host-local SSD attributed,No host-local SSD attributed,No host-local SSD attributed,No host-local SSD attributed,No host-local SSD attributed,No host-local SSD attributed,No host-local SSD attributed,No host-local SSD attributed,0,0,0,0,0,0,0,0,0,0,0.0,0.0,0.0,0.0,0.0,0.0,0.0,0.0,0.0,0.0,resolved,resolved,resolved,resolved,resolved,resolved,resolved,resolved,resolved,resolved,resolved,resolved,resolved,resolved,resolved,resolved,resolved,resolved,resolved,resolved,P3 High Performance GPU Eight Extra Large,p3,,GPU instance,,,,,,,,,,,97 units,7.63 GiB/vCPU,64 GiB,7.0,0,3.0313 units,2.3 GHz,Yes,Yes,,Yes,,,x86_64,10 Gigabit,7000 Mbps,875 MB/s,40000 IOPS,7000 Mbps,875 MB/s,40000 IOPS,No,240.0,8.0,Yes,No,No,0.0,Yes,Yes,Yes,Unknown,Yes,,$12.24 hourly,,$1.4216 hourly,$1.7531 hourly,$12.586 hourly,,$1.7676 hourly,$2.4827 hourly,$13.034 hourly,,,,$12.34 hourly,,$1.5216 hourly,$2.2367 hourly,$13.712 hourly,,$2.696 hourly,$2.9216 hourly,$26.928 hourly,,,,,,,,,,,,,,>20%,$0.27 hourly,current,,,,,,,,,,,12.24,3.98,,12.24,1.7531,
p3dn.24xlarge,NVIDIA Tesla V100,Intel Xeon Platinum 8175 (Skylake),8.0,96 vCPUs,768 GiB,1800 GB (2×900 GB NVMe SSD),31.212,19.215,7.3791,V100,Intel Xeon Platinum 8175 (Skylake),8.0,96.0,768.0,31.212,19.215,7.3791,300,240.0,48.0,5.0,True,1800.0,1.8,2.0,Benchmark for small,1.0,2,900.0,0.0,0.0,0.0,0.0,0.0,0.0,0.0,0.0,0.0,0.0,resolved,resolved,benchmark_proxy,"Closest Skylake Xeon benchmark/reference listings, CPU World",Proxy package TDP from common reference sources of 8175M. CPU World,proxy_reference,Proxy SSD class with watts expressed on a per-TB basis.,31.212,31.212,31.212,31.212,31.212,31.212,31.212,31.212,31.212,31.212,19.215,19.215,19.215,19.215,19.215,19.215,19.215,19.215,19.215,19.215,7.3791,7.3791,7.3791,7.3791,7.3791,7.3791,7.3791,7.3791,7.3791,7.3791,1.2,1.2,0.9,0.7,1.1,0.7,0.9,1.1,0.9,1.2,1.2,1.2,0.9,0.7,1.1,0.7,0.9,1.1,0.9,1.2,633.6,633.6,475.2000000000001,369.6,580.8000000000001,369.6,475.2000000000001,580.8000000000001,475.2000000000001,633.6,3168.0,3168.0,2376.0000000000005,1848.0,2904.0000000000005,1848.0,2376.0000000000005,2904.0000000000005,2376.0000000000005,3168.0,0.0,0.0,0.0,0.0,0.0,0.0,0.0,0.0,0.0,0.0,0.0,0.0,0.0,0.0,0.0,0.0,0.0,0.0,0.0,0.0,0.0,0.0,0.0,0.0,0.0,0.0,0.0,0.0,0.0,0.0,3801.6,3801.6,2851.2000000000007,2217.6,3484.8000000000006,2217.6,2851.2000000000007,3484.8000000000006,2851.2000000000007,3801.6,0.0038016,0.0038016,0.0028512,0.0022175999999999,0.0034848,0.0022175999999999,0.0028512,0.0034848,0.0028512,0.0038016,8210.227272727272,8210.227272727272,10946.969696969694,14074.675324675329,8956.611570247933,14074.675324675329,10946.969696969694,8956.611570247933,10946.969696969694,8210.227272727272,5054.450757575757,5054.450757575757,6739.267676767675,8664.772727272728,5513.946280991735,8664.772727272728,6739.267676767675,5513.946280991735,6739.267676767675,5054.450757575757,1941.0511363636365,1941.0511363636365,2588.068181818181,3327.516233766234,2117.510330578512,3327.516233766234,2588.068181818181,2117.510330578512,2588.068181818181,1941.0511363636365,Benchmark for small,Benchmark for small,Benchmark for small,Benchmark for small,Benchmark for small,Benchmark for small,Benchmark for small,Benchmark for small,Benchmark for small,Benchmark for small,2,2,2,2,2,2,2,2,2,2,900.0,900.0,900.0,900.0,900.0,900.0,900.0,900.0,900.0,900.0,resolved,resolved,resolved,resolved,resolved,resolved,resolved,resolved,resolved,resolved,resolved,resolved,resolved,resolved,resolved,resolved,resolved,resolved,resolved,resolved,P3DN 24xlarge,p3dn,"1,323,529.412",GPU instance,162.0 fps,2666 MT/s,Yes,2.0,21.0,24.0,48.0,382935 MB,33.0 MB,Yes,337 units,8.00 GiB/vCPU,256 GiB,7.0,0,3.5104 units,2.5 GHz,Yes,Yes,Yes,Yes,Yes,Yes,x86_64,100 Gigabit,19000 Mbps,2375 MB/s,80000 IOPS,19000 Mbps,2375 MB/s,80000 IOPS,Yes,750.0,15.0,Yes,No,Yes,107.0,Yes,Yes,Yes,Unknown,No,,$31.212 hourly,$19.215 hourly,$6.3433 hourly,$7.3791 hourly,$32.249 hourly,$20.251 hourly,$7.3803 hourly,$9.4518 hourly,$33.593 hourly,$21.595 hourly,,,$31.337 hourly,$19.275 hourly,$6.4683 hourly,$8.5398 hourly,$35.628 hourly,$23.631 hourly,$7.5372 hourly,$7.5372 hourly,$34.333 hourly,$21.136 hourly,,,,,,,,,,,,,>20%,,current,,,No,5.38x,,,,,,,,,,31.212,7.3791,19.215
p4d.24xlarge,NVIDIA A100,Intel Xeon Platinum 8275L,8.0,96 vCPUs,1152 GiB,8000 GB (8×1000 GB NVMe SSD),21.9576,13.9211,10.6617,A100,Intel Xeon Platinum 8275L,8.0,96.0,1152.0,21.9576,13.9211,10.6617,400,240.0,48.0,5.0,True,8000.0,8.0,8.0,Benchmark for small,1.0,8,1000.0,0.0,0.0,0.0,0.0,0.0,0.0,0.0,0.0,0.0,0.0,resolved,resolved,benchmark_proxy,Closest Cascade Lake benchmark/reference listings,No clean public Intel datasheet for exact AWS context; Intel for 8276L proxy used.,proxy_reference,Proxy SSD class with watts expressed on a per-TB basis.,21.9576,21.9576,21.9576,21.9576,21.9576,21.9576,21.9576,21.9576,21.9576,21.9576,13.9211,13.9211,13.9211,13.9211,13.9211,13.9211,13.9211,13.9211,13.9211,13.9211,10.6617,10.6617,10.6617,10.6617,10.6617,10.6617,10.6617,10.6617,10.6617,10.6617,1.2,1.2,0.9,0.7,1.1,0.7,0.9,1.1,0.9,1.2,1.2,1.2,0.9,0.7,1.1,0.7,0.9,1.1,0.9,1.2,633.6,633.6,475.2000000000001,369.6,580.8000000000001,369.6,475.2000000000001,580.8000000000001,475.2000000000001,633.6,4224.0,4224.0,3168.0000000000005,2464.0,3872.000000000001,2464.0,3168.0000000000005,3872.000000000001,3168.0000000000005,4224.0,0.0,0.0,0.0,0.0,0.0,0.0,0.0,0.0,0.0,0.0,0.0,0.0,0.0,0.0,0.0,0.0,0.0,0.0,0.0,0.0,0.0,0.0,0.0,0.0,0.0,0.0,0.0,0.0,0.0,0.0,4857.6,4857.6,3643.2000000000007,2833.6,4452.8,2833.6,3643.2000000000007,4452.8,3643.2000000000007,4857.6,0.0048576,0.0048576,0.0036432,0.0028336,0.0044528,0.0028336,0.0036432,0.0044528,0.0036432,0.0048576,4520.256916996047,4520.256916996047,6027.009222661395,7749.01185770751,4931.189363995688,7749.01185770751,6027.009222661395,4931.189363995688,6027.009222661395,4520.256916996047,2865.839097496706,2865.839097496706,3821.118796662274,4912.867024280067,3126.369924541861,4912.867024280067,3821.118796662274,3126.369924541861,3821.118796662274,2865.839097496706,2194.849308300395,2194.849308300395,2926.4657444005265,3762.598814229249,2394.3810636004314,3762.598814229249,2926.4657444005265,2394.3810636004314,2926.4657444005265,2194.849308300395,Benchmark for small,Benchmark for small,Benchmark for small,Benchmark for small,Benchmark for small,Benchmark for small,Benchmark for small,Benchmark for small,Benchmark for small,Benchmark for small,8,8,8,8,8,8,8,8,8,8,1000.0,1000.0,1000.0,1000.0,1000.0,1000.0,1000.0,1000.0,1000.0,1000.0,resolved,resolved,resolved,resolved,resolved,resolved,resolved,resolved,resolved,resolved,resolved,resolved,resolved,resolved,resolved,resolved,resolved,resolved,resolved,resolved,P4D Highest Performance GPU 24xlarge,p4d,"1,593,360.996",GPU instance,,2933 MT/s,Yes,2.0,21.0,24.0,48.0,574363 MB,35.0 MB,Yes,345 units,12.00 GiB/vCPU,320 GiB,8.0,0,3.5938 units,3 GHz,Yes,Yes,Yes,Yes,Yes,Yes,x86_64,4x 100 Gigabit,19000 Mbps,2375 MB/s,80000 IOPS,19000 Mbps,2375 MB/s,80000 IOPS,Yes,3000.0,60.0,Yes,No,Yes,62.0,Yes,Yes,Yes,Unknown,No,,$21.9576 hourly,$13.9211 hourly,$7.6409 hourly,$10.6617 hourly,$22.9944 hourly,$14.9579 hourly,$8.6777 hourly,$16.061 hourly,$24.3384 hourly,$16.3019 hourly,,,$22.0826 hourly,$13.981 hourly,$7.7659 hourly,$15.1492 hourly,,,,,$24.153 hourly,$15.313 hourly,,,,,,,,,,,,,15-20%,,current,"Ampere, Ampere, Ampere, Ampere, Ampere, Ampere, Ampere, Ampere",27.1°C,,,0.0W,0.0W,763 MHz,763 MHz,1215 MHz,838 MHz,,,,21.9576,10.6617,13.9211
p4de.24xlarge,NVIDIA A100,Intel Xeon Platinum 8275L,8.0,96 vCPUs,1152 GiB,8000 GB (8×1000 GB NVMe SSD),27.4471,17.4014,15.0015,A100,Intel Xeon Platinum 8275L,8.0,96.0,1152.0,27.4471,17.4014,15.0015,400,240.0,48.0,5.0,True,8000.0,8.0,8.0,Benchmark for small,1.0,8,1000.0,0.0,0.0,0.0,0.0,0.0,0.0,0.0,0.0,0.0,0.0,resolved,resolved,benchmark_proxy,Closest Cascade Lake benchmark/reference listings,No clean public Intel datasheet for exact AWS context; Intel for 8276L proxy used.,proxy_reference,Proxy SSD class with watts expressed on a per-TB basis.,27.4471,27.4471,27.4471,27.4471,27.4471,27.4471,27.4471,27.4471,27.4471,27.4471,17.4014,17.4014,17.4014,17.4014,17.4014,17.4014,17.4014,17.4014,17.4014,17.4014,15.0015,15.0015,15.0015,15.0015,15.0015,15.0015,15.0015,15.0015,15.0015,15.0015,1.2,1.2,0.9,0.7,1.1,0.7,0.9,1.1,0.9,1.2,1.2,1.2,0.9,0.7,1.1,0.7,0.9,1.1,0.9,1.2,633.6,633.6,475.2000000000001,369.6,580.8000000000001,369.6,475.2000000000001,580.8000000000001,475.2000000000001,633.6,4224.0,4224.0,3168.0000000000005,2464.0,3872.000000000001,2464.0,3168.0000000000005,3872.000000000001,3168.0000000000005,4224.0,0.0,0.0,0.0,0.0,0.0,0.0,0.0,0.0,0.0,0.0,0.0,0.0,0.0,0.0,0.0,0.0,0.0,0.0,0.0,0.0,0.0,0.0,0.0,0.0,0.0,0.0,0.0,0.0,0.0,0.0,4857.6,4857.6,3643.2000000000007,2833.6,4452.8,2833.6,3643.2000000000007,4452.8,3643.2000000000007,4857.6,0.0048576,0.0048576,0.0036432,0.0028336,0.0044528,0.0028336,0.0036432,0.0044528,0.0036432,0.0048576,5650.341732542819,5650.341732542819,7533.788976723758,9686.300112930548,6164.009162773985,9686.300112930548,7533.788976723758,6164.009162773985,7533.788976723758,5650.341732542819,3582.3040184453225,3582.3040184453225,4776.405357927096,6141.092603049125,3907.9680201221695,6141.092603049125,4776.405357927096,3907.9680201221695,4776.405357927096,3582.3040184453225,3088.2534584980235,3088.2534584980235,4117.671277997364,5294.148785996612,3369.003772906935,5294.148785996612,4117.671277997364,3369.003772906935,4117.671277997364,3088.2534584980235,Benchmark for small,Benchmark for small,Benchmark for small,Benchmark for small,Benchmark for small,Benchmark for small,Benchmark for small,Benchmark for small,Benchmark for small,Benchmark for small,8,8,8,8,8,8,8,8,8,8,1000.0,1000.0,1000.0,1000.0,1000.0,1000.0,1000.0,1000.0,1000.0,1000.0,resolved,resolved,resolved,resolved,resolved,resolved,resolved,resolved,resolved,resolved,resolved,resolved,resolved,resolved,resolved,resolved,resolved,resolved,resolved,resolved,P4DE 24xlarge,p4de,"1,557,493.409",GPU instance,,3200 MT/s,Yes,2.0,21.0,24.0,48.0,574363 MB,35.0 MB,Yes,345 units,12.00 GiB/vCPU,640 GiB,8.0,0,3.5938 units,3 GHz,Yes,Yes,Yes,Yes,Yes,Yes,x86_64,4x 100 Gigabit,19000 Mbps,2375 MB/s,80000 IOPS,19000 Mbps,2375 MB/s,80000 IOPS,Yes,3000.0,60.0,Yes,No,Yes,62.0,Yes,Yes,Yes,Unknown,No,,$27.4471 hourly,$17.4014 hourly,$14.1574 hourly,$15.0015 hourly,$28.4839 hourly,$18.4382 hourly,$15.1942 hourly,$16.8823 hourly,$29.8279 hourly,$19.7822 hourly,,,$27.5721 hourly,$17.4613 hourly,$14.2824 hourly,$15.9705 hourly,,,,,$24.153 hourly,$15.313 hourly,,,,,,,,,,,,,15-20%,,current,"Ampere, Ampere, Ampere, Ampere, Ampere, Ampere, Ampere, Ampere",28.1°C,,,0.0W,0.0W,804 MHz,804 MHz,1593 MHz,876 MHz,,,,27.4471,15.0015,17.4014
p5.48xlarge,NVIDIA H100,AMD EPYC 7R13 Processor,8.0,192 vCPUs,2048 GiB,30400 GB (8×3800 GB NVMe SSD),55.04,23.777,29.7167,H100,AMD EPYC 7R13 Processor,8.0,192.0,2048.0,55.04,23.777,29.7167,700,280.0,96.0,2.9166666666666665,True,30400.0,30.4,8.0,Benchmark for large,5.0,8,3800.0,0.0,0.0,0.0,0.0,0.0,0.0,0.0,0.0,0.0,0.0,resolved,resolved,benchmark_proxy,"Closest EPYC Milan custom-SKU benchmark/reference listings, serverorbit",AWS custom Milan part; package TDP inferred from common benchmark/reference sources.,proxy_reference,Proxy SSD class with watts expressed on a per-TB basis.,55.04,55.04,55.04,55.04,55.04,55.04,55.04,55.04,55.04,55.04,23.777,23.777,23.777,23.777,23.777,23.777,23.777,23.777,23.777,23.777,29.7167,29.7167,29.7167,29.7167,29.7167,29.7167,29.7167,29.7167,29.7167,29.7167,1.2,1.2,0.9,0.7,1.1,0.7,0.9,1.1,0.9,1.2,1.2,1.2,0.9,0.7,1.1,0.7,0.9,1.1,0.9,1.2,739.2,739.2,554.4000000000001,431.2,677.6000000000001,431.2,554.4000000000001,677.6000000000001,554.4000000000001,739.2,7392.0,7392.0,5544.000000000001,4312.0,6776.000000000001,4312.0,5544.000000000001,6776.000000000001,5544.000000000001,7392.0,0.0,0.0,0.0,0.0,0.0,0.0,0.0,0.0,0.0,0.0,0.0,0.0,0.0,0.0,0.0,0.0,0.0,0.0,0.0,0.0,0.0,0.0,0.0,0.0,0.0,0.0,0.0,0.0,0.0,0.0,8131.2,8131.2,6098.4000000000015,4743.2,7453.600000000001,4743.2,6098.4000000000015,7453.600000000001,6098.4000000000015,8131.2,0.0081312,0.0081312,0.0060984,0.0047431999999999,0.0074536,0.0047431999999999,0.0060984,0.0074536,0.0060984,0.0081312,6768.9885871704055,6768.9885871704055,9025.318116227205,11603.980435149268,7384.351186004077,11603.980435149268,9025.318116227205,7384.351186004077,9025.318116227205,6768.9885871704055,2924.1686343959072,2924.1686343959072,3898.8915125278754,5012.86051610727,3190.0021466137164,5012.86051610727,3898.8915125278754,3190.0021466137164,3898.8915125278754,2924.1686343959072,3654.651219992129,3654.651219992129,4872.868293322837,6265.116377129365,3986.8922399914127,6265.116377129365,4872.868293322837,3986.8922399914127,4872.868293322837,3654.651219992129,Benchmark for large,Benchmark for large,Benchmark for large,Benchmark for large,Benchmark for large,Benchmark for large,Benchmark for large,Benchmark for large,Benchmark for large,Benchmark for large,8,8,8,8,8,8,8,8,8,8,3800.0,3800.0,3800.0,3800.0,3800.0,3800.0,3800.0,3800.0,3800.0,3800.0,resolved,resolved,resolved,resolved,resolved,resolved,resolved,resolved,resolved,resolved,resolved,resolved,resolved,resolved,resolved,resolved,resolved,resolved,resolved,resolved,P5 48xlarge,p5,"3,900,325.027",GPU instance,,3200 MT/s,Yes,2.0,32.0,48.0,96.0,1023979 MB,192.0 MB,Yes,0 units,10.67 GiB/vCPU,640 GiB,9.0,0,0.0000 units,2.95 GHz,,,,,Yes,Yes,x86_64,3200 Gigabit,80000 Mbps,10000 MB/s,260000 IOPS,80000 Mbps,10000 MB/s,260000 IOPS,Yes,3200.0,64.0,Yes,No,Yes,120.0,Yes,Yes,Yes,Unknown,Yes,,$55.04 hourly,,$15.5966 hourly,$29.7167 hourly,$56.8832 hourly,,$17.4398 hourly,$56.8832 hourly,$58.8992 hourly,,,,$55.165 hourly,,$15.7216 hourly,$55.165 hourly,,,,,,,,,,,,,,,,,,,<5%,$13.76 hourly,current,"Hopper, Hopper, Hopper, Hopper, Hopper, Hopper, Hopper, Hopper",28.1°C,,,77.0W,77.0W,549 MHz,549 MHz,2619 MHz,863 MHz,55.04,30.7,23.777,55.04,29.7167,
p5.4xlarge,NVIDIA H100,AMD EPYC 7R13 Processor,1.0,16 vCPUs,256 GiB,3800 GB NVMe SSD,6.88,2.972,3.8348,H100,AMD EPYC 7R13 Processor,1.0,16.0,256.0,6.88,2.972,3.8348,700,280.0,96.0,2.9166666666666665,True,3800.0,3.8,,Benchmark for large,5.0,1,3800.0,0.0,0.0,0.0,0.0,0.0,0.0,0.0,0.0,0.0,0.0,resolved,resolved,benchmark_proxy,"Closest EPYC Milan custom-SKU benchmark/reference listings, serverorbit",AWS custom Milan part; package TDP inferred from common benchmark/reference sources.,proxy_reference,Proxy SSD class with watts expressed on a per-TB basis.,6.88,6.88,6.88,6.88,6.88,6.88,6.88,6.88,6.88,6.88,2.972,2.972,2.972,2.972,2.972,2.972,2.972,2.972,2.972,2.972,3.8348,3.8348,3.8348,3.8348,3.8348,3.8348,3.8348,3.8348,3.8348,3.8348,1.2,1.2,0.9,0.7,1.1,0.7,0.9,1.1,0.9,1.2,1.2,1.2,0.9,0.7,1.1,0.7,0.9,1.1,0.9,1.2,61.6,61.6,46.2,35.93333333333333,56.46666666666668,35.93333333333333,46.2,56.46666666666668,46.2,61.6,924.0,924.0,693.0000000000001,539.0,847.0000000000001,539.0,693.0000000000001,847.0000000000001,693.0000000000001,924.0,0.0,0.0,0.0,0.0,0.0,0.0,0.0,0.0,0.0,0.0,0.0,0.0,0.0,0.0,0.0,0.0,0.0,0.0,0.0,0.0,0.0,0.0,0.0,0.0,0.0,0.0,0.0,0.0,0.0,0.0,985.6,985.6,739.2000000000002,574.9333333333333,903.4666666666668,574.9333333333333,739.2000000000002,903.4666666666668,739.2000000000002,985.6,0.0009856,0.0009856,0.0007392,0.0005749333333333,0.0009034666666666,0.0005749333333333,0.0007392,0.0009034666666666,0.0007392,0.0009856,6980.51948051948,6980.51948051948,9307.359307359306,11966.604823747684,7615.112160566705,11966.604823747684,9307.359307359306,7615.112160566705,9307.359307359306,6980.51948051948,3015.4220779220777,3015.4220779220777,4020.5627705627694,5169.2949907235625,3289.551357733176,5169.2949907235625,4020.5627705627694,3289.551357733176,4020.5627705627694,3015.4220779220777,3890.827922077922,3890.827922077922,5187.770562770562,6669.990723562153,4244.539551357732,6669.990723562153,5187.770562770562,4244.539551357732,5187.770562770562,3890.827922077922,Benchmark for large,Benchmark for large,Benchmark for large,Benchmark for large,Benchmark for large,Benchmark for large,Benchmark for large,Benchmark for large,Benchmark for large,Benchmark for large,1,1,1,1,1,1,1,1,1,1,3800.0,3800.0,3800.0,3800.0,3800.0,3800.0,3800.0,3800.0,3800.0,3800.0,resolved,resolved,resolved,resolved,resolved,resolved,resolved,resolved,resolved,resolved,resolved,resolved,resolved,resolved,resolved,resolved,resolved,resolved,resolved,resolved,P5 Quadruple Extra Large,p5,,GPU instance,,,,,,,,,,,0 units,16.00 GiB/vCPU,80 GiB,9.0,0,0.0000 units,2.95 GHz,,,,,Yes,Yes,x86_64,100 Gigabit,10000 Mbps,1250 MB/s,32500 IOPS,10000 Mbps,1250 MB/s,32500 IOPS,Yes,120.0,4.0,Yes,No,Yes,58.0,Yes,Yes,Yes,Unknown,No,,$6.88 hourly,,$1.7833 hourly,$3.8348 hourly,$7.0528 hourly,,$1.9561 hourly,$7.0528 hourly,$7.2768 hourly,,,,$7.005 hourly,,$1.9083 hourly,$7.005 hourly,$7.616 hourly,,,,,,$7.8864 hourly,,$9.536 hourly,,$13.616 hourly,,,,,,,,<5%,,current,,,,,,,,,,,6.88,5.879,2.972,6.88,3.8348,
p5e.48xlarge,NVIDIA H200,AMD EPYC 7R13 Processor,8.0,192 vCPUs,2048 GiB,30400 GB (8×3800 GB NVMe SSD),1.8432,,17.167,H200,AMD EPYC 7R13 Processor,8.0,192.0,2048.0,1.8432,,17.167,700,280.0,96.0,2.9166666666666665,True,30400.0,30.4,8.0,Benchmark for large,5.0,8,3800.0,0.0,0.0,0.0,0.0,0.0,0.0,0.0,0.0,0.0,0.0,resolved,resolved,benchmark_proxy,"Closest EPYC Milan custom-SKU benchmark/reference listings, serverorbit",AWS custom Milan part; package TDP inferred from common benchmark/reference sources.,proxy_reference,Proxy SSD class with watts expressed on a per-TB basis.,1.8432,1.8432,1.8432,1.8432,1.8432,1.8432,1.8432,1.8432,1.8432,1.8432,,,,,,,,,,,17.167,17.167,17.167,17.167,17.167,17.167,17.167,17.167,17.167,17.167,1.2,1.2,0.9,0.7,1.1,0.7,0.9,1.1,0.9,1.2,1.2,1.2,0.9,0.7,1.1,0.7,0.9,1.1,0.9,1.2,739.2,739.2,554.4000000000001,431.2,677.6000000000001,431.2,554.4000000000001,677.6000000000001,554.4000000000001,739.2,7392.0,7392.0,5544.000000000001,4312.0,6776.000000000001,4312.0,5544.000000000001,6776.000000000001,5544.000000000001,7392.0,0.0,0.0,0.0,0.0,0.0,0.0,0.0,0.0,0.0,0.0,0.0,0.0,0.0,0.0,0.0,0.0,0.0,0.0,0.0,0.0,0.0,0.0,0.0,0.0,0.0,0.0,0.0,0.0,0.0,0.0,8131.2,8131.2,6098.4000000000015,4743.2,7453.600000000001,4743.2,6098.4000000000015,7453.600000000001,6098.4000000000015,8131.2,0.0081312,0.0081312,0.0060984,0.0047431999999999,0.0074536,0.0047431999999999,0.0060984,0.0074536,0.0060984,0.0081312,226.68240850059036,226.68240850059036,302.2432113341204,388.59841457244056,247.28990018246213,388.59841457244056,302.2432113341204,247.28990018246213,302.2432113341204,226.68240850059036,,,,,,,,,,,2111.2504919323105,2111.2504919323105,2815.0006559097465,3619.2865575982464,2303.182354835247,3619.2865575982464,2815.0006559097465,2303.182354835247,2815.0006559097465,2111.2504919323105,Benchmark for large,Benchmark for large,Benchmark for large,Benchmark for large,Benchmark for large,Benchmark for large,Benchmark for large,Benchmark for large,Benchmark for large,Benchmark for large,8,8,8,8,8,8,8,8,8,8,3800.0,3800.0,3800.0,3800.0,3800.0,3800.0,3800.0,3800.0,3800.0,3800.0,resolved,resolved,resolved,resolved,resolved,resolved,resolved,resolved,resolved,resolved,resolved,resolved,resolved,resolved,resolved,resolved,resolved,resolved,resolved,resolved,P5e High Performance Computing GPU 48xlarge,p5e,"3,884,477.265",GPU instance,,3200 MT/s,Yes,4.0,32.0,24.0,48.0,509942 MB,96.0 MB,Yes,0 units,10.67 GiB/vCPU,1128 GiB,9.0,0,0.0000 units,2.95 GHz,,,,,Yes,Yes,x86_64,3200 Gigabit,80000 Mbps,10000 MB/s,260000 IOPS,80000 Mbps,10000 MB/s,260000 IOPS,Yes,3200.0,64.0,Yes,No,Yes,120.0,Yes,Yes,Yes,Unknown,No,,,,,,,,,,,,,,,,,,,,,,,,,,,,,,,,,,,,,,current,"Hopper, Hopper, Hopper, Hopper, Hopper, Hopper, Hopper, Hopper",22.9°C,,,73.0W,73.0W,345 MHz,345 MHz,3201 MHz,765 MHz,1.8432,17.167,,,,
p5en.48xlarge,NVIDIA H200,Intel Xeon Scalable (Sapphire Rapids),8.0,192 vCPUs,2048 GiB,30400 GB (8×3800 GB NVMe SSD),63.296,,18.4564,H200,Intel Xeon Scalable (Sapphire Rapids),8.0,192.0,2048.0,63.296,,18.4564,700,205.0,64.0,3.203125,True,30400.0,30.4,8.0,Benchmark for large,5.0,8,3800.0,0.0,0.0,0.0,0.0,0.0,0.0,0.0,0.0,0.0,0.0,resolved,resolved,family_proxy - check,Representative Sapphire Rapids Xeon benchmark/reference listings,Generic family label in source data; representative family proxy used. 6438N/M/Y+ proxy used,proxy_reference,Proxy SSD class with watts expressed on a per-TB basis.,63.296,63.296,63.296,63.296,63.296,63.296,63.296,63.296,63.296,63.296,,,,,,,,,,,18.4564,18.4564,18.4564,18.4564,18.4564,18.4564,18.4564,18.4564,18.4564,18.4564,1.2,1.2,0.9,0.7,1.1,0.7,0.9,1.1,0.9,1.2,1.2,1.2,0.9,0.7,1.1,0.7,0.9,1.1,0.9,1.2,811.8000000000001,811.8000000000001,608.85,473.55,744.1500000000001,473.55,608.85,744.1500000000001,608.85,811.8000000000001,7392.0,7392.0,5544.000000000001,4312.0,6776.000000000001,4312.0,5544.000000000001,6776.000000000001,5544.000000000001,7392.0,0.0,0.0,0.0,0.0,0.0,0.0,0.0,0.0,0.0,0.0,0.0,0.0,0.0,0.0,0.0,0.0,0.0,0.0,0.0,0.0,0.0,0.0,0.0,0.0,0.0,0.0,0.0,0.0,0.0,0.0,8203.8,8203.8,6152.850000000001,4785.55,7520.1500000000015,4785.55,6152.850000000001,7520.1500000000015,6152.850000000001,8203.8,0.0082037999999999,0.0082037999999999,0.00615285,0.00478555,0.00752015,0.00478555,0.00615285,0.00752015,0.00615285,0.0082037999999999,7715.448938296888,7715.448938296888,10287.265251062514,13226.483894223233,8416.853387232966,13226.483894223233,10287.265251062514,8416.853387232966,10287.265251062514,7715.448938296888,,,,,,,,,,,2249.7379263268244,2249.7379263268244,2999.650568435765,3856.6935879888406,2454.259555992898,3856.6935879888406,2999.650568435765,2454.259555992898,2999.650568435765,2249.7379263268244,Benchmark for large,Benchmark for large,Benchmark for large,Benchmark for large,Benchmark for large,Benchmark for large,Benchmark for large,Benchmark for large,Benchmark for large,Benchmark for large,8,8,8,8,8,8,8,8,8,8,3800.0,3800.0,3800.0,3800.0,3800.0,3800.0,3800.0,3800.0,3800.0,3800.0,resolved,resolved,resolved,resolved,resolved,resolved,resolved,resolved,resolved,resolved,resolved,resolved,resolved,resolved,resolved,resolved,resolved,resolved,resolved,resolved,P5en High Performance Computing GPU 48xlarge,p5en,,GPU instance,,,,,,,,,,,0 units,10.67 GiB/vCPU,1128 GiB,9.0,0,0.0000 units,3.2 GHz,,,,,Yes,Yes,x86_64,3200 Gigabit,100000 Mbps,12500 MB/s,400000 IOPS,100000 Mbps,12500 MB/s,400000 IOPS,Yes,3200.0,64.0,Yes,No,Yes,120.0,Yes,Yes,Yes,Unknown,No,,$63.296 hourly,,$15.624 hourly,$18.4564 hourly,$65.1392 hourly,,$17.4672 hourly,$23.132 hourly,$67.1552 hourly,,,,$63.421 hourly,,$15.749 hourly,$21.4138 hourly,,,,,,,,,,,,,,,,,,,<5%,,current,,,,,,,,,,,63.296,19.068,,63.296,18.4564,
p6-b200.48xlarge,NVIDIA B200,Intel Xeon Scalable (Emerald Rapids),8.0,192 vCPUs,2048 GiB,30400 GB (8×3800 GB NVMe SSD),113.9328,,30.1695,B200,Intel Xeon Scalable (Emerald Rapids),8.0,192.0,2048.0,113.9328,,30.1695,1000,350.0,96.0,3.6458333333333335,True,30400.0,30.4,8.0,Benchmark for large,5.0,8,3800.0,0.0,0.0,0.0,0.0,0.0,0.0,0.0,0.0,0.0,0.0,resolved,resolved,family_proxy,Representative Emerald Rapids Xeon benchmark/reference listings,Used average of all models with 3.2Ghz clock speed in Emerald Rapids listing,proxy_reference,Proxy SSD class with watts expressed on a per-TB basis.,113.9328,113.9328,113.9328,113.9328,113.9328,113.9328,113.9328,113.9328,113.9328,113.9328,,,,,,,,,,,30.1695,30.1695,30.1695,30.1695,30.1695,30.1695,30.1695,30.1695,30.1695,30.1695,1.2,1.2,0.9,0.7,1.1,0.7,0.9,1.1,0.9,1.2,1.2,1.2,0.9,0.7,1.1,0.7,0.9,1.1,0.9,1.2,924.0,924.0,693.0000000000001,539.0,847.0000000000001,539.0,693.0000000000001,847.0000000000001,693.0000000000001,924.0,10560.0,10560.0,7920.000000000001,6160.0,9680.000000000002,6160.0,7920.000000000001,9680.000000000002,7920.000000000001,10560.0,0.0,0.0,0.0,0.0,0.0,0.0,0.0,0.0,0.0,0.0,0.0,0.0,0.0,0.0,0.0,0.0,0.0,0.0,0.0,0.0,0.0,0.0,0.0,0.0,0.0,0.0,0.0,0.0,0.0,0.0,11484.0,11484.0,8613.000000000002,6699.0,10527.000000000002,6699.0,8613.000000000002,10527.000000000002,8613.000000000002,11484.0,0.011484,0.011484,0.008613,0.006699,0.010527,0.006699,0.008613,0.010527,0.008613,0.011484,9921.00313479624,9921.00313479624,13228.004179728314,17007.43394536498,10822.912510686803,17007.43394536498,13228.004179728314,10822.912510686803,13228.004179728314,9921.00313479624,,,,,,,,,,,2627.0898641588296,2627.0898641588296,3502.7864855451053,4503.58262427228,2865.9162154459955,4503.58262427228,3502.7864855451053,2865.9162154459955,3502.7864855451053,2627.0898641588296,Benchmark for large,Benchmark for large,Benchmark for large,Benchmark for large,Benchmark for large,Benchmark for large,Benchmark for large,Benchmark for large,Benchmark for large,Benchmark for large,8,8,8,8,8,8,8,8,8,8,3800.0,3800.0,3800.0,3800.0,3800.0,3800.0,3800.0,3800.0,3800.0,3800.0,resolved,resolved,resolved,resolved,resolved,resolved,resolved,resolved,resolved,resolved,resolved,resolved,resolved,resolved,resolved,resolved,resolved,resolved,resolved,resolved,P6-B200 High Performance and Machine Learning GPU 48xlarge,p6-b200,"3,990,024.938",GPU instance,,5600 MT/s,Yes,2.0,21.0,48.0,96.0,1021963 MB,320.0 MB,Yes,0 units,10.67 GiB/vCPU,1440 GiB,10.0,0,0.0000 units,3.2 GHz,,,,,Yes,Yes,x86_64,3200 Gigabit,100000 Mbps,12500 MB/s,400000 IOPS,100000 Mbps,12500 MB/s,400000 IOPS,Yes,1600.0,32.0,Yes,No,Yes,120.0,Yes,Yes,Yes,Unknown,No,,$113.9328 hourly,,$30.1695 hourly,$30.1695 hourly,$115.776 hourly,,$32.0127 hourly,$32.0127 hourly,$117.792 hourly,,,,$114.0578 hourly,,$30.2945 hourly,$30.2945 hourly,,,,,,,,,,,,,,,,,,,10-15%,,current,"Blackwell, Blackwell, Blackwell, Blackwell, Blackwell, Blackwell, Blackwell, Blackwell",25.3°C,,,158.0W,158.0W,822 MHz,822 MHz,3996 MHz,1071 MHz,113.9328,21.886,,113.9328,30.1695,
p6-b300.48xlarge,NVIDIA B300,Intel Xeon Scalable (Emerald Rapids),8.0,192 vCPUs,4096 GiB,30400 GB (8×3800 GB NVMe SSD),142.416,,26.331,B300,Intel Xeon Scalable (Emerald Rapids),8.0,192.0,4096.0,142.416,,26.331,1100,350.0,96.0,3.6458333333333335,True,30400.0,30.4,8.0,Benchmark for large,5.0,8,3800.0,0.0,0.0,0.0,0.0,0.0,0.0,0.0,0.0,0.0,0.0,resolved,resolved,family_proxy,Representative Emerald Rapids Xeon benchmark/reference listings,Used average of all models with 3.2Ghz clock speed in Emerald Rapids listing,proxy_reference,Proxy SSD class with watts expressed on a per-TB basis.,142.416,142.416,142.416,142.416,142.416,142.416,142.416,142.416,142.416,142.416,,,,,,,,,,,26.331,26.331,26.331,26.331,26.331,26.331,26.331,26.331,26.331,26.331,1.2,1.2,0.9,0.7,1.1,0.7,0.9,1.1,0.9,1.2,1.2,1.2,0.9,0.7,1.1,0.7,0.9,1.1,0.9,1.2,924.0,924.0,693.0000000000001,539.0,847.0000000000001,539.0,693.0000000000001,847.0000000000001,693.0000000000001,924.0,11616.0,11616.0,8712.0,6776.0,10648.000000000002,6776.0,8712.0,10648.000000000002,8712.0,11616.0,0.0,0.0,0.0,0.0,0.0,0.0,0.0,0.0,0.0,0.0,0.0,0.0,0.0,0.0,0.0,0.0,0.0,0.0,0.0,0.0,0.0,0.0,0.0,0.0,0.0,0.0,0.0,0.0,0.0,0.0,12540.0,12540.0,9405.0,7315.0,11495.000000000002,7315.0,9405.0,11495.000000000002,9405.0,12540.0,0.01254,0.01254,0.009405,0.007315,0.011495,0.007315,0.009405,0.011495,0.009405,0.01254,11356.937799043062,11356.937799043062,15142.583732057416,19469.036226930963,12389.386689865156,19469.036226930963,15142.583732057416,12389.386689865156,15142.583732057416,11356.937799043062,,,,,,,,,,,2099.7607655502397,2099.7607655502397,2799.681020733652,3599.58988380041,2290.648107872988,3599.58988380041,2799.681020733652,2290.648107872988,2799.681020733652,2099.7607655502397,Benchmark for large,Benchmark for large,Benchmark for large,Benchmark for large,Benchmark for large,Benchmark for large,Benchmark for large,Benchmark for large,Benchmark for large,Benchmark for large,8,8,8,8,8,8,8,8,8,8,3800.0,3800.0,3800.0,3800.0,3800.0,3800.0,3800.0,3800.0,3800.0,3800.0,resolved,resolved,resolved,resolved,resolved,resolved,resolved,resolved,resolved,resolved,resolved,resolved,resolved,resolved,resolved,resolved,resolved,resolved,resolved,resolved,P6-B300 48xlarge,p6-b300,,GPU instance,,,,,,,,,,,0 units,21.33 GiB/vCPU,2100 GiB,10.0,0,0.0000 units,3.2 GHz,Yes,,Yes,Yes,Yes,Yes,x86_64,6400 Gigabit,100000 Mbps,12500 MB/s,400000 IOPS,100000 Mbps,12500 MB/s,400000 IOPS,Yes,3400.0,68.0,Yes,No,Yes,120.0,Yes,Yes,Yes,Unknown,No,,,,,,,,,,,,,,,,,,,,,,,,,,,,,,,,,,,,,,current,,,,,,,,,,,142.416,26.331,,,,
p6e-gb200.36xlarge,NVIDIA B200,NVIDIA Grace,36.0,144 vCPUs,960 GiB,EBS only,,,,B200,NVIDIA Grace,36.0,144.0,960.0,,,,1000,500.0,144.0,3.4722222222222223,False,0.0,0.0,,No host-local SSD attributed,0.0,0,0.0,0.0,0.0,0.0,0.0,0.0,0.0,0.0,0.0,0.0,0.0,resolved,resolved,official_vendor_spec,NVIDIA Grace CPU Superchip product architecture/specs,Direct vendor value.,not_applicable,EBS-only or no local SSD in instance dataset.,,,,,,,,,,,,,,,,,,,,,,,,,,,,,,,1.2,1.2,0.9,0.7,1.1,0.7,0.9,1.1,0.9,1.2,1.2,1.2,0.9,0.7,1.1,0.7,0.9,1.1,0.9,1.2,660.0,660.0,495.00000000000006,385.0,605.0000000000001,385.0,495.00000000000006,605.0000000000001,495.00000000000006,660.0,47520.0,47520.0,35640.00000000001,27720.0,43560.00000000001,27720.0,35640.00000000001,43560.00000000001,35640.00000000001,47520.0,0.0,0.0,0.0,0.0,0.0,0.0,0.0,0.0,0.0,0.0,0.0,0.0,0.0,0.0,0.0,0.0,0.0,0.0,0.0,0.0,0.0,0.0,0.0,0.0,0.0,0.0,0.0,0.0,0.0,0.0,48180.0,48180.0,36135.00000000001,28105.0,44165.00000000001,28105.0,36135.00000000001,44165.00000000001,36135.00000000001,48180.0,0.04818,0.04818,0.036135,0.028105,0.044165,0.028105,0.036135,0.044165,0.036135,0.04818,,,,,,,,,,,,,,,,,,,,,,,,,,,,,,,No host-local SSD attributed,No host-local SSD attributed,No host-local SSD attributed,No host-local SSD attributed,No host-local SSD attributed,No host-local SSD attributed,No host-local SSD attributed,No host-local SSD attributed,No host-local SSD attributed,No host-local SSD attributed,0,0,0,0,0,0,0,0,0,0,0.0,0.0,0.0,0.0,0.0,0.0,0.0,0.0,0.0,0.0,resolved,resolved,resolved,resolved,resolved,resolved,resolved,resolved,resolved,resolved,resolved,resolved,resolved,resolved,resolved,resolved,resolved,resolved,resolved,resolved,P6E-GB200 36xlarge,p6e-gb200,,GPU instance,,,,,,,,,,,0 units,6.67 GiB/vCPU,6660 GiB,10.0,0,0.0000 units,3 GHz,,,,,,,x86_64,1700 Gigabit,,,,,,,No,,,Yes,,,,Yes,Yes,Yes,Unknown,No,,,,,,,,,,,,,,,,,,,,,,,,,,,,,,,,,,,,,,current,,,,,,,,,,,,,,,,
trn2.48xlarge,AWS Trainium2,Intel Xeon Scalable (Sapphire Rapids),16.0,192 vCPUs,2048 GiB,7600 GB (4×1900 GB NVMe SSD),0.125,,8.721,AWST2,Intel Xeon Scalable (Sapphire Rapids),16.0,192.0,2048.0,0.125,,8.721,500,205.0,64.0,3.203125,True,7600.0,7.6,4.0,Benchmark for medium,2.5,4,1900.0,0.0,0.0,0.0,0.0,0.0,0.0,0.0,0.0,0.0,0.0,resolved,resolved,family_proxy - check,Representative Sapphire Rapids Xeon benchmark/reference listings,Generic family label in source data; representative family proxy used. 6438N/M/Y+ proxy used,proxy_reference,Proxy SSD class with watts expressed on a per-TB basis.,0.125,0.125,0.125,0.125,0.125,0.125,0.125,0.125,0.125,0.125,,,,,,,,,,,8.721,8.721,8.721,8.721,8.721,8.721,8.721,8.721,8.721,8.721,1.2,1.2,0.9,0.7,1.1,0.7,0.9,1.1,0.9,1.2,1.2,1.2,0.9,0.7,1.1,0.7,0.9,1.1,0.9,1.2,811.8000000000001,811.8000000000001,608.85,473.55,744.1500000000001,473.55,608.85,744.1500000000001,608.85,811.8000000000001,10560.0,10560.0,7920.000000000001,6160.0,9680.000000000002,6160.0,7920.000000000001,9680.000000000002,7920.000000000001,10560.0,0.0,0.0,0.0,0.0,0.0,0.0,0.0,0.0,0.0,0.0,0.0,0.0,0.0,0.0,0.0,0.0,0.0,0.0,0.0,0.0,0.0,0.0,0.0,0.0,0.0,0.0,0.0,0.0,0.0,0.0,11371.8,11371.8,8528.85,6633.55,10424.15,6633.55,8528.85,10424.15,8528.85,11371.8,0.0113718,0.0113718,0.00852885,0.00663355,0.01042415,0.00663355,0.00852885,0.01042415,0.00852885,0.0113718,10.99210327300867,10.99210327300867,14.656137697344892,18.843605610872007,11.99138538873673,18.843605610872007,14.656137697344892,11.99138538873673,14.656137697344892,10.99210327300867,,,,,,,,,,,766.897061151269,766.897061151269,1022.5294148683583,1314.680676259318,836.6149758013842,1314.680676259318,1022.5294148683583,836.6149758013842,1022.5294148683583,766.897061151269,Benchmark for medium,Benchmark for medium,Benchmark for medium,Benchmark for medium,Benchmark for medium,Benchmark for medium,Benchmark for medium,Benchmark for medium,Benchmark for medium,Benchmark for medium,4,4,4,4,4,4,4,4,4,4,1900.0,1900.0,1900.0,1900.0,1900.0,1900.0,1900.0,1900.0,1900.0,1900.0,resolved,resolved,resolved,resolved,resolved,resolved,resolved,resolved,resolved,resolved,resolved,resolved,resolved,resolved,resolved,resolved,resolved,resolved,resolved,resolved,TRN2 48xlarge,trn2,,Machine Learning ASIC Instances,,,,,,,,,,,0 units,10.67 GiB/vCPU,96 GiB,0.0,0,0.0000 units,Up to 3.9 GHz,Yes,Yes,Yes,Yes,Yes,Yes,x86_64,16x 200 Gigabit,80000 Mbps,10000 MB/s,260000 IOPS,80000 Mbps,10000 MB/s,260000 IOPS,Yes,1600.0,32.0,Yes,,,,Yes,Yes,Yes,Unknown,No,,,,,,,,,,,,,,,,,,,,,,,,,,,,,,,,,,,,,,current,,,,,,,,,,,0.125,8.721,,,,
