Dataset,n,P10,P50,P90
Inference,442,0.6524877192982456,0.867977377165076,1.0831428571428572
Training,29,0.9193489459574128,1.064784244707401,1.2403303706396658
